account_id,customer_id,account_type,account_status,account_balance,opened_date
A0000001,C000001,Salary,Active,21401.96,2021-08-26
A0000002,C000002,Savings,Active,5933.31,2024-02-15
A0000003,C000003,Savings,Active,7512.6,2024-11-30
A0000004,C000004,Savings,Closed,13191.18,2019-07-18
A0000005,C000005,Savings,Active,27761.27,2024-04-01
A0000006,C000006,Savings,Active,19727.39,2019-08-25
A0000007,C000006,Savings,Active,20491.53,2017-04-22
A0000008,C000007,Savings,Active,5420.46,2023-04-22
A0000009,C000007,Savings,Active,17739.84,2024-09-11
A0000010,C000008,Current,Active,69930.97,2016-04-17
A0000011,C000009,Savings,Active,26092.34,2021-10-04
A0000012,C000010,Savings,Active,50220.48,2024-09-14
A0000013,C000011,Savings,Active,399340.08,2018-09-24
A0000014,C000011,Savings,Active,180389.23,2020-04-24
A0000015,C000012,Current,Active,4641.74,2023-07-24
A0000016,C000012,Current,Dormant,43254.55,2024-11-30
A0000017,C000013,Salary,Active,30890.18,2015-10-22
A0000018,C000014,Savings,Active,51210.02,2020-03-15
A0000019,C000015,Savings,Active,30320.82,2016-11-02
A0000020,C000016,Current,Active,20876.75,2016-03-03
A0000021,C000017,Savings,Active,124624.52,2019-04-25
A0000022,C000018,Salary,Active,127812.25,2024-11-30
A0000023,C000019,Savings,Active,16109.07,2024-11-30
A0000024,C000020,Savings,Active,30035.93,2019-03-27
A0000025,C000021,Savings,Active,19345.84,2022-09-24
A0000026,C000022,Savings,Active,22200.62,2017-09-23
A0000027,C000023,Savings,Active,28400.34,2024-06-11
A0000028,C000024,Savings,Active,176442.73,2018-06-30
A0000029,C000026,Premium,Dormant,154575.14,2019-06-25
A0000030,C000026,Salary,Active,74511.58,2020-05-01
A0000031,C000027,Savings,Active,111412.21,2019-12-07
A0000032,C000029,Current,Active,63653.49,2017-11-10
A0000033,C000029,Salary,Active,61688.79,2020-03-14
A0000034,C000031,Premium,Closed,204858.95,2023-06-12
A0000035,C000031,Current,Dormant,54168.97,2023-08-25
A0000036,C000032,Premium,Active,69201.88,2022-01-28
A0000037,C000033,Premium,Active,106684.68,2021-09-05
A0000038,C000034,Savings,Closed,23112.51,2024-11-30
A0000039,C000035,Current,Active,353432.86,2024-02-05
A0000040,C000035,Salary,Active,1002671.4,2021-05-09
A0000041,C000036,Savings,Active,176650.83,2024-11-30
A0000042,C000037,Savings,Active,320192.56,2020-01-14
A0000043,C000038,Current,Active,82954.71,2020-03-30
A0000044,C000039,Current,Closed,43433.2,2022-01-09
A0000045,C000039,Premium,Active,156575.93,2022-05-06
A0000046,C000040,Premium,Active,287360.99,2018-03-26
A0000047,C000041,Savings,Active,4234.23,2019-08-08
A0000048,C000042,Savings,Active,17866.47,2020-05-19
A0000049,C000043,Salary,Active,37832.29,2017-05-05
A0000050,C000043,Salary,Active,37676.01,2017-12-21
A0000051,C000044,Salary,Dormant,116626.94,2019-07-25
A0000052,C000045,Current,Dormant,14250.6,2020-02-05
A0000053,C000046,Salary,Active,13437.63,2016-12-25
A0000054,C000047,Savings,Active,10071.02,2023-03-12
A0000055,C000048,Salary,Closed,35753.26,2021-11-28
A0000056,C000049,Savings,Active,172387.42,2018-09-05
A0000057,C000050,Salary,Active,105792.28,2019-06-09
A0000058,C000051,Savings,Closed,30207.81,2023-03-16
A0000059,C000052,Savings,Active,77501.87,2022-04-03
A0000060,C000054,Savings,Active,24066.82,2019-06-06
A0000061,C000055,Savings,Active,13346.36,2020-03-18
A0000062,C000055,Savings,Active,17424.64,2019-01-16
A0000063,C000056,Salary,Active,104790.34,2024-02-08
A0000064,C000057,Current,Active,28596.64,2022-07-12
A0000065,C000057,Salary,Active,7815.56,2024-11-30
A0000066,C000058,Current,Active,5681.89,2024-05-12
A0000067,C000059,Current,Active,27486.83,2022-07-24
A0000068,C000060,Savings,Active,3884.43,2024-03-29
A0000069,C000061,Savings,Active,27136.19,2022-02-14
A0000070,C000061,Current,Active,23431.58,2020-10-02
A0000071,C000062,Savings,Active,5094.82,2022-02-12
A0000072,C000063,Savings,Active,55552.19,2019-09-11
A0000073,C000063,Savings,Active,138159.19,2021-06-08
A0000074,C000064,Salary,Active,28958.24,2023-02-22
A0000075,C000064,Premium,Active,233194.14,2024-11-30
A0000076,C000066,Current,Active,124406.93,2022-06-02
A0000077,C000067,Savings,Active,35881.73,2017-01-20
A0000078,C000068,Salary,Active,956514.89,2021-10-11
A0000079,C000069,Savings,Active,27738.82,2017-08-10
A0000080,C000070,Salary,Active,27165.42,2023-09-29
A0000081,C000071,Savings,Active,33539.62,2020-08-11
A0000082,C000071,Savings,Active,30379.99,2020-05-31
A0000083,C000072,Salary,Active,23953.27,2015-12-06
A0000084,C000073,Savings,Active,18658.95,2021-08-12
A0000085,C000073,Salary,Active,26153.37,2021-11-09
A0000086,C000074,Savings,Active,20216.27,2022-01-21
A0000087,C000075,Current,Active,5902.43,2024-11-30
A0000088,C000076,Savings,Active,11242.13,2024-11-30
A0000089,C000078,Salary,Dormant,18096.3,2024-11-30
A0000090,C000079,Salary,Active,291570.08,2024-11-30
A0000091,C000080,Salary,Active,109153.32,2019-06-19
A0000092,C000080,Current,Active,160552.89,2015-10-17
A0000093,C000081,Savings,Active,30249.99,2019-10-02
A0000094,C000082,Savings,Active,54367.84,2024-07-22
A0000095,C000083,Savings,Active,16622.49,2021-11-24
A0000096,C000084,Current,Active,49351.94,2024-02-22
A0000097,C000085,Salary,Active,8631.8,2020-03-16
A0000098,C000086,Savings,Active,55285.07,2020-03-10
A0000099,C000087,Savings,Dormant,31237.78,2016-09-18
A0000100,C000088,Savings,Active,175571.62,2024-11-30
A0000101,C000089,Savings,Active,66473.51,2021-02-08
A0000102,C000089,Premium,Active,51250.26,2022-06-23
A0000103,C000090,Salary,Dormant,24752.34,2024-11-30
A0000104,C000091,Salary,Dormant,207620.8,2024-11-30
A0000105,C000092,Salary,Active,34647.6,2022-05-15
A0000106,C000093,Salary,Active,30055.79,2017-12-12
A0000107,C000094,Salary,Active,35653.55,2021-06-07
A0000108,C000094,Savings,Active,36417.27,2023-05-19
A0000109,C000095,Savings,Closed,144817.53,2021-07-16
A0000110,C000096,Savings,Active,58455.26,2021-03-13
A0000111,C000097,Salary,Active,33583.16,2018-02-21
A0000112,C000098,Savings,Dormant,790629.9,2018-03-30
A0000113,C000100,Savings,Active,28366.47,2023-10-27
A0000114,C000100,Salary,Active,136367.01,2024-05-08
A0000115,C000101,Savings,Active,176395.47,2019-03-20
A0000116,C000102,Savings,Active,22407.03,2018-04-03
A0000117,C000102,Savings,Active,11860.75,2020-01-06
A0000118,C000103,Current,Active,81777.76,2019-05-11
A0000119,C000104,Savings,Active,25347.51,2024-11-12
A0000120,C000104,Savings,Active,69559.03,2023-09-07
A0000121,C000105,Savings,Active,32927.03,2018-05-18
A0000122,C000106,Savings,Active,14952.32,2024-02-07
A0000123,C000107,Savings,Active,22969.75,2018-10-20
A0000124,C000108,Savings,Active,495159.91,2020-12-07
A0000125,C000109,Premium,Active,1219516.08,2019-09-26
A0000126,C000110,Savings,Active,28658.54,2021-01-02
A0000127,C000110,Savings,Active,33248.88,2022-05-07
A0000128,C000111,Current,Active,15683.86,2018-11-03
A0000129,C000111,Savings,Active,27930.29,2021-03-18
A0000130,C000112,Premium,Active,34965.68,2017-01-30
A0000131,C000113,Current,Active,18770.78,2020-11-08
A0000132,C000114,Savings,Dormant,60424.72,2024-03-06
A0000133,C000116,Salary,Closed,22201.84,2019-12-30
A0000134,C000116,Savings,Active,25236.66,2020-10-23
A0000135,C000117,Savings,Active,101922.44,2023-09-29
A0000136,C000118,Current,Active,37456.98,2018-02-23
A0000137,C000118,Savings,Active,43068.37,2020-08-09
A0000138,C000119,Premium,Active,83513.05,2022-05-05
A0000139,C000120,Savings,Active,18062.31,2020-03-16
A0000140,C000121,Savings,Active,8284.35,2017-01-19
A0000141,C000121,Current,Active,3231.45,2018-11-14
A0000142,C000122,Premium,Active,96666.15,2022-04-07
A0000143,C000123,Savings,Active,11021.65,2019-04-15
A0000144,C000123,Savings,Dormant,6191.02,2021-07-24
A0000145,C000124,Savings,Active,36376.87,2018-12-22
A0000146,C000125,Savings,Active,28909.49,2023-03-06
A0000147,C000125,Current,Active,29113.95,2024-11-30
A0000148,C000126,Savings,Active,54205.31,2024-11-30
A0000149,C000126,Savings,Active,57028.96,2024-11-30
A0000150,C000127,Savings,Active,22151.09,2016-05-01
A0000151,C000128,Salary,Active,57242.84,2018-03-26
A0000152,C000128,Savings,Active,79090.0,2016-11-09
A0000153,C000129,Savings,Active,41808.16,2018-07-18
A0000154,C000129,Savings,Active,147877.45,2022-05-28
A0000155,C000131,Savings,Active,146014.91,2024-11-30
A0000156,C000132,Savings,Active,21179.87,2023-12-21
A0000157,C000133,Premium,Active,38620.92,2018-09-03
A0000158,C000135,Savings,Active,154455.37,2024-11-30
A0000159,C000136,Savings,Active,34524.84,2020-05-29
A0000160,C000136,Current,Active,11400.51,2017-02-03
A0000161,C000137,Savings,Active,39189.73,2021-11-27
A0000162,C000138,Current,Active,38474.61,2019-08-23
A0000163,C000138,Savings,Active,29421.4,2018-05-06
A0000164,C000140,Salary,Active,16461.28,2021-11-28
A0000165,C000140,Savings,Active,7859.89,2021-06-18
A0000166,C000141,Savings,Dormant,60781.1,2024-11-30
A0000167,C000141,Salary,Active,48544.93,2024-05-09
A0000168,C000142,Savings,Closed,53380.13,2018-10-26
A0000169,C000142,Salary,Active,253941.95,2018-03-26
A0000170,C000143,Savings,Active,20120.7,2021-06-29
A0000171,C000144,Current,Active,27722.67,2024-11-30
A0000172,C000145,Current,Closed,59064.78,2019-01-02
A0000173,C000146,Savings,Active,557542.26,2024-11-30
A0000174,C000147,Savings,Active,12654.67,2022-09-26
A0000175,C000147,Savings,Active,22755.31,2022-03-21
A0000176,C000148,Current,Active,19673.01,2018-03-04
A0000177,C000150,Salary,Active,107353.64,2020-01-23
A0000178,C000152,Savings,Active,222730.58,2023-07-29
A0000179,C000153,Savings,Active,6481.86,2023-08-29
A0000180,C000154,Current,Active,1957.64,2022-07-08
A0000181,C000155,Premium,Active,42957.27,2016-08-29
A0000182,C000155,Savings,Active,31355.76,2017-10-19
A0000183,C000156,Salary,Active,6392.37,2016-09-15
A0000184,C000158,Current,Active,72605.29,2018-03-12
A0000185,C000158,Salary,Active,197637.89,2016-03-15
A0000186,C000159,Savings,Active,24366.13,2018-04-08
A0000187,C000160,Savings,Active,11616.53,2019-10-09
A0000188,C000161,Premium,Active,68129.11,2024-11-30
A0000189,C000162,Savings,Dormant,51849.96,2023-08-11
A0000190,C000162,Salary,Active,133689.43,2024-11-30
A0000191,C000163,Salary,Dormant,29094.21,2018-10-07
A0000192,C000163,Savings,Active,113939.16,2017-09-12
A0000193,C000164,Savings,Active,75476.04,2024-11-30
A0000194,C000165,Premium,Active,97092.71,2024-11-30
A0000195,C000165,Savings,Active,13665.9,2024-11-30
A0000196,C000167,Salary,Active,122046.82,2018-07-19
A0000197,C000169,Current,Active,82386.07,2023-07-09
A0000198,C000169,Current,Dormant,107654.0,2021-04-28
A0000199,C000170,Savings,Active,14825.08,2018-05-19
A0000200,C000171,Premium,Active,271414.75,2021-06-10
A0000201,C000172,Salary,Active,9044.34,2022-12-08
A0000202,C000173,Current,Active,154882.11,2020-04-04
A0000203,C000174,Current,Active,20704.36,2018-11-21
A0000204,C000175,Savings,Active,27818.31,2018-10-25
A0000205,C000176,Current,Active,57601.3,2020-09-22
A0000206,C000176,Savings,Active,64343.05,2019-09-21
A0000207,C000177,Current,Active,70522.73,2019-08-08
A0000208,C000177,Current,Active,25213.6,2018-11-05
A0000209,C000178,Savings,Active,6309.08,2020-04-24
A0000210,C000179,Savings,Active,17352.8,2023-03-09
A0000211,C000180,Salary,Active,138646.73,2022-07-26
A0000212,C000180,Savings,Active,164028.12,2019-01-26
A0000213,C000181,Savings,Active,220819.6,2021-02-25
A0000214,C000182,Savings,Active,111697.84,2022-03-18
A0000215,C000183,Savings,Closed,8966.99,2016-02-11
A0000216,C000184,Savings,Active,36286.28,2021-11-05
A0000217,C000184,Savings,Active,36322.37,2018-11-25
A0000218,C000185,Current,Active,6952.79,2020-12-31
A0000219,C000186,Savings,Active,94871.47,2024-11-30
A0000220,C000188,Savings,Closed,11947.32,2023-06-29
A0000221,C000189,Savings,Active,20051.5,2020-03-31
A0000222,C000189,Current,Active,14499.88,2019-09-09
A0000223,C000190,Premium,Active,72200.19,2024-11-30
A0000224,C000190,Salary,Active,17293.13,2024-11-30
A0000225,C000191,Current,Active,105033.64,2024-11-30
A0000226,C000191,Current,Active,128135.43,2024-11-30
A0000227,C000192,Current,Active,11300.09,2024-11-30
A0000228,C000192,Salary,Active,14647.01,2024-10-31
A0000229,C000193,Savings,Active,140998.08,2019-07-23
A0000230,C000193,Salary,Active,88768.32,2020-05-19
A0000231,C000194,Savings,Active,44162.91,2020-01-22
A0000232,C000196,Current,Closed,87858.1,2021-03-09
A0000233,C000196,Salary,Active,279202.96,2023-02-21
A0000234,C000197,Savings,Active,19229.8,2021-11-15
A0000235,C000198,Salary,Active,41894.94,2023-02-14
A0000236,C000199,Savings,Active,133883.43,2016-09-08
A0000237,C000200,Salary,Active,70189.4,2018-12-07
A0000238,C000201,Premium,Active,240858.86,2017-12-19
A0000239,C000202,Salary,Active,20449.67,2024-11-30
A0000240,C000203,Salary,Active,101315.07,2018-11-02
A0000241,C000204,Salary,Active,16040.42,2019-04-16
A0000242,C000205,Salary,Active,117937.51,2021-01-19
A0000243,C000205,Salary,Active,111315.09,2021-09-28
A0000244,C000207,Salary,Active,10419.47,2020-04-13
A0000245,C000207,Current,Active,7480.5,2020-06-01
A0000246,C000208,Savings,Active,8577.58,2024-11-30
A0000247,C000209,Savings,Active,21729.11,2024-11-30
A0000248,C000209,Salary,Active,72477.99,2024-11-30
A0000249,C000210,Savings,Dormant,14216.36,2024-11-30
A0000250,C000210,Premium,Active,39685.67,2024-11-30
A0000251,C000211,Salary,Active,35346.62,2021-12-17
A0000252,C000212,Savings,Active,25185.93,2022-06-30
A0000253,C000213,Savings,Active,11444.64,2024-09-19
A0000254,C000214,Savings,Active,12596.92,2018-12-02
A0000255,C000216,Current,Dormant,30697.03,2024-06-29
A0000256,C000217,Savings,Active,13724.71,2019-03-15
A0000257,C000218,Current,Dormant,56740.03,2019-05-18
A0000258,C000219,Salary,Active,29515.23,2024-03-05
A0000259,C000220,Savings,Dormant,130519.67,2022-07-02
A0000260,C000221,Savings,Active,28984.47,2023-11-23
A0000261,C000222,Salary,Active,43051.04,2019-11-12
A0000262,C000223,Savings,Active,95192.52,2024-07-06
A0000263,C000225,Current,Active,14466.81,2021-11-15
A0000264,C000226,Current,Active,9525.4,2020-02-19
A0000265,C000227,Current,Active,74036.89,2024-11-16
A0000266,C000227,Current,Active,146840.96,2024-11-30
A0000267,C000228,Savings,Active,13459.72,2023-05-03
A0000268,C000229,Salary,Active,9344.1,2022-06-20
A0000269,C000230,Current,Active,42576.02,2021-12-25
A0000270,C000230,Salary,Active,126744.81,2024-09-05
A0000271,C000231,Current,Active,37339.95,2017-12-22
A0000272,C000232,Salary,Active,15958.68,2024-04-26
A0000273,C000233,Current,Active,39672.27,2019-10-04
A0000274,C000234,Salary,Active,25717.76,2020-02-05
A0000275,C000235,Current,Active,54243.38,2018-01-10
A0000276,C000236,Savings,Active,36539.5,2021-09-11
A0000277,C000237,Savings,Active,136247.53,2018-03-20
A0000278,C000238,Current,Active,5195.32,2023-04-16
A0000279,C000238,Salary,Active,25987.05,2023-08-03
A0000280,C000239,Premium,Active,12062.93,2016-08-14
A0000281,C000240,Savings,Active,27553.37,2022-07-11
A0000282,C000240,Salary,Active,46260.01,2020-05-27
A0000283,C000241,Savings,Active,18614.12,2020-07-22
A0000284,C000242,Savings,Active,68513.42,2019-06-01
A0000285,C000243,Current,Active,15909.48,2024-11-30
A0000286,C000244,Salary,Active,19819.28,2023-11-23
A0000287,C000245,Salary,Active,109887.27,2024-11-30
A0000288,C000247,Savings,Active,17090.65,2017-08-29
A0000289,C000249,Salary,Active,41780.87,2024-11-30
A0000290,C000250,Savings,Active,40960.59,2018-09-30
A0000291,C000251,Salary,Active,53059.84,2022-02-06
A0000292,C000252,Savings,Active,39004.69,2020-01-09
A0000293,C000253,Salary,Active,75824.14,2022-11-25
A0000294,C000253,Current,Closed,57437.62,2021-08-24
A0000295,C000254,Savings,Active,42996.62,2024-11-30
A0000296,C000255,Savings,Active,85302.33,2016-08-21
A0000297,C000256,Salary,Active,51319.2,2024-11-30
A0000298,C000256,Savings,Active,19242.6,2024-11-30
A0000299,C000257,Savings,Active,31900.57,2021-10-05
A0000300,C000258,Current,Closed,12495.1,2020-10-22
A0000301,C000259,Salary,Active,49854.97,2024-11-30
A0000302,C000260,Savings,Active,154132.57,2024-11-30
A0000303,C000261,Savings,Active,137477.75,2021-05-14
A0000304,C000262,Salary,Active,507131.61,2018-04-25
A0000305,C000263,Savings,Active,8973.08,2020-11-29
A0000306,C000264,Savings,Active,18014.19,2020-11-03
A0000307,C000265,Current,Active,45194.04,2024-11-30
A0000308,C000266,Current,Active,5266.24,2017-12-06
A0000309,C000267,Savings,Active,27937.92,2023-11-04
A0000310,C000268,Savings,Dormant,27736.83,2024-11-30
A0000311,C000269,Current,Active,22104.97,2020-04-29
A0000312,C000269,Salary,Active,28934.08,2020-12-12
A0000313,C000271,Savings,Active,87705.6,2024-11-30
A0000314,C000272,Salary,Active,76318.81,2024-11-30
A0000315,C000273,Salary,Active,42195.93,2021-01-30
A0000316,C000273,Savings,Active,36493.13,2021-02-19
A0000317,C000274,Savings,Dormant,46365.07,2024-05-06
A0000318,C000276,Salary,Active,19299.66,2024-11-30
A0000319,C000277,Savings,Active,149474.71,2021-06-19
A0000320,C000278,Savings,Active,14463.03,2019-10-06
A0000321,C000279,Savings,Active,8007.71,2020-11-13
A0000322,C000280,Savings,Active,34968.06,2018-03-31
A0000323,C000281,Savings,Active,124102.78,2019-11-21
A0000324,C000282,Savings,Active,31495.5,2020-10-27
A0000325,C000283,Salary,Active,25736.9,2016-11-19
A0000326,C000284,Current,Active,117051.7,2021-04-19
A0000327,C000285,Premium,Active,100966.42,2023-03-28
A0000328,C000285,Savings,Active,17792.52,2024-08-27
A0000329,C000286,Salary,Active,58447.26,2024-11-30
A0000330,C000287,Savings,Active,28019.4,2017-07-17
A0000331,C000290,Salary,Active,11935.24,2023-04-21
A0000332,C000291,Savings,Dormant,32482.03,2017-07-06
A0000333,C000292,Current,Active,23212.96,2024-04-03
A0000334,C000293,Salary,Active,118138.5,2020-12-29
A0000335,C000295,Salary,Active,29855.79,2017-10-05
A0000336,C000296,Savings,Active,75925.87,2023-12-15
A0000337,C000297,Current,Active,22748.22,2017-01-15
A0000338,C000297,Savings,Active,78480.94,2020-02-22
A0000339,C000298,Savings,Active,39626.39,2015-06-12
A0000340,C000298,Current,Dormant,15322.33,2018-07-21
A0000341,C000299,Savings,Active,24959.57,2018-01-17
A0000342,C000301,Current,Active,8231.3,2018-09-11
A0000343,C000302,Savings,Active,62205.82,2024-11-30
A0000344,C000302,Savings,Active,23529.97,2024-11-30
A0000345,C000303,Savings,Active,145408.09,2021-10-19
A0000346,C000304,Salary,Active,94237.91,2019-02-17
A0000347,C000305,Salary,Active,108441.96,2019-01-30
A0000348,C000306,Current,Active,17376.52,2018-11-13
A0000349,C000307,Salary,Active,44407.23,2023-01-31
A0000350,C000307,Salary,Active,26263.7,2024-11-30
A0000351,C000308,Premium,Active,21644.99,2019-07-11
A0000352,C000308,Savings,Active,28221.31,2020-01-20
A0000353,C000309,Salary,Active,30160.59,2024-04-14
A0000354,C000310,Premium,Active,70363.32,2021-05-23
A0000355,C000311,Savings,Active,21807.85,2019-07-29
A0000356,C000312,Savings,Active,32157.7,2020-06-24
A0000357,C000315,Premium,Active,56535.32,2023-07-11
A0000358,C000317,Salary,Active,5546.04,2018-04-23
A0000359,C000318,Salary,Active,37105.75,2022-02-17
A0000360,C000319,Current,Active,30421.77,2015-10-02
A0000361,C000320,Savings,Closed,56069.22,2022-05-23
A0000362,C000320,Savings,Active,59969.54,2022-09-27
A0000363,C000321,Salary,Active,285455.13,2020-08-29
A0000364,C000322,Salary,Active,36498.01,2024-11-30
A0000365,C000322,Salary,Active,34468.27,2024-07-13
A0000366,C000323,Savings,Closed,58720.54,2017-04-05
A0000367,C000324,Savings,Active,59689.63,2024-11-30
A0000368,C000325,Salary,Active,40963.27,2024-11-30
A0000369,C000326,Salary,Closed,4036.24,2020-10-10
A0000370,C000327,Savings,Active,44572.45,2021-01-27
A0000371,C000328,Savings,Active,34696.22,2024-07-12
A0000372,C000329,Salary,Active,16209.94,2024-08-06
A0000373,C000330,Savings,Dormant,69012.21,2019-06-22
A0000374,C000330,Savings,Active,101030.63,2020-09-13
A0000375,C000331,Salary,Active,38408.22,2018-07-07
A0000376,C000332,Savings,Active,249950.03,2020-07-23
A0000377,C000334,Premium,Active,23609.42,2020-09-18
A0000378,C000335,Savings,Dormant,68820.16,2024-02-01
A0000379,C000336,Savings,Active,110030.81,2022-11-18
A0000380,C000336,Savings,Active,84337.67,2022-04-28
A0000381,C000337,Savings,Active,67064.38,2024-09-19
A0000382,C000339,Savings,Active,40513.37,2024-11-30
A0000383,C000339,Current,Active,27875.57,2024-11-30
A0000384,C000341,Savings,Active,67063.29,2020-05-11
A0000385,C000342,Savings,Active,530870.56,2020-12-25
A0000386,C000344,Premium,Active,389562.2,2024-11-30
A0000387,C000345,Savings,Active,15200.43,2023-09-30
A0000388,C000345,Current,Dormant,2742.29,2023-05-31
A0000389,C000347,Current,Active,93276.82,2023-09-14
A0000390,C000348,Salary,Active,15681.91,2024-10-06
A0000391,C000349,Savings,Active,45027.3,2024-11-30
A0000392,C000349,Current,Active,17039.53,2024-04-01
A0000393,C000350,Savings,Active,138440.29,2021-09-08
A0000394,C000351,Current,Active,9000.94,2016-11-30
A0000395,C000351,Savings,Active,41957.16,2019-02-20
A0000396,C000352,Savings,Active,13568.03,2020-10-20
A0000397,C000354,Premium,Active,166869.24,2024-10-29
A0000398,C000355,Savings,Active,49014.81,2020-03-19
A0000399,C000356,Savings,Active,65084.75,2017-07-02
A0000400,C000357,Savings,Active,46066.02,2020-04-03
A0000401,C000357,Savings,Active,26719.88,2019-08-05
A0000402,C000359,Savings,Active,15504.85,2024-11-30
A0000403,C000360,Savings,Active,124811.02,2019-09-25
A0000404,C000361,Savings,Active,72677.84,2024-11-30
A0000405,C000362,Premium,Active,102793.98,2024-11-30
A0000406,C000363,Savings,Active,40196.95,2024-11-30
A0000407,C000363,Savings,Active,33356.2,2023-09-24
A0000408,C000364,Savings,Dormant,38656.92,2021-04-04
A0000409,C000364,Savings,Closed,185025.81,2020-01-17
A0000410,C000365,Savings,Active,37500.63,2021-11-29
A0000411,C000367,Premium,Active,39971.08,2015-12-25
A0000412,C000368,Current,Active,36388.56,2022-12-22
A0000413,C000369,Salary,Dormant,49209.85,2021-02-13
A0000414,C000370,Savings,Active,346796.47,2020-06-21
A0000415,C000371,Salary,Active,32348.44,2024-06-08
A0000416,C000372,Savings,Active,18990.51,2024-11-30
A0000417,C000373,Salary,Active,94460.3,2017-08-08
A0000418,C000377,Savings,Active,8542.12,2016-12-10
A0000419,C000377,Savings,Active,17899.73,2017-04-07
A0000420,C000378,Premium,Closed,35935.02,2024-11-30
A0000421,C000379,Current,Active,22874.79,2022-10-21
A0000422,C000380,Savings,Active,128843.44,2024-11-30
A0000423,C000382,Salary,Active,157214.67,2024-11-30
A0000424,C000382,Salary,Active,218001.61,2023-07-15
A0000425,C000383,Salary,Active,43651.5,2020-02-11
A0000426,C000384,Salary,Dormant,4112.48,2022-05-14
A0000427,C000385,Savings,Active,113860.02,2020-01-03
A0000428,C000387,Savings,Active,19525.67,2021-09-24
A0000429,C000387,Savings,Active,35815.45,2020-04-26
A0000430,C000388,Current,Active,128508.87,2022-09-30
A0000431,C000389,Salary,Dormant,11256.97,2024-07-19
A0000432,C000389,Current,Active,15771.96,2024-11-30
A0000433,C000390,Current,Active,11117.24,2023-05-02
A0000434,C000393,Salary,Active,137610.17,2020-07-19
A0000435,C000394,Current,Dormant,28976.35,2022-11-28
A0000436,C000395,Savings,Active,43272.66,2020-04-12
A0000437,C000395,Salary,Active,129458.26,2021-03-02
A0000438,C000396,Current,Active,8430.93,2024-04-07
A0000439,C000396,Savings,Active,24951.48,2023-03-19
A0000440,C000397,Current,Active,19931.27,2016-07-19
A0000441,C000398,Current,Active,3946.05,2015-12-31
A0000442,C000398,Savings,Active,3122.51,2018-12-25
A0000443,C000400,Current,Active,105039.3,2023-05-24
A0000444,C000401,Salary,Active,161119.82,2018-11-29
A0000445,C000402,Savings,Active,15569.48,2021-11-27
A0000446,C000403,Savings,Active,81973.78,2024-11-30
A0000447,C000404,Savings,Active,20095.5,2021-04-10
A0000448,C000405,Savings,Active,13366.76,2024-11-30
A0000449,C000405,Savings,Active,19195.54,2024-11-30
A0000450,C000406,Savings,Active,107884.59,2020-05-21
A0000451,C000407,Savings,Active,150133.93,2022-06-16
A0000452,C000408,Salary,Active,58110.97,2019-06-05
A0000453,C000409,Current,Active,33645.37,2021-05-10
A0000454,C000410,Savings,Active,8890.24,2020-02-29
A0000455,C000410,Premium,Active,26194.42,2020-08-23
A0000456,C000411,Savings,Active,14603.29,2017-01-17
A0000457,C000411,Salary,Active,13222.82,2019-11-13
A0000458,C000412,Salary,Active,56761.48,2019-03-05
A0000459,C000412,Savings,Dormant,16817.49,2017-07-01
A0000460,C000413,Savings,Active,8001.14,2019-01-15
A0000461,C000416,Current,Active,115362.85,2019-11-30
A0000462,C000417,Current,Active,9568.53,2023-09-14
A0000463,C000418,Current,Active,28739.46,2017-05-16
A0000464,C000418,Salary,Active,23244.72,2016-01-26
A0000465,C000419,Current,Active,12667.83,2023-03-18
A0000466,C000420,Current,Active,17086.57,2018-11-22
A0000467,C000420,Premium,Active,61548.27,2017-06-01
A0000468,C000421,Savings,Active,35783.11,2019-10-20
A0000469,C000423,Salary,Active,54780.86,2023-07-29
A0000470,C000423,Current,Active,50917.13,2024-11-30
A0000471,C000425,Salary,Closed,277828.06,2019-09-07
A0000472,C000426,Current,Active,12025.27,2024-08-20
A0000473,C000427,Current,Active,12748.74,2024-11-30
A0000474,C000428,Savings,Active,43362.9,2021-11-07
A0000475,C000428,Salary,Active,10710.19,2024-06-14
A0000476,C000429,Salary,Active,61738.48,2018-04-08
A0000477,C000429,Current,Dormant,42485.19,2020-02-25
A0000478,C000431,Savings,Active,49431.88,2015-12-29
A0000479,C000432,Savings,Active,20379.76,2024-07-21
A0000480,C000434,Savings,Active,5129.42,2023-02-12
A0000481,C000435,Savings,Active,32855.25,2023-10-20
A0000482,C000435,Savings,Active,19323.93,2023-03-03
A0000483,C000436,Premium,Active,1328448.93,2021-12-31
A0000484,C000437,Current,Active,7555.27,2019-11-16
A0000485,C000437,Current,Dormant,11478.25,2021-05-24
A0000486,C000438,Savings,Active,68353.57,2016-05-13
A0000487,C000439,Salary,Active,200385.33,2019-05-06
A0000488,C000440,Current,Active,3142.13,2017-02-15
A0000489,C000441,Salary,Active,22117.42,2023-08-22
A0000490,C000441,Savings,Active,23591.76,2023-07-15
A0000491,C000442,Savings,Active,21838.54,2016-01-23
A0000492,C000443,Savings,Dormant,98635.08,2024-11-30
A0000493,C000444,Savings,Active,41913.92,2017-12-29
A0000494,C000444,Savings,Active,45338.08,2016-01-12
A0000495,C000445,Salary,Active,40554.56,2023-04-15
A0000496,C000446,Current,Active,28216.23,2024-11-30
A0000497,C000447,Premium,Active,63570.82,2019-04-25
A0000498,C000447,Current,Dormant,69701.88,2017-11-30
A0000499,C000449,Salary,Active,16768.21,2019-01-01
A0000500,C000451,Savings,Dormant,44576.69,2024-11-30
A0000501,C000451,Savings,Active,28436.95,2024-11-30
A0000502,C000452,Salary,Active,64237.98,2018-11-15
A0000503,C000453,Current,Active,30873.22,2023-12-03
A0000504,C000453,Current,Active,101902.19,2024-04-18
A0000505,C000454,Salary,Active,35067.72,2022-03-26
A0000506,C000454,Savings,Active,21155.52,2021-10-20
A0000507,C000457,Savings,Dormant,60471.7,2023-01-25
A0000508,C000457,Premium,Active,175403.29,2024-02-21
A0000509,C000458,Savings,Closed,15907.06,2020-08-01
A0000510,C000459,Current,Active,47965.66,2023-11-23
A0000511,C000460,Current,Active,6644.61,2018-01-11
A0000512,C000461,Savings,Active,311059.82,2019-12-07
A0000513,C000461,Current,Active,285456.83,2020-02-09
A0000514,C000462,Premium,Active,88422.15,2020-12-22
A0000515,C000462,Savings,Active,70531.6,2019-09-27
A0000516,C000463,Salary,Active,55380.96,2016-09-28
A0000517,C000464,Savings,Active,98761.99,2024-11-30
A0000518,C000465,Current,Active,6574.94,2018-12-10
A0000519,C000466,Salary,Active,172683.47,2019-06-21
A0000520,C000466,Current,Active,158843.42,2022-11-16
A0000521,C000468,Current,Active,70265.98,2017-09-17
A0000522,C000469,Savings,Active,32249.22,2021-11-29
A0000523,C000470,Savings,Active,10773.2,2018-03-01
A0000524,C000471,Savings,Active,10494.03,2019-01-10
A0000525,C000472,Savings,Active,29592.86,2023-11-13
A0000526,C000472,Current,Active,23219.74,2024-04-25
A0000527,C000473,Savings,Active,113602.32,2023-08-17
A0000528,C000473,Savings,Active,45145.75,2023-08-18
A0000529,C000475,Savings,Dormant,12445.06,2024-07-29
A0000530,C000476,Current,Active,34551.38,2019-01-21
A0000531,C000477,Savings,Active,68846.27,2024-11-30
A0000532,C000477,Savings,Active,25338.49,2024-11-30
A0000533,C000478,Current,Active,50576.38,2022-02-15
A0000534,C000479,Salary,Active,27630.53,2016-12-11
A0000535,C000480,Savings,Active,69897.0,2024-11-30
A0000536,C000481,Current,Active,329439.45,2021-04-23
A0000537,C000482,Current,Active,34801.55,2024-11-30
A0000538,C000483,Current,Active,27463.04,2021-12-23
A0000539,C000483,Premium,Active,31629.2,2024-11-30
A0000540,C000484,Current,Active,22610.25,2018-07-02
A0000541,C000485,Premium,Active,176916.35,2019-04-12
A0000542,C000487,Current,Active,16904.48,2021-10-04
A0000543,C000489,Salary,Active,486781.44,2018-10-04
A0000544,C000490,Savings,Active,100279.38,2019-07-24
A0000545,C000491,Premium,Active,80020.21,2019-06-02
A0000546,C000493,Current,Active,144920.59,2019-05-17
A0000547,C000493,Savings,Active,69116.67,2020-01-24
A0000548,C000494,Current,Active,94552.89,2017-09-19
A0000549,C000495,Savings,Dormant,180266.29,2019-12-17
A0000550,C000495,Premium,Active,159516.76,2020-08-16
A0000551,C000496,Savings,Active,3704.26,2018-05-16
A0000552,C000498,Current,Active,17548.84,2018-10-29
A0000553,C000500,Premium,Dormant,58817.94,2024-02-18
A0000554,C000503,Current,Active,6953.6,2019-07-06
A0000555,C000504,Salary,Active,5626.17,2022-06-15
A0000556,C000505,Salary,Active,74141.47,2019-12-21
A0000557,C000506,Premium,Active,190919.36,2019-06-07
A0000558,C000507,Salary,Active,24734.75,2024-11-30
A0000559,C000508,Current,Active,30144.86,2019-12-06
A0000560,C000509,Current,Active,6198.48,2024-11-30
A0000561,C000511,Current,Closed,21191.65,2023-11-22
A0000562,C000512,Savings,Active,93723.67,2019-05-19
A0000563,C000513,Savings,Active,35362.79,2020-01-30
A0000564,C000514,Premium,Active,43555.31,2024-09-18
A0000565,C000515,Savings,Active,11900.19,2023-09-05
A0000566,C000516,Savings,Active,21964.06,2020-01-08
A0000567,C000519,Savings,Active,24313.84,2018-10-12
A0000568,C000520,Salary,Active,227056.65,2019-12-31
A0000569,C000522,Salary,Active,39746.66,2024-11-30
A0000570,C000523,Savings,Active,67974.97,2023-02-08
A0000571,C000524,Savings,Active,25358.53,2020-06-11
A0000572,C000525,Savings,Dormant,79950.58,2024-11-30
A0000573,C000526,Savings,Active,39416.64,2017-04-25
A0000574,C000526,Savings,Active,17674.12,2017-02-22
A0000575,C000528,Salary,Active,63206.18,2024-08-14
A0000576,C000528,Savings,Active,63658.57,2024-05-26
A0000577,C000530,Savings,Active,11655.15,2019-06-25
A0000578,C000530,Current,Active,23001.6,2019-07-06
A0000579,C000531,Current,Active,27279.41,2016-09-28
A0000580,C000531,Premium,Closed,148945.6,2018-11-09
A0000581,C000534,Savings,Active,164005.96,2024-10-19
A0000582,C000534,Salary,Active,71331.06,2024-11-30
A0000583,C000535,Salary,Active,34776.84,2016-10-30
A0000584,C000536,Savings,Active,50529.17,2024-01-28
A0000585,C000537,Current,Active,68107.01,2020-07-24
A0000586,C000538,Savings,Active,15372.67,2020-08-09
A0000587,C000539,Savings,Active,28492.42,2019-01-11
A0000588,C000539,Savings,Active,55773.8,2017-02-12
A0000589,C000540,Savings,Active,267408.72,2018-09-29
A0000590,C000541,Savings,Active,85352.38,2016-04-30
A0000591,C000543,Savings,Active,23629.17,2020-05-02
A0000592,C000543,Salary,Active,41305.54,2023-02-02
A0000593,C000544,Current,Active,107639.49,2020-11-18
A0000594,C000545,Savings,Active,55888.97,2021-05-26
A0000595,C000546,Premium,Active,526555.21,2024-10-05
A0000596,C000546,Current,Active,274619.22,2023-05-30
A0000597,C000548,Savings,Active,20916.26,2017-06-19
A0000598,C000548,Savings,Active,45498.37,2020-05-09
A0000599,C000550,Premium,Active,91159.35,2020-09-23
A0000600,C000551,Premium,Active,444585.8,2022-01-18
A0000601,C000552,Savings,Active,21045.95,2021-07-13
A0000602,C000554,Current,Active,23384.72,2022-01-14
A0000603,C000555,Premium,Active,92587.27,2019-09-05
A0000604,C000558,Salary,Active,49328.63,2023-04-13
A0000605,C000558,Savings,Active,24419.16,2022-02-04
A0000606,C000559,Current,Active,51252.31,2024-07-02
A0000607,C000560,Savings,Active,91111.08,2021-01-08
A0000608,C000560,Savings,Closed,152601.13,2021-01-23
A0000609,C000561,Savings,Active,22684.57,2021-03-19
A0000610,C000561,Current,Active,11401.06,2021-07-30
A0000611,C000562,Savings,Active,10689.21,2022-05-23
A0000612,C000563,Current,Dormant,34339.25,2019-12-10
A0000613,C000564,Salary,Active,30719.58,2018-01-17
A0000614,C000565,Savings,Active,14832.23,2016-09-03
A0000615,C000571,Savings,Active,62281.9,2021-12-08
A0000616,C000572,Salary,Closed,67925.58,2017-08-23
A0000617,C000573,Savings,Active,9828.68,2023-12-22
A0000618,C000576,Current,Active,56325.73,2024-05-24
A0000619,C000577,Salary,Active,168608.33,2023-09-16
A0000620,C000577,Savings,Active,12831.83,2023-05-17
A0000621,C000579,Savings,Active,13019.47,2021-05-05
A0000622,C000579,Salary,Active,10175.97,2021-03-31
A0000623,C000580,Savings,Active,12196.24,2022-10-13
A0000624,C000581,Savings,Active,83871.54,2021-10-26
A0000625,C000582,Salary,Active,31679.02,2018-10-25
A0000626,C000582,Premium,Closed,44998.1,2019-02-21
A0000627,C000583,Savings,Active,55070.25,2020-08-23
A0000628,C000583,Savings,Active,24657.16,2018-11-30
A0000629,C000584,Savings,Active,23059.94,2017-11-14
A0000630,C000586,Current,Active,26981.46,2020-09-17
A0000631,C000587,Savings,Active,88534.94,2023-05-21
A0000632,C000588,Savings,Active,232635.92,2018-11-09
A0000633,C000588,Current,Active,413131.37,2020-06-19
A0000634,C000589,Savings,Active,11143.66,2021-06-08
A0000635,C000589,Savings,Active,13524.37,2021-03-04
A0000636,C000590,Salary,Active,74499.71,2019-07-07
A0000637,C000590,Premium,Active,172523.15,2019-07-04
A0000638,C000591,Savings,Active,54298.99,2024-11-30
A0000639,C000592,Current,Active,15398.32,2024-11-30
A0000640,C000593,Current,Closed,62492.44,2023-07-24
A0000641,C000593,Current,Closed,23375.62,2020-03-05
A0000642,C000594,Savings,Closed,12731.41,2019-12-13
A0000643,C000594,Premium,Active,35568.88,2020-08-03
A0000644,C000596,Salary,Active,33927.48,2024-03-14
A0000645,C000597,Current,Active,19606.17,2021-11-24
A0000646,C000597,Current,Active,13468.13,2023-02-19
A0000647,C000599,Savings,Dormant,34819.09,2024-11-30
A0000648,C000600,Savings,Closed,95751.88,2022-08-21
A0000649,C000601,Current,Active,49266.27,2023-11-11
A0000650,C000602,Current,Active,16440.1,2020-11-07
A0000651,C000603,Current,Closed,252189.99,2018-06-11
A0000652,C000604,Salary,Dormant,32950.59,2020-04-05
A0000653,C000606,Savings,Dormant,42018.17,2023-04-05
A0000654,C000606,Savings,Active,24632.77,2023-06-21
A0000655,C000608,Current,Active,91282.77,2021-11-04
A0000656,C000609,Salary,Active,120659.63,2018-09-15
A0000657,C000609,Savings,Active,96765.68,2021-04-25
A0000658,C000610,Savings,Active,7842.68,2021-10-29
A0000659,C000611,Savings,Active,32683.07,2023-08-30
A0000660,C000612,Savings,Active,30429.51,2024-11-30
A0000661,C000612,Current,Active,7637.27,2023-07-12
A0000662,C000613,Savings,Active,77307.43,2017-12-13
A0000663,C000614,Savings,Active,69432.52,2018-02-23
A0000664,C000616,Savings,Active,18173.94,2023-03-01
A0000665,C000616,Current,Active,31957.95,2024-03-23
A0000666,C000617,Current,Active,17289.5,2021-04-25
A0000667,C000618,Savings,Active,75988.05,2024-11-30
A0000668,C000618,Current,Active,38737.33,2024-11-30
A0000669,C000619,Savings,Dormant,15660.8,2019-01-14
A0000670,C000620,Savings,Active,48215.5,2023-08-19
A0000671,C000620,Savings,Active,35745.67,2022-02-22
A0000672,C000621,Salary,Active,45970.43,2020-07-25
A0000673,C000622,Savings,Active,26483.05,2019-06-23
A0000674,C000622,Premium,Active,157077.0,2017-08-18
A0000675,C000623,Savings,Active,143088.3,2023-08-28
A0000676,C000624,Current,Active,43116.26,2017-01-22
A0000677,C000625,Savings,Active,41278.28,2023-08-14
A0000678,C000626,Savings,Active,327289.4,2020-06-04
A0000679,C000627,Current,Active,34377.07,2019-05-12
A0000680,C000628,Savings,Active,3106.38,2020-06-15
A0000681,C000628,Savings,Active,9031.19,2021-05-11
A0000682,C000629,Current,Active,138236.39,2024-11-30
A0000683,C000630,Salary,Active,47702.24,2024-11-30
A0000684,C000630,Salary,Active,87103.62,2022-11-20
A0000685,C000631,Savings,Active,20182.28,2019-08-08
A0000686,C000631,Savings,Active,39019.1,2020-10-03
A0000687,C000632,Savings,Active,47383.43,2021-11-22
A0000688,C000632,Premium,Closed,39674.49,2018-10-04
A0000689,C000633,Salary,Active,788908.67,2020-01-16
A0000690,C000634,Salary,Active,21336.45,2023-02-20
A0000691,C000635,Current,Active,26389.32,2022-03-05
A0000692,C000636,Savings,Active,86500.63,2017-12-02
A0000693,C000638,Salary,Active,76596.69,2022-01-24
A0000694,C000638,Current,Dormant,56824.76,2023-03-05
A0000695,C000639,Savings,Active,67604.04,2024-08-07
A0000696,C000640,Current,Active,13882.37,2020-10-29
A0000697,C000641,Salary,Active,20649.47,2021-09-22
A0000698,C000642,Premium,Active,92148.9,2023-03-23
A0000699,C000642,Savings,Active,7133.28,2021-08-09
A0000700,C000643,Savings,Active,24156.46,2023-07-11
A0000701,C000645,Savings,Active,218908.83,2023-06-19
A0000702,C000645,Savings,Active,110568.1,2024-11-30
A0000703,C000647,Savings,Active,7287.36,2023-07-23
A0000704,C000648,Current,Active,110151.78,2018-06-11
A0000705,C000648,Savings,Active,132136.11,2017-11-26
A0000706,C000649,Savings,Active,45714.81,2021-06-13
A0000707,C000650,Current,Active,35202.59,2018-08-15
A0000708,C000650,Savings,Active,25623.28,2018-09-23
A0000709,C000651,Savings,Active,181089.31,2022-06-01
A0000710,C000653,Premium,Active,90831.69,2018-12-16
A0000711,C000654,Savings,Active,32512.62,2024-11-30
A0000712,C000655,Current,Active,17533.67,2022-05-31
A0000713,C000655,Savings,Active,48175.41,2021-05-14
A0000714,C000656,Savings,Active,23635.6,2024-11-30
A0000715,C000658,Savings,Active,49371.12,2023-09-27
A0000716,C000659,Savings,Active,41793.65,2019-09-07
A0000717,C000659,Savings,Active,43312.32,2018-08-12
A0000718,C000660,Premium,Active,323729.54,2021-09-06
A0000719,C000663,Current,Active,201159.04,2022-04-20
A0000720,C000665,Savings,Active,19658.98,2023-11-27
A0000721,C000665,Savings,Active,17581.95,2022-09-13
A0000722,C000666,Salary,Active,46718.13,2024-11-30
A0000723,C000667,Savings,Active,6534.35,2018-05-31
A0000724,C000667,Savings,Dormant,4920.6,2016-10-19
A0000725,C000668,Savings,Active,17153.57,2020-02-16
A0000726,C000668,Savings,Active,6807.88,2019-04-25
A0000727,C000670,Savings,Active,25622.89,2024-01-23
A0000728,C000671,Current,Active,6729.03,2023-08-17
A0000729,C000671,Current,Dormant,6407.71,2024-09-10
A0000730,C000672,Salary,Active,20122.08,2020-07-30
A0000731,C000672,Salary,Closed,33824.11,2018-06-15
A0000732,C000674,Savings,Active,107798.06,2016-05-18
A0000733,C000675,Savings,Active,42077.02,2019-09-18
A0000734,C000676,Savings,Active,68348.53,2020-11-08
A0000735,C000677,Current,Active,31360.94,2023-05-27
A0000736,C000677,Savings,Active,20903.72,2023-09-27
A0000737,C000678,Current,Active,27606.33,2018-12-08
A0000738,C000679,Savings,Active,16961.22,2018-02-12
A0000739,C000679,Savings,Active,44312.65,2019-08-31
A0000740,C000680,Savings,Active,10574.8,2020-06-27
A0000741,C000680,Savings,Active,11011.37,2017-11-03
A0000742,C000681,Salary,Active,45721.17,2024-06-12
A0000743,C000682,Savings,Active,182044.37,2019-12-24
A0000744,C000683,Savings,Active,206404.58,2020-04-17
A0000745,C000684,Salary,Active,74367.66,2019-09-24
A0000746,C000685,Current,Active,41670.17,2024-11-30
A0000747,C000686,Salary,Active,67617.91,2018-07-21
A0000748,C000687,Premium,Dormant,233719.3,2022-07-04
A0000749,C000688,Savings,Active,178660.61,2024-11-30
A0000750,C000689,Savings,Active,66793.81,2023-02-21
A0000751,C000690,Salary,Active,470962.05,2023-08-16
A0000752,C000690,Savings,Active,193051.1,2023-01-20
A0000753,C000691,Savings,Active,19857.43,2020-08-05
A0000754,C000691,Salary,Active,13546.92,2020-06-15
A0000755,C000693,Current,Active,24457.36,2020-05-01
A0000756,C000694,Salary,Active,11212.36,2023-04-29
A0000757,C000694,Salary,Active,10709.2,2024-11-30
A0000758,C000695,Current,Active,62121.34,2018-07-28
A0000759,C000696,Salary,Active,51237.22,2019-09-17
A0000760,C000696,Salary,Active,45464.17,2019-04-27
A0000761,C000698,Savings,Active,184079.09,2018-07-15
A0000762,C000698,Savings,Active,39948.22,2017-06-14
A0000763,C000700,Salary,Active,68985.04,2019-09-20
A0000764,C000700,Premium,Active,296631.9,2016-09-20
A0000765,C000701,Savings,Closed,121215.07,2024-11-18
A0000766,C000702,Current,Active,9733.14,2015-11-28
A0000767,C000704,Salary,Active,111739.54,2019-04-02
A0000768,C000705,Savings,Active,42994.39,2023-10-26
A0000769,C000707,Salary,Active,317630.93,2018-08-12
A0000770,C000707,Savings,Active,324559.02,2018-07-23
A0000771,C000708,Savings,Active,23374.78,2017-12-18
A0000772,C000709,Savings,Active,58114.53,2019-02-23
A0000773,C000711,Salary,Active,15290.36,2024-02-09
A0000774,C000711,Savings,Active,7216.4,2024-05-20
A0000775,C000712,Savings,Active,63021.21,2023-04-16
A0000776,C000712,Savings,Active,46698.24,2021-11-10
A0000777,C000713,Savings,Active,20264.81,2024-06-15
A0000778,C000714,Savings,Active,17199.38,2018-06-24
A0000779,C000716,Savings,Active,15191.32,2023-03-17
A0000780,C000716,Salary,Active,9968.91,2022-10-02
A0000781,C000717,Current,Active,5287.24,2024-11-20
A0000782,C000718,Current,Dormant,9973.44,2023-06-29
A0000783,C000718,Savings,Active,50853.28,2022-11-14
A0000784,C000719,Salary,Active,22389.2,2016-07-22
A0000785,C000719,Current,Active,26981.1,2016-05-27
A0000786,C000720,Savings,Active,24446.32,2024-11-30
A0000787,C000721,Current,Closed,40775.84,2020-05-19
A0000788,C000722,Current,Active,23371.77,2022-10-16
A0000789,C000724,Savings,Active,10639.41,2024-11-13
A0000790,C000724,Savings,Active,5344.51,2024-11-30
A0000791,C000726,Savings,Active,523383.83,2024-11-30
A0000792,C000727,Salary,Active,71031.96,2019-05-02
A0000793,C000728,Savings,Active,105129.99,2015-12-31
A0000794,C000728,Salary,Active,74866.16,2018-02-15
A0000795,C000729,Savings,Active,65866.52,2017-11-24
A0000796,C000729,Savings,Active,15705.06,2019-03-14
A0000797,C000730,Salary,Active,237630.1,2024-11-30
A0000798,C000731,Savings,Closed,54491.68,2016-08-09
A0000799,C000732,Salary,Active,96313.3,2023-08-08
A0000800,C000735,Savings,Active,14350.14,2024-11-30
A0000801,C000736,Salary,Active,59043.78,2018-10-08
A0000802,C000736,Premium,Active,180249.76,2018-01-04
A0000803,C000738,Savings,Active,16078.65,2015-08-26
A0000804,C000742,Current,Active,16145.87,2017-07-28
A0000805,C000743,Savings,Active,37872.19,2024-11-30
A0000806,C000745,Premium,Active,527331.97,2019-10-03
A0000807,C000746,Current,Active,12981.1,2021-01-08
A0000808,C000747,Salary,Dormant,29091.27,2017-07-20
A0000809,C000747,Savings,Active,11356.13,2020-03-04
A0000810,C000749,Current,Active,5644.21,2018-06-18
A0000811,C000750,Savings,Active,17221.14,2018-02-21
A0000812,C000751,Current,Active,14712.55,2022-05-03
A0000813,C000752,Savings,Active,11357.45,2021-02-05
A0000814,C000754,Savings,Active,30411.83,2024-11-30
A0000815,C000755,Savings,Active,64823.45,2024-11-30
A0000816,C000755,Savings,Active,60588.98,2023-05-12
A0000817,C000756,Salary,Closed,58807.56,2020-07-14
A0000818,C000756,Savings,Active,118766.24,2021-03-28
A0000819,C000757,Savings,Closed,5005.68,2021-09-08
A0000820,C000758,Salary,Closed,13551.5,2019-11-04
A0000821,C000759,Salary,Active,119053.29,2024-07-29
A0000822,C000759,Savings,Active,38791.15,2020-12-16
A0000823,C000760,Current,Active,56101.77,2024-11-30
A0000824,C000761,Savings,Active,17441.27,2019-10-01
A0000825,C000762,Salary,Active,35841.43,2020-07-04
A0000826,C000763,Salary,Active,11157.09,2019-05-28
A0000827,C000764,Savings,Active,25655.16,2018-07-29
A0000828,C000764,Premium,Active,77195.41,2017-11-11
A0000829,C000765,Savings,Active,33867.44,2021-04-10
A0000830,C000767,Current,Active,24982.32,2024-11-30
A0000831,C000767,Premium,Active,80815.65,2024-11-30
A0000832,C000768,Savings,Active,36387.77,2020-01-17
A0000833,C000769,Salary,Active,37967.6,2020-01-16
A0000834,C000770,Current,Active,64758.28,2020-06-07
A0000835,C000770,Savings,Active,117306.65,2019-07-09
A0000836,C000771,Savings,Active,7458.68,2024-09-06
A0000837,C000771,Current,Active,32564.73,2023-08-01
A0000838,C000772,Savings,Active,20210.22,2017-07-16
A0000839,C000772,Current,Active,40593.39,2017-03-06
A0000840,C000773,Current,Active,45310.14,2022-12-07
A0000841,C000773,Current,Dormant,17169.66,2022-11-12
A0000842,C000774,Savings,Active,26848.5,2021-04-05
A0000843,C000775,Premium,Active,36752.63,2021-10-25
A0000844,C000776,Savings,Active,17570.91,2021-11-26
A0000845,C000776,Salary,Active,18767.74,2022-02-25
A0000846,C000778,Savings,Active,39556.02,2022-04-28
A0000847,C000779,Current,Active,18336.49,2018-01-23
A0000848,C000780,Premium,Closed,91863.09,2016-02-05
A0000849,C000781,Current,Active,30688.87,2018-06-02
A0000850,C000783,Salary,Dormant,11474.64,2022-04-20
A0000851,C000784,Savings,Active,28217.07,2024-02-05
A0000852,C000785,Savings,Active,306040.49,2022-01-17
A0000853,C000785,Savings,Active,535131.17,2022-04-09
A0000854,C000786,Savings,Active,177375.2,2022-08-15
A0000855,C000787,Premium,Active,72718.66,2021-07-27
A0000856,C000787,Savings,Active,69987.67,2024-08-13
A0000857,C000788,Savings,Active,36186.84,2021-06-03
A0000858,C000788,Savings,Active,42702.23,2020-06-29
A0000859,C000789,Savings,Active,23776.77,2020-03-03
A0000860,C000790,Savings,Active,15416.54,2016-12-15
A0000861,C000791,Salary,Active,212685.37,2017-03-31
A0000862,C000791,Savings,Active,84740.35,2016-07-17
A0000863,C000792,Salary,Active,81156.48,2018-07-05
A0000864,C000793,Salary,Active,5611.33,2024-07-10
A0000865,C000793,Salary,Active,9226.59,2024-11-30
A0000866,C000796,Current,Active,90395.56,2020-07-23
A0000867,C000797,Savings,Active,25338.35,2023-12-27
A0000868,C000798,Savings,Dormant,44416.73,2020-04-12
A0000869,C000799,Salary,Dormant,39053.05,2017-04-07
A0000870,C000800,Salary,Active,79680.36,2023-10-25
A0000871,C000800,Savings,Active,195169.81,2022-09-03
A0000872,C000801,Savings,Active,6458.02,2021-10-22
A0000873,C000802,Savings,Active,10526.0,2024-11-30
A0000874,C000803,Savings,Active,30806.57,2023-08-08
A0000875,C000804,Savings,Active,11521.61,2021-06-01
A0000876,C000805,Savings,Active,268906.37,2020-02-03
A0000877,C000806,Current,Active,8648.15,2019-11-01
A0000878,C000807,Premium,Active,96430.12,2018-11-01
A0000879,C000808,Savings,Active,8365.12,2019-07-08
A0000880,C000809,Salary,Active,14057.37,2019-10-31
A0000881,C000812,Savings,Dormant,14212.68,2015-08-12
A0000882,C000813,Salary,Active,26742.64,2024-02-21
A0000883,C000814,Salary,Active,37686.59,2021-06-10
A0000884,C000814,Current,Active,21255.0,2018-01-24
A0000885,C000815,Savings,Active,25325.2,2019-07-24
A0000886,C000816,Current,Active,10574.33,2021-05-22
A0000887,C000817,Current,Active,30308.61,2017-11-21
A0000888,C000818,Salary,Dormant,6989.88,2021-08-27
A0000889,C000819,Savings,Active,43415.52,2024-11-30
A0000890,C000819,Premium,Active,178252.68,2023-10-31
A0000891,C000820,Savings,Active,28575.21,2020-05-30
A0000892,C000821,Savings,Closed,225790.45,2024-11-30
A0000893,C000822,Salary,Active,55881.16,2024-11-30
A0000894,C000823,Salary,Closed,24276.44,2024-11-30
A0000895,C000824,Savings,Dormant,21027.74,2022-01-17
A0000896,C000825,Current,Active,9381.87,2020-12-31
A0000897,C000825,Savings,Dormant,13416.07,2020-12-26
A0000898,C000826,Salary,Active,107666.7,2015-11-01
A0000899,C000827,Savings,Active,72088.56,2020-01-23
A0000900,C000829,Savings,Active,115720.74,2016-11-22
A0000901,C000831,Savings,Active,76897.58,2022-01-26
A0000902,C000831,Savings,Active,59185.24,2021-09-03
A0000903,C000833,Savings,Active,17724.22,2020-09-30
A0000904,C000833,Current,Active,22713.1,2017-01-16
A0000905,C000834,Savings,Active,49261.58,2019-12-27
A0000906,C000834,Savings,Active,38849.3,2021-11-14
A0000907,C000835,Savings,Dormant,39923.93,2024-11-30
A0000908,C000835,Current,Active,31279.59,2023-02-25
A0000909,C000836,Savings,Active,27267.22,2021-08-19
A0000910,C000837,Current,Active,81223.84,2023-11-11
A0000911,C000838,Current,Active,24543.01,2021-07-16
A0000912,C000839,Savings,Active,24923.43,2019-11-14
A0000913,C000840,Salary,Active,10955.2,2023-08-06
A0000914,C000841,Savings,Active,77838.32,2018-08-23
A0000915,C000841,Current,Active,55522.87,2020-11-11
A0000916,C000842,Current,Active,30965.43,2022-12-07
A0000917,C000842,Savings,Active,30879.97,2023-01-07
A0000918,C000843,Savings,Active,25863.53,2022-09-01
A0000919,C000844,Savings,Active,145055.58,2024-11-30
A0000920,C000847,Premium,Active,32638.92,2021-09-21
A0000921,C000850,Current,Active,28308.04,2022-11-20
A0000922,C000851,Salary,Dormant,51698.7,2019-10-26
A0000923,C000852,Savings,Active,21641.44,2024-09-11
A0000924,C000853,Savings,Active,23805.65,2020-10-01
A0000925,C000854,Savings,Active,86628.03,2018-07-27
A0000926,C000856,Savings,Active,17360.08,2021-10-13
A0000927,C000856,Savings,Active,10467.21,2023-10-24
A0000928,C000857,Current,Active,23180.02,2020-03-13
A0000929,C000858,Savings,Active,172252.46,2018-06-26
A0000930,C000859,Savings,Active,29535.96,2019-09-12
A0000931,C000860,Premium,Active,75517.09,2021-07-23
A0000932,C000861,Current,Active,30044.72,2024-11-30
A0000933,C000861,Savings,Active,65600.07,2024-05-31
A0000934,C000862,Savings,Active,19247.07,2024-11-30
A0000935,C000862,Savings,Closed,17672.09,2024-11-30
A0000936,C000864,Salary,Dormant,26280.13,2016-08-16
A0000937,C000864,Current,Active,12969.58,2016-04-17
A0000938,C000866,Current,Active,48461.89,2024-11-30
A0000939,C000867,Premium,Active,32998.54,2018-03-04
A0000940,C000868,Savings,Active,19839.2,2020-03-31
A0000941,C000868,Current,Active,20271.3,2021-11-27
A0000942,C000869,Savings,Active,23687.22,2023-08-09
A0000943,C000869,Premium,Active,113472.17,2023-03-15
A0000944,C000870,Salary,Active,3662.68,2020-06-28
A0000945,C000870,Salary,Active,7423.48,2019-04-15
A0000946,C000871,Salary,Active,14864.85,2022-06-18
A0000947,C000872,Salary,Closed,43791.45,2024-11-30
A0000948,C000873,Savings,Active,94107.13,2015-08-31
A0000949,C000874,Savings,Active,16745.25,2018-08-16
A0000950,C000875,Savings,Active,235319.54,2019-01-30
A0000951,C000876,Savings,Active,42894.66,2020-02-13
A0000952,C000877,Savings,Active,23634.87,2022-05-10
A0000953,C000878,Current,Active,12625.11,2018-08-19
A0000954,C000879,Salary,Active,48226.86,2023-01-31
A0000955,C000880,Salary,Active,80877.65,2017-12-01
A0000956,C000881,Current,Active,17919.9,2018-05-14
A0000957,C000882,Savings,Active,420085.25,2024-11-30
A0000958,C000882,Current,Active,578556.45,2024-11-30
A0000959,C000883,Savings,Active,32993.86,2020-03-01
A0000960,C000884,Savings,Active,331912.52,2021-10-25
A0000961,C000885,Salary,Active,251462.49,2017-07-17
A0000962,C000885,Salary,Active,157515.71,2018-04-25
A0000963,C000886,Current,Active,28011.32,2021-02-06
A0000964,C000887,Current,Active,111320.52,2021-05-24
A0000965,C000887,Current,Active,61605.97,2020-08-08
A0000966,C000888,Savings,Active,107873.92,2020-11-04
A0000967,C000889,Current,Dormant,12618.03,2017-04-07
A0000968,C000890,Premium,Active,89815.53,2024-10-11
A0000969,C000891,Salary,Active,16855.84,2021-02-15
A0000970,C000891,Premium,Active,136208.39,2022-01-08
A0000971,C000892,Current,Active,19286.16,2020-10-18
A0000972,C000893,Savings,Active,250299.99,2019-12-29
A0000973,C000893,Savings,Active,163639.71,2019-11-18
A0000974,C000894,Current,Active,33890.87,2024-11-30
A0000975,C000894,Savings,Dormant,40110.99,2024-11-30
A0000976,C000895,Current,Active,79923.46,2021-09-27
A0000977,C000896,Current,Dormant,468638.03,2020-07-01
A0000978,C000897,Savings,Active,43088.8,2022-11-24
A0000979,C000898,Savings,Active,43648.57,2018-10-28
A0000980,C000898,Savings,Active,29992.68,2021-10-23
A0000981,C000899,Current,Active,5638.33,2022-09-05
A0000982,C000899,Current,Active,8809.98,2024-05-09
A0000983,C000901,Salary,Active,41609.15,2023-03-16
A0000984,C000902,Current,Dormant,18902.54,2016-03-04
A0000985,C000903,Savings,Active,10759.72,2024-06-26
A0000986,C000903,Savings,Active,9869.45,2023-05-16
A0000987,C000904,Current,Active,46653.69,2020-04-13
A0000988,C000905,Savings,Active,62561.3,2024-11-30
A0000989,C000906,Salary,Active,24497.54,2023-08-19
A0000990,C000907,Savings,Dormant,36007.75,2023-06-27
A0000991,C000908,Savings,Active,28134.03,2021-08-25
A0000992,C000909,Savings,Active,163566.95,2020-12-09
A0000993,C000910,Salary,Active,915114.1,2018-07-31
A0000994,C000911,Current,Active,105818.85,2019-11-01
A0000995,C000912,Savings,Active,117091.46,2022-07-11
A0000996,C000914,Savings,Active,44150.28,2022-07-08
A0000997,C000915,Savings,Active,357029.73,2023-01-31
A0000998,C000916,Savings,Active,77029.14,2021-03-12
A0000999,C000917,Savings,Active,31581.38,2020-08-27
A0001000,C000917,Savings,Active,40428.32,2021-03-05
A0001001,C000919,Current,Active,37098.61,2020-10-03
A0001002,C000919,Savings,Active,32990.72,2020-08-23
A0001003,C000920,Savings,Active,17032.77,2016-07-10
A0001004,C000920,Savings,Active,32792.95,2017-05-06
A0001005,C000921,Salary,Active,58989.05,2024-01-14
A0001006,C000923,Savings,Active,77329.25,2020-06-20
A0001007,C000924,Current,Active,26979.91,2024-11-30
A0001008,C000925,Savings,Active,49901.27,2024-11-30
A0001009,C000927,Savings,Active,30320.8,2024-04-08
A0001010,C000927,Savings,Active,24781.44,2023-07-12
A0001011,C000928,Savings,Active,48655.06,2023-04-17
A0001012,C000929,Current,Active,225187.55,2019-05-17
A0001013,C000930,Salary,Closed,31250.19,2017-04-29
A0001014,C000931,Savings,Active,39343.14,2022-05-07
A0001015,C000931,Current,Closed,12332.83,2021-01-06
A0001016,C000932,Savings,Active,23727.57,2018-11-11
A0001017,C000934,Current,Active,25001.47,2021-11-05
A0001018,C000934,Premium,Active,35792.83,2021-07-10
A0001019,C000935,Current,Active,6085.04,2022-09-19
A0001020,C000937,Current,Active,73962.3,2018-06-28
A0001021,C000938,Savings,Active,7598.75,2023-10-08
A0001022,C000938,Savings,Active,4676.9,2024-11-30
A0001023,C000939,Current,Active,133321.87,2023-02-20
A0001024,C000941,Savings,Active,48131.03,2016-11-18
A0001025,C000941,Current,Active,33822.43,2018-03-12
A0001026,C000942,Savings,Active,81720.51,2021-02-19
A0001027,C000943,Savings,Active,41447.03,2021-03-28
A0001028,C000943,Current,Active,75845.54,2021-03-10
A0001029,C000944,Premium,Active,43301.68,2020-07-14
A0001030,C000945,Savings,Active,9103.14,2024-11-30
A0001031,C000946,Savings,Active,89783.93,2021-05-10
A0001032,C000947,Savings,Active,90569.17,2024-11-30
A0001033,C000949,Savings,Active,69457.96,2023-05-10
A0001034,C000950,Savings,Active,38012.49,2024-11-30
A0001035,C000951,Savings,Active,7952.9,2019-04-30
A0001036,C000952,Savings,Active,42591.41,2020-12-07
A0001037,C000952,Savings,Active,73604.61,2021-02-14
A0001038,C000954,Salary,Active,59816.01,2017-05-13
A0001039,C000955,Current,Active,43287.5,2017-09-15
A0001040,C000957,Salary,Active,81591.01,2022-09-27
A0001041,C000958,Current,Active,103105.94,2023-01-24
A0001042,C000959,Savings,Active,28100.08,2024-11-27
A0001043,C000959,Savings,Active,36288.49,2022-05-14
A0001044,C000960,Current,Active,15871.63,2023-06-01
A0001045,C000960,Current,Active,10181.49,2023-11-09
A0001046,C000961,Current,Active,12715.71,2020-10-29
A0001047,C000963,Savings,Active,203669.02,2022-02-25
A0001048,C000964,Savings,Active,46073.81,2021-03-02
A0001049,C000964,Current,Active,22356.32,2023-08-14
A0001050,C000965,Savings,Active,35620.22,2020-03-16
A0001051,C000966,Salary,Active,32003.55,2024-03-09
A0001052,C000969,Savings,Active,50845.8,2024-11-30
A0001053,C000971,Savings,Dormant,9339.75,2024-08-31
A0001054,C000973,Salary,Active,77184.48,2024-11-30
A0001055,C000974,Savings,Dormant,28708.13,2024-11-30
A0001056,C000975,Current,Closed,12706.24,2024-05-13
A0001057,C000976,Current,Active,16708.28,2020-06-26
A0001058,C000978,Current,Dormant,14691.09,2019-07-19
A0001059,C000979,Savings,Active,21295.58,2021-12-02
A0001060,C000980,Current,Active,24823.98,2021-09-29
A0001061,C000980,Savings,Active,78085.04,2022-04-01
A0001062,C000981,Premium,Active,34219.76,2022-04-26
A0001063,C000982,Salary,Dormant,42720.64,2024-11-30
A0001064,C000983,Savings,Active,5301.76,2021-04-01
A0001065,C000985,Salary,Active,54378.94,2024-03-03
A0001066,C000986,Salary,Active,114829.09,2023-11-07
A0001067,C000987,Current,Active,27559.83,2020-02-20
A0001068,C000989,Current,Active,6041.84,2018-11-15
A0001069,C000992,Savings,Dormant,4160.0,2024-03-30
A0001070,C000993,Current,Active,51310.12,2021-09-16
A0001071,C000994,Savings,Active,23680.07,2024-05-06
A0001072,C000994,Savings,Active,11622.66,2024-03-26
A0001073,C000995,Current,Active,106353.99,2022-03-28
A0001074,C000995,Savings,Active,99675.54,2022-09-26
A0001075,C000996,Savings,Active,627958.6,2024-11-30
A0001076,C000997,Current,Active,27410.95,2021-08-02
A0001077,C000998,Savings,Active,27567.12,2020-07-05
A0001078,C000999,Savings,Active,8137.88,2021-10-14
A0001079,C001000,Savings,Dormant,77269.75,2024-11-30
A0001080,C001001,Current,Active,107764.37,2023-07-01
A0001081,C001002,Savings,Active,45653.51,2024-02-07
A0001082,C001003,Premium,Active,866072.05,2022-12-19
A0001083,C001004,Current,Active,839461.07,2021-06-06
A0001084,C001004,Premium,Closed,1747463.28,2020-12-09
A0001085,C001005,Savings,Active,62990.29,2017-08-02
A0001086,C001006,Savings,Active,137899.46,2022-07-24
A0001087,C001009,Salary,Active,37628.3,2017-09-23
A0001088,C001009,Savings,Active,25999.8,2017-03-03
A0001089,C001010,Premium,Active,349689.59,2021-04-29
A0001090,C001012,Savings,Active,74654.99,2021-03-14
A0001091,C001013,Savings,Dormant,17943.63,2021-04-25
A0001092,C001013,Savings,Active,10033.91,2022-05-15
A0001093,C001014,Current,Closed,15498.66,2015-08-04
A0001094,C001014,Salary,Dormant,10189.3,2015-12-09
A0001095,C001015,Savings,Active,26334.97,2024-02-03
A0001096,C001015,Salary,Active,8660.73,2024-11-30
A0001097,C001016,Current,Active,18626.28,2016-12-26
A0001098,C001018,Salary,Closed,18867.95,2024-11-30
A0001099,C001019,Current,Active,12213.98,2022-03-14
A0001100,C001020,Savings,Active,44034.62,2023-06-01
A0001101,C001020,Savings,Active,43953.17,2023-05-22
A0001102,C001021,Premium,Active,15695.85,2020-05-01
A0001103,C001021,Salary,Active,26992.28,2019-03-02
A0001104,C001022,Salary,Active,31887.97,2019-07-09
A0001105,C001023,Current,Active,367663.9,2021-01-22
A0001106,C001024,Premium,Active,133110.57,2020-11-22
A0001107,C001026,Salary,Active,102693.87,2021-07-10
A0001108,C001027,Current,Active,78884.49,2020-10-29
A0001109,C001028,Savings,Active,111849.46,2019-03-11
A0001110,C001029,Salary,Dormant,35745.11,2020-01-16
A0001111,C001030,Savings,Active,82463.54,2024-11-30
A0001112,C001031,Savings,Dormant,9242.39,2019-01-05
A0001113,C001031,Savings,Active,9948.94,2020-03-30
A0001114,C001033,Salary,Active,797019.81,2017-06-18
A0001115,C001034,Salary,Active,47073.14,2018-01-28
A0001116,C001035,Current,Active,107075.21,2020-03-07
A0001117,C001038,Current,Active,9547.53,2019-12-30
A0001118,C001039,Savings,Active,105679.91,2023-07-23
A0001119,C001039,Premium,Active,367999.42,2022-11-29
A0001120,C001040,Savings,Active,54067.68,2020-03-01
A0001121,C001041,Savings,Closed,158512.31,2019-01-31
A0001122,C001042,Current,Active,16541.83,2017-05-18
A0001123,C001042,Current,Active,14593.93,2015-08-16
A0001124,C001044,Savings,Active,36934.83,2016-03-25
A0001125,C001044,Salary,Active,17698.84,2015-06-21
A0001126,C001046,Savings,Active,41665.28,2016-12-29
A0001127,C001048,Savings,Active,103814.2,2019-08-28
A0001128,C001049,Savings,Closed,55455.39,2018-01-22
A0001129,C001050,Premium,Active,28504.1,2019-04-08
A0001130,C001051,Current,Active,33671.93,2020-01-26
A0001131,C001052,Current,Active,20837.11,2023-09-28
A0001132,C001052,Savings,Active,30718.9,2020-04-12
A0001133,C001053,Current,Active,192352.55,2018-11-26
A0001134,C001054,Savings,Active,35054.11,2024-11-30
A0001135,C001055,Current,Active,7172.87,2024-11-30
A0001136,C001056,Premium,Active,361693.56,2018-08-04
A0001137,C001056,Current,Active,82563.02,2020-01-29
A0001138,C001057,Current,Active,32505.51,2024-11-30
A0001139,C001057,Current,Active,8500.85,2024-10-11
A0001140,C001058,Savings,Active,54850.3,2024-11-30
A0001141,C001059,Savings,Active,150785.81,2024-11-30
A0001142,C001060,Current,Active,27945.13,2020-05-04
A0001143,C001061,Salary,Active,66969.07,2020-03-24
A0001144,C001062,Premium,Active,256731.35,2023-08-26
A0001145,C001063,Current,Active,31351.41,2022-08-03
A0001146,C001064,Current,Active,7630.85,2019-09-22
A0001147,C001064,Savings,Active,14978.88,2022-08-30
A0001148,C001065,Savings,Active,9952.32,2022-02-06
A0001149,C001066,Savings,Active,26739.85,2020-08-24
A0001150,C001066,Savings,Active,32386.99,2019-08-06
A0001151,C001067,Savings,Active,110376.38,2024-11-30
A0001152,C001068,Salary,Active,46868.26,2024-11-05
A0001153,C001068,Savings,Active,38195.36,2024-11-30
A0001154,C001069,Salary,Active,13342.89,2019-05-19
A0001155,C001070,Savings,Active,18336.15,2024-11-30
A0001156,C001071,Savings,Active,9785.58,2018-05-05
A0001157,C001071,Savings,Active,18169.43,2018-07-20
A0001158,C001072,Savings,Active,64352.95,2021-02-09
A0001159,C001072,Current,Active,23670.44,2024-08-29
A0001160,C001073,Current,Active,15236.72,2017-05-15
A0001161,C001073,Salary,Active,15402.35,2019-04-28
A0001162,C001076,Savings,Active,24819.17,2018-08-22
A0001163,C001076,Savings,Active,10287.05,2018-09-12
A0001164,C001077,Savings,Active,66107.45,2024-11-30
A0001165,C001078,Savings,Active,56599.64,2022-01-24
A0001166,C001079,Current,Active,23858.78,2015-06-04
A0001167,C001079,Savings,Active,21838.0,2017-02-10
A0001168,C001082,Savings,Active,39240.14,2018-06-20
A0001169,C001083,Current,Closed,19669.24,2017-02-02
A0001170,C001084,Premium,Active,27737.19,2017-12-01
A0001171,C001085,Savings,Active,22428.68,2019-06-29
A0001172,C001086,Salary,Active,562248.99,2024-10-29
A0001173,C001087,Savings,Dormant,54383.12,2024-06-22
A0001174,C001088,Salary,Active,48132.39,2019-03-29
A0001175,C001088,Savings,Active,73260.79,2021-07-13
A0001176,C001089,Current,Active,3438.54,2022-01-29
A0001177,C001091,Salary,Active,24505.11,2024-09-14
A0001178,C001092,Savings,Active,9096.2,2019-09-03
A0001179,C001094,Savings,Active,35858.94,2019-09-20
A0001180,C001094,Savings,Active,38157.66,2020-12-21
A0001181,C001095,Savings,Active,30807.68,2016-07-23
A0001182,C001095,Savings,Dormant,31167.58,2019-05-11
A0001183,C001097,Salary,Active,110056.46,2023-09-07
A0001184,C001097,Current,Active,31008.76,2023-08-19
A0001185,C001098,Salary,Dormant,198029.0,2024-06-21
A0001186,C001098,Current,Active,31624.94,2023-08-04
A0001187,C001099,Premium,Active,19117.62,2021-06-21
A0001188,C001099,Current,Active,5295.38,2024-04-29
A0001189,C001100,Premium,Active,46376.56,2024-10-21
A0001190,C001101,Salary,Active,645616.89,2023-06-06
A0001191,C001102,Savings,Active,16265.19,2024-08-01
A0001192,C001102,Current,Active,3780.74,2023-12-08
A0001193,C001103,Salary,Active,148450.42,2024-11-14
A0001194,C001104,Savings,Active,60550.39,2018-06-10
A0001195,C001105,Savings,Active,75131.54,2017-03-18
A0001196,C001107,Salary,Closed,19886.41,2024-11-30
A0001197,C001108,Savings,Active,19760.3,2024-05-23
A0001198,C001109,Current,Active,30327.77,2021-08-30
A0001199,C001110,Savings,Active,23313.89,2020-08-26
A0001200,C001111,Salary,Active,36521.96,2017-06-28
A0001201,C001112,Premium,Active,79569.99,2017-10-18
A0001202,C001115,Savings,Active,34733.78,2022-12-04
A0001203,C001116,Salary,Active,15335.08,2020-10-07
A0001204,C001117,Savings,Active,19578.77,2024-11-30
A0001205,C001118,Savings,Active,16984.3,2022-08-23
A0001206,C001119,Premium,Dormant,141540.35,2022-06-10
A0001207,C001120,Current,Active,40053.57,2022-04-13
A0001208,C001121,Savings,Active,239200.63,2024-02-02
A0001209,C001122,Salary,Active,72096.95,2023-08-12
A0001210,C001123,Savings,Active,40664.24,2022-09-07
A0001211,C001124,Salary,Active,20743.68,2018-08-27
A0001212,C001125,Salary,Active,43096.18,2020-05-10
A0001213,C001125,Current,Active,6313.04,2022-07-27
A0001214,C001126,Salary,Dormant,14242.59,2017-04-20
A0001215,C001127,Premium,Active,55483.92,2018-09-09
A0001216,C001128,Salary,Dormant,20313.91,2024-08-16
A0001217,C001129,Savings,Active,47538.51,2022-08-07
A0001218,C001130,Current,Closed,36468.93,2023-12-16
A0001219,C001130,Savings,Active,102544.09,2024-07-28
A0001220,C001132,Current,Active,17803.2,2024-11-30
A0001221,C001133,Salary,Active,24495.23,2019-09-22
A0001222,C001133,Savings,Active,21101.76,2019-02-17
A0001223,C001134,Savings,Active,529301.91,2024-10-14
A0001224,C001135,Savings,Active,96051.36,2024-11-30
A0001225,C001135,Current,Active,29163.54,2024-06-22
A0001226,C001136,Current,Active,130390.02,2019-07-14
A0001227,C001137,Salary,Active,341583.91,2018-01-14
A0001228,C001138,Salary,Active,38449.98,2019-07-10
A0001229,C001139,Savings,Closed,8764.82,2024-11-30
A0001230,C001140,Current,Active,18555.27,2024-11-30
A0001231,C001142,Savings,Active,64659.23,2024-11-30
A0001232,C001142,Salary,Closed,32021.23,2024-11-30
A0001233,C001143,Savings,Active,41298.24,2023-01-18
A0001234,C001143,Savings,Active,41743.95,2021-08-18
A0001235,C001144,Current,Active,11977.78,2023-05-11
A0001236,C001144,Savings,Active,58480.14,2023-03-21
A0001237,C001145,Salary,Active,62759.01,2022-07-25
A0001238,C001146,Salary,Active,218377.66,2021-08-08
A0001239,C001148,Salary,Active,30451.84,2020-07-28
A0001240,C001150,Savings,Active,114074.71,2023-09-19
A0001241,C001150,Savings,Active,66320.46,2021-05-13
A0001242,C001151,Savings,Active,37000.38,2023-02-09
A0001243,C001152,Savings,Active,10718.11,2018-11-19
A0001244,C001153,Savings,Active,6546.78,2024-11-30
A0001245,C001154,Current,Active,54046.96,2019-02-12
A0001246,C001155,Salary,Closed,37654.4,2017-08-13
A0001247,C001155,Salary,Active,66410.93,2017-06-10
A0001248,C001156,Savings,Active,21219.56,2016-04-12
A0001249,C001157,Savings,Active,38763.91,2024-11-30
A0001250,C001158,Savings,Active,60539.0,2017-11-28
A0001251,C001158,Premium,Active,32295.78,2020-09-02
A0001252,C001159,Savings,Active,4846.72,2019-12-19
A0001253,C001160,Savings,Active,20452.93,2019-03-22
A0001254,C001161,Premium,Active,54434.36,2023-12-30
A0001255,C001162,Savings,Active,98871.93,2020-09-24
A0001256,C001162,Salary,Active,132614.7,2018-10-27
A0001257,C001163,Savings,Active,5241.6,2021-09-06
A0001258,C001164,Savings,Active,153230.82,2022-04-01
A0001259,C001165,Savings,Active,36760.23,2023-02-24
A0001260,C001166,Savings,Active,214873.51,2017-05-09
A0001261,C001167,Salary,Active,25122.23,2022-07-03
A0001262,C001168,Savings,Active,12570.41,2023-01-21
A0001263,C001169,Savings,Active,38859.74,2024-05-10
A0001264,C001170,Current,Active,57340.7,2023-01-15
A0001265,C001171,Savings,Active,20509.84,2021-04-11
A0001266,C001173,Salary,Active,68863.5,2024-11-30
A0001267,C001174,Savings,Active,23732.3,2024-11-30
A0001268,C001176,Salary,Active,81802.76,2022-12-23
A0001269,C001177,Current,Active,161375.88,2022-03-14
A0001270,C001177,Salary,Active,63572.12,2023-02-10
A0001271,C001178,Current,Active,53721.91,2017-09-27
A0001272,C001179,Salary,Active,159122.87,2018-04-06
A0001273,C001180,Savings,Active,32208.66,2015-11-29
A0001274,C001181,Savings,Active,17273.08,2020-04-03
A0001275,C001182,Savings,Active,34201.63,2020-01-06
A0001276,C001182,Savings,Dormant,20270.6,2019-12-11
A0001277,C001183,Current,Active,63936.88,2022-07-06
A0001278,C001184,Savings,Active,192802.21,2024-11-30
A0001279,C001185,Current,Active,10649.81,2023-11-09
A0001280,C001185,Premium,Dormant,47712.69,2024-01-31
A0001281,C001186,Current,Active,47887.56,2021-10-26
A0001282,C001188,Savings,Active,11673.17,2024-06-04
A0001283,C001189,Savings,Active,31621.38,2024-11-30
A0001284,C001190,Savings,Active,19834.13,2022-08-05
A0001285,C001191,Current,Active,24573.8,2020-10-26
A0001286,C001193,Current,Active,70913.22,2020-06-17
A0001287,C001193,Savings,Active,203406.7,2018-08-09
A0001288,C001194,Savings,Active,87269.99,2019-10-05
A0001289,C001195,Savings,Active,120382.5,2024-11-30
A0001290,C001196,Salary,Active,92685.14,2024-05-08
A0001291,C001196,Savings,Active,227549.06,2024-01-04
A0001292,C001197,Salary,Active,5953.94,2022-12-31
A0001293,C001198,Current,Active,17912.42,2022-01-04
A0001294,C001199,Savings,Active,41663.59,2024-03-15
A0001295,C001200,Current,Active,43971.45,2017-03-22
A0001296,C001201,Current,Closed,75816.84,2024-11-30
A0001297,C001202,Savings,Active,35974.43,2024-11-30
A0001298,C001202,Salary,Active,23827.71,2024-11-30
A0001299,C001203,Savings,Active,47176.37,2021-02-02
A0001300,C001204,Salary,Active,24481.91,2019-11-16
A0001301,C001205,Savings,Active,71386.85,2024-11-30
A0001302,C001206,Salary,Active,17932.73,2017-06-07
A0001303,C001208,Savings,Active,46129.34,2019-01-23
A0001304,C001208,Savings,Active,16885.84,2019-10-14
A0001305,C001209,Salary,Active,88071.99,2020-11-12
A0001306,C001210,Salary,Active,76145.96,2017-07-03
A0001307,C001211,Current,Active,42015.53,2022-03-16
A0001308,C001212,Salary,Active,321247.59,2021-02-24
A0001309,C001213,Salary,Active,50393.76,2024-10-27
A0001310,C001214,Savings,Active,65539.69,2023-10-15
A0001311,C001215,Savings,Active,12806.0,2021-06-07
A0001312,C001217,Premium,Active,334712.03,2022-02-19
A0001313,C001217,Salary,Active,184700.73,2021-09-12
A0001314,C001218,Savings,Active,17425.63,2024-11-30
A0001315,C001219,Salary,Active,17099.94,2021-04-10
A0001316,C001219,Savings,Active,39207.64,2022-09-07
A0001317,C001220,Salary,Active,64706.25,2019-11-23
A0001318,C001220,Savings,Dormant,92479.96,2021-11-24
A0001319,C001221,Salary,Active,23350.54,2022-09-16
A0001320,C001222,Salary,Active,54083.71,2020-10-10
A0001321,C001223,Current,Active,24266.03,2016-02-08
A0001322,C001224,Savings,Active,60609.1,2024-02-22
A0001323,C001225,Current,Active,13354.44,2019-12-26
A0001324,C001226,Savings,Active,85178.34,2018-10-29
A0001325,C001227,Salary,Active,45913.72,2024-02-08
A0001326,C001228,Savings,Active,97064.85,2018-06-16
A0001327,C001229,Current,Active,115706.38,2023-06-21
A0001328,C001230,Current,Active,43197.46,2024-11-30
A0001329,C001231,Savings,Active,25591.59,2022-01-01
A0001330,C001232,Current,Active,640005.87,2018-12-30
A0001331,C001233,Savings,Active,12806.28,2024-11-30
A0001332,C001233,Savings,Active,7056.8,2024-09-20
A0001333,C001234,Salary,Active,63094.48,2017-06-10
A0001334,C001237,Savings,Active,73415.29,2017-11-03
A0001335,C001238,Savings,Active,23840.94,2020-04-13
A0001336,C001239,Savings,Active,46637.36,2018-01-03
A0001337,C001240,Savings,Active,26486.11,2024-11-30
A0001338,C001242,Premium,Active,58059.32,2020-01-21
A0001339,C001243,Premium,Dormant,73027.01,2024-07-24
A0001340,C001243,Current,Active,20354.98,2024-11-30
A0001341,C001245,Savings,Active,272677.61,2020-02-09
A0001342,C001246,Savings,Active,15856.32,2020-07-12
A0001343,C001247,Savings,Active,21291.78,2018-01-02
A0001344,C001248,Salary,Active,37380.61,2018-05-16
A0001345,C001250,Savings,Active,65451.5,2024-11-30
A0001346,C001251,Savings,Active,17866.4,2021-09-13
A0001347,C001252,Salary,Active,79005.05,2018-06-25
A0001348,C001253,Salary,Closed,5133.95,2024-11-30
A0001349,C001253,Current,Closed,3450.9,2024-11-30
A0001350,C001254,Current,Active,11663.66,2019-08-05
A0001351,C001255,Savings,Active,12455.86,2021-08-02
A0001352,C001256,Savings,Active,16727.57,2022-11-16
A0001353,C001256,Savings,Active,29900.83,2024-11-30
A0001354,C001257,Current,Active,41923.46,2024-11-30
A0001355,C001258,Current,Closed,5897.07,2016-08-04
A0001356,C001259,Salary,Active,37570.18,2020-12-01
A0001357,C001259,Savings,Dormant,46333.09,2020-12-30
A0001358,C001260,Premium,Active,56912.7,2024-11-30
A0001359,C001261,Savings,Active,51717.99,2022-09-19
A0001360,C001261,Salary,Active,56715.84,2023-05-10
A0001361,C001262,Savings,Active,233664.22,2023-10-08
A0001362,C001262,Salary,Dormant,319026.82,2024-02-14
A0001363,C001263,Salary,Active,120756.12,2024-06-23
A0001364,C001264,Current,Active,22189.95,2020-07-04
A0001365,C001265,Current,Dormant,29263.78,2020-02-24
A0001366,C001265,Current,Active,10630.71,2017-01-06
A0001367,C001266,Savings,Dormant,24482.93,2020-03-13
A0001368,C001267,Current,Active,92596.36,2020-02-08
A0001369,C001267,Salary,Active,96827.92,2021-01-19
A0001370,C001269,Savings,Dormant,33251.73,2024-04-20
A0001371,C001270,Premium,Active,61899.44,2021-05-18
A0001372,C001272,Savings,Active,61342.74,2020-05-12
A0001373,C001273,Savings,Active,8023.83,2017-12-31
A0001374,C001273,Salary,Active,7767.56,2018-11-22
A0001375,C001274,Current,Active,67839.86,2019-01-14
A0001376,C001275,Salary,Dormant,42224.92,2015-09-27
A0001377,C001276,Salary,Active,14658.51,2022-07-07
A0001378,C001277,Savings,Dormant,16708.19,2024-05-23
A0001379,C001279,Current,Dormant,61929.1,2021-11-08
A0001380,C001280,Salary,Active,8680.85,2020-08-07
A0001381,C001280,Savings,Active,13011.56,2019-04-30
A0001382,C001282,Salary,Active,48503.86,2018-10-19
A0001383,C001282,Salary,Active,72506.33,2019-11-04
A0001384,C001283,Premium,Active,4686.88,2023-05-05
A0001385,C001284,Current,Active,35325.12,2015-10-12
A0001386,C001285,Salary,Active,147381.77,2023-10-01
A0001387,C001285,Savings,Active,121658.45,2022-06-12
A0001388,C001286,Savings,Active,23371.43,2024-02-25
A0001389,C001287,Premium,Active,2562887.78,2022-03-13
A0001390,C001288,Salary,Active,139791.27,2017-03-18
A0001391,C001288,Salary,Active,136351.82,2017-07-22
A0001392,C001289,Savings,Active,29302.88,2015-11-14
A0001393,C001290,Premium,Active,145639.42,2020-12-07
A0001394,C001291,Salary,Active,6413.3,2021-04-03
A0001395,C001292,Current,Active,22787.3,2017-12-29
A0001396,C001292,Current,Dormant,122317.34,2018-10-21
A0001397,C001293,Savings,Active,264897.05,2022-02-14
A0001398,C001293,Savings,Active,25080.75,2022-08-27
A0001399,C001294,Current,Active,58816.16,2024-11-30
A0001400,C001295,Savings,Active,47846.69,2023-08-03
A0001401,C001296,Current,Active,296685.75,2022-03-18
A0001402,C001297,Savings,Active,51252.41,2024-10-22
A0001403,C001297,Savings,Active,69797.02,2024-10-25
A0001404,C001298,Salary,Active,39219.4,2019-04-12
A0001405,C001299,Savings,Active,71515.42,2024-11-30
A0001406,C001301,Savings,Active,14755.86,2018-09-19
A0001407,C001302,Current,Active,242271.55,2024-11-30
A0001408,C001303,Current,Active,260847.36,2020-03-21
A0001409,C001304,Current,Active,3025.13,2020-03-10
A0001410,C001306,Premium,Active,46926.02,2019-01-25
A0001411,C001306,Savings,Active,26285.36,2019-06-11
A0001412,C001307,Salary,Active,36979.94,2019-02-20
A0001413,C001310,Savings,Active,34388.26,2021-03-01
A0001414,C001311,Savings,Active,7308.5,2024-11-30
A0001415,C001312,Current,Active,21345.01,2019-12-26
A0001416,C001313,Current,Active,14372.07,2024-11-30
A0001417,C001313,Savings,Active,5851.95,2024-11-30
A0001418,C001314,Salary,Active,29295.13,2021-10-24
A0001419,C001314,Savings,Active,15025.77,2020-10-09
A0001420,C001315,Savings,Active,13580.49,2018-04-13
A0001421,C001318,Savings,Closed,16759.09,2020-08-18
A0001422,C001319,Current,Active,24719.57,2024-08-23
A0001423,C001320,Savings,Active,16315.34,2024-05-11
A0001424,C001320,Savings,Active,12348.68,2023-01-10
A0001425,C001321,Savings,Active,37789.95,2023-09-08
A0001426,C001322,Savings,Closed,93588.41,2016-01-06
A0001427,C001323,Current,Active,12031.51,2022-08-23
A0001428,C001324,Salary,Active,147015.86,2019-12-12
A0001429,C001325,Savings,Active,27143.5,2022-10-23
A0001430,C001326,Current,Active,12777.94,2024-07-13
A0001431,C001326,Savings,Active,16985.12,2024-11-30
A0001432,C001327,Savings,Active,23250.42,2023-02-28
A0001433,C001329,Current,Active,199460.11,2016-12-07
A0001434,C001330,Current,Active,145173.33,2024-11-30
A0001435,C001331,Savings,Active,48773.35,2022-06-07
A0001436,C001332,Savings,Active,190299.32,2017-08-05
A0001437,C001332,Salary,Active,226096.79,2015-11-08
A0001438,C001333,Current,Dormant,19173.64,2015-10-31
A0001439,C001334,Savings,Active,24092.78,2024-11-30
A0001440,C001335,Savings,Active,11182.84,2016-12-29
A0001441,C001336,Savings,Active,20966.4,2023-07-19
A0001442,C001337,Savings,Active,10625.67,2017-07-13
A0001443,C001338,Current,Active,18405.93,2018-06-27
A0001444,C001338,Savings,Active,43700.86,2018-12-27
A0001445,C001339,Savings,Active,35569.45,2015-07-07
A0001446,C001340,Current,Dormant,5020.08,2022-07-02
A0001447,C001340,Savings,Active,28492.52,2019-02-03
A0001448,C001341,Salary,Dormant,34500.64,2024-11-30
A0001449,C001342,Salary,Active,17041.16,2022-06-20
A0001450,C001344,Savings,Active,64126.02,2023-03-09
A0001451,C001344,Salary,Active,21581.63,2024-11-30
A0001452,C001345,Savings,Active,7245.91,2020-11-12
A0001453,C001345,Premium,Active,32983.5,2021-08-23
A0001454,C001350,Premium,Dormant,1001021.85,2024-11-30
A0001455,C001350,Savings,Closed,225395.23,2024-11-30
A0001456,C001352,Savings,Active,18963.29,2019-12-06
A0001457,C001353,Current,Active,10713.81,2024-05-23
A0001458,C001355,Savings,Active,25377.53,2019-02-26
A0001459,C001355,Premium,Active,83517.68,2022-06-16
A0001460,C001356,Savings,Active,16446.47,2019-01-09
A0001461,C001356,Savings,Active,23643.92,2019-08-08
A0001462,C001357,Salary,Active,26562.55,2024-11-30
A0001463,C001357,Salary,Active,55187.29,2024-11-30
A0001464,C001358,Savings,Active,109300.62,2021-10-02
A0001465,C001359,Savings,Active,23208.95,2022-02-24
A0001466,C001360,Savings,Active,27046.85,2023-12-22
A0001467,C001360,Current,Active,9149.87,2022-02-22
A0001468,C001362,Salary,Active,44706.53,2020-01-14
A0001469,C001363,Savings,Closed,163964.83,2024-09-14
A0001470,C001365,Salary,Active,40134.07,2023-06-06
A0001471,C001366,Savings,Active,21793.32,2024-11-30
A0001472,C001367,Savings,Active,15499.85,2021-08-29
A0001473,C001368,Current,Active,47445.02,2022-12-30
A0001474,C001369,Savings,Active,55642.57,2023-01-26
A0001475,C001370,Savings,Active,16799.55,2023-12-25
A0001476,C001371,Savings,Active,7030.43,2021-11-27
A0001477,C001374,Current,Active,171139.15,2017-02-22
A0001478,C001374,Savings,Active,140275.45,2017-10-16
A0001479,C001375,Current,Active,42307.88,2019-12-03
A0001480,C001376,Savings,Active,15013.43,2021-01-13
A0001481,C001377,Savings,Active,5871.39,2023-01-03
A0001482,C001377,Savings,Active,7104.68,2024-03-27
A0001483,C001378,Savings,Active,10872.14,2018-03-26
A0001484,C001378,Current,Active,17521.11,2020-05-11
A0001485,C001379,Savings,Active,53124.14,2018-09-28
A0001486,C001380,Savings,Active,27749.99,2022-09-03
A0001487,C001381,Current,Active,29237.86,2022-10-07
A0001488,C001382,Savings,Active,7273.81,2019-11-21
A0001489,C001382,Salary,Active,13543.28,2019-11-16
A0001490,C001383,Savings,Active,12776.05,2024-11-30
A0001491,C001384,Savings,Active,43846.87,2020-06-18
A0001492,C001386,Current,Active,7974.82,2024-11-30
A0001493,C001386,Savings,Active,19354.3,2024-03-19
A0001494,C001387,Current,Active,11526.14,2024-11-30
A0001495,C001388,Current,Closed,32373.89,2024-11-30
A0001496,C001390,Salary,Active,105074.43,2021-10-19
A0001497,C001392,Savings,Dormant,24909.14,2024-11-30
A0001498,C001393,Savings,Active,43437.6,2022-06-06
A0001499,C001394,Current,Active,39735.82,2020-01-22
A0001500,C001395,Savings,Active,86420.24,2019-07-04
A0001501,C001396,Premium,Active,95915.45,2024-06-14
A0001502,C001397,Savings,Active,201909.63,2023-02-03
A0001503,C001399,Savings,Active,17237.83,2022-02-20
A0001504,C001399,Salary,Active,49076.12,2018-12-10
A0001505,C001400,Current,Active,273663.72,2022-08-07
A0001506,C001400,Salary,Active,481780.43,2024-02-01
A0001507,C001401,Savings,Active,41066.59,2016-07-10
A0001508,C001403,Salary,Active,25604.17,2019-07-26
A0001509,C001403,Salary,Dormant,34398.07,2018-10-01
A0001510,C001404,Current,Active,46289.06,2022-05-27
A0001511,C001405,Salary,Active,101560.45,2021-01-23
A0001512,C001405,Salary,Active,59011.88,2019-06-11
A0001513,C001406,Salary,Active,35344.8,2024-03-03
A0001514,C001407,Savings,Active,15588.06,2017-02-21
A0001515,C001409,Savings,Active,99375.64,2020-07-24
A0001516,C001411,Savings,Closed,11030.08,2024-11-30
A0001517,C001412,Current,Active,22739.61,2018-07-25
A0001518,C001413,Savings,Active,22730.32,2021-07-29
A0001519,C001414,Current,Active,62443.66,2023-08-12
A0001520,C001415,Current,Active,21556.37,2021-03-27
A0001521,C001416,Savings,Active,134973.52,2019-01-24
A0001522,C001417,Savings,Active,24412.59,2021-10-13
A0001523,C001418,Salary,Active,35861.87,2021-09-27
A0001524,C001418,Current,Active,20448.12,2023-09-16
A0001525,C001419,Current,Active,31444.27,2019-12-18
A0001526,C001420,Premium,Active,108734.85,2022-08-02
A0001527,C001421,Savings,Active,16218.19,2024-11-30
A0001528,C001422,Savings,Active,80811.06,2024-11-30
A0001529,C001423,Salary,Active,183738.22,2023-11-09
A0001530,C001424,Savings,Active,20825.06,2021-04-21
A0001531,C001425,Savings,Active,34349.18,2021-08-28
A0001532,C001425,Savings,Active,34672.1,2021-10-14
A0001533,C001427,Current,Active,381793.91,2018-04-20
A0001534,C001428,Current,Active,12018.98,2024-10-25
A0001535,C001429,Current,Active,7592.94,2024-11-30
A0001536,C001429,Current,Active,43663.8,2022-11-19
A0001537,C001430,Savings,Active,93055.02,2016-10-05
A0001538,C001430,Savings,Active,89323.19,2017-12-01
A0001539,C001431,Salary,Active,56443.14,2021-05-28
A0001540,C001432,Salary,Active,43496.91,2021-06-20
A0001541,C001433,Salary,Closed,189973.96,2019-06-02
A0001542,C001434,Savings,Active,79246.39,2024-11-30
A0001543,C001435,Salary,Active,10829.54,2018-10-20
A0001544,C001437,Salary,Active,25108.18,2021-07-19
A0001545,C001438,Premium,Dormant,89680.07,2024-11-30
A0001546,C001439,Savings,Active,117300.68,2024-11-30
A0001547,C001441,Savings,Active,15166.36,2020-02-17
A0001548,C001442,Salary,Closed,67900.29,2018-10-29
A0001549,C001442,Salary,Active,77043.47,2021-09-01
A0001550,C001443,Savings,Dormant,37605.56,2020-09-30
A0001551,C001444,Savings,Active,60450.32,2017-11-29
A0001552,C001445,Savings,Active,47724.18,2021-03-06
A0001553,C001446,Current,Active,7013.55,2022-07-08
A0001554,C001447,Savings,Active,125906.39,2018-08-22
A0001555,C001448,Premium,Active,62884.71,2024-01-30
A0001556,C001449,Savings,Dormant,72243.42,2024-11-30
A0001557,C001451,Savings,Active,94795.82,2019-10-04
A0001558,C001452,Savings,Active,116325.04,2019-12-09
A0001559,C001454,Savings,Active,35260.81,2019-06-02
A0001560,C001455,Savings,Active,9599.18,2021-10-25
A0001561,C001455,Current,Active,22023.57,2022-09-12
A0001562,C001456,Savings,Active,21447.95,2024-11-30
A0001563,C001457,Savings,Active,20566.04,2024-03-22
A0001564,C001458,Salary,Dormant,22115.29,2020-01-22
A0001565,C001459,Savings,Closed,93075.07,2019-01-15
A0001566,C001460,Current,Active,30474.02,2023-04-14
A0001567,C001460,Current,Active,28601.38,2021-11-20
A0001568,C001461,Current,Active,18266.94,2017-08-05
A0001569,C001463,Savings,Closed,74474.09,2016-04-06
A0001570,C001464,Current,Active,17666.37,2024-11-30
A0001571,C001464,Current,Active,12000.65,2024-11-30
A0001572,C001465,Salary,Active,276314.17,2018-11-30
A0001573,C001466,Savings,Active,147026.02,2021-04-11
A0001574,C001467,Current,Active,16268.91,2018-12-08
A0001575,C001468,Salary,Active,29061.69,2024-11-30
A0001576,C001469,Current,Active,4286.67,2020-03-16
A0001577,C001470,Savings,Active,122166.18,2020-12-01
A0001578,C001472,Savings,Active,10995.92,2024-11-30
A0001579,C001473,Savings,Active,52002.37,2024-10-01
A0001580,C001474,Current,Active,41091.37,2018-02-16
A0001581,C001475,Savings,Closed,38975.26,2017-05-18
A0001582,C001476,Salary,Active,18338.15,2022-06-02
A0001583,C001477,Premium,Active,46752.19,2021-06-23
A0001584,C001478,Savings,Active,167263.9,2018-07-24
A0001585,C001480,Current,Active,278425.53,2019-07-28
A0001586,C001481,Salary,Active,47820.72,2021-01-02
A0001587,C001481,Salary,Active,35327.01,2024-02-13
A0001588,C001482,Current,Active,23858.8,2018-03-14
A0001589,C001483,Current,Dormant,27367.59,2020-04-11
A0001590,C001483,Savings,Active,37066.1,2020-12-23
A0001591,C001484,Salary,Active,97663.67,2024-11-30
A0001592,C001485,Premium,Active,84368.66,2023-04-01
A0001593,C001485,Current,Active,10533.77,2022-07-01
A0001594,C001487,Current,Active,69308.02,2022-11-05
A0001595,C001488,Current,Active,40593.77,2018-07-03
A0001596,C001488,Salary,Active,218725.05,2019-05-22
A0001597,C001489,Current,Active,25325.16,2023-03-21
A0001598,C001490,Current,Active,32813.6,2021-04-29
A0001599,C001491,Salary,Active,40266.97,2018-04-25
A0001600,C001491,Current,Dormant,19518.52,2019-11-01
A0001601,C001492,Current,Dormant,14253.17,2020-12-01
A0001602,C001493,Savings,Active,46023.55,2021-10-01
A0001603,C001493,Savings,Active,40331.22,2022-04-23
A0001604,C001496,Salary,Active,59508.55,2024-11-30
A0001605,C001497,Current,Active,17864.07,2017-10-12
A0001606,C001498,Savings,Dormant,812174.99,2019-11-20
A0001607,C001499,Salary,Active,144777.56,2022-02-23
A0001608,C001499,Savings,Dormant,89203.14,2021-12-12
A0001609,C001502,Salary,Active,15491.2,2018-04-25
A0001610,C001502,Current,Active,15554.8,2017-09-23
A0001611,C001503,Current,Active,18549.4,2024-03-25
A0001612,C001504,Salary,Active,35513.79,2023-12-19
A0001613,C001504,Savings,Active,44472.92,2023-11-25
A0001614,C001505,Current,Active,78441.7,2015-06-11
A0001615,C001506,Savings,Active,89165.34,2023-05-29
A0001616,C001507,Savings,Active,22328.98,2022-10-09
A0001617,C001507,Savings,Dormant,157760.49,2023-07-14
A0001618,C001509,Savings,Active,41888.32,2021-11-30
A0001619,C001510,Current,Active,41511.35,2021-10-14
A0001620,C001511,Savings,Active,21533.91,2018-08-15
A0001621,C001512,Savings,Active,95215.23,2019-09-10
A0001622,C001512,Savings,Closed,112771.17,2022-07-06
A0001623,C001513,Salary,Active,13917.28,2019-09-09
A0001624,C001513,Current,Active,15692.86,2020-11-27
A0001625,C001514,Current,Active,22172.23,2023-04-28
A0001626,C001515,Salary,Dormant,21534.97,2020-05-01
A0001627,C001515,Savings,Active,417360.3,2020-02-22
A0001628,C001516,Salary,Active,35834.24,2022-05-28
A0001629,C001517,Salary,Active,77871.57,2022-08-14
A0001630,C001518,Salary,Dormant,29764.54,2021-02-14
A0001631,C001519,Savings,Active,30648.43,2019-06-23
A0001632,C001520,Savings,Active,16276.74,2017-01-04
A0001633,C001521,Current,Active,22354.53,2019-09-16
A0001634,C001522,Savings,Active,81155.14,2020-12-17
A0001635,C001523,Savings,Active,288559.94,2019-10-19
A0001636,C001524,Salary,Active,4681.74,2024-11-30
A0001637,C001525,Salary,Active,160168.38,2024-11-30
A0001638,C001526,Salary,Dormant,18103.86,2024-11-30
A0001639,C001527,Savings,Active,29662.2,2018-08-20
A0001640,C001528,Savings,Active,15514.25,2017-11-23
A0001641,C001529,Current,Active,118013.47,2024-11-30
A0001642,C001530,Salary,Active,98878.02,2024-11-30
A0001643,C001533,Current,Active,16922.76,2018-12-21
A0001644,C001534,Current,Active,22458.81,2022-10-15
A0001645,C001535,Savings,Active,29612.23,2024-11-30
A0001646,C001536,Savings,Closed,38033.11,2023-03-17
A0001647,C001537,Savings,Active,27612.01,2022-09-15
A0001648,C001538,Salary,Active,38750.03,2018-08-25
A0001649,C001538,Savings,Active,25530.66,2018-01-04
A0001650,C001539,Savings,Active,73460.04,2019-05-28
A0001651,C001541,Savings,Active,66606.3,2019-10-17
A0001652,C001541,Current,Active,61674.91,2021-05-16
A0001653,C001543,Premium,Active,142742.08,2019-12-28
A0001654,C001543,Premium,Closed,121216.6,2019-08-17
A0001655,C001544,Salary,Active,62911.58,2022-02-16
A0001656,C001545,Current,Active,14371.16,2015-05-16
A0001657,C001545,Salary,Active,28430.0,2017-10-20
A0001658,C001546,Savings,Active,44205.72,2021-03-08
A0001659,C001547,Savings,Dormant,40925.98,2024-11-30
A0001660,C001548,Savings,Active,12013.65,2016-08-23
A0001661,C001548,Premium,Active,121915.32,2017-08-24
A0001662,C001549,Savings,Active,46548.54,2017-08-14
A0001663,C001550,Current,Active,40806.45,2024-08-10
A0001664,C001552,Salary,Active,374326.93,2023-12-31
A0001665,C001553,Savings,Active,4551.94,2020-06-20
A0001666,C001554,Current,Active,63785.34,2021-12-06
A0001667,C001555,Savings,Active,28658.64,2024-04-07
A0001668,C001556,Salary,Active,12881.03,2022-12-27
A0001669,C001557,Savings,Active,32905.1,2024-08-13
A0001670,C001559,Current,Active,60607.81,2018-08-02
A0001671,C001559,Salary,Active,376705.54,2017-07-17
A0001672,C001560,Savings,Active,17348.84,2023-05-03
A0001673,C001562,Savings,Active,13676.03,2018-12-24
A0001674,C001565,Salary,Active,53300.24,2020-11-19
A0001675,C001566,Savings,Active,8828.55,2020-04-07
A0001676,C001568,Savings,Active,76470.95,2018-09-22
A0001677,C001569,Savings,Active,23750.79,2018-02-01
A0001678,C001569,Current,Active,18920.01,2019-02-14
A0001679,C001570,Current,Active,2018.17,2024-09-21
A0001680,C001571,Salary,Active,137508.41,2019-05-03
A0001681,C001572,Current,Active,294305.84,2023-03-12
A0001682,C001575,Savings,Active,70688.48,2019-04-16
A0001683,C001576,Salary,Active,42120.94,2021-04-26
A0001684,C001576,Salary,Active,85568.08,2022-05-27
A0001685,C001578,Savings,Active,38607.05,2023-05-18
A0001686,C001579,Current,Active,141279.65,2024-11-30
A0001687,C001579,Savings,Active,115754.66,2024-10-17
A0001688,C001581,Savings,Active,39329.73,2022-06-09
A0001689,C001581,Premium,Active,73446.08,2022-08-22
A0001690,C001582,Savings,Active,46691.8,2023-03-25
A0001691,C001583,Savings,Active,11379.57,2021-07-28
A0001692,C001584,Savings,Active,20106.87,2024-01-08
A0001693,C001584,Salary,Dormant,16537.66,2024-04-06
A0001694,C001585,Current,Active,166367.05,2024-02-19
A0001695,C001586,Savings,Active,426485.38,2022-08-27
A0001696,C001587,Savings,Active,40580.76,2022-07-20
A0001697,C001588,Salary,Active,59344.3,2022-04-21
A0001698,C001590,Savings,Active,28746.24,2020-04-12
A0001699,C001591,Current,Active,18705.19,2020-01-04
A0001700,C001591,Savings,Dormant,13667.59,2019-05-18
A0001701,C001592,Savings,Active,19196.96,2024-11-30
A0001702,C001593,Savings,Active,455467.29,2016-10-21
A0001703,C001593,Salary,Active,96475.34,2016-12-15
A0001704,C001594,Current,Active,48319.02,2020-06-26
A0001705,C001595,Savings,Active,16687.22,2022-11-05
A0001706,C001596,Savings,Active,23694.52,2023-09-05
A0001707,C001597,Current,Active,17197.89,2017-09-04
A0001708,C001598,Current,Active,13713.08,2019-09-26
A0001709,C001599,Current,Active,47135.8,2020-02-11
A0001710,C001599,Salary,Active,162506.62,2018-09-20
A0001711,C001601,Savings,Active,37364.71,2023-05-10
A0001712,C001602,Current,Dormant,47815.53,2017-08-09
A0001713,C001603,Salary,Closed,40313.75,2023-01-20
A0001714,C001603,Current,Active,16712.3,2023-05-16
A0001715,C001604,Premium,Active,839376.49,2020-02-26
A0001716,C001605,Salary,Active,18512.99,2022-12-06
A0001717,C001606,Savings,Active,8092.55,2024-11-28
A0001718,C001607,Salary,Active,82903.1,2021-06-10
A0001719,C001607,Savings,Active,34018.2,2019-06-29
A0001720,C001608,Current,Dormant,18598.39,2018-02-05
A0001721,C001610,Savings,Active,23008.79,2024-11-30
A0001722,C001610,Current,Active,3701.2,2024-11-30
A0001723,C001611,Savings,Active,6120.66,2022-04-23
A0001724,C001612,Savings,Active,152321.33,2024-11-30
A0001725,C001613,Savings,Active,33108.67,2023-10-02
A0001726,C001613,Savings,Active,32599.75,2024-11-30
A0001727,C001614,Premium,Active,49976.34,2020-08-20
A0001728,C001614,Current,Active,13134.55,2021-09-20
A0001729,C001615,Current,Dormant,202333.21,2024-01-28
A0001730,C001616,Salary,Active,100000.97,2022-04-06
A0001731,C001617,Current,Active,13030.64,2024-05-14
A0001732,C001620,Current,Active,34458.49,2020-09-27
A0001733,C001620,Current,Active,18448.44,2020-01-26
A0001734,C001621,Current,Active,14858.9,2023-10-13
A0001735,C001622,Salary,Closed,23294.76,2019-08-08
A0001736,C001622,Savings,Active,35394.46,2017-09-22
A0001737,C001623,Salary,Active,46421.49,2021-08-16
A0001738,C001624,Current,Active,26828.72,2021-12-02
A0001739,C001625,Savings,Active,19557.7,2024-11-30
A0001740,C001625,Salary,Active,19725.06,2023-10-13
A0001741,C001626,Savings,Active,11086.71,2019-09-05
A0001742,C001627,Current,Active,20383.39,2024-11-30
A0001743,C001628,Savings,Active,18570.09,2021-04-18
A0001744,C001628,Savings,Active,25874.55,2018-05-02
A0001745,C001629,Current,Closed,21935.9,2024-02-27
A0001746,C001629,Savings,Dormant,41020.72,2021-11-04
A0001747,C001630,Savings,Active,70093.83,2017-10-30
A0001748,C001631,Savings,Active,74927.2,2023-01-08
A0001749,C001633,Savings,Active,67976.74,2023-11-14
A0001750,C001634,Savings,Active,7032.93,2017-03-13
A0001751,C001636,Savings,Active,58583.05,2023-06-15
A0001752,C001636,Savings,Active,14649.72,2024-04-13
A0001753,C001637,Current,Active,58456.84,2020-04-02
A0001754,C001638,Savings,Active,54165.45,2022-12-07
A0001755,C001639,Savings,Active,9494.27,2020-03-25
A0001756,C001639,Savings,Active,9167.32,2021-05-28
A0001757,C001640,Current,Active,52533.23,2022-11-30
A0001758,C001640,Current,Active,444077.16,2024-09-05
A0001759,C001641,Current,Active,32188.45,2023-04-11
A0001760,C001642,Savings,Active,16435.02,2021-01-08
A0001761,C001642,Savings,Active,22418.8,2020-03-04
A0001762,C001643,Savings,Active,47720.16,2022-04-21
A0001763,C001644,Salary,Active,86978.03,2024-11-30
A0001764,C001645,Savings,Active,28451.01,2018-02-01
A0001765,C001646,Salary,Active,20305.1,2023-12-16
A0001766,C001647,Salary,Dormant,6705.18,2018-06-25
A0001767,C001648,Savings,Active,34568.4,2019-11-14
A0001768,C001649,Salary,Active,11840.52,2019-07-14
A0001769,C001650,Savings,Active,15290.86,2021-04-09
A0001770,C001651,Savings,Active,27266.74,2022-02-14
A0001771,C001652,Current,Active,187483.07,2022-07-03
A0001772,C001653,Current,Active,12696.76,2022-12-16
A0001773,C001654,Premium,Active,22717.48,2024-11-30
A0001774,C001655,Salary,Active,47919.76,2024-11-30
A0001775,C001656,Current,Active,34721.32,2018-11-05
A0001776,C001656,Salary,Active,87076.3,2017-11-17
A0001777,C001657,Savings,Active,73780.67,2021-05-18
A0001778,C001657,Current,Active,114087.32,2022-06-08
A0001779,C001658,Savings,Active,176730.97,2022-04-17
A0001780,C001659,Savings,Dormant,22564.82,2024-11-30
A0001781,C001659,Current,Active,19616.01,2023-01-16
A0001782,C001660,Savings,Active,21004.05,2016-11-06
A0001783,C001662,Savings,Active,19207.6,2024-11-30
A0001784,C001662,Salary,Active,6432.68,2024-11-30
A0001785,C001665,Savings,Active,50658.77,2021-05-29
A0001786,C001666,Savings,Dormant,89711.51,2024-11-30
A0001787,C001666,Current,Active,183720.93,2024-11-30
A0001788,C001667,Current,Active,33396.27,2017-09-25
A0001789,C001667,Current,Active,33466.15,2017-07-05
A0001790,C001668,Savings,Active,211674.42,2019-09-20
A0001791,C001669,Salary,Active,35412.34,2021-07-17
A0001792,C001670,Savings,Active,42992.52,2015-08-15
A0001793,C001671,Salary,Active,97584.2,2018-03-12
A0001794,C001671,Current,Active,6109.43,2021-01-19
A0001795,C001672,Savings,Active,37762.47,2021-04-12
A0001796,C001673,Savings,Closed,14778.08,2022-11-07
A0001797,C001675,Savings,Dormant,15561.36,2024-11-30
A0001798,C001676,Salary,Active,29612.19,2015-07-01
A0001799,C001678,Premium,Active,123952.9,2024-11-30
A0001800,C001679,Current,Active,14108.82,2017-09-27
A0001801,C001680,Savings,Active,9223.58,2024-11-30
A0001802,C001682,Premium,Active,15327.72,2020-10-17
A0001803,C001682,Savings,Active,7486.84,2019-07-06
A0001804,C001683,Savings,Closed,184532.87,2021-06-30
A0001805,C001684,Salary,Active,20943.6,2019-07-15
A0001806,C001685,Salary,Active,675472.92,2020-09-29
A0001807,C001685,Salary,Active,311934.8,2023-03-23
A0001808,C001686,Savings,Active,26893.11,2024-11-30
A0001809,C001686,Savings,Active,37763.95,2022-04-29
A0001810,C001687,Savings,Active,44604.75,2019-04-05
A0001811,C001689,Savings,Active,55764.01,2023-12-03
A0001812,C001689,Savings,Active,106090.62,2022-08-15
A0001813,C001690,Salary,Closed,68443.57,2018-02-11
A0001814,C001691,Salary,Active,20437.27,2021-06-30
A0001815,C001691,Current,Active,33373.61,2023-04-04
A0001816,C001692,Savings,Active,45213.13,2017-09-21
A0001817,C001693,Savings,Active,13507.7,2018-03-08
A0001818,C001694,Salary,Active,24141.32,2023-10-30
A0001819,C001694,Savings,Active,10528.36,2021-10-03
A0001820,C001695,Salary,Active,57811.13,2021-09-06
A0001821,C001698,Salary,Closed,115422.05,2019-04-25
A0001822,C001699,Savings,Active,31105.75,2018-11-06
A0001823,C001700,Savings,Active,49779.44,2019-02-02
A0001824,C001701,Savings,Active,22349.88,2024-11-30
A0001825,C001702,Salary,Active,62784.28,2024-11-30
A0001826,C001703,Current,Active,13603.4,2017-07-13
A0001827,C001704,Savings,Active,42873.93,2019-10-26
A0001828,C001705,Salary,Active,88357.83,2019-12-30
A0001829,C001705,Salary,Active,64120.44,2020-07-24
A0001830,C001706,Current,Active,17115.06,2023-03-02
A0001831,C001707,Savings,Active,29863.02,2024-11-30
A0001832,C001707,Salary,Active,80837.63,2024-11-30
A0001833,C001708,Savings,Active,17655.07,2018-07-02
A0001834,C001709,Salary,Active,32441.36,2020-11-08
A0001835,C001710,Current,Active,64097.02,2022-05-02
A0001836,C001710,Current,Active,103151.85,2022-12-05
A0001837,C001712,Premium,Active,40690.4,2022-07-31
A0001838,C001712,Salary,Active,27049.84,2024-11-30
A0001839,C001713,Current,Dormant,13322.46,2023-02-19
A0001840,C001714,Savings,Active,24061.07,2020-10-29
A0001841,C001715,Savings,Active,187163.64,2024-07-13
A0001842,C001716,Savings,Active,62022.08,2021-03-07
A0001843,C001716,Salary,Active,183868.51,2018-06-06
A0001844,C001717,Salary,Active,14851.21,2015-11-30
A0001845,C001717,Current,Active,23309.26,2016-12-14
A0001846,C001718,Current,Active,68239.01,2022-05-23
A0001847,C001719,Current,Active,39180.01,2019-06-05
A0001848,C001720,Savings,Active,503374.33,2024-11-30
A0001849,C001722,Savings,Active,97301.74,2024-11-30
A0001850,C001722,Salary,Active,43112.15,2024-02-21
A0001851,C001723,Savings,Active,48213.44,2023-07-15
A0001852,C001724,Savings,Active,8608.77,2024-11-30
A0001853,C001725,Current,Active,10432.26,2018-04-05
A0001854,C001726,Premium,Active,59488.22,2020-09-11
A0001855,C001727,Salary,Active,14567.67,2024-11-30
A0001856,C001727,Savings,Active,3695.74,2023-02-10
A0001857,C001728,Savings,Active,24618.9,2024-11-30
A0001858,C001728,Savings,Active,28358.71,2023-04-24
A0001859,C001729,Current,Active,48117.51,2017-03-10
A0001860,C001730,Salary,Active,23285.19,2020-01-06
A0001861,C001731,Current,Active,80638.87,2017-05-23
A0001862,C001733,Savings,Active,5544.1,2016-08-15
A0001863,C001734,Savings,Active,37868.32,2022-07-02
A0001864,C001735,Savings,Active,13271.72,2024-11-30
A0001865,C001736,Salary,Active,143148.83,2024-11-12
A0001866,C001737,Salary,Active,46121.96,2022-08-07
A0001867,C001738,Savings,Active,49879.87,2017-06-27
A0001868,C001739,Salary,Active,101942.65,2019-10-28
A0001869,C001739,Savings,Active,67897.45,2018-07-18
A0001870,C001740,Savings,Active,32871.18,2023-07-25
A0001871,C001741,Savings,Active,83837.37,2021-03-04
A0001872,C001741,Salary,Active,76098.78,2022-07-20
A0001873,C001743,Current,Active,1167993.93,2022-01-21
A0001874,C001744,Savings,Active,31591.7,2024-11-30
A0001875,C001746,Savings,Dormant,22189.45,2024-03-08
A0001876,C001746,Premium,Active,148450.15,2024-11-30
A0001877,C001747,Current,Active,7679.03,2016-06-23
A0001878,C001748,Savings,Active,61385.68,2019-09-26
A0001879,C001749,Current,Active,19740.64,2019-03-18
A0001880,C001750,Savings,Dormant,213406.1,2018-12-31
A0001881,C001751,Salary,Active,8294.62,2019-09-07
A0001882,C001752,Premium,Active,71139.58,2024-11-30
A0001883,C001753,Salary,Active,22798.74,2024-11-30
A0001884,C001754,Savings,Active,72014.28,2023-09-07
A0001885,C001755,Savings,Active,24235.51,2024-03-28
A0001886,C001756,Savings,Active,13225.87,2022-02-28
A0001887,C001757,Salary,Active,8066.04,2015-10-23
A0001888,C001757,Salary,Active,8037.54,2015-12-14
A0001889,C001759,Savings,Active,41722.46,2021-03-06
A0001890,C001760,Current,Closed,184236.42,2017-06-19
A0001891,C001760,Savings,Active,91385.15,2018-05-14
A0001892,C001761,Savings,Active,18366.74,2022-09-15
A0001893,C001761,Savings,Closed,64112.01,2024-03-09
A0001894,C001763,Savings,Active,15246.02,2017-12-05
A0001895,C001764,Savings,Active,72971.26,2019-07-02
A0001896,C001765,Current,Active,112525.82,2018-02-21
A0001897,C001765,Premium,Active,629912.48,2017-06-29
A0001898,C001766,Savings,Active,28515.24,2019-02-11
A0001899,C001766,Savings,Active,28819.43,2021-07-18
A0001900,C001767,Salary,Active,134750.33,2019-03-24
A0001901,C001767,Savings,Active,51758.09,2016-09-27
A0001902,C001768,Salary,Active,30040.01,2021-04-14
A0001903,C001769,Savings,Active,10933.52,2021-06-17
A0001904,C001770,Savings,Active,36600.22,2024-01-06
A0001905,C001770,Salary,Active,32594.18,2024-11-30
A0001906,C001771,Salary,Active,9646.64,2024-11-30
A0001907,C001772,Savings,Active,51932.72,2024-11-30
A0001908,C001772,Savings,Active,67023.85,2024-11-30
A0001909,C001773,Current,Active,28118.72,2018-01-12
A0001910,C001773,Current,Active,11401.03,2019-06-27
A0001911,C001774,Current,Active,36310.59,2020-10-21
A0001912,C001774,Current,Active,37912.03,2018-07-19
A0001913,C001776,Savings,Active,13246.13,2020-01-31
A0001914,C001776,Savings,Active,26332.54,2018-03-06
A0001915,C001777,Salary,Active,82042.3,2021-08-06
A0001916,C001778,Current,Active,26641.44,2024-11-30
A0001917,C001779,Salary,Active,95119.93,2018-12-27
A0001918,C001779,Current,Closed,13135.57,2020-11-04
A0001919,C001781,Savings,Active,35752.1,2018-10-02
A0001920,C001782,Current,Active,36835.31,2022-10-30
A0001921,C001782,Salary,Closed,165342.01,2024-11-30
A0001922,C001785,Premium,Active,147086.61,2019-08-21
A0001923,C001786,Current,Active,1946.87,2024-11-30
A0001924,C001787,Premium,Active,396921.54,2018-04-19
A0001925,C001788,Savings,Active,9324.7,2024-11-30
A0001926,C001790,Savings,Active,76918.98,2022-11-28
A0001927,C001791,Savings,Active,136222.88,2020-07-26
A0001928,C001792,Salary,Active,53869.89,2021-08-13
A0001929,C001793,Current,Active,41917.45,2024-09-14
A0001930,C001793,Current,Active,50210.37,2024-11-30
A0001931,C001794,Current,Active,28211.91,2024-11-30
A0001932,C001795,Savings,Active,18706.47,2023-02-13
A0001933,C001796,Salary,Active,61793.59,2024-11-30
A0001934,C001797,Savings,Active,29322.24,2021-07-04
A0001935,C001797,Salary,Closed,8216.33,2023-09-15
A0001936,C001798,Savings,Active,27732.83,2022-03-30
A0001937,C001799,Savings,Active,23155.6,2022-09-20
A0001938,C001799,Savings,Active,8212.7,2023-04-17
A0001939,C001800,Salary,Active,35851.54,2021-09-22
A0001940,C001801,Current,Active,31062.72,2017-08-03
A0001941,C001802,Savings,Closed,21944.65,2016-01-15
A0001942,C001803,Savings,Active,49492.35,2021-07-22
A0001943,C001803,Savings,Dormant,20348.48,2020-12-18
A0001944,C001804,Savings,Dormant,25534.54,2024-11-30
A0001945,C001805,Savings,Active,46128.18,2024-11-30
A0001946,C001806,Current,Active,35904.54,2018-06-02
A0001947,C001807,Salary,Active,17466.44,2022-10-03
A0001948,C001807,Savings,Active,58079.46,2024-08-08
A0001949,C001809,Savings,Active,34018.17,2021-08-07
A0001950,C001811,Current,Closed,239561.73,2021-04-01
A0001951,C001812,Premium,Active,95321.19,2017-01-28
A0001952,C001814,Current,Active,168796.7,2018-09-29
A0001953,C001816,Salary,Active,42120.79,2024-11-30
A0001954,C001817,Current,Active,34375.64,2019-09-07
A0001955,C001818,Current,Dormant,12677.41,2024-11-30
A0001956,C001819,Savings,Active,21367.59,2016-07-07
A0001957,C001819,Current,Active,19756.65,2018-02-20
A0001958,C001820,Premium,Active,53228.39,2023-03-25
A0001959,C001821,Savings,Active,30717.37,2022-01-25
A0001960,C001822,Savings,Active,21493.21,2024-11-30
A0001961,C001823,Premium,Active,346702.34,2021-07-16
A0001962,C001824,Savings,Active,26912.62,2023-01-04
A0001963,C001826,Current,Dormant,9609.66,2020-02-15
A0001964,C001827,Salary,Active,20063.93,2024-09-19
A0001965,C001828,Premium,Active,84800.64,2020-05-18
A0001966,C001829,Current,Active,27288.06,2023-12-06
A0001967,C001830,Premium,Active,73348.69,2020-08-13
A0001968,C001831,Savings,Active,32988.66,2017-04-05
A0001969,C001832,Savings,Closed,16598.71,2018-07-12
A0001970,C001833,Savings,Active,57654.98,2017-05-16
A0001971,C001834,Savings,Active,9623.54,2022-09-24
A0001972,C001835,Savings,Active,39028.77,2022-03-23
A0001973,C001836,Savings,Active,68914.02,2020-02-25
A0001974,C001838,Savings,Active,15042.07,2023-07-12
A0001975,C001838,Current,Active,2794.5,2023-02-15
A0001976,C001839,Savings,Active,115640.36,2024-09-02
A0001977,C001840,Savings,Active,27914.55,2018-09-18
A0001978,C001842,Current,Active,9909.94,2021-01-01
A0001979,C001843,Savings,Active,36686.99,2023-12-10
A0001980,C001845,Premium,Active,102261.84,2015-10-19
A0001981,C001846,Current,Active,19172.84,2021-01-16
A0001982,C001847,Savings,Active,26029.74,2023-10-13
A0001983,C001848,Savings,Active,25899.24,2018-09-08
A0001984,C001849,Salary,Active,30517.35,2024-11-22
A0001985,C001851,Savings,Active,83227.76,2024-11-30
A0001986,C001851,Current,Active,39971.4,2024-11-30
A0001987,C001852,Savings,Active,8029.89,2020-02-18
A0001988,C001853,Salary,Active,15096.23,2019-09-15
A0001989,C001853,Current,Active,32318.52,2020-12-13
A0001990,C001854,Savings,Active,95391.02,2019-11-29
A0001991,C001855,Savings,Active,86469.42,2019-05-03
A0001992,C001856,Savings,Active,11819.67,2019-10-21
A0001993,C001857,Savings,Active,200646.13,2023-11-15
A0001994,C001857,Savings,Active,41786.04,2021-09-30
A0001995,C001858,Current,Active,64793.66,2020-05-18
A0001996,C001858,Current,Active,33018.83,2017-11-07
A0001997,C001859,Savings,Active,30260.71,2024-11-30
A0001998,C001859,Savings,Active,86729.2,2024-11-30
A0001999,C001860,Savings,Active,50398.32,2024-11-30
A0002000,C001861,Salary,Active,130598.09,2019-03-24
A0002001,C001862,Savings,Active,11001.53,2024-11-30
A0002002,C001862,Current,Active,3855.05,2023-01-18
A0002003,C001863,Salary,Active,104498.82,2021-02-16
A0002004,C001864,Savings,Active,50550.56,2024-11-30
A0002005,C001865,Savings,Active,60913.28,2017-08-23
A0002006,C001866,Savings,Active,30364.27,2024-11-30
A0002007,C001866,Savings,Active,29179.39,2024-11-30
A0002008,C001867,Salary,Active,15847.19,2020-06-12
A0002009,C001868,Savings,Active,57071.62,2021-04-17
A0002010,C001869,Current,Active,66927.27,2020-04-01
A0002011,C001871,Savings,Active,28925.48,2018-10-01
A0002012,C001873,Salary,Active,23761.74,2018-05-01
A0002013,C001874,Current,Closed,29172.14,2024-11-30
A0002014,C001876,Current,Active,5710.31,2015-11-22
A0002015,C001876,Savings,Active,32807.05,2015-08-25
A0002016,C001878,Current,Active,44723.91,2019-02-20
A0002017,C001878,Current,Dormant,38668.54,2018-08-11
A0002018,C001879,Savings,Active,46866.38,2016-09-11
A0002019,C001879,Savings,Active,14420.39,2019-01-14
A0002020,C001881,Salary,Active,104069.43,2018-12-24
A0002021,C001882,Premium,Active,322900.6,2021-01-11
A0002022,C001884,Salary,Active,4033.71,2020-12-17
A0002023,C001885,Salary,Active,12027.9,2021-03-12
A0002024,C001887,Salary,Active,36905.21,2018-02-12
A0002025,C001888,Savings,Active,16361.72,2023-08-27
A0002026,C001888,Current,Active,6872.53,2024-11-30
A0002027,C001891,Savings,Active,72538.93,2021-03-30
A0002028,C001891,Savings,Active,65786.96,2020-11-14
A0002029,C001892,Savings,Active,27362.26,2018-11-28
A0002030,C001893,Salary,Active,138227.22,2017-03-05
A0002031,C001893,Current,Active,40381.2,2018-07-07
A0002032,C001894,Salary,Active,148680.18,2016-08-17
A0002033,C001896,Savings,Active,46541.5,2023-07-11
A0002034,C001896,Current,Active,36343.01,2024-11-30
A0002035,C001897,Current,Active,15333.08,2017-02-22
A0002036,C001898,Savings,Active,37547.41,2024-11-30
A0002037,C001899,Current,Active,22657.97,2019-01-15
A0002038,C001900,Savings,Active,148650.1,2017-03-28
A0002039,C001901,Savings,Active,18129.6,2023-12-30
A0002040,C001902,Savings,Active,113574.45,2024-11-30
A0002041,C001903,Savings,Dormant,13314.06,2020-02-03
A0002042,C001903,Savings,Closed,15768.71,2019-11-10
A0002043,C001904,Savings,Active,8787.9,2022-06-18
A0002044,C001905,Salary,Closed,19031.91,2020-12-27
A0002045,C001907,Salary,Active,51968.89,2024-11-30
A0002046,C001907,Savings,Active,82547.64,2024-10-18
A0002047,C001908,Savings,Active,28154.5,2022-02-07
A0002048,C001909,Current,Active,9348.78,2016-07-06
A0002049,C001910,Savings,Closed,10806.52,2019-03-21
A0002050,C001911,Premium,Active,575937.02,2020-12-15
A0002051,C001911,Current,Active,244435.58,2021-07-09
A0002052,C001912,Current,Closed,82027.97,2021-12-18
A0002053,C001915,Premium,Active,642178.02,2019-07-25
A0002054,C001916,Salary,Active,130230.75,2016-11-17
A0002055,C001919,Savings,Active,429187.43,2021-08-30
A0002056,C001920,Savings,Active,13314.93,2018-02-05
A0002057,C001921,Current,Active,36371.1,2024-06-05
A0002058,C001923,Savings,Closed,32079.16,2024-11-30
A0002059,C001924,Savings,Active,108032.96,2024-11-30
A0002060,C001924,Salary,Active,83514.7,2024-08-19
A0002061,C001925,Current,Active,12974.31,2018-12-18
A0002062,C001926,Savings,Active,20460.19,2019-02-11
A0002063,C001927,Premium,Active,155319.45,2024-11-30
A0002064,C001928,Savings,Active,43152.42,2015-05-21
A0002065,C001929,Salary,Active,83173.32,2017-01-05
A0002066,C001930,Savings,Active,192103.73,2021-08-10
A0002067,C001931,Savings,Active,177000.96,2019-09-07
A0002068,C001931,Savings,Active,110347.23,2021-07-22
A0002069,C001932,Current,Active,46586.53,2019-01-02
A0002070,C001933,Salary,Active,31455.69,2021-12-19
A0002071,C001934,Premium,Active,171130.19,2020-12-08
A0002072,C001936,Savings,Active,51583.09,2019-09-14
A0002073,C001937,Savings,Active,304935.24,2020-06-06
A0002074,C001938,Savings,Closed,172104.18,2018-10-15
A0002075,C001940,Savings,Dormant,245536.12,2018-10-31
A0002076,C001941,Savings,Active,57288.93,2017-02-27
A0002077,C001942,Savings,Active,40814.67,2023-11-26
A0002078,C001943,Current,Active,38505.34,2023-10-15
A0002079,C001944,Savings,Active,20770.43,2021-09-23
A0002080,C001945,Salary,Active,21489.23,2024-11-30
A0002081,C001945,Current,Active,37341.95,2024-11-30
A0002082,C001947,Salary,Active,20151.68,2016-05-16
A0002083,C001948,Savings,Active,53449.09,2024-11-30
A0002084,C001950,Current,Active,33041.52,2024-11-30
A0002085,C001951,Salary,Closed,115232.55,2019-12-17
A0002086,C001952,Salary,Active,23163.72,2024-02-10
A0002087,C001953,Salary,Active,46161.75,2019-07-01
A0002088,C001953,Savings,Active,125978.45,2019-07-02
A0002089,C001954,Savings,Active,351097.59,2021-06-11
A0002090,C001954,Savings,Active,300110.6,2017-11-06
A0002091,C001955,Current,Active,261562.26,2015-11-21
A0002092,C001956,Savings,Active,47809.24,2021-06-17
A0002093,C001957,Salary,Active,15676.97,2021-06-15
A0002094,C001957,Savings,Active,71827.49,2020-12-04
A0002095,C001959,Savings,Active,56385.76,2024-06-12
A0002096,C001960,Savings,Active,13576.56,2017-06-18
A0002097,C001961,Savings,Active,54254.96,2022-09-02
A0002098,C001962,Savings,Active,9228.39,2017-09-20
A0002099,C001962,Premium,Active,18156.05,2017-03-08
A0002100,C001963,Savings,Active,53715.28,2017-11-24
A0002101,C001963,Savings,Active,39280.88,2018-04-06
A0002102,C001964,Savings,Active,58131.83,2021-03-20
A0002103,C001966,Current,Active,16584.94,2024-11-30
A0002104,C001969,Savings,Active,18315.19,2020-12-27
A0002105,C001970,Savings,Active,20140.65,2022-10-31
A0002106,C001970,Savings,Active,8652.87,2024-10-26
A0002107,C001971,Savings,Active,17414.2,2020-04-04
A0002108,C001971,Salary,Active,69758.17,2020-06-07
A0002109,C001974,Salary,Active,22761.48,2020-03-09
A0002110,C001975,Savings,Active,11961.45,2024-11-30
A0002111,C001975,Current,Active,15659.65,2024-11-30
A0002112,C001976,Savings,Active,32908.82,2024-06-17
A0002113,C001977,Savings,Active,53859.56,2019-03-12
A0002114,C001978,Savings,Active,16722.43,2019-01-06
A0002115,C001978,Salary,Active,146767.32,2018-07-27
A0002116,C001979,Premium,Dormant,66542.01,2017-01-01
A0002117,C001979,Premium,Active,48510.49,2017-08-29
A0002118,C001980,Current,Active,119027.5,2024-10-19
A0002119,C001981,Savings,Active,45132.09,2017-12-28
A0002120,C001982,Current,Active,8164.27,2023-01-21
A0002121,C001983,Current,Active,6626.6,2022-08-10
A0002122,C001984,Current,Active,22709.53,2024-11-30
A0002123,C001985,Current,Active,23896.94,2021-11-15
A0002124,C001986,Savings,Active,8140.17,2023-12-03
A0002125,C001987,Savings,Active,50746.04,2022-06-26
A0002126,C001989,Savings,Active,62657.62,2019-11-07
A0002127,C001989,Premium,Active,181264.88,2018-12-27
A0002128,C001990,Premium,Active,296579.8,2020-03-15
A0002129,C001990,Savings,Active,58486.49,2018-08-02
A0002130,C001991,Savings,Active,231632.14,2024-11-30
A0002131,C001993,Salary,Active,209418.4,2019-07-10
A0002132,C001994,Savings,Active,27302.32,2024-11-30
A0002133,C001995,Savings,Active,2008.32,2019-01-04
A0002134,C001996,Savings,Active,38477.19,2021-07-15
A0002135,C001997,Current,Active,12794.28,2020-08-31
A0002136,C001998,Premium,Active,90728.68,2022-04-15
A0002137,C001999,Savings,Active,53731.56,2018-08-11
A0002138,C002002,Savings,Active,14924.7,2021-03-25
A0002139,C002002,Current,Active,13962.21,2022-05-01
A0002140,C002003,Salary,Active,250548.69,2022-11-24
A0002141,C002004,Premium,Active,1773498.48,2023-05-14
A0002142,C002005,Salary,Active,16382.26,2020-06-11
A0002143,C002005,Current,Active,20336.96,2018-02-08
A0002144,C002007,Current,Active,4007.58,2018-11-01
A0002145,C002008,Savings,Active,21617.18,2024-11-30
A0002146,C002008,Current,Active,24015.2,2023-05-30
A0002147,C002009,Savings,Active,25549.39,2018-09-20
A0002148,C002010,Savings,Active,9147.22,2017-04-05
A0002149,C002011,Savings,Active,54793.34,2022-01-11
A0002150,C002011,Savings,Active,90539.13,2020-06-08
A0002151,C002012,Savings,Active,14698.36,2017-11-26
A0002152,C002013,Salary,Active,58377.02,2021-08-10
A0002153,C002014,Current,Active,16131.08,2020-07-31
A0002154,C002014,Salary,Closed,18133.91,2022-09-05
A0002155,C002015,Current,Active,58303.8,2019-08-26
A0002156,C002015,Current,Closed,65511.87,2016-11-07
A0002157,C002016,Current,Active,44726.62,2022-06-27
A0002158,C002017,Savings,Active,159348.72,2022-08-25
A0002159,C002019,Salary,Closed,37004.55,2018-09-27
A0002160,C002019,Salary,Dormant,34226.7,2019-08-01
A0002161,C002020,Savings,Active,7260.11,2024-04-08
A0002162,C002021,Savings,Active,34096.03,2015-10-02
A0002163,C002021,Savings,Active,35897.36,2018-06-15
A0002164,C002022,Savings,Active,23613.3,2023-08-03
A0002165,C002022,Savings,Active,21110.5,2021-01-16
A0002166,C002024,Savings,Active,62909.08,2024-11-30
A0002167,C002026,Salary,Active,104807.1,2023-11-19
A0002168,C002028,Current,Active,12612.49,2020-11-09
A0002169,C002029,Savings,Dormant,62816.16,2019-07-03
A0002170,C002030,Current,Active,18770.81,2023-08-28
A0002171,C002033,Current,Active,14767.01,2020-09-12
A0002172,C002034,Current,Active,15759.29,2020-10-31
A0002173,C002035,Premium,Active,162732.08,2016-01-05
A0002174,C002036,Salary,Active,57074.89,2018-03-20
A0002175,C002037,Savings,Dormant,8148.54,2017-09-21
A0002176,C002038,Current,Active,11201.54,2019-01-12
A0002177,C002039,Savings,Dormant,31362.82,2021-12-08
A0002178,C002040,Current,Active,43842.39,2021-06-30
A0002179,C002041,Savings,Active,34461.78,2015-09-09
A0002180,C002042,Savings,Active,39547.64,2024-07-06
A0002181,C002043,Current,Active,88162.58,2020-04-12
A0002182,C002044,Savings,Active,12917.81,2024-11-30
A0002183,C002045,Savings,Active,37316.36,2021-03-29
A0002184,C002047,Salary,Active,97469.59,2024-11-30
A0002185,C002047,Savings,Active,55452.11,2024-11-30
A0002186,C002048,Savings,Active,23564.39,2023-08-17
A0002187,C002049,Savings,Active,44094.06,2019-08-11
A0002188,C002049,Savings,Active,23691.32,2020-06-01
A0002189,C002051,Current,Active,29564.25,2021-03-03
A0002190,C002052,Current,Active,19001.62,2020-08-28
A0002191,C002053,Current,Active,32649.96,2022-01-22
A0002192,C002054,Savings,Active,18726.36,2023-03-06
A0002193,C002054,Current,Active,22767.19,2021-12-12
A0002194,C002055,Salary,Active,51468.67,2019-02-27
A0002195,C002057,Savings,Active,143486.75,2022-07-30
A0002196,C002058,Savings,Closed,125803.44,2021-12-12
A0002197,C002058,Savings,Active,37951.84,2024-05-09
A0002198,C002059,Salary,Active,22711.41,2016-12-06
A0002199,C002060,Savings,Active,20337.2,2019-02-23
A0002200,C002060,Savings,Active,25616.38,2017-11-11
A0002201,C002061,Savings,Active,22986.41,2020-04-22
A0002202,C002061,Salary,Active,43490.77,2017-09-25
A0002203,C002062,Current,Dormant,26458.72,2024-02-10
A0002204,C002062,Savings,Active,115114.44,2023-02-02
A0002205,C002063,Salary,Active,53575.85,2024-11-30
A0002206,C002064,Salary,Active,84409.34,2020-10-10
A0002207,C002065,Savings,Active,21157.49,2024-07-04
A0002208,C002066,Salary,Active,70908.41,2024-11-30
A0002209,C002067,Current,Active,8889.53,2019-08-15
A0002210,C002068,Current,Active,40300.69,2020-06-30
A0002211,C002069,Current,Active,42907.8,2017-01-21
A0002212,C002069,Savings,Active,21921.79,2016-09-08
A0002213,C002070,Savings,Active,84234.47,2019-04-06
A0002214,C002070,Premium,Dormant,52717.27,2018-08-13
A0002215,C002071,Current,Active,127670.38,2022-01-26
A0002216,C002072,Current,Active,35748.23,2024-11-30
A0002217,C002073,Savings,Active,63203.99,2021-08-05
A0002218,C002073,Savings,Dormant,7369.9,2022-12-12
A0002219,C002074,Premium,Active,106967.54,2023-01-05
A0002220,C002074,Savings,Active,34498.4,2021-09-05
A0002221,C002075,Savings,Closed,139266.22,2021-08-13
A0002222,C002076,Savings,Closed,240731.26,2022-08-04
A0002223,C002077,Salary,Active,9976.36,2024-11-30
A0002224,C002077,Salary,Active,13386.34,2024-11-30
A0002225,C002078,Savings,Active,399833.6,2024-11-30
A0002226,C002079,Savings,Active,18470.0,2024-03-18
A0002227,C002080,Salary,Active,75433.3,2023-01-28
A0002228,C002081,Savings,Active,86666.69,2018-07-24
A0002229,C002082,Savings,Active,54995.41,2023-12-17
A0002230,C002083,Savings,Active,8698.46,2022-11-29
A0002231,C002084,Savings,Active,96762.4,2019-06-08
A0002232,C002086,Savings,Active,15682.34,2024-11-30
A0002233,C002086,Salary,Active,12661.54,2024-11-30
A0002234,C002087,Savings,Active,75793.68,2018-01-09
A0002235,C002089,Savings,Dormant,27180.23,2019-01-03
A0002236,C002089,Savings,Active,86139.74,2018-12-20
A0002237,C002091,Savings,Active,89074.74,2016-07-09
A0002238,C002092,Savings,Active,40422.11,2019-09-04
A0002239,C002094,Savings,Active,27616.06,2017-05-27
A0002240,C002095,Salary,Active,9943.84,2020-10-02
A0002241,C002096,Savings,Active,103635.89,2023-12-21
A0002242,C002096,Savings,Active,13571.5,2023-08-21
A0002243,C002097,Current,Dormant,10229.7,2023-09-13
A0002244,C002097,Salary,Active,39951.38,2024-11-30
A0002245,C002098,Savings,Active,7329.53,2024-11-30
A0002246,C002098,Salary,Dormant,12733.42,2023-04-28
A0002247,C002099,Savings,Active,27728.49,2020-12-05
A0002248,C002100,Salary,Active,44451.17,2019-05-06
A0002249,C002101,Premium,Active,32726.7,2020-07-16
A0002250,C002102,Current,Active,63774.1,2024-11-30
A0002251,C002102,Current,Active,18055.93,2024-11-30
A0002252,C002103,Savings,Active,33359.65,2022-06-21
A0002253,C002104,Savings,Active,36604.6,2022-12-12
A0002254,C002105,Current,Active,29242.63,2019-10-14
A0002255,C002106,Savings,Active,52635.73,2023-08-08
A0002256,C002106,Savings,Active,76600.34,2024-11-30
A0002257,C002107,Premium,Active,119008.25,2016-06-01
A0002258,C002107,Savings,Closed,102049.04,2019-11-13
A0002259,C002108,Premium,Active,64033.44,2020-01-26
A0002260,C002109,Premium,Active,209503.5,2018-09-18
A0002261,C002111,Salary,Active,75673.55,2021-01-30
A0002262,C002111,Savings,Active,32588.78,2023-09-29
A0002263,C002113,Savings,Active,128852.07,2022-12-10
A0002264,C002114,Current,Closed,11057.81,2022-09-03
A0002265,C002115,Savings,Active,22284.41,2018-10-12
A0002266,C002116,Savings,Dormant,38574.83,2023-04-21
A0002267,C002117,Savings,Active,137786.93,2017-04-01
A0002268,C002117,Savings,Active,25456.0,2017-05-14
A0002269,C002118,Savings,Active,58094.71,2017-10-30
A0002270,C002119,Salary,Active,10663.52,2024-11-30
A0002271,C002120,Current,Active,12717.62,2020-09-28
A0002272,C002121,Savings,Active,25544.26,2018-10-28
A0002273,C002122,Savings,Active,5769.7,2024-11-30
A0002274,C002122,Current,Active,13859.5,2023-06-28
A0002275,C002124,Savings,Active,86785.37,2017-10-20
A0002276,C002125,Savings,Active,370873.46,2015-08-14
A0002277,C002125,Savings,Active,602192.56,2018-03-19
A0002278,C002126,Current,Active,127457.47,2024-05-18
A0002279,C002126,Salary,Active,139264.15,2022-12-10
A0002280,C002127,Current,Active,19831.32,2018-01-19
A0002281,C002128,Savings,Active,171132.33,2020-07-28
A0002282,C002129,Current,Active,6832.67,2019-06-08
A0002283,C002130,Savings,Active,84374.49,2022-06-17
A0002284,C002130,Current,Active,106111.62,2022-01-29
A0002285,C002131,Savings,Active,89442.68,2024-11-03
A0002286,C002132,Savings,Active,26892.24,2021-09-28
A0002287,C002133,Salary,Active,42388.8,2019-07-02
A0002288,C002134,Current,Active,55788.38,2017-03-19
A0002289,C002136,Current,Closed,34846.91,2024-11-30
A0002290,C002136,Savings,Active,7496.87,2024-11-30
A0002291,C002137,Premium,Dormant,40740.13,2021-08-15
A0002292,C002139,Savings,Active,242048.08,2017-01-25
A0002293,C002139,Current,Active,113344.65,2017-09-06
A0002294,C002140,Savings,Active,51843.82,2022-11-18
A0002295,C002141,Current,Active,16431.95,2024-09-09
A0002296,C002141,Savings,Closed,15673.09,2024-11-27
A0002297,C002142,Salary,Active,31820.12,2024-11-30
A0002298,C002143,Current,Active,20871.22,2024-11-30
A0002299,C002144,Savings,Active,30331.59,2019-08-28
A0002300,C002146,Savings,Active,63314.54,2021-06-10
A0002301,C002146,Salary,Active,299451.5,2019-07-04
A0002302,C002147,Savings,Active,82581.99,2018-11-04
A0002303,C002147,Savings,Dormant,17770.81,2017-11-27
A0002304,C002148,Savings,Active,114000.09,2024-11-30
A0002305,C002148,Salary,Active,107946.01,2024-11-30
A0002306,C002149,Salary,Active,64505.72,2024-02-25
A0002307,C002150,Salary,Active,67920.75,2024-02-19
A0002308,C002150,Savings,Active,12520.08,2023-11-11
A0002309,C002152,Savings,Closed,49470.68,2024-11-30
A0002310,C002152,Current,Active,32244.94,2024-04-20
A0002311,C002153,Premium,Active,196205.33,2018-05-01
A0002312,C002153,Savings,Active,82801.04,2021-04-10
A0002313,C002154,Savings,Active,29228.98,2021-12-12
A0002314,C002154,Current,Active,8730.64,2023-04-16
A0002315,C002155,Savings,Active,51355.75,2021-10-20
A0002316,C002155,Savings,Active,46309.36,2019-01-03
A0002317,C002156,Current,Active,26030.65,2019-07-31
A0002318,C002158,Savings,Active,120289.21,2016-06-06
A0002319,C002158,Savings,Active,105214.43,2019-12-24
A0002320,C002160,Savings,Active,249375.95,2022-03-12
A0002321,C002160,Salary,Active,4227412.48,2024-01-28
A0002322,C002161,Current,Active,41662.9,2022-12-04
A0002323,C002163,Current,Dormant,24971.66,2024-11-30
A0002324,C002164,Savings,Dormant,63167.44,2024-07-31
A0002325,C002165,Salary,Active,16395.54,2021-09-21
A0002326,C002165,Savings,Active,18882.99,2021-05-18
A0002327,C002166,Current,Active,40177.76,2022-03-12
A0002328,C002167,Current,Active,63916.95,2024-11-30
A0002329,C002168,Savings,Active,31200.61,2019-05-01
A0002330,C002169,Current,Active,10315.58,2016-06-16
A0002331,C002171,Current,Active,40915.63,2022-02-03
A0002332,C002172,Current,Active,132726.91,2017-08-27
A0002333,C002173,Current,Active,20067.06,2022-08-28
A0002334,C002174,Savings,Active,47493.06,2018-09-05
A0002335,C002174,Savings,Active,66012.79,2019-05-17
A0002336,C002176,Savings,Dormant,26070.17,2016-11-25
A0002337,C002178,Current,Active,49769.21,2018-10-24
A0002338,C002178,Savings,Active,131043.45,2018-04-07
A0002339,C002179,Savings,Active,24962.92,2019-08-02
A0002340,C002180,Salary,Active,24608.83,2017-03-05
A0002341,C002181,Premium,Active,59049.16,2023-07-12
A0002342,C002183,Savings,Active,172818.02,2019-03-05
A0002343,C002184,Current,Dormant,50744.18,2016-08-12
A0002344,C002184,Current,Active,36248.94,2018-07-29
A0002345,C002185,Current,Active,49248.83,2019-05-09
A0002346,C002185,Current,Active,37880.12,2019-06-12
A0002347,C002186,Savings,Active,7294.9,2020-09-18
A0002348,C002187,Savings,Active,48486.03,2017-04-21
A0002349,C002188,Current,Active,37875.77,2024-04-05
A0002350,C002189,Savings,Active,8423.84,2021-08-27
A0002351,C002190,Savings,Closed,30971.36,2023-01-18
A0002352,C002192,Current,Active,36552.93,2021-04-22
A0002353,C002193,Savings,Active,104849.58,2021-02-02
A0002354,C002195,Salary,Active,40139.11,2024-07-06
A0002355,C002196,Savings,Active,79702.46,2023-09-19
A0002356,C002198,Savings,Active,31449.91,2022-03-16
A0002357,C002200,Savings,Active,71636.95,2021-11-08
A0002358,C002201,Current,Active,84627.23,2024-03-08
A0002359,C002201,Savings,Active,57339.32,2021-03-11
A0002360,C002202,Savings,Active,115964.2,2017-06-30
A0002361,C002203,Savings,Active,116260.12,2023-07-29
A0002362,C002204,Current,Active,161328.17,2018-12-12
A0002363,C002205,Salary,Active,36419.26,2022-01-12
A0002364,C002206,Savings,Active,34245.61,2024-06-23
A0002365,C002207,Current,Active,21120.0,2018-01-28
A0002366,C002208,Savings,Active,16954.55,2021-07-16
A0002367,C002209,Premium,Active,51025.26,2022-09-24
A0002368,C002210,Savings,Closed,52528.97,2024-11-30
A0002369,C002211,Current,Active,96789.8,2018-12-27
A0002370,C002212,Savings,Active,5134.45,2020-03-29
A0002371,C002214,Savings,Active,100054.9,2023-03-10
A0002372,C002215,Current,Active,12890.05,2018-06-08
A0002373,C002215,Current,Active,17481.31,2017-12-10
A0002374,C002216,Savings,Active,28046.36,2022-05-05
A0002375,C002216,Salary,Active,30147.23,2024-04-23
A0002376,C002217,Current,Active,20116.95,2018-02-20
A0002377,C002218,Savings,Active,13619.82,2021-10-26
A0002378,C002219,Savings,Active,435664.83,2024-09-17
A0002379,C002220,Current,Active,44838.4,2021-10-24
A0002380,C002220,Savings,Active,53748.46,2021-02-21
A0002381,C002221,Current,Active,19692.95,2024-11-30
A0002382,C002222,Premium,Active,31645.71,2024-02-03
A0002383,C002222,Savings,Active,21221.71,2024-11-30
A0002384,C002223,Current,Dormant,24409.97,2024-11-30
A0002385,C002224,Salary,Active,33833.64,2024-11-30
A0002386,C002225,Savings,Active,42611.5,2020-12-13
A0002387,C002227,Salary,Active,42270.29,2023-06-27
A0002388,C002227,Savings,Active,65865.74,2024-11-30
A0002389,C002228,Premium,Dormant,29830.68,2022-12-11
A0002390,C002229,Salary,Active,203761.93,2017-10-28
A0002391,C002230,Premium,Dormant,114864.24,2017-10-18
A0002392,C002230,Premium,Dormant,72110.85,2017-05-18
A0002393,C002231,Savings,Active,16318.39,2021-06-11
A0002394,C002231,Current,Active,6733.68,2020-05-23
A0002395,C002232,Savings,Active,114969.8,2023-06-17
A0002396,C002233,Savings,Active,9024.95,2018-02-14
A0002397,C002234,Current,Active,38643.06,2021-04-07
A0002398,C002236,Premium,Closed,214943.44,2024-05-01
A0002399,C002238,Salary,Active,15642.83,2021-10-05
A0002400,C002240,Salary,Active,41020.81,2022-07-21
A0002401,C002242,Salary,Active,80555.78,2024-08-07
A0002402,C002243,Current,Active,12549.12,2022-12-12
A0002403,C002243,Salary,Closed,19241.25,2024-11-30
A0002404,C002244,Salary,Active,93822.4,2021-05-23
A0002405,C002245,Savings,Active,116490.09,2024-10-20
A0002406,C002246,Savings,Active,78298.35,2024-11-30
A0002407,C002248,Savings,Active,21262.0,2017-07-20
A0002408,C002249,Current,Active,29944.56,2023-07-29
A0002409,C002250,Savings,Active,22347.25,2024-11-30
A0002410,C002251,Current,Active,18918.9,2022-09-22
A0002411,C002252,Savings,Active,12960.55,2024-05-17
A0002412,C002254,Salary,Closed,268909.35,2024-10-07
A0002413,C002255,Savings,Active,26784.0,2023-11-22
A0002414,C002255,Savings,Active,17564.4,2024-11-30
A0002415,C002256,Current,Active,6393.64,2019-12-22
A0002416,C002257,Savings,Closed,18880.13,2024-05-13
A0002417,C002257,Savings,Closed,29504.75,2024-01-08
A0002418,C002258,Savings,Active,16239.77,2023-08-25
A0002419,C002259,Current,Active,12256.71,2024-11-30
A0002420,C002260,Savings,Active,52901.36,2018-01-24
A0002421,C002261,Current,Active,32741.81,2018-12-11
A0002422,C002261,Savings,Active,7395.61,2017-04-03
A0002423,C002263,Savings,Closed,28556.4,2020-12-10
A0002424,C002264,Current,Active,6862.2,2021-05-07
A0002425,C002265,Salary,Active,63002.98,2023-04-01
A0002426,C002266,Current,Active,9650.35,2020-04-24
A0002427,C002267,Savings,Active,8474.2,2019-07-15
A0002428,C002267,Savings,Active,13066.89,2021-02-26
A0002429,C002269,Salary,Active,71444.67,2018-01-12
A0002430,C002270,Savings,Active,23665.41,2024-10-03
A0002431,C002271,Salary,Active,129742.17,2017-07-08
A0002432,C002271,Savings,Active,101854.22,2017-03-25
A0002433,C002274,Salary,Closed,38977.11,2020-12-10
A0002434,C002275,Savings,Active,62876.63,2017-09-19
A0002435,C002276,Savings,Active,18390.85,2024-05-20
A0002436,C002277,Current,Active,165331.21,2022-03-20
A0002437,C002278,Salary,Active,3694.19,2024-11-30
A0002438,C002278,Current,Active,7047.6,2023-04-23
A0002439,C002279,Current,Active,36797.04,2020-06-29
A0002440,C002280,Salary,Active,3899.18,2024-11-30
A0002441,C002281,Current,Active,52643.55,2023-01-27
A0002442,C002283,Premium,Active,126652.01,2018-02-10
A0002443,C002284,Savings,Active,52124.96,2024-10-31
A0002444,C002285,Current,Dormant,23972.83,2015-08-28
A0002445,C002286,Premium,Active,55876.93,2017-04-30
A0002446,C002286,Current,Active,49457.42,2019-04-18
A0002447,C002287,Savings,Active,27486.35,2023-11-17
A0002448,C002288,Current,Active,57467.11,2023-01-09
A0002449,C002288,Salary,Active,52279.12,2021-04-21
A0002450,C002289,Salary,Active,208451.71,2019-12-16
A0002451,C002290,Savings,Active,29654.32,2024-11-30
A0002452,C002290,Salary,Active,24143.26,2024-11-30
A0002453,C002291,Savings,Active,41874.6,2017-06-05
A0002454,C002293,Salary,Active,21701.5,2016-03-18
A0002455,C002293,Current,Active,19537.09,2016-06-11
A0002456,C002294,Salary,Active,36179.85,2024-11-30
A0002457,C002295,Current,Active,39881.43,2020-12-30
A0002458,C002296,Savings,Active,39392.79,2016-11-23
A0002459,C002297,Savings,Active,11950.11,2023-09-06
A0002460,C002298,Salary,Closed,9563.61,2021-11-21
A0002461,C002299,Salary,Active,36938.11,2021-03-19
A0002462,C002300,Savings,Active,60310.65,2020-10-10
A0002463,C002301,Savings,Active,10156.12,2024-11-30
A0002464,C002302,Savings,Dormant,14051.13,2018-03-07
A0002465,C002304,Savings,Active,18288.19,2024-11-30
A0002466,C002304,Salary,Active,41366.79,2023-11-08
A0002467,C002305,Savings,Active,112587.2,2017-07-16
A0002468,C002306,Savings,Active,22694.18,2022-08-13
A0002469,C002307,Savings,Active,15303.13,2023-04-14
A0002470,C002307,Savings,Active,7412.01,2024-11-16
A0002471,C002308,Salary,Active,13300.68,2016-12-17
A0002472,C002308,Savings,Dormant,35059.07,2018-02-03
A0002473,C002310,Savings,Active,11444.93,2016-08-07
A0002474,C002310,Savings,Active,13142.48,2017-02-07
A0002475,C002311,Savings,Active,134140.24,2021-08-30
A0002476,C002311,Savings,Active,66256.25,2023-08-24
A0002477,C002312,Savings,Closed,67618.23,2020-05-07
A0002478,C002313,Salary,Active,36151.86,2017-05-05
A0002479,C002314,Savings,Active,30147.22,2024-11-30
A0002480,C002314,Savings,Active,47915.64,2024-11-30
A0002481,C002315,Premium,Active,271109.06,2016-02-10
A0002482,C002316,Savings,Active,127870.64,2023-03-23
A0002483,C002317,Current,Active,11835.53,2022-12-09
A0002484,C002317,Salary,Active,8179.8,2019-06-28
A0002485,C002318,Savings,Active,72644.24,2019-02-05
A0002486,C002319,Savings,Active,87247.02,2021-04-20
A0002487,C002320,Premium,Active,81411.8,2023-11-12
A0002488,C002322,Savings,Active,28480.37,2017-11-18
A0002489,C002323,Salary,Active,39714.7,2024-11-30
A0002490,C002323,Current,Active,55535.38,2024-06-21
A0002491,C002324,Savings,Active,29962.44,2018-10-24
A0002492,C002325,Salary,Active,11965.95,2016-04-26
A0002493,C002326,Current,Dormant,7231.34,2017-02-13
A0002494,C002327,Savings,Active,12339.68,2023-09-03
A0002495,C002328,Premium,Active,77949.29,2018-02-05
A0002496,C002328,Salary,Active,19146.7,2017-12-26
A0002497,C002330,Current,Active,135101.57,2024-11-30
A0002498,C002330,Current,Active,24005.15,2023-08-07
A0002499,C002332,Savings,Active,84837.38,2024-11-30
A0002500,C002332,Salary,Active,86289.85,2024-11-30
A0002501,C002334,Current,Active,21844.22,2023-09-25
A0002502,C002335,Savings,Dormant,39191.08,2015-07-06
A0002503,C002335,Current,Closed,22853.95,2018-03-15
A0002504,C002336,Current,Active,9440.21,2023-12-26
A0002505,C002337,Savings,Active,8739.68,2021-10-22
A0002506,C002337,Savings,Active,3969.96,2020-02-24
A0002507,C002338,Salary,Active,25516.74,2024-05-03
A0002508,C002339,Savings,Active,167947.71,2019-04-07
A0002509,C002340,Savings,Active,52639.34,2024-11-30
A0002510,C002341,Current,Active,24856.06,2020-04-07
A0002511,C002342,Savings,Active,94402.94,2023-03-10
A0002512,C002344,Savings,Active,9647.34,2020-10-09
A0002513,C002345,Savings,Active,32189.74,2022-07-07
A0002514,C002346,Savings,Active,45462.82,2021-09-02
A0002515,C002347,Salary,Active,18785.83,2024-10-01
A0002516,C002347,Salary,Active,26293.97,2024-11-30
A0002517,C002348,Current,Active,12979.77,2024-01-12
A0002518,C002349,Savings,Active,13879.06,2016-05-26
A0002519,C002350,Current,Active,8388.33,2023-02-17
A0002520,C002350,Salary,Active,50792.44,2024-11-30
A0002521,C002352,Savings,Active,16129.04,2020-12-25
A0002522,C002352,Current,Active,21902.33,2020-12-22
A0002523,C002353,Premium,Active,107656.1,2021-10-03
A0002524,C002354,Salary,Active,13787.57,2023-11-12
A0002525,C002355,Savings,Active,50508.2,2018-03-04
A0002526,C002356,Savings,Dormant,14753.26,2018-11-27
A0002527,C002357,Savings,Active,241745.42,2020-11-17
A0002528,C002358,Savings,Active,6894.53,2023-05-01
A0002529,C002359,Savings,Active,96103.13,2024-11-30
A0002530,C002360,Savings,Active,515338.2,2020-04-12
A0002531,C002360,Salary,Active,700961.0,2023-03-06
A0002532,C002361,Salary,Active,9021.78,2024-11-30
A0002533,C002361,Savings,Active,48887.65,2024-02-22
A0002534,C002363,Savings,Active,12617.13,2020-07-05
A0002535,C002364,Current,Active,124066.23,2017-11-30
A0002536,C002364,Savings,Active,111801.41,2018-10-05
A0002537,C002365,Salary,Active,508720.74,2020-07-16
A0002538,C002365,Current,Active,53835.73,2021-01-27
A0002539,C002366,Savings,Active,65344.8,2022-04-13
A0002540,C002367,Savings,Active,101596.55,2020-12-08
A0002541,C002368,Savings,Active,83789.07,2024-11-30
A0002542,C002369,Salary,Active,145817.39,2020-03-13
A0002543,C002370,Savings,Active,15979.03,2024-11-15
A0002544,C002371,Current,Active,56111.61,2019-07-31
A0002545,C002372,Savings,Active,19424.8,2020-03-24
A0002546,C002373,Premium,Active,60098.66,2018-11-12
A0002547,C002374,Savings,Active,14271.95,2019-01-28
A0002548,C002375,Savings,Active,34421.85,2022-08-15
A0002549,C002376,Current,Active,26782.9,2021-07-14
A0002550,C002376,Current,Active,45878.84,2020-04-08
A0002551,C002377,Savings,Active,64755.97,2021-05-19
A0002552,C002377,Savings,Dormant,50104.78,2020-10-08
A0002553,C002378,Salary,Active,16509.02,2017-02-19
A0002554,C002379,Savings,Dormant,56585.43,2022-04-28
A0002555,C002380,Savings,Active,32126.82,2020-08-27
A0002556,C002380,Savings,Active,25537.74,2022-05-18
A0002557,C002381,Current,Active,14348.63,2023-11-15
A0002558,C002382,Current,Active,22626.76,2016-06-14
A0002559,C002382,Savings,Active,73735.77,2018-07-22
A0002560,C002383,Savings,Active,41722.45,2023-12-03
A0002561,C002386,Savings,Dormant,19871.44,2020-05-11
A0002562,C002387,Current,Active,25224.41,2024-11-30
A0002563,C002388,Premium,Closed,189998.05,2019-11-01
A0002564,C002389,Current,Active,30182.54,2024-06-10
A0002565,C002389,Savings,Active,186667.63,2024-10-17
A0002566,C002391,Salary,Active,12762.59,2023-07-06
A0002567,C002393,Savings,Active,37751.85,2021-05-08
A0002568,C002393,Savings,Active,10105.03,2021-06-01
A0002569,C002394,Savings,Active,45617.32,2021-04-30
A0002570,C002394,Salary,Active,22121.04,2022-11-23
A0002571,C002396,Current,Active,17070.68,2019-05-31
A0002572,C002396,Premium,Dormant,63719.98,2022-01-20
A0002573,C002397,Savings,Active,39290.96,2017-10-27
A0002574,C002398,Premium,Dormant,75157.83,2023-06-10
A0002575,C002400,Savings,Active,23091.7,2023-12-12
A0002576,C002401,Savings,Active,33954.75,2022-09-20
A0002577,C002402,Savings,Dormant,192904.01,2024-09-16
A0002578,C002403,Savings,Active,48382.0,2021-02-14
A0002579,C002404,Premium,Active,26416.91,2017-11-25
A0002580,C002404,Current,Active,9877.78,2018-09-11
A0002581,C002405,Savings,Active,44870.65,2016-05-11
A0002582,C002405,Current,Active,111607.52,2017-05-09
A0002583,C002406,Savings,Closed,57176.15,2020-01-16
A0002584,C002406,Savings,Active,51140.63,2018-06-30
A0002585,C002408,Savings,Active,24062.27,2023-02-13
A0002586,C002409,Current,Active,11910.0,2020-07-21
A0002587,C002411,Savings,Active,40633.6,2023-08-16
A0002588,C002412,Savings,Active,64284.3,2019-08-03
A0002589,C002413,Savings,Active,79767.08,2023-11-10
A0002590,C002414,Savings,Active,15479.37,2021-04-15
A0002591,C002415,Savings,Active,77380.02,2024-11-30
A0002592,C002417,Current,Active,12505.99,2024-02-22
A0002593,C002417,Salary,Active,6822.65,2024-11-30
A0002594,C002418,Savings,Active,22700.24,2024-10-28
A0002595,C002419,Savings,Dormant,115420.71,2016-10-03
A0002596,C002420,Savings,Active,59110.93,2017-05-22
A0002597,C002420,Savings,Closed,40004.39,2019-09-19
A0002598,C002421,Savings,Closed,109143.16,2017-11-01
A0002599,C002423,Savings,Active,22237.44,2017-02-23
A0002600,C002423,Current,Active,17635.23,2018-04-07
A0002601,C002424,Savings,Active,15811.56,2024-11-10
A0002602,C002424,Salary,Active,66599.42,2022-07-11
A0002603,C002425,Current,Active,14145.93,2024-11-30
A0002604,C002426,Current,Active,7706.33,2019-06-09
A0002605,C002426,Salary,Active,19372.55,2019-08-04
A0002606,C002427,Savings,Active,91285.12,2017-01-29
A0002607,C002428,Savings,Active,14709.18,2024-11-30
A0002608,C002430,Savings,Active,10417.18,2024-02-21
A0002609,C002431,Savings,Active,42189.39,2019-04-16
A0002610,C002432,Premium,Active,32942.87,2019-05-09
A0002611,C002433,Savings,Active,57653.72,2018-10-22
A0002612,C002435,Current,Active,23141.46,2023-06-13
A0002613,C002435,Salary,Active,68496.1,2022-09-06
A0002614,C002436,Savings,Active,19753.4,2021-06-13
A0002615,C002437,Premium,Closed,99813.15,2021-01-25
A0002616,C002438,Savings,Active,27409.05,2024-07-15
A0002617,C002439,Current,Active,66240.94,2016-08-14
A0002618,C002439,Current,Active,45577.9,2017-08-04
A0002619,C002440,Savings,Active,50143.87,2024-06-16
A0002620,C002441,Salary,Active,131758.12,2024-11-30
A0002621,C002442,Savings,Active,25665.41,2020-08-29
A0002622,C002444,Current,Active,8685.2,2022-03-05
A0002623,C002444,Savings,Active,12537.01,2021-09-06
A0002624,C002445,Current,Active,37107.83,2024-02-11
A0002625,C002446,Savings,Active,9792.25,2019-04-28
A0002626,C002447,Savings,Active,27911.95,2024-11-30
A0002627,C002447,Current,Active,24885.55,2023-11-23
A0002628,C002448,Premium,Active,31907.64,2020-03-06
A0002629,C002449,Premium,Active,68470.12,2022-01-14
A0002630,C002451,Savings,Active,66937.93,2023-07-15
A0002631,C002453,Salary,Active,12918.02,2022-10-29
A0002632,C002454,Salary,Active,64643.35,2020-12-29
A0002633,C002455,Current,Active,101190.18,2019-02-09
A0002634,C002456,Current,Active,8271.32,2023-02-05
A0002635,C002457,Current,Active,23179.0,2017-12-17
A0002636,C002457,Savings,Active,13437.93,2019-06-29
A0002637,C002458,Salary,Dormant,48492.22,2022-05-06
A0002638,C002459,Salary,Closed,79814.31,2021-04-19
A0002639,C002460,Current,Active,23507.11,2022-04-06
A0002640,C002461,Savings,Active,36642.86,2024-11-30
A0002641,C002462,Savings,Closed,57849.46,2021-11-04
A0002642,C002463,Savings,Active,13173.07,2021-09-09
A0002643,C002464,Savings,Active,6509.62,2022-08-22
A0002644,C002465,Current,Active,57629.16,2019-07-29
A0002645,C002466,Current,Active,114852.39,2019-08-23
A0002646,C002466,Current,Active,34712.14,2019-12-20
A0002647,C002467,Salary,Active,69013.64,2021-06-11
A0002648,C002467,Savings,Active,24015.89,2019-10-08
A0002649,C002469,Savings,Active,6555.39,2021-03-02
A0002650,C002470,Savings,Active,41785.35,2024-11-30
A0002651,C002471,Current,Active,33212.3,2022-04-07
A0002652,C002472,Savings,Active,27807.27,2022-01-29
A0002653,C002472,Savings,Active,22874.08,2022-12-11
A0002654,C002473,Current,Active,37048.68,2018-01-13
A0002655,C002473,Salary,Active,24246.39,2019-12-15
A0002656,C002474,Savings,Active,88624.3,2020-03-27
A0002657,C002475,Savings,Dormant,46201.4,2024-11-30
A0002658,C002475,Savings,Active,15340.26,2024-11-30
A0002659,C002477,Savings,Active,79861.1,2023-03-14
A0002660,C002477,Savings,Active,37522.57,2024-11-30
A0002661,C002478,Premium,Active,342356.01,2024-09-06
A0002662,C002478,Current,Dormant,66143.58,2023-09-09
A0002663,C002479,Savings,Dormant,229074.0,2022-08-20
A0002664,C002480,Current,Active,34544.31,2024-01-28
A0002665,C002481,Savings,Active,17350.84,2019-09-27
A0002666,C002482,Salary,Active,61350.94,2018-01-25
A0002667,C002483,Savings,Active,18468.97,2019-03-06
A0002668,C002485,Current,Dormant,45896.48,2017-12-08
A0002669,C002486,Current,Active,31633.33,2019-10-13
A0002670,C002487,Savings,Active,17273.3,2022-07-11
A0002671,C002488,Savings,Active,16390.66,2019-04-05
A0002672,C002489,Salary,Active,97696.69,2023-03-08
A0002673,C002490,Current,Active,10872.3,2024-04-26
A0002674,C002491,Savings,Active,19445.92,2024-11-30
A0002675,C002493,Salary,Active,15154.2,2020-08-09
A0002676,C002494,Savings,Active,163577.55,2023-07-29
A0002677,C002494,Savings,Active,117140.32,2024-07-19
A0002678,C002495,Savings,Active,23261.35,2019-07-06
A0002679,C002496,Current,Active,77721.23,2024-11-30
A0002680,C002497,Premium,Active,65729.98,2023-02-01
A0002681,C002498,Savings,Active,61004.56,2021-01-02
A0002682,C002498,Premium,Active,42565.47,2020-11-13
A0002683,C002499,Salary,Closed,83207.41,2018-07-07
A0002684,C002500,Savings,Active,7426.69,2018-12-04
A0002685,C002500,Salary,Active,13084.83,2019-07-01
A0002686,C002501,Savings,Active,25578.88,2023-02-28
A0002687,C002502,Current,Active,9576.02,2023-06-19
A0002688,C002503,Savings,Dormant,9615.39,2018-07-23
A0002689,C002503,Premium,Closed,41114.36,2017-08-21
A0002690,C002504,Savings,Active,92580.92,2024-05-11
A0002691,C002504,Current,Active,25858.31,2024-11-30
A0002692,C002505,Savings,Active,113003.1,2023-02-22
A0002693,C002506,Salary,Active,17471.43,2023-09-11
A0002694,C002507,Current,Active,90116.38,2022-04-04
A0002695,C002508,Salary,Active,28307.69,2017-10-03
A0002696,C002510,Salary,Active,132306.81,2016-11-07
A0002697,C002511,Savings,Active,39739.95,2022-10-20
A0002698,C002511,Savings,Active,46845.83,2024-06-20
A0002699,C002513,Salary,Active,13050.22,2024-11-30
A0002700,C002513,Savings,Closed,79029.9,2022-11-04
A0002701,C002514,Savings,Active,72921.8,2024-11-30
A0002702,C002515,Savings,Active,65084.34,2024-07-05
A0002703,C002516,Savings,Active,58151.35,2024-11-30
A0002704,C002518,Current,Active,7193.34,2022-09-10
A0002705,C002518,Savings,Active,13547.26,2022-03-13
A0002706,C002519,Salary,Active,54602.62,2020-12-13
A0002707,C002520,Savings,Active,25563.9,2022-10-25
A0002708,C002522,Savings,Active,18408.02,2019-09-23
A0002709,C002523,Current,Active,33094.44,2024-08-10
A0002710,C002523,Current,Active,50281.13,2024-11-30
A0002711,C002524,Current,Active,9150.05,2017-03-11
A0002712,C002524,Current,Dormant,21031.39,2016-10-23
A0002713,C002525,Salary,Active,107061.85,2021-11-21
A0002714,C002526,Premium,Active,42608.62,2019-11-22
A0002715,C002527,Current,Active,131508.21,2024-01-17
A0002716,C002528,Premium,Active,102999.53,2021-05-20
A0002717,C002530,Current,Active,9984.88,2017-10-11
A0002718,C002531,Savings,Active,23359.97,2022-01-11
A0002719,C002531,Premium,Active,60585.8,2020-01-19
A0002720,C002532,Premium,Active,235243.59,2019-11-16
A0002721,C002533,Salary,Active,17499.84,2024-11-30
A0002722,C002534,Savings,Active,11541.92,2021-11-12
A0002723,C002534,Salary,Active,24135.54,2021-03-03
A0002724,C002535,Salary,Active,51566.63,2023-11-02
A0002725,C002536,Savings,Active,407377.11,2020-07-29
A0002726,C002537,Savings,Active,31259.02,2016-06-07
A0002727,C002537,Savings,Active,31501.57,2018-08-15
A0002728,C002538,Current,Active,15183.13,2021-05-18
A0002729,C002538,Salary,Active,69646.68,2020-11-04
A0002730,C002539,Savings,Active,196380.08,2021-05-09
A0002731,C002540,Savings,Closed,19342.22,2022-04-15
A0002732,C002541,Savings,Active,11465.28,2017-03-26
A0002733,C002542,Current,Active,40762.41,2016-10-04
A0002734,C002542,Current,Active,65312.6,2015-02-19
A0002735,C002543,Savings,Active,37979.22,2020-07-22
A0002736,C002544,Current,Active,29648.76,2020-12-11
A0002737,C002546,Current,Active,34864.07,2022-09-01
A0002738,C002548,Current,Dormant,13403.05,2022-05-24
A0002739,C002549,Savings,Active,34197.53,2022-04-25
A0002740,C002551,Current,Active,45802.56,2018-06-12
A0002741,C002553,Savings,Active,94532.35,2021-04-30
A0002742,C002553,Savings,Active,14681.74,2019-11-14
A0002743,C002554,Current,Dormant,79596.07,2018-11-12
A0002744,C002555,Savings,Active,110827.04,2022-03-24
A0002745,C002556,Current,Closed,36219.9,2017-12-03
A0002746,C002558,Savings,Active,52404.96,2018-10-15
A0002747,C002559,Premium,Closed,341466.81,2020-05-30
A0002748,C002560,Savings,Active,2969.06,2018-12-18
A0002749,C002561,Current,Active,25354.75,2020-11-30
A0002750,C002561,Salary,Dormant,76656.68,2021-06-18
A0002751,C002562,Savings,Active,28054.34,2020-12-06
A0002752,C002562,Savings,Active,24069.12,2018-08-28
A0002753,C002563,Current,Active,116851.33,2020-05-03
A0002754,C002564,Savings,Active,316836.0,2022-06-25
A0002755,C002566,Savings,Active,10526.11,2023-06-01
A0002756,C002567,Premium,Active,297543.77,2015-09-28
A0002757,C002569,Salary,Active,41330.21,2023-01-29
A0002758,C002570,Savings,Active,36454.41,2018-07-13
A0002759,C002571,Current,Dormant,5148.74,2019-05-14
A0002760,C002572,Premium,Closed,188505.8,2021-11-14
A0002761,C002573,Savings,Active,20126.99,2019-09-14
A0002762,C002574,Salary,Active,93642.33,2018-05-18
A0002763,C002575,Salary,Active,80975.7,2017-08-21
A0002764,C002577,Current,Active,28195.12,2016-02-11
A0002765,C002578,Current,Active,18220.1,2024-11-30
A0002766,C002581,Salary,Active,55213.54,2022-02-20
A0002767,C002582,Current,Dormant,20277.06,2020-03-04
A0002768,C002583,Savings,Active,46648.8,2019-10-01
A0002769,C002585,Current,Active,40879.15,2017-04-22
A0002770,C002586,Current,Active,44405.66,2024-10-04
A0002771,C002587,Savings,Active,17999.35,2024-05-22
A0002772,C002588,Current,Active,21498.24,2022-11-14
A0002773,C002589,Current,Active,54789.82,2024-11-30
A0002774,C002589,Savings,Active,49346.57,2024-11-30
A0002775,C002590,Salary,Active,126995.77,2024-08-20
A0002776,C002591,Current,Active,75651.86,2024-03-23
A0002777,C002592,Current,Active,96549.27,2021-05-26
A0002778,C002592,Savings,Active,78545.47,2019-12-20
A0002779,C002593,Current,Active,70896.88,2024-03-04
A0002780,C002594,Savings,Active,39242.98,2016-11-23
A0002781,C002594,Current,Active,52076.31,2018-01-25
A0002782,C002595,Savings,Active,73588.24,2021-08-03
A0002783,C002596,Savings,Active,25803.74,2024-11-30
A0002784,C002596,Savings,Active,67472.66,2023-09-08
A0002785,C002597,Current,Active,111219.66,2017-02-10
A0002786,C002599,Salary,Active,145032.7,2024-07-09
A0002787,C002599,Savings,Active,50962.45,2024-11-30
A0002788,C002600,Salary,Active,75256.64,2020-09-10
A0002789,C002601,Salary,Active,130766.73,2024-11-30
A0002790,C002602,Savings,Active,136826.29,2017-11-22
A0002791,C002603,Savings,Active,104965.09,2024-11-30
A0002792,C002603,Current,Active,39499.28,2024-09-16
A0002793,C002605,Savings,Active,29967.49,2020-07-19
A0002794,C002606,Salary,Active,146780.9,2024-11-30
A0002795,C002607,Savings,Active,124668.7,2020-12-15
A0002796,C002608,Savings,Dormant,21572.6,2022-05-05
A0002797,C002609,Savings,Active,18218.77,2020-05-07
A0002798,C002610,Savings,Active,75422.76,2016-08-14
A0002799,C002610,Savings,Active,230899.75,2017-06-16
A0002800,C002611,Salary,Active,58688.22,2019-10-12
A0002801,C002611,Savings,Closed,28740.84,2020-10-24
A0002802,C002612,Savings,Active,49103.82,2017-09-24
A0002803,C002613,Salary,Active,36459.15,2017-03-27
A0002804,C002615,Savings,Active,23472.45,2017-09-11
A0002805,C002616,Salary,Active,22989.61,2019-10-06
A0002806,C002617,Savings,Dormant,80806.26,2024-11-30
A0002807,C002618,Premium,Active,110659.25,2019-02-16
A0002808,C002619,Current,Active,12518.83,2023-09-06
A0002809,C002620,Savings,Active,193010.52,2017-12-19
A0002810,C002620,Savings,Dormant,739804.63,2017-06-11
A0002811,C002621,Savings,Active,43941.35,2022-06-04
A0002812,C002621,Current,Active,59312.26,2022-11-12
A0002813,C002622,Current,Active,32367.71,2022-11-17
A0002814,C002623,Savings,Active,127336.41,2017-11-19
A0002815,C002623,Salary,Active,197206.49,2015-12-07
A0002816,C002624,Salary,Active,408062.02,2021-01-19
A0002817,C002625,Current,Active,63571.43,2018-10-13
A0002818,C002627,Salary,Active,82587.28,2020-04-09
A0002819,C002629,Salary,Active,24256.38,2020-10-07
A0002820,C002630,Savings,Active,20595.06,2024-11-30
A0002821,C002632,Savings,Active,40953.27,2017-12-04
A0002822,C002633,Current,Dormant,96697.42,2023-03-15
A0002823,C002633,Current,Active,256092.84,2022-04-14
A0002824,C002634,Savings,Active,67163.21,2024-02-24
A0002825,C002635,Premium,Active,80793.18,2018-08-12
A0002826,C002635,Savings,Active,21386.46,2020-07-04
A0002827,C002636,Current,Active,127194.08,2024-02-20
A0002828,C002637,Premium,Dormant,79199.01,2021-04-15
A0002829,C002639,Current,Active,48969.23,2018-03-01
A0002830,C002640,Savings,Dormant,27028.05,2024-11-30
A0002831,C002641,Salary,Active,19247.18,2021-01-05
A0002832,C002642,Savings,Active,76731.72,2023-11-23
A0002833,C002643,Savings,Active,12670.67,2017-03-07
A0002834,C002644,Savings,Active,31787.24,2021-10-17
A0002835,C002645,Salary,Active,35207.84,2017-02-23
A0002836,C002646,Savings,Active,4444.57,2023-01-20
A0002837,C002647,Savings,Active,24402.5,2024-04-12
A0002838,C002647,Current,Active,14120.92,2023-10-17
A0002839,C002649,Current,Closed,69731.69,2018-09-11
A0002840,C002651,Savings,Active,53732.45,2022-02-21
A0002841,C002652,Salary,Active,61754.77,2019-01-20
A0002842,C002653,Salary,Active,24374.58,2024-11-30
A0002843,C002654,Savings,Closed,27940.29,2018-09-20
A0002844,C002654,Current,Closed,132536.1,2021-04-28
A0002845,C002656,Savings,Active,9982.76,2024-11-30
A0002846,C002657,Salary,Active,22283.84,2021-07-22
A0002847,C002659,Savings,Active,99398.27,2022-12-22
A0002848,C002660,Current,Active,36224.88,2020-12-18
A0002849,C002661,Salary,Active,119709.11,2021-02-24
A0002850,C002662,Savings,Active,83055.5,2022-10-04
A0002851,C002665,Savings,Active,42429.74,2023-03-13
A0002852,C002665,Current,Closed,13140.34,2020-08-06
A0002853,C002666,Savings,Active,7267.24,2024-11-30
A0002854,C002667,Savings,Active,28338.95,2021-09-03
A0002855,C002669,Current,Dormant,13094.33,2021-08-01
A0002856,C002670,Salary,Active,413593.18,2022-12-16
A0002857,C002671,Salary,Active,38366.9,2023-08-28
A0002858,C002672,Savings,Closed,287737.28,2024-02-05
A0002859,C002672,Savings,Active,109332.39,2024-11-30
A0002860,C002674,Salary,Active,46988.96,2023-03-16
A0002861,C002675,Savings,Active,7999.08,2018-12-01
A0002862,C002675,Savings,Active,10889.03,2019-04-19
A0002863,C002676,Current,Active,10278.6,2023-05-21
A0002864,C002676,Savings,Active,40506.7,2024-11-30
A0002865,C002677,Premium,Active,115524.42,2017-06-30
A0002866,C002677,Savings,Active,144387.07,2019-06-22
A0002867,C002678,Salary,Active,29759.63,2021-01-22
A0002868,C002678,Salary,Active,218509.92,2020-11-14
A0002869,C002680,Savings,Active,24090.31,2020-04-14
A0002870,C002680,Savings,Active,12808.57,2016-12-22
A0002871,C002681,Current,Active,599974.11,2024-05-18
A0002872,C002682,Salary,Active,41877.04,2021-05-24
A0002873,C002686,Savings,Active,11850.45,2016-09-16
A0002874,C002686,Savings,Active,12516.51,2016-12-19
A0002875,C002687,Current,Active,40101.3,2024-11-30
A0002876,C002688,Savings,Active,64316.02,2023-07-06
A0002877,C002690,Current,Active,30446.44,2016-12-05
A0002878,C002690,Savings,Active,88328.66,2018-10-28
A0002879,C002691,Current,Active,56527.33,2018-04-01
A0002880,C002692,Salary,Active,37131.55,2020-08-17
A0002881,C002693,Savings,Dormant,116758.7,2022-05-05
A0002882,C002695,Savings,Active,21340.0,2024-10-24
A0002883,C002696,Salary,Closed,156897.98,2022-08-03
A0002884,C002697,Salary,Active,96712.33,2020-05-13
A0002885,C002698,Current,Active,53956.72,2018-09-22
A0002886,C002698,Salary,Active,179502.17,2017-07-04
A0002887,C002700,Salary,Active,50209.57,2019-01-19
A0002888,C002700,Current,Active,69464.27,2022-03-09
A0002889,C002701,Savings,Active,30557.5,2024-11-30
A0002890,C002702,Current,Active,66111.89,2024-11-30
A0002891,C002702,Salary,Active,148519.76,2024-11-30
A0002892,C002704,Savings,Active,129620.41,2024-11-30
A0002893,C002704,Current,Active,36820.91,2024-11-30
A0002894,C002705,Salary,Active,21473.24,2022-05-01
A0002895,C002707,Current,Active,36796.68,2022-04-10
A0002896,C002708,Salary,Active,42215.59,2021-03-17
A0002897,C002708,Savings,Active,28612.38,2019-05-02
A0002898,C002709,Current,Active,8651.71,2017-10-05
A0002899,C002710,Savings,Active,22921.3,2018-02-07
A0002900,C002712,Savings,Active,20287.29,2021-01-19
A0002901,C002713,Current,Active,9705.76,2019-03-17
A0002902,C002714,Salary,Active,23107.07,2024-11-30
A0002903,C002715,Savings,Active,33916.52,2018-10-14
A0002904,C002716,Current,Active,49037.63,2024-11-30
A0002905,C002717,Savings,Active,36786.31,2024-11-30
A0002906,C002717,Savings,Active,39970.46,2024-11-30
A0002907,C002718,Savings,Active,58244.79,2018-06-30
A0002908,C002719,Savings,Active,20971.95,2016-09-17
A0002909,C002720,Savings,Active,31020.23,2021-07-03
A0002910,C002720,Savings,Active,34106.64,2023-03-04
A0002911,C002721,Savings,Active,42782.1,2019-12-01
A0002912,C002721,Salary,Active,38502.29,2019-11-28
A0002913,C002722,Savings,Active,40714.12,2022-03-01
A0002914,C002722,Current,Active,12079.0,2022-05-29
A0002915,C002723,Current,Active,19095.2,2022-04-21
A0002916,C002723,Salary,Active,20112.6,2020-08-19
A0002917,C002724,Savings,Active,801325.78,2022-12-20
A0002918,C002725,Savings,Closed,47330.04,2019-08-25
A0002919,C002726,Salary,Active,12228.48,2024-11-30
A0002920,C002727,Current,Active,116940.98,2018-05-16
A0002921,C002729,Savings,Closed,8529.65,2022-12-22
A0002922,C002729,Salary,Active,15095.12,2020-10-24
A0002923,C002730,Savings,Active,350985.55,2018-12-16
A0002924,C002730,Savings,Active,75868.0,2018-02-01
A0002925,C002731,Salary,Active,143687.92,2024-11-30
A0002926,C002732,Salary,Active,38199.24,2020-07-06
A0002927,C002732,Salary,Active,26262.33,2018-12-26
A0002928,C002734,Savings,Active,114162.06,2019-02-14
A0002929,C002735,Savings,Active,10195.93,2023-02-02
A0002930,C002737,Savings,Active,57758.97,2023-06-09
A0002931,C002738,Current,Active,110422.04,2015-08-25
A0002932,C002740,Savings,Active,35579.81,2024-11-30
A0002933,C002741,Current,Active,302665.52,2016-07-09
A0002934,C002741,Savings,Active,258432.68,2019-08-24
A0002935,C002742,Current,Active,14051.04,2021-06-25
A0002936,C002743,Savings,Active,52242.43,2022-03-28
A0002937,C002743,Savings,Active,33674.84,2020-09-29
A0002938,C002744,Current,Active,29509.72,2022-11-21
A0002939,C002745,Current,Closed,18490.68,2020-12-03
A0002940,C002746,Salary,Active,34152.19,2021-08-23
A0002941,C002747,Salary,Active,76008.59,2021-01-08
A0002942,C002748,Savings,Active,27091.97,2016-12-05
A0002943,C002748,Salary,Active,46038.24,2016-12-02
A0002944,C002749,Savings,Dormant,6312.68,2017-06-26
A0002945,C002750,Salary,Active,24430.68,2023-05-08
A0002946,C002750,Savings,Active,19495.27,2024-11-30
A0002947,C002751,Savings,Active,7259.02,2024-01-18
A0002948,C002751,Salary,Active,36751.09,2024-11-30
A0002949,C002752,Current,Active,60603.24,2024-11-30
A0002950,C002753,Savings,Active,45585.59,2024-07-26
A0002951,C002753,Savings,Active,14423.92,2024-11-30
A0002952,C002754,Salary,Active,27727.12,2024-11-30
A0002953,C002755,Premium,Closed,469136.7,2024-11-30
A0002954,C002755,Salary,Dormant,649706.0,2023-12-20
A0002955,C002756,Current,Active,91123.78,2024-09-28
A0002956,C002757,Savings,Active,137582.69,2020-06-06
A0002957,C002758,Salary,Active,10100.27,2024-11-30
A0002958,C002760,Salary,Active,39954.49,2020-02-28
A0002959,C002760,Salary,Active,16825.22,2020-02-24
A0002960,C002761,Savings,Active,41558.07,2021-11-03
A0002961,C002761,Premium,Closed,236459.01,2019-07-13
A0002962,C002762,Current,Closed,17106.68,2024-11-30
A0002963,C002762,Salary,Active,44249.82,2023-08-04
A0002964,C002763,Salary,Closed,29591.24,2023-01-17
A0002965,C002764,Savings,Active,16369.34,2024-03-30
A0002966,C002765,Premium,Active,88285.14,2024-11-30
A0002967,C002766,Savings,Active,5881.39,2019-04-07
A0002968,C002766,Savings,Active,10523.74,2016-05-05
A0002969,C002767,Salary,Active,38031.55,2021-10-06
A0002970,C002768,Current,Active,2070.44,2022-01-01
A0002971,C002769,Savings,Active,26082.67,2019-08-02
A0002972,C002770,Current,Active,28472.38,2020-05-17
A0002973,C002771,Savings,Active,58641.61,2022-12-26
A0002974,C002772,Current,Active,11490.49,2022-10-18
A0002975,C002773,Savings,Active,26673.55,2022-04-30
A0002976,C002774,Savings,Active,47396.7,2024-11-30
A0002977,C002774,Salary,Closed,140680.5,2024-11-30
A0002978,C002775,Savings,Active,20344.73,2022-12-06
A0002979,C002775,Savings,Active,19438.46,2020-05-24
A0002980,C002776,Premium,Active,76744.73,2018-02-14
A0002981,C002777,Savings,Active,12461.77,2017-08-10
A0002982,C002778,Savings,Active,128778.2,2018-05-17
A0002983,C002778,Savings,Active,83199.59,2018-07-25
A0002984,C002779,Savings,Active,132467.64,2022-05-12
A0002985,C002780,Current,Active,87270.01,2023-05-04
A0002986,C002781,Salary,Active,26847.62,2015-08-04
A0002987,C002781,Savings,Active,7377.27,2019-01-20
A0002988,C002782,Premium,Active,98498.0,2024-01-23
A0002989,C002784,Current,Active,9443.9,2022-02-14
A0002990,C002785,Current,Active,30616.15,2019-12-21
A0002991,C002786,Savings,Active,83978.94,2020-01-28
A0002992,C002786,Salary,Active,73708.08,2020-09-17
A0002993,C002787,Current,Active,44371.3,2017-06-19
A0002994,C002788,Savings,Active,22995.16,2024-11-30
A0002995,C002789,Savings,Active,80583.49,2024-07-10
A0002996,C002790,Savings,Active,13234.72,2024-09-13
A0002997,C002792,Salary,Active,39170.25,2024-11-30
A0002998,C002792,Current,Active,7045.32,2024-09-10
A0002999,C002793,Current,Active,9778.94,2017-04-04
A0003000,C002794,Savings,Active,24330.14,2019-02-03
A0003001,C002794,Savings,Dormant,49447.69,2019-03-01
A0003002,C002795,Current,Dormant,21051.52,2017-12-14
A0003003,C002796,Savings,Dormant,118370.32,2019-06-01
A0003004,C002797,Savings,Active,17461.77,2019-05-24
A0003005,C002797,Savings,Active,10945.69,2018-06-18
A0003006,C002798,Savings,Active,14946.73,2023-07-03
A0003007,C002799,Savings,Active,57172.31,2019-05-18
A0003008,C002799,Premium,Active,144188.05,2017-03-04
A0003009,C002800,Current,Active,35471.19,2024-02-21
A0003010,C002802,Savings,Active,66349.81,2019-05-23
A0003011,C002803,Current,Active,19132.6,2018-05-21
A0003012,C002803,Current,Active,8536.74,2018-10-18
A0003013,C002804,Savings,Active,50485.93,2017-01-30
A0003014,C002805,Savings,Active,184754.23,2024-10-14
A0003015,C002805,Salary,Active,113073.16,2024-08-25
A0003016,C002806,Savings,Active,34762.49,2024-11-30
A0003017,C002807,Current,Active,48050.4,2021-11-26
A0003018,C002808,Savings,Closed,15131.1,2023-07-28
A0003019,C002809,Current,Active,86094.81,2022-05-27
A0003020,C002809,Salary,Active,142100.65,2020-08-06
A0003021,C002810,Current,Active,26405.12,2019-05-23
A0003022,C002811,Premium,Active,8394.57,2021-09-09
A0003023,C002812,Savings,Active,144409.53,2018-06-03
A0003024,C002814,Savings,Active,94101.7,2024-11-30
A0003025,C002814,Salary,Active,14110.04,2022-09-13
A0003026,C002815,Savings,Active,10886.68,2024-01-16
A0003027,C002815,Current,Active,4733.32,2024-11-30
A0003028,C002816,Savings,Active,12572.28,2019-08-14
A0003029,C002816,Savings,Active,26830.37,2017-01-03
A0003030,C002817,Current,Active,110123.71,2021-10-05
A0003031,C002818,Salary,Active,188432.44,2022-02-09
A0003032,C002819,Current,Active,43941.62,2024-11-30
A0003033,C002819,Premium,Active,50182.38,2024-11-30
A0003034,C002820,Salary,Active,60402.32,2020-10-19
A0003035,C002822,Savings,Active,49985.49,2024-11-30
A0003036,C002823,Current,Active,7308.14,2023-12-02
A0003037,C002824,Current,Active,12585.17,2024-11-30
A0003038,C002824,Salary,Active,53478.32,2022-12-17
A0003039,C002825,Salary,Active,82191.43,2024-06-01
A0003040,C002825,Salary,Active,61727.74,2024-11-30
A0003041,C002827,Savings,Active,90998.26,2020-01-03
A0003042,C002828,Salary,Active,23432.4,2022-08-04
A0003043,C002829,Salary,Active,82745.97,2024-11-30
A0003044,C002830,Current,Active,24472.82,2023-11-22
A0003045,C002831,Savings,Active,42602.21,2023-04-12
A0003046,C002832,Premium,Active,42436.6,2018-02-16
A0003047,C002832,Savings,Active,36491.85,2017-10-08
A0003048,C002833,Salary,Active,68188.64,2023-02-15
A0003049,C002834,Salary,Active,66489.0,2016-08-23
A0003050,C002835,Savings,Active,21866.92,2024-06-25
A0003051,C002837,Current,Active,27017.59,2016-12-02
A0003052,C002838,Current,Active,18910.35,2024-11-30
A0003053,C002839,Premium,Dormant,15279.34,2021-11-05
A0003054,C002840,Salary,Dormant,369518.83,2024-11-30
A0003055,C002841,Savings,Active,28014.32,2021-01-15
A0003056,C002842,Salary,Active,6727.71,2017-10-13
A0003057,C002843,Savings,Active,97200.98,2022-07-14
A0003058,C002846,Current,Active,80274.74,2020-08-25
A0003059,C002846,Savings,Active,82260.73,2024-05-11
A0003060,C002847,Savings,Active,40074.72,2023-03-23
A0003061,C002848,Savings,Active,30048.98,2018-09-28
A0003062,C002849,Salary,Dormant,7699.93,2019-04-29
A0003063,C002850,Savings,Active,29832.35,2022-10-02
A0003064,C002850,Savings,Active,70634.66,2023-04-27
A0003065,C002851,Salary,Active,124074.32,2024-11-30
A0003066,C002851,Current,Active,21884.23,2024-11-30
A0003067,C002852,Premium,Active,1507366.68,2017-05-01
A0003068,C002853,Savings,Active,47253.16,2017-03-03
A0003069,C002853,Salary,Active,43790.02,2019-01-05
A0003070,C002854,Salary,Active,40206.34,2022-10-10
A0003071,C002855,Salary,Active,187247.8,2018-04-13
A0003072,C002857,Salary,Active,35038.02,2021-07-08
A0003073,C002858,Savings,Active,9085.78,2022-05-07
A0003074,C002859,Savings,Active,42108.67,2016-08-26
A0003075,C002861,Savings,Active,75156.16,2023-08-11
A0003076,C002862,Current,Active,79103.65,2020-12-20
A0003077,C002864,Savings,Closed,7831.37,2019-01-20
A0003078,C002864,Savings,Active,27813.4,2020-10-18
A0003079,C002865,Savings,Active,92658.35,2023-03-22
A0003080,C002867,Current,Active,29011.68,2024-04-15
A0003081,C002867,Salary,Closed,54121.41,2024-11-25
A0003082,C002869,Savings,Active,19011.73,2024-03-16
A0003083,C002870,Savings,Active,35473.78,2017-04-03
A0003084,C002871,Savings,Active,49917.49,2022-05-13
A0003085,C002873,Current,Active,75908.86,2017-11-06
A0003086,C002873,Current,Active,69450.47,2018-02-24
A0003087,C002874,Salary,Active,63216.76,2024-04-28
A0003088,C002874,Savings,Active,188517.89,2023-10-20
A0003089,C002875,Current,Active,12521.55,2022-05-05
A0003090,C002876,Current,Dormant,71588.26,2021-11-27
A0003091,C002878,Current,Active,18575.99,2024-11-30
A0003092,C002878,Savings,Active,31882.8,2024-11-30
A0003093,C002879,Premium,Active,79949.63,2021-06-08
A0003094,C002880,Savings,Active,27284.34,2024-11-30
A0003095,C002880,Salary,Closed,22755.27,2022-05-22
A0003096,C002881,Salary,Active,120949.08,2018-10-29
A0003097,C002882,Current,Active,84495.75,2023-05-02
A0003098,C002882,Premium,Active,87413.28,2024-09-05
A0003099,C002883,Salary,Dormant,29923.64,2016-07-17
A0003100,C002884,Premium,Active,500977.35,2024-11-30
A0003101,C002885,Current,Active,46378.58,2023-03-04
A0003102,C002885,Premium,Active,794765.54,2020-03-03
A0003103,C002886,Savings,Active,40936.69,2023-03-26
A0003104,C002887,Salary,Closed,46108.13,2024-01-04
A0003105,C002888,Salary,Active,21493.41,2023-05-20
A0003106,C002889,Salary,Active,119421.88,2023-06-26
A0003107,C002890,Savings,Dormant,81344.69,2017-08-18
A0003108,C002891,Savings,Active,47840.86,2023-08-09
A0003109,C002893,Current,Active,23058.33,2022-06-03
A0003110,C002894,Savings,Closed,15546.52,2024-11-30
A0003111,C002894,Salary,Active,144784.38,2024-11-30
A0003112,C002895,Current,Active,83393.8,2019-08-10
A0003113,C002896,Savings,Closed,43370.14,2018-12-15
A0003114,C002897,Savings,Active,18686.03,2022-07-28
A0003115,C002897,Savings,Active,9316.77,2023-06-06
A0003116,C002898,Current,Active,201896.4,2019-02-06
A0003117,C002898,Savings,Active,353400.81,2020-01-27
A0003118,C002899,Savings,Active,101811.22,2021-09-28
A0003119,C002900,Salary,Active,31933.01,2024-10-07
A0003120,C002901,Savings,Active,40753.42,2024-11-30
A0003121,C002902,Savings,Active,120792.58,2022-03-29
A0003122,C002902,Current,Active,48295.43,2022-12-07
A0003123,C002903,Current,Dormant,47085.47,2024-11-07
A0003124,C002905,Savings,Active,21362.81,2018-02-26
A0003125,C002905,Savings,Active,10368.58,2018-11-20
A0003126,C002906,Savings,Active,38394.15,2023-09-10
A0003127,C002907,Salary,Active,44006.94,2020-08-17
A0003128,C002908,Salary,Active,58532.27,2017-06-18
A0003129,C002909,Savings,Active,43838.42,2023-05-21
A0003130,C002911,Savings,Active,45668.71,2020-02-12
A0003131,C002912,Current,Active,19602.15,2020-02-05
A0003132,C002913,Savings,Active,8614.84,2016-11-21
A0003133,C002914,Savings,Active,53654.08,2023-01-18
A0003134,C002915,Current,Active,13469.99,2022-02-07
A0003135,C002915,Current,Active,50799.56,2021-03-04
A0003136,C002916,Premium,Active,295831.28,2018-10-27
A0003137,C002917,Savings,Active,51390.4,2022-02-01
A0003138,C002919,Savings,Dormant,42698.03,2017-04-21
A0003139,C002920,Savings,Active,55777.53,2022-07-30
A0003140,C002920,Savings,Active,53101.93,2022-07-04
A0003141,C002921,Savings,Active,33963.41,2020-03-16
A0003142,C002922,Salary,Active,78033.41,2017-06-08
A0003143,C002922,Salary,Active,281908.74,2020-10-19
A0003144,C002923,Savings,Active,39796.67,2021-09-07
A0003145,C002923,Current,Closed,37488.92,2022-08-04
A0003146,C002925,Current,Active,112957.66,2018-08-06
A0003147,C002926,Salary,Active,24066.2,2020-08-23
A0003148,C002928,Salary,Closed,4922.8,2022-11-17
A0003149,C002929,Savings,Active,53086.66,2020-06-08
A0003150,C002930,Savings,Active,90625.07,2024-05-24
A0003151,C002931,Salary,Closed,62471.78,2019-11-25
A0003152,C002932,Savings,Active,21708.89,2019-12-28
A0003153,C002935,Savings,Active,376028.91,2020-08-29
A0003154,C002935,Savings,Active,894027.26,2018-12-10
A0003155,C002937,Current,Active,14292.54,2020-10-28
A0003156,C002937,Savings,Active,7397.71,2018-04-08
A0003157,C002938,Current,Active,31428.36,2024-11-30
A0003158,C002938,Savings,Active,17540.3,2024-11-30
A0003159,C002939,Current,Active,107952.72,2024-03-15
A0003160,C002939,Premium,Active,160172.97,2022-07-08
A0003161,C002940,Current,Active,5455.66,2022-02-07
A0003162,C002940,Current,Active,8593.83,2021-11-10
A0003163,C002941,Savings,Closed,27176.97,2022-09-11
A0003164,C002941,Savings,Active,40321.71,2023-09-23
A0003165,C002942,Current,Active,34447.03,2018-08-19
A0003166,C002942,Savings,Active,13295.12,2019-04-23
A0003167,C002943,Savings,Active,41457.09,2024-11-30
A0003168,C002943,Savings,Active,81287.71,2023-12-01
A0003169,C002944,Current,Active,135441.88,2024-11-30
A0003170,C002945,Savings,Active,20274.96,2019-06-14
A0003171,C002945,Salary,Active,7711.4,2018-01-30
A0003172,C002947,Savings,Active,20548.91,2016-04-17
A0003173,C002948,Savings,Active,24477.45,2021-07-23
A0003174,C002949,Savings,Active,60697.97,2024-06-22
A0003175,C002949,Current,Active,23716.08,2023-01-18
A0003176,C002950,Savings,Active,26770.55,2023-05-09
A0003177,C002951,Savings,Active,9497.49,2018-11-13
A0003178,C002952,Savings,Active,8110.12,2024-06-13
A0003179,C002953,Current,Active,11956.47,2017-08-04
A0003180,C002954,Current,Active,30457.84,2023-09-08
A0003181,C002955,Salary,Active,54904.48,2023-03-29
A0003182,C002956,Current,Active,50481.66,2016-04-29
A0003183,C002956,Current,Closed,21571.61,2016-08-08
A0003184,C002957,Savings,Active,11516.7,2023-04-19
A0003185,C002957,Current,Active,18273.04,2024-07-20
A0003186,C002958,Current,Active,30133.43,2024-05-18
A0003187,C002960,Savings,Active,106462.33,2023-05-02
A0003188,C002961,Salary,Active,26431.05,2019-08-11
A0003189,C002962,Savings,Closed,108696.56,2017-01-15
A0003190,C002962,Salary,Closed,172536.79,2018-11-08
A0003191,C002963,Current,Active,84910.46,2020-03-25
A0003192,C002963,Current,Dormant,85943.71,2019-02-25
A0003193,C002964,Savings,Active,57069.73,2019-05-01
A0003194,C002964,Savings,Active,60908.8,2019-06-16
A0003195,C002965,Salary,Active,16676.3,2022-02-07
A0003196,C002966,Premium,Active,98525.19,2019-10-22
A0003197,C002966,Current,Active,100253.33,2022-09-19
A0003198,C002967,Savings,Active,92971.37,2024-11-30
A0003199,C002968,Salary,Active,12738.72,2022-08-08
A0003200,C002968,Savings,Active,11213.9,2021-06-28
A0003201,C002969,Savings,Active,31980.17,2024-11-30
A0003202,C002969,Salary,Closed,23684.36,2021-05-01
A0003203,C002972,Current,Active,6344.65,2020-06-27
A0003204,C002972,Savings,Active,12928.59,2021-09-06
A0003205,C002973,Salary,Active,94194.22,2023-09-22
A0003206,C002973,Savings,Active,92661.85,2024-11-30
A0003207,C002974,Salary,Active,244652.09,2024-11-30
A0003208,C002975,Savings,Active,14272.44,2020-06-28
A0003209,C002976,Premium,Active,94224.81,2021-08-12
A0003210,C002976,Savings,Active,54784.96,2024-11-30
A0003211,C002977,Current,Closed,66442.11,2019-07-24
A0003212,C002978,Savings,Active,45472.68,2018-03-06
A0003213,C002979,Savings,Active,20497.25,2021-03-26
A0003214,C002980,Savings,Active,80564.19,2023-07-28
A0003215,C002980,Savings,Active,22982.15,2024-11-30
A0003216,C002981,Salary,Dormant,51408.92,2020-08-15
A0003217,C002982,Savings,Active,32835.79,2017-07-25
A0003218,C002983,Current,Dormant,29419.95,2024-10-16
A0003219,C002984,Current,Dormant,60972.96,2019-02-24
A0003220,C002984,Savings,Active,88047.78,2018-08-20
A0003221,C002985,Current,Active,17414.49,2017-09-01
A0003222,C002986,Current,Dormant,11650.46,2022-10-25
A0003223,C002987,Savings,Active,352005.0,2020-03-17
A0003224,C002987,Savings,Active,124793.82,2021-12-11
A0003225,C002988,Savings,Active,14717.08,2021-04-24
A0003226,C002988,Current,Active,17140.88,2019-10-22
A0003227,C002989,Salary,Closed,62557.95,2021-02-26
A0003228,C002990,Savings,Active,23357.15,2024-11-30
A0003229,C002991,Savings,Active,69140.65,2022-02-25
A0003230,C002991,Current,Dormant,20167.24,2021-08-25
A0003231,C002992,Savings,Active,137187.07,2021-05-10
A0003232,C002994,Current,Active,50880.51,2019-07-09
A0003233,C002994,Savings,Active,34989.16,2018-09-01
A0003234,C002995,Current,Active,20409.78,2020-03-08
A0003235,C002995,Savings,Active,61925.57,2016-10-23
A0003236,C002996,Savings,Active,52844.84,2023-09-18
A0003237,C002997,Savings,Active,32210.16,2024-04-29
A0003238,C002998,Savings,Active,24805.97,2024-05-14
A0003239,C002999,Savings,Active,220060.53,2019-08-30
A0003240,C003000,Savings,Active,57073.4,2021-07-28
A0003241,C003002,Savings,Active,38602.38,2024-03-27
A0003242,C003003,Current,Closed,41542.0,2020-12-26
A0003243,C003003,Savings,Active,57708.13,2022-02-02
A0003244,C003004,Salary,Closed,22114.41,2019-11-08
A0003245,C003005,Current,Active,44849.03,2024-01-31
A0003246,C003005,Current,Active,31857.4,2024-11-09
A0003247,C003006,Savings,Active,55815.29,2019-02-24
A0003248,C003008,Current,Active,38382.46,2019-05-09
A0003249,C003010,Savings,Active,12864.77,2024-02-26
A0003250,C003010,Salary,Active,16493.56,2023-11-04
A0003251,C003011,Salary,Active,13064.94,2024-11-30
A0003252,C003012,Savings,Active,26945.4,2024-11-30
A0003253,C003014,Savings,Active,37649.37,2020-11-28
A0003254,C003014,Current,Active,21831.16,2017-10-07
A0003255,C003015,Current,Active,13879.65,2020-03-10
A0003256,C003016,Salary,Active,37216.4,2019-12-23
A0003257,C003017,Savings,Active,66588.65,2016-02-20
A0003258,C003018,Savings,Active,40390.49,2020-05-23
A0003259,C003019,Current,Active,9920.93,2019-10-26
A0003260,C003019,Salary,Active,35605.9,2016-07-17
A0003261,C003020,Current,Active,12002.98,2024-02-17
A0003262,C003021,Savings,Active,178980.29,2019-01-13
A0003263,C003022,Savings,Active,20452.4,2019-09-03
A0003264,C003023,Savings,Dormant,57921.21,2019-05-10
A0003265,C003024,Salary,Active,19276.62,2022-01-12
A0003266,C003024,Savings,Active,10955.08,2022-05-22
A0003267,C003025,Savings,Closed,14539.69,2024-04-22
A0003268,C003026,Current,Dormant,29673.85,2024-11-30
A0003269,C003028,Current,Closed,7211.93,2023-03-11
A0003270,C003030,Current,Active,48199.29,2024-07-20
A0003271,C003030,Salary,Closed,13373.09,2024-11-30
A0003272,C003031,Premium,Active,8503.44,2023-09-12
A0003273,C003032,Premium,Active,96627.8,2020-09-16
A0003274,C003033,Current,Active,28115.71,2016-12-03
A0003275,C003034,Savings,Active,18151.65,2015-05-07
A0003276,C003035,Current,Closed,48798.66,2017-10-28
A0003277,C003036,Salary,Active,154881.59,2017-09-02
A0003278,C003037,Current,Active,5508.87,2023-08-03
A0003279,C003037,Savings,Active,11807.29,2022-08-22
A0003280,C003040,Current,Active,68404.21,2024-11-30
A0003281,C003041,Savings,Active,190978.2,2022-08-07
A0003282,C003042,Savings,Active,30616.44,2020-06-27
A0003283,C003043,Savings,Active,27245.6,2020-11-11
A0003284,C003044,Savings,Active,11329.76,2022-02-06
A0003285,C003045,Savings,Closed,757981.94,2024-11-30
A0003286,C003046,Savings,Dormant,34201.37,2022-09-11
A0003287,C003047,Current,Active,58979.05,2024-11-30
A0003288,C003048,Current,Active,94836.29,2020-01-22
A0003289,C003048,Salary,Active,436416.32,2021-08-03
A0003290,C003049,Current,Active,188742.68,2019-05-10
A0003291,C003050,Current,Active,20771.61,2024-05-06
A0003292,C003051,Savings,Active,32383.65,2023-12-28
A0003293,C003053,Current,Dormant,34376.93,2022-08-11
A0003294,C003054,Savings,Active,2417.49,2017-10-23
A0003295,C003055,Salary,Active,27176.13,2017-06-11
A0003296,C003056,Salary,Dormant,20682.1,2018-10-23
A0003297,C003057,Salary,Dormant,136678.44,2015-11-23
A0003298,C003058,Savings,Active,63392.32,2021-04-28
A0003299,C003059,Current,Active,10760.16,2015-01-05
A0003300,C003059,Savings,Dormant,45000.58,2017-04-27
A0003301,C003060,Current,Active,34945.88,2020-08-23
A0003302,C003060,Salary,Active,44917.54,2022-02-05
A0003303,C003061,Savings,Dormant,67019.89,2016-10-30
A0003304,C003062,Salary,Active,580296.74,2018-08-23
A0003305,C003063,Savings,Active,25770.91,2019-07-20
A0003306,C003063,Current,Active,10230.22,2020-02-20
A0003307,C003064,Savings,Active,534210.4,2020-04-19
A0003308,C003066,Salary,Active,31525.3,2023-10-21
A0003309,C003067,Savings,Dormant,52139.33,2020-01-10
A0003310,C003068,Premium,Active,238709.7,2024-11-30
A0003311,C003069,Savings,Active,65220.1,2022-02-17
A0003312,C003070,Savings,Active,40180.22,2020-02-22
A0003313,C003070,Current,Active,39219.9,2019-04-25
A0003314,C003071,Savings,Active,44893.63,2022-04-09
A0003315,C003073,Savings,Active,191115.56,2022-11-30
A0003316,C003073,Savings,Active,94840.83,2020-12-02
A0003317,C003075,Savings,Active,32661.6,2020-04-12
A0003318,C003075,Savings,Active,21317.44,2019-10-17
A0003319,C003077,Savings,Active,10086.31,2022-07-15
A0003320,C003078,Current,Active,20934.67,2020-10-25
A0003321,C003079,Savings,Active,20252.62,2018-11-04
A0003322,C003081,Savings,Active,42440.72,2021-08-14
A0003323,C003082,Salary,Closed,25988.9,2020-04-09
A0003324,C003082,Savings,Active,22774.4,2022-08-22
A0003325,C003084,Savings,Active,79416.02,2021-08-26
A0003326,C003085,Savings,Active,12383.35,2019-09-13
A0003327,C003086,Savings,Dormant,60040.85,2023-11-21
A0003328,C003087,Savings,Active,159725.45,2021-07-26
A0003329,C003089,Salary,Active,67517.74,2017-03-02
A0003330,C003090,Current,Dormant,161168.98,2024-11-30
A0003331,C003090,Current,Active,172260.88,2024-11-30
A0003332,C003091,Salary,Active,48476.94,2023-11-18
A0003333,C003092,Savings,Active,132635.89,2024-11-30
A0003334,C003092,Savings,Active,47455.01,2024-11-30
A0003335,C003093,Current,Active,23753.38,2018-09-21
A0003336,C003094,Savings,Active,74105.56,2020-02-04
A0003337,C003096,Savings,Active,52664.81,2018-10-12
A0003338,C003098,Premium,Active,35014.9,2020-10-05
A0003339,C003099,Current,Active,34250.75,2023-03-26
A0003340,C003100,Current,Dormant,52308.41,2022-12-31
A0003341,C003101,Savings,Active,53532.58,2024-11-30
A0003342,C003101,Salary,Active,26077.21,2024-11-30
A0003343,C003102,Salary,Active,17740.73,2024-10-12
A0003344,C003103,Salary,Active,32685.49,2019-11-14
A0003345,C003104,Savings,Active,96373.64,2023-01-04
A0003346,C003105,Savings,Active,23785.22,2017-04-08
A0003347,C003105,Salary,Active,39012.24,2019-10-21
A0003348,C003106,Salary,Active,55082.61,2024-11-30
A0003349,C003107,Savings,Active,175621.51,2023-03-14
A0003350,C003108,Salary,Active,62048.64,2024-09-11
A0003351,C003109,Salary,Active,59858.66,2021-01-16
A0003352,C003109,Salary,Dormant,47729.65,2021-02-20
A0003353,C003111,Current,Active,89943.39,2023-12-10
A0003354,C003111,Current,Active,20522.23,2024-11-30
A0003355,C003112,Current,Active,97314.35,2017-05-16
A0003356,C003114,Savings,Active,43292.39,2020-02-04
A0003357,C003114,Salary,Active,31676.14,2017-05-04
A0003358,C003116,Savings,Active,88660.75,2024-11-30
A0003359,C003117,Current,Active,3959.76,2020-01-27
A0003360,C003118,Savings,Active,111674.06,2023-04-09
A0003361,C003118,Savings,Active,89354.33,2024-11-30
A0003362,C003120,Savings,Active,51378.1,2022-09-27
A0003363,C003120,Current,Active,207553.34,2023-01-30
A0003364,C003121,Savings,Active,21010.47,2017-11-15
A0003365,C003122,Premium,Active,73674.0,2024-11-30
A0003366,C003123,Salary,Active,53110.77,2023-03-01
A0003367,C003125,Salary,Active,228968.78,2024-11-30
A0003368,C003127,Savings,Dormant,153509.18,2020-03-28
A0003369,C003127,Current,Active,27454.59,2022-09-21
A0003370,C003129,Current,Active,36949.05,2019-09-27
A0003371,C003129,Salary,Active,41309.01,2018-05-27
A0003372,C003130,Savings,Active,24550.28,2021-02-09
A0003373,C003131,Savings,Active,27809.52,2020-02-06
A0003374,C003132,Savings,Active,199214.26,2017-10-09
A0003375,C003132,Current,Active,18267.08,2016-01-29
A0003376,C003133,Salary,Active,33567.3,2019-03-28
A0003377,C003133,Salary,Active,33103.41,2019-07-11
A0003378,C003134,Premium,Active,117629.31,2022-08-08
A0003379,C003135,Premium,Active,166990.94,2024-05-27
A0003380,C003135,Salary,Active,29439.16,2024-11-30
A0003381,C003136,Salary,Active,200231.39,2024-11-30
A0003382,C003137,Savings,Active,25886.49,2021-02-04
A0003383,C003137,Savings,Active,39553.24,2019-01-21
A0003384,C003138,Current,Active,17583.15,2022-08-07
A0003385,C003139,Savings,Active,31771.02,2016-09-27
A0003386,C003140,Savings,Active,50527.59,2021-03-31
A0003387,C003140,Salary,Active,88596.52,2023-05-22
A0003388,C003142,Salary,Active,49318.96,2019-08-19
A0003389,C003143,Current,Active,30900.73,2021-05-11
A0003390,C003144,Premium,Active,174820.91,2018-12-01
A0003391,C003145,Savings,Active,16722.14,2022-07-29
A0003392,C003145,Savings,Active,30389.45,2021-10-20
A0003393,C003146,Salary,Active,16216.64,2023-01-27
A0003394,C003147,Savings,Active,206392.58,2017-12-11
A0003395,C003148,Salary,Active,22550.17,2024-11-30
A0003396,C003148,Salary,Closed,33322.22,2024-05-28
A0003397,C003149,Savings,Active,8433.87,2019-11-27
A0003398,C003150,Savings,Active,6241.11,2022-06-12
A0003399,C003151,Savings,Dormant,17072.01,2024-11-30
A0003400,C003151,Savings,Active,69184.11,2023-06-18
A0003401,C003152,Savings,Active,13509.28,2024-11-30
A0003402,C003153,Current,Active,19054.0,2024-11-30
A0003403,C003154,Current,Active,4393.74,2017-02-03
A0003404,C003155,Current,Active,107856.87,2021-11-03
A0003405,C003156,Current,Active,25922.62,2023-11-01
A0003406,C003157,Savings,Dormant,21225.12,2017-03-27
A0003407,C003157,Savings,Active,23543.71,2018-04-12
A0003408,C003158,Current,Active,17908.77,2021-02-18
A0003409,C003158,Savings,Active,21790.68,2023-08-31
A0003410,C003159,Savings,Active,99964.39,2022-11-17
A0003411,C003160,Savings,Active,30179.91,2021-08-17
A0003412,C003160,Current,Active,19045.32,2021-02-06
A0003413,C003161,Savings,Dormant,97192.94,2020-03-21
A0003414,C003161,Current,Active,75324.61,2022-07-10
A0003415,C003162,Savings,Active,17037.53,2019-03-30
A0003416,C003163,Savings,Active,57123.2,2024-11-30
A0003417,C003165,Savings,Active,20047.4,2018-11-11
A0003418,C003165,Salary,Active,37488.31,2017-06-18
A0003419,C003166,Savings,Active,199369.32,2019-10-15
A0003420,C003167,Current,Active,15116.08,2024-03-05
A0003421,C003168,Savings,Active,127947.46,2022-03-26
A0003422,C003168,Savings,Active,137085.34,2022-04-16
A0003423,C003169,Salary,Active,13634.55,2019-03-02
A0003424,C003170,Savings,Active,47340.43,2022-10-31
A0003425,C003171,Premium,Active,264699.46,2023-09-13
A0003426,C003171,Savings,Active,143725.96,2022-08-25
A0003427,C003172,Savings,Active,27357.93,2020-09-19
A0003428,C003173,Current,Active,69434.94,2018-12-05
A0003429,C003173,Savings,Active,128402.99,2019-05-09
A0003430,C003174,Current,Dormant,19325.65,2022-02-13
A0003431,C003175,Savings,Active,24372.34,2022-03-30
A0003432,C003176,Current,Dormant,41287.18,2023-05-29
A0003433,C003177,Current,Dormant,33869.79,2017-08-06
A0003434,C003177,Savings,Active,28650.47,2019-12-04
A0003435,C003179,Salary,Dormant,94318.06,2024-11-30
A0003436,C003180,Premium,Active,24121.85,2017-03-13
A0003437,C003180,Savings,Active,8142.05,2019-11-21
A0003438,C003181,Current,Active,28808.18,2022-10-10
A0003439,C003182,Savings,Active,152640.4,2024-09-08
A0003440,C003183,Savings,Active,58902.32,2021-04-15
A0003441,C003184,Premium,Active,20809.52,2020-06-15
A0003442,C003185,Current,Active,78797.11,2018-11-06
A0003443,C003186,Current,Active,18287.44,2020-01-15
A0003444,C003187,Salary,Active,30688.13,2017-05-29
A0003445,C003188,Current,Active,86258.52,2018-10-18
A0003446,C003189,Current,Active,23500.66,2019-11-07
A0003447,C003191,Savings,Active,130410.18,2016-02-22
A0003448,C003191,Savings,Closed,41782.33,2016-04-27
A0003449,C003192,Savings,Closed,534641.37,2019-01-27
A0003450,C003193,Current,Active,17045.65,2022-06-11
A0003451,C003194,Savings,Active,17336.01,2022-08-23
A0003452,C003196,Current,Active,20132.48,2018-02-02
A0003453,C003197,Savings,Active,46873.2,2021-10-04
A0003454,C003198,Savings,Closed,94086.04,2024-11-30
A0003455,C003199,Current,Active,20967.11,2022-09-06
A0003456,C003200,Savings,Active,7886.38,2017-11-22
A0003457,C003201,Savings,Active,340089.14,2020-04-18
A0003458,C003202,Savings,Active,7825.24,2024-11-30
A0003459,C003202,Salary,Active,10053.0,2024-11-06
A0003460,C003203,Premium,Active,340860.54,2019-03-17
A0003461,C003203,Current,Active,27717.54,2020-01-26
A0003462,C003204,Salary,Active,73739.52,2019-01-24
A0003463,C003204,Current,Active,19549.37,2018-11-09
A0003464,C003205,Savings,Active,14384.76,2024-11-30
A0003465,C003206,Savings,Dormant,15948.83,2022-08-15
A0003466,C003207,Salary,Active,19097.68,2024-11-30
A0003467,C003207,Savings,Closed,44771.47,2024-11-30
A0003468,C003208,Salary,Active,7174.09,2019-07-31
A0003469,C003209,Current,Active,48014.74,2024-02-07
A0003470,C003209,Current,Active,27781.03,2024-11-30
A0003471,C003210,Savings,Active,12016.04,2020-01-25
A0003472,C003210,Savings,Active,6301.46,2022-03-11
A0003473,C003212,Savings,Active,22270.66,2021-05-15
A0003474,C003214,Savings,Active,4637.32,2024-02-17
A0003475,C003217,Current,Dormant,65501.87,2017-04-10
A0003476,C003218,Current,Active,14112.24,2021-05-04
A0003477,C003219,Salary,Active,12886.03,2016-05-16
A0003478,C003220,Salary,Active,76472.24,2024-11-30
A0003479,C003222,Salary,Closed,42472.58,2018-01-05
A0003480,C003222,Savings,Active,48687.69,2017-09-01
A0003481,C003223,Salary,Closed,37196.17,2019-12-26
A0003482,C003223,Salary,Active,59198.7,2019-05-14
A0003483,C003224,Current,Active,20089.49,2021-01-06
A0003484,C003226,Savings,Active,21149.56,2024-06-28
A0003485,C003227,Current,Active,47769.52,2023-06-25
A0003486,C003228,Current,Active,52885.61,2024-11-30
A0003487,C003230,Savings,Active,46620.47,2021-10-22
A0003488,C003231,Savings,Active,7240.5,2017-12-25
A0003489,C003232,Premium,Active,166868.89,2016-07-26
A0003490,C003233,Savings,Active,26423.47,2017-05-21
A0003491,C003235,Savings,Active,110527.34,2021-02-13
A0003492,C003235,Current,Active,100086.78,2019-03-29
A0003493,C003236,Savings,Active,44048.03,2024-11-30
A0003494,C003236,Current,Active,9960.51,2024-11-30
A0003495,C003238,Savings,Active,83450.59,2021-09-27
A0003496,C003239,Current,Active,16913.62,2022-04-09
A0003497,C003240,Savings,Active,40402.33,2016-04-03
A0003498,C003241,Current,Active,7046.62,2024-11-30
A0003499,C003241,Current,Active,23483.34,2023-11-13
A0003500,C003242,Savings,Closed,12603.09,2020-12-05
A0003501,C003243,Salary,Active,156951.37,2024-11-22
A0003502,C003243,Salary,Active,283936.49,2024-11-30
A0003503,C003244,Savings,Active,3637.49,2024-09-18
A0003504,C003245,Savings,Dormant,98302.79,2021-09-13
A0003505,C003247,Savings,Dormant,57046.5,2018-10-22
A0003506,C003248,Savings,Active,7914.61,2022-10-16
A0003507,C003249,Savings,Active,788561.21,2017-10-01
A0003508,C003250,Salary,Active,14268.8,2024-11-30
A0003509,C003251,Savings,Active,160613.03,2018-03-29
A0003510,C003252,Salary,Active,23381.05,2020-03-25
A0003511,C003252,Savings,Active,10983.29,2020-12-14
A0003512,C003253,Premium,Active,72907.23,2023-03-31
A0003513,C003255,Current,Active,8364.43,2024-07-06
A0003514,C003256,Savings,Active,51277.0,2020-11-15
A0003515,C003257,Current,Active,10666.28,2023-09-22
A0003516,C003258,Current,Active,2129.06,2018-12-19
A0003517,C003260,Current,Active,213613.75,2019-05-02
A0003518,C003261,Savings,Active,72636.92,2018-01-11
A0003519,C003262,Current,Dormant,50352.95,2022-05-27
A0003520,C003262,Savings,Active,26532.07,2024-11-30
A0003521,C003263,Savings,Closed,18685.22,2023-01-20
A0003522,C003264,Savings,Active,15508.9,2020-08-10
A0003523,C003265,Salary,Active,41166.05,2019-05-17
A0003524,C003266,Premium,Active,80011.51,2019-03-15
A0003525,C003266,Current,Active,16210.3,2020-12-03
A0003526,C003267,Savings,Dormant,116670.04,2023-06-30
A0003527,C003268,Salary,Closed,32510.0,2021-03-26
A0003528,C003270,Current,Active,63719.68,2021-12-25
A0003529,C003271,Current,Active,15834.13,2021-12-08
A0003530,C003272,Salary,Active,91053.91,2021-10-16
A0003531,C003273,Salary,Active,216717.83,2024-11-30
A0003532,C003274,Salary,Active,9762.47,2022-03-30
A0003533,C003275,Current,Active,71195.31,2018-10-02
A0003534,C003276,Salary,Closed,106538.04,2024-07-07
A0003535,C003277,Savings,Active,4142.18,2024-11-30
A0003536,C003277,Savings,Active,19675.3,2024-11-01
A0003537,C003278,Savings,Active,606143.13,2024-11-30
A0003538,C003278,Salary,Active,1061706.02,2024-11-30
A0003539,C003279,Savings,Active,6954.88,2019-01-29
A0003540,C003280,Savings,Dormant,94779.3,2018-05-19
A0003541,C003280,Current,Active,52859.69,2020-04-07
A0003542,C003282,Premium,Dormant,24916.81,2015-10-15
A0003543,C003283,Current,Active,338422.34,2019-02-15
A0003544,C003284,Premium,Active,250350.6,2020-12-18
A0003545,C003285,Current,Dormant,881351.8,2018-03-24
A0003546,C003285,Current,Active,222398.18,2016-12-07
A0003547,C003286,Premium,Active,109019.28,2019-09-10
A0003548,C003287,Savings,Active,43868.35,2023-07-14
A0003549,C003289,Salary,Active,60272.29,2017-12-10
A0003550,C003289,Current,Active,31706.76,2020-05-27
A0003551,C003290,Savings,Active,399108.68,2018-09-19
A0003552,C003291,Savings,Active,65262.28,2021-12-18
A0003553,C003292,Savings,Active,118853.07,2024-11-30
A0003554,C003292,Current,Dormant,21962.6,2024-11-30
A0003555,C003293,Savings,Active,73635.17,2019-01-30
A0003556,C003293,Salary,Dormant,154920.72,2019-10-28
A0003557,C003295,Current,Closed,31325.05,2017-09-01
A0003558,C003296,Current,Active,18575.06,2020-04-26
A0003559,C003296,Current,Dormant,20525.21,2021-08-09
A0003560,C003297,Current,Active,72836.18,2016-07-13
A0003561,C003297,Current,Active,17617.5,2017-05-12
A0003562,C003298,Current,Active,56315.53,2018-07-24
A0003563,C003299,Salary,Active,9176.37,2023-10-15
A0003564,C003300,Salary,Active,7474.89,2022-01-12
A0003565,C003301,Savings,Active,87853.62,2018-06-27
A0003566,C003302,Savings,Closed,15573.3,2018-08-07
A0003567,C003303,Savings,Active,162569.84,2018-05-15
A0003568,C003304,Current,Active,242829.69,2024-11-30
A0003569,C003304,Current,Active,72692.68,2023-05-21
A0003570,C003305,Savings,Active,21878.47,2019-06-30
A0003571,C003306,Savings,Dormant,24143.19,2020-12-26
A0003572,C003307,Savings,Dormant,392166.36,2017-07-25
A0003573,C003308,Savings,Active,33985.54,2022-08-10
A0003574,C003309,Savings,Active,3740.57,2017-04-28
A0003575,C003310,Premium,Active,41879.81,2017-11-05
A0003576,C003310,Savings,Active,30047.92,2020-05-01
A0003577,C003311,Savings,Active,154173.04,2021-02-18
A0003578,C003311,Savings,Active,34649.89,2022-01-24
A0003579,C003312,Current,Active,52384.25,2023-09-24
A0003580,C003313,Savings,Active,71392.13,2022-07-28
A0003581,C003314,Savings,Active,24282.93,2024-05-14
A0003582,C003315,Savings,Active,38581.15,2017-08-21
A0003583,C003317,Savings,Active,38088.72,2017-01-06
A0003584,C003317,Savings,Active,17063.37,2016-08-04
A0003585,C003318,Salary,Active,28898.49,2021-12-25
A0003586,C003319,Savings,Active,57115.2,2024-07-31
A0003587,C003321,Current,Active,20964.52,2024-11-30
A0003588,C003321,Savings,Active,22959.42,2024-11-25
A0003589,C003322,Current,Active,11756.47,2023-12-20
A0003590,C003322,Salary,Active,12744.56,2024-11-30
A0003591,C003324,Savings,Closed,314879.63,2015-05-02
A0003592,C003325,Current,Active,34469.88,2021-08-22
A0003593,C003326,Savings,Active,122923.06,2020-08-28
A0003594,C003327,Savings,Active,16235.67,2017-11-10
A0003595,C003328,Salary,Active,63380.56,2016-06-16
A0003596,C003329,Salary,Active,72646.25,2018-05-14
A0003597,C003329,Savings,Dormant,11074.18,2017-07-19
A0003598,C003330,Savings,Active,9491.41,2022-10-24
A0003599,C003331,Savings,Active,21030.16,2018-12-26
A0003600,C003332,Current,Active,33950.16,2019-05-13
A0003601,C003333,Salary,Active,42468.98,2020-06-14
A0003602,C003333,Salary,Dormant,11081.82,2020-09-06
A0003603,C003335,Premium,Active,89540.48,2020-07-22
A0003604,C003337,Savings,Active,14509.75,2017-03-13
A0003605,C003338,Salary,Active,453446.49,2021-03-14
A0003606,C003339,Savings,Active,31028.58,2018-12-10
A0003607,C003339,Premium,Active,387761.82,2020-08-18
A0003608,C003340,Savings,Active,19366.72,2018-05-18
A0003609,C003341,Current,Active,24573.59,2024-11-30
A0003610,C003342,Salary,Active,50162.12,2022-06-18
A0003611,C003342,Current,Active,85018.14,2020-11-10
A0003612,C003343,Savings,Closed,16730.65,2016-08-27
A0003613,C003344,Savings,Dormant,34044.09,2020-06-18
A0003614,C003345,Savings,Active,16473.32,2015-10-20
A0003615,C003347,Savings,Active,160605.56,2018-11-13
A0003616,C003348,Savings,Active,12754.19,2017-04-13
A0003617,C003350,Current,Active,91772.19,2023-01-21
A0003618,C003351,Savings,Active,42063.71,2020-01-23
A0003619,C003352,Current,Active,171353.09,2023-01-04
A0003620,C003352,Savings,Active,169878.46,2019-07-09
A0003621,C003353,Savings,Closed,24925.41,2020-09-19
A0003622,C003354,Salary,Closed,43657.98,2016-08-27
A0003623,C003355,Savings,Active,11715.13,2021-09-15
A0003624,C003355,Savings,Active,38358.1,2023-02-19
A0003625,C003356,Current,Active,102732.64,2022-05-18
A0003626,C003356,Premium,Active,126247.83,2023-06-02
A0003627,C003357,Savings,Dormant,15515.6,2024-11-30
A0003628,C003358,Savings,Active,17314.03,2024-08-21
A0003629,C003358,Savings,Active,27885.8,2021-01-02
A0003630,C003359,Premium,Active,45812.56,2017-05-23
A0003631,C003359,Salary,Active,28476.01,2017-11-30
A0003632,C003360,Savings,Active,315627.31,2024-07-13
A0003633,C003360,Salary,Closed,204339.64,2023-07-18
A0003634,C003361,Premium,Closed,121844.07,2017-12-10
A0003635,C003362,Savings,Active,30375.16,2018-12-14
A0003636,C003362,Savings,Active,51898.83,2016-06-01
A0003637,C003363,Savings,Active,25594.31,2022-09-21
A0003638,C003364,Current,Active,11517.95,2016-11-10
A0003639,C003365,Salary,Active,63090.63,2022-11-02
A0003640,C003367,Premium,Dormant,11096.52,2024-01-04
A0003641,C003368,Savings,Active,14526.44,2020-07-26
A0003642,C003370,Current,Active,62759.04,2019-02-27
A0003643,C003372,Savings,Closed,29926.58,2022-04-29
A0003644,C003373,Savings,Active,40330.08,2019-06-28
A0003645,C003374,Salary,Closed,42365.45,2024-08-28
A0003646,C003374,Salary,Dormant,71226.17,2024-11-30
A0003647,C003375,Savings,Active,97145.5,2024-10-23
A0003648,C003377,Savings,Active,18534.83,2018-08-25
A0003649,C003378,Current,Active,35016.33,2021-08-13
A0003650,C003379,Savings,Active,41155.23,2017-05-29
A0003651,C003381,Savings,Active,32660.02,2018-12-14
A0003652,C003381,Current,Active,18975.43,2020-05-31
A0003653,C003382,Current,Active,27823.38,2024-11-30
A0003654,C003383,Salary,Active,34960.09,2024-02-15
A0003655,C003383,Salary,Active,63435.26,2024-11-30
A0003656,C003384,Salary,Active,33889.97,2024-11-30
A0003657,C003385,Current,Active,42785.33,2021-04-06
A0003658,C003386,Current,Active,15606.11,2016-09-14
A0003659,C003387,Current,Active,31939.3,2017-10-18
A0003660,C003388,Savings,Active,153709.46,2023-12-02
A0003661,C003388,Current,Closed,110996.83,2023-08-22
A0003662,C003389,Current,Active,16781.03,2023-05-04
A0003663,C003390,Savings,Active,35891.27,2019-03-23
A0003664,C003392,Current,Dormant,63472.36,2020-04-21
A0003665,C003393,Current,Active,46716.93,2021-02-24
A0003666,C003393,Savings,Active,55124.1,2023-04-06
A0003667,C003395,Savings,Active,42700.89,2017-01-28
A0003668,C003395,Savings,Active,20116.35,2015-09-27
A0003669,C003396,Salary,Active,137409.69,2017-11-22
A0003670,C003397,Salary,Active,35522.96,2020-12-24
A0003671,C003398,Premium,Active,145188.18,2018-04-22
A0003672,C003400,Salary,Closed,53014.82,2023-01-30
A0003673,C003402,Salary,Active,9872.83,2020-07-31
A0003674,C003402,Current,Active,7318.24,2021-02-17
A0003675,C003403,Current,Active,40625.36,2016-05-28
A0003676,C003404,Savings,Active,98065.54,2023-09-24
A0003677,C003405,Savings,Active,24142.22,2020-04-29
A0003678,C003407,Salary,Active,55859.74,2024-11-30
A0003679,C003408,Savings,Active,43075.32,2022-07-18
A0003680,C003409,Savings,Active,24521.03,2020-05-21
A0003681,C003409,Current,Active,27785.89,2019-12-03
A0003682,C003410,Savings,Closed,14699.42,2022-03-15
A0003683,C003411,Savings,Active,9450.46,2020-03-27
A0003684,C003413,Savings,Active,143854.36,2024-11-30
A0003685,C003413,Current,Active,103937.23,2024-11-30
A0003686,C003414,Current,Active,64379.9,2024-11-30
A0003687,C003415,Current,Closed,13649.28,2021-11-22
A0003688,C003417,Current,Active,272118.38,2022-04-02
A0003689,C003419,Premium,Active,40829.98,2018-12-16
A0003690,C003420,Premium,Active,175963.45,2024-10-22
A0003691,C003421,Salary,Active,19996.05,2024-11-30
A0003692,C003421,Current,Active,12366.85,2024-09-21
A0003693,C003422,Savings,Active,68434.29,2023-12-06
A0003694,C003423,Savings,Active,142290.2,2024-11-30
A0003695,C003423,Premium,Active,216262.2,2024-11-30
A0003696,C003424,Savings,Active,65702.04,2019-01-16
A0003697,C003425,Salary,Active,20711.65,2017-06-23
A0003698,C003427,Savings,Active,374198.04,2015-12-12
A0003699,C003427,Savings,Active,161597.52,2016-05-29
A0003700,C003428,Salary,Active,14510.46,2024-11-30
A0003701,C003430,Savings,Active,471856.23,2023-04-10
A0003702,C003431,Savings,Dormant,609683.18,2018-03-09
A0003703,C003432,Savings,Active,106270.94,2023-05-10
A0003704,C003433,Savings,Active,39149.65,2019-05-31
A0003705,C003433,Savings,Active,24767.73,2016-07-28
A0003706,C003434,Premium,Active,113341.78,2024-11-30
A0003707,C003434,Savings,Active,56290.32,2024-11-30
A0003708,C003435,Current,Closed,98581.39,2021-09-12
A0003709,C003436,Salary,Active,32115.05,2019-12-26
A0003710,C003437,Savings,Active,27312.75,2024-11-30
A0003711,C003437,Savings,Active,66393.95,2024-11-30
A0003712,C003438,Savings,Active,14146.4,2021-04-22
A0003713,C003439,Savings,Active,18867.36,2022-10-05
A0003714,C003439,Salary,Active,18064.84,2022-07-07
A0003715,C003440,Current,Active,54597.99,2022-02-20
A0003716,C003441,Savings,Active,106370.46,2021-07-09
A0003717,C003441,Savings,Active,187776.05,2020-06-09
A0003718,C003442,Savings,Active,17501.11,2018-11-28
A0003719,C003442,Current,Active,36325.58,2019-07-15
A0003720,C003443,Savings,Active,5976.35,2017-05-10
A0003721,C003444,Savings,Active,54695.99,2016-08-17
A0003722,C003444,Savings,Active,133069.9,2019-06-20
A0003723,C003445,Current,Active,46580.59,2023-09-29
A0003724,C003445,Salary,Active,30982.32,2022-04-15
A0003725,C003446,Salary,Closed,28483.7,2021-02-22
A0003726,C003447,Salary,Active,412152.96,2015-11-23
A0003727,C003448,Salary,Active,54200.2,2021-06-18
A0003728,C003448,Current,Active,43980.28,2019-10-14
A0003729,C003449,Savings,Active,312868.52,2017-04-07
A0003730,C003450,Savings,Active,72389.34,2024-11-30
A0003731,C003450,Salary,Active,27793.28,2024-03-23
A0003732,C003451,Salary,Active,73040.32,2020-03-27
A0003733,C003452,Current,Active,20274.79,2021-12-26
A0003734,C003453,Current,Active,29144.77,2021-01-18
A0003735,C003453,Current,Active,53286.93,2022-02-23
A0003736,C003454,Current,Active,30827.93,2022-06-22
A0003737,C003454,Savings,Active,13169.37,2022-09-27
A0003738,C003455,Current,Dormant,34977.74,2018-06-01
A0003739,C003456,Premium,Active,183369.85,2016-06-03
A0003740,C003457,Savings,Active,39554.02,2023-01-20
A0003741,C003458,Current,Active,22484.92,2018-11-13
A0003742,C003460,Current,Active,68555.74,2019-07-06
A0003743,C003461,Salary,Active,23898.59,2020-03-25
A0003744,C003461,Savings,Active,15491.75,2018-05-12
A0003745,C003462,Salary,Active,42986.9,2022-08-10
A0003746,C003462,Premium,Active,62075.87,2021-02-11
A0003747,C003464,Salary,Active,175817.06,2020-08-09
A0003748,C003465,Salary,Active,62173.38,2022-06-29
A0003749,C003466,Current,Active,20548.37,2024-05-11
A0003750,C003468,Salary,Active,25882.17,2024-01-14
A0003751,C003469,Savings,Active,24802.52,2024-11-30
A0003752,C003470,Savings,Active,16614.61,2019-09-29
A0003753,C003471,Savings,Active,40404.14,2020-08-20
A0003754,C003471,Salary,Active,44693.64,2018-04-02
A0003755,C003472,Current,Active,5137.06,2024-11-30
A0003756,C003473,Salary,Active,17268.2,2019-01-25
A0003757,C003474,Salary,Active,70613.07,2021-07-19
A0003758,C003475,Current,Active,21424.35,2017-12-29
A0003759,C003476,Savings,Active,46369.92,2024-11-30
A0003760,C003477,Savings,Active,12511.93,2019-07-01
A0003761,C003478,Savings,Active,42219.91,2022-06-21
A0003762,C003479,Salary,Active,88691.5,2023-01-16
A0003763,C003480,Salary,Active,13798.2,2022-10-31
A0003764,C003480,Current,Active,24212.6,2024-11-30
A0003765,C003481,Savings,Active,43755.97,2018-02-24
A0003766,C003481,Savings,Active,33976.39,2019-02-26
A0003767,C003482,Savings,Active,8340.92,2018-01-26
A0003768,C003483,Savings,Active,5488.83,2024-11-30
A0003769,C003483,Premium,Active,2920.03,2024-05-09
A0003770,C003484,Salary,Active,24801.35,2020-03-21
A0003771,C003486,Salary,Active,212615.02,2020-08-02
A0003772,C003487,Current,Active,25729.51,2024-11-30
A0003773,C003488,Salary,Active,146158.1,2024-11-30
A0003774,C003489,Savings,Active,84891.39,2023-07-04
A0003775,C003490,Premium,Active,617509.81,2023-07-06
A0003776,C003491,Current,Active,8388.3,2018-08-22
A0003777,C003492,Savings,Active,13190.47,2023-04-24
A0003778,C003493,Current,Active,33301.83,2018-06-16
A0003779,C003494,Current,Active,5014.93,2020-06-08
A0003780,C003495,Savings,Active,208516.91,2017-08-07
A0003781,C003496,Current,Active,71078.48,2023-02-25
A0003782,C003498,Savings,Active,23308.78,2020-01-15
A0003783,C003499,Salary,Active,32161.19,2021-05-08
A0003784,C003500,Premium,Active,153798.22,2017-08-02
A0003785,C003500,Premium,Active,158978.47,2019-03-25
A0003786,C003501,Savings,Closed,187626.6,2018-07-27
A0003787,C003501,Salary,Active,58729.29,2019-06-04
A0003788,C003502,Salary,Active,14038.42,2017-04-16
A0003789,C003503,Premium,Active,132821.79,2019-10-01
A0003790,C003503,Savings,Active,22426.75,2016-05-09
A0003791,C003505,Savings,Dormant,149962.91,2017-06-07
A0003792,C003506,Current,Active,18496.36,2020-03-15
A0003793,C003506,Savings,Active,25071.13,2017-07-22
A0003794,C003507,Premium,Active,54853.02,2024-11-30
A0003795,C003508,Savings,Active,33916.0,2022-03-03
A0003796,C003509,Savings,Active,20815.23,2019-11-30
A0003797,C003510,Premium,Active,71853.94,2024-09-02
A0003798,C003511,Savings,Active,24565.76,2024-11-30
A0003799,C003513,Salary,Active,27871.89,2018-04-21
A0003800,C003513,Savings,Active,77721.37,2018-01-31
A0003801,C003514,Savings,Active,44772.21,2021-05-09
A0003802,C003514,Current,Active,16209.57,2023-05-27
A0003803,C003515,Salary,Active,111585.14,2019-03-22
A0003804,C003515,Salary,Active,94929.14,2019-03-29
A0003805,C003516,Savings,Active,108697.35,2017-09-18
A0003806,C003517,Savings,Active,101771.79,2022-10-31
A0003807,C003518,Savings,Active,13358.88,2020-07-06
A0003808,C003519,Savings,Active,28158.82,2022-02-14
A0003809,C003520,Salary,Closed,86152.11,2017-09-29
A0003810,C003521,Current,Active,38989.23,2018-06-21
A0003811,C003522,Savings,Active,110243.51,2021-10-27
A0003812,C003522,Salary,Active,111879.37,2020-01-22
A0003813,C003523,Salary,Active,61707.32,2024-10-02
A0003814,C003524,Current,Active,20668.96,2024-11-29
A0003815,C003525,Current,Active,4786.37,2024-03-01
A0003816,C003527,Current,Active,17211.54,2021-11-18
A0003817,C003527,Savings,Active,36076.1,2023-06-25
A0003818,C003531,Savings,Active,32800.79,2020-11-30
A0003819,C003532,Salary,Active,8967.76,2024-04-16
A0003820,C003533,Salary,Active,72921.53,2019-04-21
A0003821,C003534,Savings,Active,412980.25,2021-11-28
A0003822,C003535,Savings,Active,4930.31,2024-10-10
A0003823,C003536,Current,Active,20714.2,2020-05-26
A0003824,C003537,Savings,Active,105165.9,2022-03-20
A0003825,C003537,Premium,Active,510391.13,2024-11-30
A0003826,C003538,Savings,Active,49198.78,2024-11-30
A0003827,C003539,Premium,Active,162230.69,2022-04-08
A0003828,C003540,Savings,Active,74387.09,2021-10-22
A0003829,C003542,Savings,Active,189635.18,2021-12-01
A0003830,C003543,Salary,Dormant,11437.6,2024-04-29
A0003831,C003544,Savings,Closed,41965.09,2018-08-27
A0003832,C003545,Salary,Active,48154.85,2017-07-16
A0003833,C003545,Savings,Active,13251.66,2017-06-26
A0003834,C003546,Savings,Active,48014.74,2019-04-28
A0003835,C003546,Current,Active,85794.47,2019-10-18
A0003836,C003547,Current,Active,117905.48,2020-11-12
A0003837,C003548,Savings,Active,30150.71,2023-11-18
A0003838,C003550,Premium,Active,49904.72,2017-11-22
A0003839,C003551,Salary,Active,20730.77,2024-10-16
A0003840,C003554,Current,Active,305504.54,2017-06-29
A0003841,C003555,Current,Active,157509.35,2020-06-23
A0003842,C003557,Premium,Active,1128996.16,2020-03-20
A0003843,C003558,Savings,Active,225267.67,2024-11-30
A0003844,C003559,Current,Active,92337.01,2019-03-31
A0003845,C003559,Salary,Active,126865.85,2018-12-05
A0003846,C003560,Savings,Active,68864.83,2022-06-02
A0003847,C003560,Current,Active,80822.5,2022-03-30
A0003848,C003561,Savings,Active,12379.94,2024-11-30
A0003849,C003562,Salary,Active,84335.98,2023-08-07
A0003850,C003562,Current,Active,28644.05,2024-11-30
A0003851,C003563,Savings,Active,101590.23,2018-01-09
A0003852,C003564,Salary,Active,20906.11,2018-07-28
A0003853,C003566,Current,Active,29799.37,2022-03-26
A0003854,C003567,Savings,Active,23333.43,2019-02-04
A0003855,C003569,Salary,Active,15740.67,2023-02-20
A0003856,C003570,Salary,Closed,107746.87,2021-01-26
A0003857,C003570,Savings,Active,96074.63,2023-06-24
A0003858,C003571,Current,Active,5939.71,2022-04-01
A0003859,C003572,Salary,Active,21079.61,2021-07-20
A0003860,C003573,Savings,Active,151690.29,2021-04-13
A0003861,C003574,Savings,Active,71924.38,2019-06-30
A0003862,C003574,Current,Active,57307.25,2016-12-06
A0003863,C003576,Salary,Active,10460.69,2021-04-10
A0003864,C003577,Savings,Active,49064.77,2020-06-29
A0003865,C003577,Current,Dormant,24768.56,2020-09-27
A0003866,C003578,Salary,Active,197332.97,2024-11-30
A0003867,C003579,Savings,Active,507856.84,2017-05-10
A0003868,C003579,Premium,Active,282303.93,2018-04-30
A0003869,C003580,Current,Active,20323.63,2024-11-30
A0003870,C003581,Savings,Active,71827.44,2023-12-29
A0003871,C003582,Current,Closed,47164.26,2018-03-29
A0003872,C003583,Premium,Active,203161.89,2024-11-30
A0003873,C003583,Current,Active,51948.46,2022-03-22
A0003874,C003586,Current,Dormant,121771.55,2022-01-22
A0003875,C003587,Current,Active,34264.34,2015-12-06
A0003876,C003587,Salary,Active,36703.88,2016-02-16
A0003877,C003589,Savings,Dormant,19968.37,2020-12-13
A0003878,C003590,Premium,Active,173442.07,2019-02-11
A0003879,C003591,Savings,Active,17050.58,2022-06-01
A0003880,C003592,Salary,Active,256154.71,2022-06-13
A0003881,C003593,Savings,Active,31983.51,2023-04-17
A0003882,C003593,Savings,Active,59378.1,2021-04-02
A0003883,C003594,Savings,Active,19951.93,2022-02-14
A0003884,C003596,Salary,Active,9074.78,2023-06-29
A0003885,C003597,Savings,Active,24417.0,2015-11-29
A0003886,C003598,Savings,Active,102194.71,2017-10-16
A0003887,C003599,Savings,Active,24274.45,2021-01-22
A0003888,C003600,Savings,Active,46376.03,2024-11-30
A0003889,C003600,Savings,Closed,31586.34,2024-01-27
A0003890,C003601,Savings,Active,46217.51,2018-08-23
A0003891,C003603,Salary,Active,23633.79,2019-05-30
A0003892,C003604,Salary,Active,17354.57,2024-11-30
A0003893,C003605,Salary,Active,36689.69,2018-08-23
A0003894,C003606,Savings,Active,112077.62,2020-07-30
A0003895,C003608,Salary,Active,195508.88,2024-08-08
A0003896,C003609,Savings,Closed,32891.2,2016-04-09
A0003897,C003610,Savings,Active,20629.42,2018-02-09
A0003898,C003610,Current,Active,24317.81,2020-01-15
A0003899,C003611,Savings,Active,65447.31,2022-12-05
A0003900,C003611,Premium,Active,45603.55,2021-06-27
A0003901,C003612,Savings,Active,16025.54,2019-05-15
A0003902,C003613,Savings,Active,6586.3,2020-03-24
A0003903,C003614,Savings,Active,36349.9,2017-07-07
A0003904,C003615,Savings,Active,5286.08,2019-06-15
A0003905,C003616,Salary,Active,21962.35,2017-11-06
A0003906,C003616,Current,Active,30462.03,2019-02-15
A0003907,C003617,Salary,Active,8949.52,2023-03-09
A0003908,C003618,Current,Active,3771.64,2019-03-03
A0003909,C003618,Savings,Active,5758.32,2019-09-22
A0003910,C003619,Savings,Active,22598.08,2020-10-11
A0003911,C003620,Premium,Active,107496.55,2022-04-09
A0003912,C003621,Savings,Active,27957.92,2018-07-20
A0003913,C003621,Premium,Active,127890.45,2019-07-31
A0003914,C003622,Savings,Dormant,34456.19,2021-02-26
A0003915,C003624,Salary,Active,677337.81,2019-03-30
A0003916,C003624,Salary,Active,326768.97,2017-12-03
A0003917,C003625,Salary,Active,8928.11,2017-03-12
A0003918,C003625,Current,Dormant,12011.23,2017-10-29
A0003919,C003627,Savings,Active,82026.95,2021-12-03
A0003920,C003628,Savings,Active,17522.37,2020-04-10
A0003921,C003630,Current,Active,44440.31,2020-08-12
A0003922,C003631,Salary,Active,12045.07,2024-11-30
A0003923,C003632,Savings,Active,44700.34,2019-03-15
A0003924,C003632,Savings,Active,207640.67,2018-08-24
A0003925,C003633,Savings,Active,6059.73,2024-04-19
A0003926,C003634,Premium,Active,40650.69,2019-07-04
A0003927,C003635,Savings,Active,28491.62,2019-10-18
A0003928,C003637,Current,Active,32266.89,2017-10-18
A0003929,C003638,Savings,Active,16024.36,2024-04-05
A0003930,C003639,Current,Active,168574.25,2022-09-25
A0003931,C003640,Salary,Active,38683.04,2016-03-31
A0003932,C003641,Savings,Active,19961.18,2016-05-28
A0003933,C003641,Savings,Active,21566.17,2015-12-14
A0003934,C003642,Savings,Closed,6490.27,2024-11-30
A0003935,C003643,Savings,Active,13383.58,2020-01-01
A0003936,C003644,Current,Active,26943.87,2021-01-11
A0003937,C003645,Current,Active,35407.66,2019-03-19
A0003938,C003645,Current,Active,19019.41,2017-02-02
A0003939,C003646,Current,Active,116706.07,2019-07-01
A0003940,C003647,Savings,Active,76999.98,2021-03-12
A0003941,C003648,Current,Active,10810.81,2020-07-18
A0003942,C003649,Salary,Active,93269.25,2024-11-30
A0003943,C003649,Savings,Active,36568.3,2022-05-21
A0003944,C003650,Premium,Active,33226.53,2023-07-28
A0003945,C003651,Savings,Dormant,13185.29,2021-03-12
A0003946,C003653,Savings,Active,11563.72,2024-10-16
A0003947,C003654,Current,Active,95330.86,2019-09-15
A0003948,C003655,Salary,Active,63864.64,2021-12-31
A0003949,C003655,Salary,Dormant,29343.61,2024-07-07
A0003950,C003656,Current,Closed,28349.78,2023-09-13
A0003951,C003656,Savings,Dormant,10758.05,2021-11-20
A0003952,C003657,Savings,Active,274003.39,2021-08-24
A0003953,C003658,Premium,Active,34776.33,2017-12-16
A0003954,C003659,Savings,Active,56030.94,2018-10-06
A0003955,C003660,Savings,Active,12630.78,2024-11-30
A0003956,C003662,Savings,Active,68823.91,2017-01-07
A0003957,C003663,Savings,Active,153842.7,2023-03-19
A0003958,C003664,Savings,Active,40204.55,2020-08-06
A0003959,C003664,Salary,Active,99745.21,2019-11-06
A0003960,C003665,Salary,Active,66312.63,2024-11-30
A0003961,C003666,Savings,Closed,18065.22,2015-09-11
A0003962,C003667,Savings,Active,34093.83,2024-11-30
A0003963,C003669,Current,Active,74675.63,2018-05-28
A0003964,C003671,Current,Active,59027.13,2015-09-18
A0003965,C003671,Savings,Active,98825.24,2017-10-08
A0003966,C003673,Savings,Active,42225.79,2016-05-17
A0003967,C003675,Current,Active,138698.3,2020-06-10
A0003968,C003677,Savings,Active,25163.73,2024-10-23
A0003969,C003678,Savings,Active,45354.53,2016-11-01
A0003970,C003678,Salary,Active,53593.63,2016-04-09
A0003971,C003680,Current,Active,98514.58,2020-08-27
A0003972,C003682,Savings,Active,30671.22,2019-01-14
A0003973,C003682,Savings,Active,32061.12,2017-08-30
A0003974,C003683,Savings,Active,19190.68,2019-09-01
A0003975,C003684,Salary,Active,16633.25,2022-11-13
A0003976,C003685,Savings,Active,11564.53,2016-12-18
A0003977,C003686,Salary,Active,40377.63,2024-05-15
A0003978,C003687,Current,Active,11521.75,2023-09-15
A0003979,C003687,Savings,Active,3726.01,2022-02-18
A0003980,C003689,Salary,Active,18996.49,2022-12-20
A0003981,C003689,Current,Active,59272.36,2020-07-01
A0003982,C003690,Current,Active,36878.55,2022-09-23
A0003983,C003691,Current,Active,27111.8,2015-06-07
A0003984,C003692,Savings,Active,148882.51,2022-05-21
A0003985,C003695,Savings,Active,52134.17,2018-11-25
A0003986,C003696,Savings,Active,147122.21,2023-04-10
A0003987,C003697,Salary,Active,66866.34,2019-01-05
A0003988,C003700,Savings,Active,37466.37,2023-05-06
A0003989,C003701,Savings,Dormant,15928.8,2024-11-06
A0003990,C003702,Savings,Active,35571.72,2019-01-18
A0003991,C003703,Savings,Active,24676.18,2019-01-18
A0003992,C003704,Current,Active,18605.82,2020-09-26
A0003993,C003705,Savings,Active,32252.8,2023-08-19
A0003994,C003706,Salary,Active,35361.17,2021-04-09
A0003995,C003707,Salary,Active,21757.65,2024-11-30
A0003996,C003708,Savings,Active,78246.8,2022-05-23
A0003997,C003708,Savings,Active,33755.44,2023-11-30
A0003998,C003709,Salary,Active,9106.29,2024-11-12
A0003999,C003710,Savings,Active,20949.99,2022-05-06
A0004000,C003711,Savings,Active,257236.92,2020-06-05
A0004001,C003712,Savings,Active,97290.22,2022-09-20
A0004002,C003713,Savings,Active,179276.97,2021-02-06
A0004003,C003714,Savings,Active,62738.12,2015-05-13
A0004004,C003714,Salary,Dormant,140681.62,2015-05-22
A0004005,C003715,Savings,Active,51752.12,2021-09-29
A0004006,C003716,Savings,Active,27348.64,2022-01-19
A0004007,C003717,Savings,Active,84054.11,2019-09-02
A0004008,C003717,Current,Closed,36175.61,2022-05-23
A0004009,C003718,Savings,Active,13612.68,2019-02-11
A0004010,C003718,Savings,Active,21379.91,2018-06-03
A0004011,C003719,Premium,Active,43362.86,2022-01-26
A0004012,C003721,Salary,Closed,118222.69,2021-12-11
A0004013,C003721,Salary,Active,104436.11,2023-08-22
A0004014,C003722,Savings,Active,2872.14,2021-07-12
A0004015,C003723,Savings,Active,25965.5,2024-11-30
A0004016,C003724,Savings,Dormant,26680.41,2020-10-03
A0004017,C003725,Savings,Active,11374.94,2023-03-23
A0004018,C003729,Savings,Active,11813.46,2024-05-02
A0004019,C003730,Savings,Active,274697.5,2024-10-29
A0004020,C003732,Salary,Active,25322.36,2020-05-28
A0004021,C003733,Current,Active,18309.95,2024-11-30
A0004022,C003734,Salary,Active,65396.92,2021-09-15
A0004023,C003735,Current,Active,75668.26,2022-03-10
A0004024,C003736,Premium,Active,257477.1,2018-07-26
A0004025,C003736,Salary,Active,15024.02,2018-12-05
A0004026,C003737,Salary,Active,132958.79,2024-11-30
A0004027,C003737,Savings,Active,93189.59,2024-11-30
A0004028,C003738,Savings,Active,15541.15,2020-08-17
A0004029,C003738,Savings,Active,26696.83,2022-12-02
A0004030,C003739,Current,Active,70857.74,2018-04-08
A0004031,C003739,Current,Active,93333.93,2017-02-27
A0004032,C003740,Savings,Closed,50365.9,2017-08-11
A0004033,C003741,Savings,Active,7381.77,2018-04-18
A0004034,C003742,Savings,Active,10516.03,2022-01-03
A0004035,C003743,Savings,Active,26154.86,2024-01-26
A0004036,C003744,Salary,Active,70369.19,2015-12-27
A0004037,C003745,Savings,Dormant,66521.44,2018-05-14
A0004038,C003746,Premium,Active,417320.66,2023-01-24
A0004039,C003747,Salary,Active,165910.59,2021-01-26
A0004040,C003749,Current,Active,26729.24,2024-11-30
A0004041,C003749,Salary,Dormant,25812.21,2024-11-30
A0004042,C003750,Salary,Active,67400.01,2024-03-01
A0004043,C003751,Current,Active,10954.37,2024-11-30
A0004044,C003752,Salary,Active,43925.09,2019-09-26
A0004045,C003753,Savings,Active,34276.12,2021-04-29
A0004046,C003754,Savings,Active,15761.0,2022-04-14
A0004047,C003755,Savings,Active,101803.28,2022-08-16
A0004048,C003756,Current,Active,21945.36,2022-10-10
A0004049,C003757,Savings,Active,97164.67,2021-11-25
A0004050,C003758,Savings,Active,8681.88,2020-11-30
A0004051,C003758,Savings,Active,24053.63,2018-08-14
A0004052,C003759,Savings,Active,33853.82,2015-09-24
A0004053,C003761,Savings,Active,9148.99,2019-04-17
A0004054,C003762,Current,Active,14566.75,2024-09-05
A0004055,C003763,Savings,Active,25487.66,2023-06-10
A0004056,C003763,Savings,Active,35677.86,2020-12-04
A0004057,C003765,Savings,Active,73344.01,2017-07-25
A0004058,C003765,Salary,Dormant,83796.07,2018-01-25
A0004059,C003767,Savings,Dormant,40818.53,2022-08-11
A0004060,C003767,Current,Active,22350.82,2024-10-10
A0004061,C003768,Salary,Active,49150.24,2021-04-12
A0004062,C003769,Salary,Active,40231.73,2024-11-30
A0004063,C003769,Savings,Active,25499.06,2024-03-02
A0004064,C003771,Savings,Active,72137.87,2019-09-21
A0004065,C003771,Salary,Active,173075.36,2019-09-12
A0004066,C003773,Savings,Active,171581.73,2018-08-04
A0004067,C003774,Savings,Active,28104.9,2018-09-18
A0004068,C003774,Savings,Active,98995.59,2021-05-12
A0004069,C003775,Current,Active,85811.72,2018-03-25
A0004070,C003777,Salary,Active,49087.56,2020-10-11
A0004071,C003777,Current,Active,8183.15,2019-03-22
A0004072,C003778,Savings,Active,205363.59,2024-11-30
A0004073,C003779,Current,Active,53981.16,2021-10-15
A0004074,C003780,Salary,Active,286836.49,2024-04-01
A0004075,C003781,Savings,Active,60724.47,2021-02-22
A0004076,C003782,Salary,Active,89128.84,2021-11-13
A0004077,C003782,Current,Active,208417.09,2021-12-23
A0004078,C003783,Savings,Active,49185.28,2021-10-23
A0004079,C003783,Savings,Active,38607.37,2023-04-02
A0004080,C003784,Savings,Active,17884.87,2019-08-18
A0004081,C003785,Savings,Active,182999.66,2020-02-01
A0004082,C003786,Current,Active,46970.58,2024-04-24
A0004083,C003787,Salary,Active,71035.87,2015-11-13
A0004084,C003788,Savings,Active,7103.75,2021-08-30
A0004085,C003789,Current,Active,39653.39,2024-11-30
A0004086,C003790,Savings,Active,36488.64,2017-07-27
A0004087,C003791,Savings,Active,29998.62,2024-11-30
A0004088,C003792,Savings,Active,168340.48,2019-08-03
A0004089,C003792,Savings,Active,123310.21,2019-07-25
A0004090,C003795,Salary,Dormant,17536.62,2024-11-30
A0004091,C003796,Current,Dormant,18808.12,2018-03-16
A0004092,C003797,Salary,Active,147169.19,2019-09-29
A0004093,C003798,Savings,Dormant,27678.7,2022-01-04
A0004094,C003799,Savings,Active,11425.91,2019-04-26
A0004095,C003799,Current,Active,13706.9,2018-05-13
A0004096,C003800,Current,Active,13929.31,2019-04-18
A0004097,C003801,Current,Active,41651.55,2024-07-05
A0004098,C003802,Current,Active,63318.48,2020-02-08
A0004099,C003803,Savings,Active,34915.03,2017-11-20
A0004100,C003804,Current,Active,46771.23,2024-06-12
A0004101,C003805,Salary,Active,113578.28,2017-10-24
A0004102,C003807,Savings,Active,30189.2,2021-05-14
A0004103,C003808,Savings,Dormant,32304.69,2018-03-13
A0004104,C003808,Premium,Active,27499.14,2017-09-24
A0004105,C003809,Salary,Active,68611.36,2022-07-06
A0004106,C003810,Savings,Active,4942.75,2022-05-16
A0004107,C003810,Savings,Active,4264.87,2021-04-29
A0004108,C003811,Savings,Active,8251.85,2020-09-18
A0004109,C003812,Savings,Active,49647.57,2020-01-08
A0004110,C003813,Current,Active,55521.71,2015-12-22
A0004111,C003815,Savings,Active,13888.78,2016-04-29
A0004112,C003817,Salary,Closed,21366.49,2019-12-10
A0004113,C003818,Savings,Active,195892.44,2021-06-28
A0004114,C003818,Savings,Active,330833.41,2021-12-20
A0004115,C003819,Savings,Active,14763.91,2020-08-23
A0004116,C003819,Current,Active,20288.02,2022-11-24
A0004117,C003820,Current,Dormant,31330.19,2024-11-30
A0004118,C003820,Current,Dormant,52475.93,2021-12-14
A0004119,C003821,Savings,Active,406344.65,2024-11-30
A0004120,C003822,Current,Active,92400.62,2021-12-18
A0004121,C003823,Savings,Active,80923.47,2024-05-23
A0004122,C003824,Current,Active,93660.92,2021-04-10
A0004123,C003825,Premium,Active,58248.59,2022-06-12
A0004124,C003825,Salary,Active,14804.12,2023-03-04
A0004125,C003826,Current,Active,45433.52,2022-04-06
A0004126,C003828,Current,Active,37473.23,2017-03-09
A0004127,C003829,Savings,Active,8262.22,2019-06-10
A0004128,C003830,Current,Active,67445.1,2019-08-07
A0004129,C003831,Savings,Active,21645.25,2023-07-27
A0004130,C003832,Savings,Dormant,35939.74,2019-11-24
A0004131,C003833,Current,Active,36473.75,2020-06-06
A0004132,C003834,Savings,Active,213941.67,2019-12-14
A0004133,C003834,Savings,Active,296835.34,2018-08-29
A0004134,C003835,Current,Active,23056.14,2017-10-07
A0004135,C003836,Current,Active,35570.29,2024-08-05
A0004136,C003837,Premium,Closed,146177.42,2020-10-10
A0004137,C003838,Premium,Active,62076.37,2024-08-07
A0004138,C003839,Current,Active,20697.61,2024-09-12
A0004139,C003839,Savings,Active,26481.51,2022-04-10
A0004140,C003840,Savings,Active,8994.97,2019-02-11
A0004141,C003841,Savings,Active,51962.46,2017-05-11
A0004142,C003842,Savings,Active,98996.22,2023-12-06
A0004143,C003843,Savings,Active,44397.95,2018-07-13
A0004144,C003843,Current,Dormant,22184.6,2016-06-28
A0004145,C003844,Current,Active,7876.03,2024-11-30
A0004146,C003845,Savings,Active,55244.96,2023-10-30
A0004147,C003846,Savings,Active,32967.69,2024-11-30
A0004148,C003846,Savings,Active,22335.7,2024-11-30
A0004149,C003848,Current,Active,52774.23,2017-08-24
A0004150,C003850,Savings,Closed,15613.07,2024-11-30
A0004151,C003851,Savings,Dormant,57264.76,2020-11-10
A0004152,C003851,Savings,Active,35901.43,2022-12-22
A0004153,C003852,Salary,Active,136578.11,2024-11-30
A0004154,C003853,Savings,Active,10102.27,2022-11-04
A0004155,C003855,Current,Active,7747.16,2015-11-09
A0004156,C003856,Savings,Active,57158.11,2016-04-14
A0004157,C003859,Savings,Active,33590.64,2017-01-12
A0004158,C003860,Current,Closed,4098.63,2023-02-06
A0004159,C003861,Current,Active,25185.63,2021-11-18
A0004160,C003861,Savings,Active,19269.77,2024-05-02
A0004161,C003862,Savings,Active,105876.92,2023-09-28
A0004162,C003865,Salary,Active,8330.69,2018-12-29
A0004163,C003866,Savings,Active,34149.81,2024-11-30
A0004164,C003866,Savings,Active,52853.79,2024-11-30
A0004165,C003867,Savings,Dormant,62179.86,2024-01-04
A0004166,C003868,Savings,Dormant,226037.36,2023-12-28
A0004167,C003869,Savings,Active,26383.2,2023-10-05
A0004168,C003870,Savings,Dormant,118943.69,2024-11-30
A0004169,C003871,Current,Active,12732.16,2020-03-29
A0004170,C003871,Savings,Active,28068.85,2019-03-31
A0004171,C003872,Savings,Active,14005.81,2024-11-30
A0004172,C003873,Salary,Active,4603.43,2024-11-30
A0004173,C003875,Salary,Active,62877.24,2018-12-22
A0004174,C003876,Savings,Active,42740.16,2024-11-30
A0004175,C003878,Savings,Active,107131.05,2021-09-22
A0004176,C003879,Savings,Active,42690.25,2019-12-13
A0004177,C003880,Salary,Active,6722.09,2018-11-08
A0004178,C003880,Savings,Active,10119.94,2015-11-03
A0004179,C003881,Savings,Active,129505.99,2017-08-30
A0004180,C003882,Savings,Active,19512.56,2020-06-21
A0004181,C003882,Premium,Active,96978.5,2018-06-02
A0004182,C003884,Savings,Active,12986.54,2021-04-08
A0004183,C003885,Savings,Active,18687.79,2018-01-13
A0004184,C003886,Current,Active,79257.99,2024-04-02
A0004185,C003886,Current,Active,191595.91,2024-01-22
A0004186,C003887,Salary,Active,187872.33,2022-11-17
A0004187,C003888,Savings,Active,58319.4,2017-06-15
A0004188,C003889,Current,Dormant,22633.9,2024-10-20
A0004189,C003890,Savings,Dormant,22956.79,2017-11-13
A0004190,C003892,Savings,Active,140267.9,2019-10-09
A0004191,C003893,Savings,Active,82691.9,2020-10-04
A0004192,C003894,Current,Active,18663.05,2019-07-08
A0004193,C003895,Savings,Active,27321.83,2021-01-08
A0004194,C003896,Savings,Active,43013.07,2022-01-09
A0004195,C003897,Savings,Active,14266.22,2023-05-01
A0004196,C003898,Savings,Active,36896.85,2019-07-15
A0004197,C003899,Savings,Active,56080.84,2018-12-20
A0004198,C003900,Current,Active,46456.21,2019-06-09
A0004199,C003901,Savings,Closed,19148.41,2024-11-30
A0004200,C003903,Savings,Active,176601.2,2021-06-11
A0004201,C003903,Savings,Closed,93761.64,2021-08-24
A0004202,C003904,Savings,Active,12274.39,2024-09-30
A0004203,C003905,Salary,Active,58280.19,2018-03-20
A0004204,C003905,Savings,Active,114653.68,2015-09-22
A0004205,C003906,Savings,Active,176141.71,2018-03-07
A0004206,C003907,Current,Closed,18512.7,2022-04-02
A0004207,C003908,Savings,Active,16105.81,2020-09-01
A0004208,C003909,Savings,Active,22467.01,2017-05-01
A0004209,C003910,Salary,Active,11512.47,2023-04-06
A0004210,C003911,Current,Active,7239.46,2016-11-08
A0004211,C003911,Savings,Active,13237.66,2018-10-08
A0004212,C003913,Savings,Active,22827.46,2020-10-12
A0004213,C003914,Savings,Active,11117.59,2019-03-28
A0004214,C003915,Current,Active,325533.23,2020-06-26
A0004215,C003915,Savings,Active,435559.91,2021-07-17
A0004216,C003916,Salary,Active,7740.04,2020-01-22
A0004217,C003916,Savings,Active,12930.02,2022-09-18
A0004218,C003918,Savings,Active,102729.24,2024-02-02
A0004219,C003919,Salary,Active,55013.32,2022-10-04
A0004220,C003919,Savings,Active,17085.04,2024-06-15
A0004221,C003920,Savings,Active,144263.56,2024-11-30
A0004222,C003922,Salary,Active,17856.83,2022-07-09
A0004223,C003924,Savings,Active,334267.91,2023-06-20
A0004224,C003924,Salary,Active,367366.81,2022-06-26
A0004225,C003925,Savings,Active,21861.2,2019-09-13
A0004226,C003926,Savings,Active,24641.41,2024-10-03
A0004227,C003927,Savings,Active,24041.72,2023-04-10
A0004228,C003928,Current,Active,24248.0,2022-11-13
A0004229,C003928,Salary,Active,36913.72,2022-03-23
A0004230,C003930,Savings,Active,35657.83,2022-10-03
A0004231,C003931,Savings,Active,11875.8,2018-11-07
A0004232,C003931,Savings,Active,12716.63,2022-04-12
A0004233,C003932,Salary,Active,64009.32,2017-02-05
A0004234,C003933,Savings,Active,134753.75,2018-05-31
A0004235,C003934,Current,Dormant,32409.69,2019-04-29
A0004236,C003935,Current,Active,100286.81,2018-05-20
A0004237,C003936,Premium,Active,267871.05,2019-12-21
A0004238,C003937,Premium,Active,161119.03,2016-06-20
A0004239,C003938,Savings,Active,49135.04,2024-09-29
A0004240,C003939,Current,Active,36623.09,2022-12-08
A0004241,C003940,Savings,Dormant,129947.62,2020-04-11
A0004242,C003941,Savings,Active,124162.01,2023-03-29
A0004243,C003942,Current,Active,59849.94,2019-01-04
A0004244,C003943,Current,Active,20689.8,2020-07-03
A0004245,C003944,Savings,Dormant,12596.4,2020-04-20
A0004246,C003945,Salary,Active,11322.19,2024-11-30
A0004247,C003946,Salary,Active,156522.05,2021-11-03
A0004248,C003947,Savings,Active,63139.89,2023-07-15
A0004249,C003947,Salary,Closed,48695.44,2020-01-21
A0004250,C003948,Salary,Active,18814.31,2024-10-15
A0004251,C003949,Salary,Active,214272.74,2024-11-30
A0004252,C003950,Current,Dormant,18417.3,2022-11-22
A0004253,C003951,Savings,Active,92673.49,2019-08-29
A0004254,C003951,Savings,Active,76584.53,2019-12-13
A0004255,C003952,Savings,Active,59745.68,2021-04-28
A0004256,C003953,Savings,Active,72597.13,2022-01-15
A0004257,C003953,Savings,Active,178874.5,2022-09-24
A0004258,C003954,Current,Active,9504.07,2024-02-07
A0004259,C003955,Savings,Active,974104.14,2021-07-31
A0004260,C003956,Current,Active,57167.53,2024-11-02
A0004261,C003956,Savings,Active,31103.63,2023-04-11
A0004262,C003957,Savings,Active,8807.77,2024-01-10
A0004263,C003958,Premium,Active,68403.09,2022-08-11
A0004264,C003958,Savings,Active,70400.16,2022-07-28
A0004265,C003959,Savings,Dormant,42801.31,2021-02-17
A0004266,C003959,Salary,Active,43390.5,2020-10-24
A0004267,C003961,Salary,Active,240023.8,2018-01-08
A0004268,C003962,Current,Active,29286.89,2018-03-25
A0004269,C003962,Savings,Active,17176.88,2017-07-18
A0004270,C003963,Premium,Active,132298.6,2024-03-31
A0004271,C003964,Savings,Active,24194.54,2016-12-16
A0004272,C003964,Current,Active,23084.19,2018-03-12
A0004273,C003966,Salary,Active,73481.0,2024-11-30
A0004274,C003967,Current,Active,31428.52,2024-11-30
A0004275,C003967,Current,Active,27381.97,2024-11-30
A0004276,C003969,Salary,Active,19090.19,2020-02-26
A0004277,C003970,Salary,Active,80812.9,2020-01-21
A0004278,C003970,Salary,Active,68255.78,2019-01-20
A0004279,C003971,Salary,Active,42664.83,2017-03-17
A0004280,C003972,Current,Active,39714.82,2021-01-31
A0004281,C003973,Salary,Active,52216.54,2017-03-15
A0004282,C003974,Savings,Active,39562.24,2019-12-17
A0004283,C003975,Premium,Active,207435.44,2017-12-08
A0004284,C003976,Current,Active,13525.95,2024-09-29
A0004285,C003977,Salary,Active,5078.99,2024-11-30
A0004286,C003977,Savings,Active,9335.2,2024-11-30
A0004287,C003978,Savings,Active,131644.64,2022-03-22
A0004288,C003979,Salary,Active,143378.56,2024-11-30
A0004289,C003980,Premium,Active,21071.47,2024-11-30
A0004290,C003981,Premium,Dormant,160265.8,2023-06-30
A0004291,C003981,Current,Active,29787.99,2024-11-30
A0004292,C003982,Savings,Active,14297.01,2024-11-30
A0004293,C003982,Savings,Active,46247.28,2024-11-30
A0004294,C003983,Current,Active,76120.24,2024-11-30
A0004295,C003983,Current,Active,51683.51,2024-11-30
A0004296,C003984,Savings,Active,34585.31,2018-02-26
A0004297,C003985,Salary,Active,93909.84,2020-02-18
A0004298,C003986,Savings,Active,106408.95,2021-12-18
A0004299,C003988,Salary,Active,846718.1,2021-05-08
A0004300,C003989,Current,Active,75853.84,2020-12-08
A0004301,C003989,Salary,Active,102970.75,2018-07-05
A0004302,C003990,Savings,Active,32809.05,2022-11-15
A0004303,C003991,Savings,Active,76044.9,2024-11-30
A0004304,C003991,Salary,Active,31866.1,2024-11-30
A0004305,C003992,Savings,Active,8422.5,2023-01-13
A0004306,C003992,Savings,Active,12747.23,2024-07-14
A0004307,C003993,Savings,Active,29211.95,2024-11-30
A0004308,C003993,Salary,Active,9934.78,2023-04-14
A0004309,C003994,Salary,Closed,37729.29,2022-04-13
A0004310,C003994,Current,Active,56042.8,2023-12-14
A0004311,C003995,Current,Active,24699.28,2019-06-15
A0004312,C003996,Savings,Active,13457.03,2016-11-13
A0004313,C003997,Current,Active,47184.97,2022-02-24
A0004314,C004000,Salary,Dormant,37303.83,2016-07-29
A0004315,C004001,Salary,Active,60758.85,2024-11-30
A0004316,C004003,Savings,Dormant,51412.67,2024-11-30
A0004317,C004004,Salary,Active,25894.61,2022-03-09
A0004318,C004005,Savings,Active,16197.84,2024-09-13
A0004319,C004005,Premium,Dormant,53182.61,2024-11-30
A0004320,C004007,Savings,Active,49871.42,2024-05-28
A0004321,C004007,Current,Active,65752.03,2024-11-14
A0004322,C004008,Current,Active,21767.0,2024-05-05
A0004323,C004008,Current,Active,16382.33,2024-11-30
A0004324,C004009,Savings,Active,84624.11,2023-06-19
A0004325,C004010,Savings,Active,23026.01,2022-11-18
A0004326,C004010,Savings,Active,20045.97,2021-01-02
A0004327,C004011,Savings,Active,4234.56,2024-11-30
A0004328,C004012,Savings,Active,22557.37,2024-07-06
A0004329,C004013,Current,Active,10941.03,2019-10-11
A0004330,C004016,Savings,Active,5512.07,2024-11-30
A0004331,C004017,Current,Active,6474.42,2021-10-26
A0004332,C004018,Current,Active,12595.95,2018-06-21
A0004333,C004019,Savings,Active,21599.69,2018-10-15
A0004334,C004020,Savings,Active,34377.78,2016-07-04
A0004335,C004021,Savings,Active,75450.73,2024-02-05
A0004336,C004021,Salary,Active,28146.82,2021-10-12
A0004337,C004022,Savings,Active,16324.61,2016-09-16
A0004338,C004022,Savings,Active,5892.28,2018-02-23
A0004339,C004023,Savings,Active,113059.1,2021-06-30
A0004340,C004024,Current,Active,7241.91,2018-01-05
A0004341,C004025,Current,Active,35445.48,2022-07-01
A0004342,C004027,Salary,Active,135329.91,2019-02-28
A0004343,C004028,Savings,Active,129701.96,2020-06-19
A0004344,C004029,Current,Active,58115.92,2021-08-04
A0004345,C004030,Savings,Active,82689.75,2024-11-30
A0004346,C004030,Savings,Active,48879.94,2022-01-15
A0004347,C004031,Savings,Active,11680.09,2022-06-16
A0004348,C004031,Savings,Active,24307.56,2021-08-13
A0004349,C004032,Savings,Active,31195.98,2020-09-05
A0004350,C004032,Savings,Closed,28820.48,2019-10-11
A0004351,C004034,Premium,Active,81092.77,2024-07-23
A0004352,C004034,Savings,Active,85064.92,2024-11-30
A0004353,C004035,Current,Active,54863.86,2024-11-30
A0004354,C004036,Savings,Active,49184.78,2023-10-14
A0004355,C004037,Savings,Active,182319.79,2020-11-21
A0004356,C004038,Savings,Active,29651.69,2021-11-20
A0004357,C004038,Premium,Active,103182.42,2022-10-11
A0004358,C004039,Current,Active,4672.9,2022-11-12
A0004359,C004041,Salary,Active,64468.48,2022-05-06
A0004360,C004042,Savings,Active,61303.54,2024-11-30
A0004361,C004043,Salary,Closed,82222.08,2024-11-30
A0004362,C004043,Savings,Active,161770.04,2024-11-30
A0004363,C004044,Savings,Active,658543.91,2024-09-17
A0004364,C004047,Current,Dormant,11931.43,2021-09-02
A0004365,C004047,Premium,Active,15367.47,2019-11-22
A0004366,C004048,Savings,Active,308444.8,2024-11-30
A0004367,C004049,Salary,Active,43398.58,2020-06-23
A0004368,C004050,Salary,Active,76325.71,2019-08-21
A0004369,C004051,Premium,Active,15932.21,2023-10-20
A0004370,C004052,Savings,Active,29015.5,2024-11-30
A0004371,C004053,Savings,Closed,305666.21,2021-06-25
A0004372,C004054,Savings,Active,64615.1,2024-11-30
A0004373,C004055,Savings,Active,18139.09,2021-11-17
A0004374,C004057,Premium,Dormant,50010.07,2024-11-30
A0004375,C004058,Savings,Active,17747.44,2024-11-30
A0004376,C004059,Current,Active,17237.27,2024-11-30
A0004377,C004060,Savings,Active,74075.9,2023-11-06
A0004378,C004061,Current,Active,13130.33,2021-03-23
A0004379,C004062,Savings,Active,52523.35,2017-03-24
A0004380,C004063,Salary,Active,48883.58,2017-10-17
A0004381,C004063,Current,Dormant,32950.19,2018-02-17
A0004382,C004064,Current,Active,5209.67,2024-11-30
A0004383,C004065,Premium,Active,89633.18,2023-11-03
A0004384,C004067,Salary,Active,303910.27,2016-04-26
A0004385,C004069,Savings,Active,87891.37,2019-04-09
A0004386,C004070,Savings,Active,17161.51,2022-11-13
A0004387,C004070,Savings,Closed,112326.01,2019-12-06
A0004388,C004072,Salary,Active,99913.13,2017-01-08
A0004389,C004073,Savings,Active,51410.15,2021-05-04
A0004390,C004074,Savings,Active,23414.3,2019-10-25
A0004391,C004075,Salary,Dormant,45677.92,2023-01-20
A0004392,C004076,Savings,Active,26361.41,2020-10-20
A0004393,C004076,Savings,Active,7943.42,2020-05-06
A0004394,C004078,Savings,Active,13689.38,2024-11-30
A0004395,C004078,Current,Closed,27967.45,2022-07-14
A0004396,C004079,Savings,Active,11617.06,2024-09-01
A0004397,C004080,Savings,Active,24577.5,2019-07-19
A0004398,C004081,Savings,Active,36038.99,2020-08-21
A0004399,C004082,Savings,Active,16220.26,2024-11-30
A0004400,C004083,Savings,Active,39243.9,2023-02-28
A0004401,C004085,Savings,Active,38773.14,2024-04-07
A0004402,C004086,Savings,Active,38166.53,2024-01-17
A0004403,C004086,Current,Active,59601.91,2024-03-25
A0004404,C004087,Savings,Active,24443.16,2020-10-29
A0004405,C004087,Salary,Active,53823.41,2022-02-20
A0004406,C004088,Savings,Active,20102.5,2020-10-21
A0004407,C004088,Savings,Active,9803.2,2018-07-19
A0004408,C004090,Savings,Active,12447.61,2024-03-28
A0004409,C004091,Savings,Active,38210.09,2022-04-16
A0004410,C004091,Premium,Active,110933.23,2021-05-20
A0004411,C004093,Current,Active,119380.13,2023-05-26
A0004412,C004093,Savings,Active,112855.33,2023-05-11
A0004413,C004094,Savings,Active,49739.92,2024-11-30
A0004414,C004094,Savings,Active,120183.93,2024-11-30
A0004415,C004095,Premium,Dormant,149548.65,2023-12-29
A0004416,C004095,Premium,Active,106333.97,2021-06-30
A0004417,C004096,Savings,Active,34289.0,2023-07-26
A0004418,C004097,Current,Active,2535.47,2024-08-31
A0004419,C004098,Savings,Active,36649.93,2024-04-12
A0004420,C004098,Savings,Active,12382.55,2022-07-19
A0004421,C004099,Salary,Active,69878.36,2024-11-30
A0004422,C004100,Current,Active,29296.84,2022-06-26
A0004423,C004102,Savings,Active,35464.54,2019-09-27
A0004424,C004104,Current,Dormant,101094.1,2024-11-30
A0004425,C004105,Current,Active,71653.75,2024-04-01
A0004426,C004106,Savings,Active,42088.73,2024-11-30
A0004427,C004108,Current,Active,48473.58,2024-11-30
A0004428,C004109,Current,Active,34926.31,2021-11-11
A0004429,C004110,Savings,Active,66556.93,2022-01-31
A0004430,C004111,Current,Active,427375.23,2019-03-03
A0004431,C004112,Current,Active,45128.38,2022-12-05
A0004432,C004113,Savings,Active,12232.59,2018-04-03
A0004433,C004113,Salary,Active,5983.92,2018-01-26
A0004434,C004115,Current,Dormant,7833.13,2023-08-10
A0004435,C004116,Savings,Active,40090.53,2019-07-14
A0004436,C004119,Savings,Active,247982.1,2024-11-30
A0004437,C004120,Salary,Active,17768.82,2024-11-30
A0004438,C004120,Current,Active,49097.2,2024-11-30
A0004439,C004121,Salary,Active,23051.24,2017-12-14
A0004440,C004122,Salary,Active,57968.94,2017-04-12
A0004441,C004123,Savings,Active,14287.07,2020-07-25
A0004442,C004124,Current,Active,22513.74,2017-10-14
A0004443,C004125,Premium,Active,20080.91,2024-01-11
A0004444,C004126,Current,Active,356443.79,2020-09-21
A0004445,C004127,Savings,Active,19848.74,2024-11-30
A0004446,C004127,Current,Closed,5860.94,2023-06-16
A0004447,C004128,Salary,Active,55913.33,2024-11-30
A0004448,C004129,Savings,Active,89193.16,2023-11-04
A0004449,C004130,Current,Active,26704.5,2017-10-04
A0004450,C004130,Current,Active,35648.32,2019-04-25
A0004451,C004131,Savings,Active,31638.6,2024-04-25
A0004452,C004131,Salary,Closed,22870.56,2022-10-15
A0004453,C004132,Premium,Active,90386.02,2017-06-15
A0004454,C004133,Savings,Active,19490.28,2016-04-08
A0004455,C004134,Savings,Active,53593.08,2024-10-20
A0004456,C004135,Savings,Active,12867.68,2022-10-20
A0004457,C004135,Current,Active,19634.97,2023-07-07
A0004458,C004136,Salary,Active,18265.76,2024-11-30
A0004459,C004136,Premium,Active,30046.18,2024-04-06
A0004460,C004139,Savings,Active,126212.33,2019-11-15
A0004461,C004140,Savings,Active,16387.66,2024-11-14
A0004462,C004141,Savings,Active,45432.13,2024-11-30
A0004463,C004142,Current,Active,7398.62,2021-01-15
A0004464,C004143,Premium,Active,30870.48,2022-03-30
A0004465,C004143,Current,Active,8761.55,2020-10-26
A0004466,C004145,Savings,Active,26379.55,2017-08-21
A0004467,C004147,Salary,Active,74876.61,2016-09-28
A0004468,C004148,Current,Active,116284.6,2016-12-21
A0004469,C004148,Savings,Closed,504352.15,2015-11-06
A0004470,C004151,Savings,Active,8026.24,2021-07-04
A0004471,C004152,Current,Active,44150.18,2024-11-30
A0004472,C004152,Savings,Active,65351.64,2024-08-04
A0004473,C004154,Current,Dormant,8869.74,2019-09-18
A0004474,C004155,Current,Active,26168.39,2022-04-03
A0004475,C004157,Savings,Active,58486.42,2021-07-25
A0004476,C004158,Savings,Active,81343.24,2023-07-23
A0004477,C004159,Current,Active,60283.11,2023-11-30
A0004478,C004161,Savings,Active,69804.03,2024-02-25
A0004479,C004162,Savings,Dormant,46689.76,2016-07-16
A0004480,C004163,Savings,Active,56975.92,2024-07-12
A0004481,C004165,Current,Active,14135.94,2021-05-17
A0004482,C004165,Savings,Dormant,25003.19,2024-08-30
A0004483,C004166,Current,Active,17907.5,2019-04-10
A0004484,C004167,Current,Dormant,36552.46,2024-11-30
A0004485,C004168,Savings,Active,143024.53,2024-11-30
A0004486,C004169,Salary,Active,72277.45,2023-06-15
A0004487,C004169,Salary,Active,166295.87,2023-01-08
A0004488,C004170,Savings,Active,82966.92,2019-08-14
A0004489,C004171,Salary,Active,143432.85,2017-11-02
A0004490,C004171,Savings,Active,130432.96,2017-08-31
A0004491,C004172,Current,Active,8427.91,2024-11-30
A0004492,C004173,Savings,Active,79777.75,2018-08-28
A0004493,C004173,Current,Active,27340.16,2021-11-12
A0004494,C004174,Salary,Active,38409.67,2019-05-10
A0004495,C004175,Current,Active,8097.82,2022-02-13
A0004496,C004176,Salary,Active,23486.5,2016-01-08
A0004497,C004176,Savings,Active,25867.39,2019-08-17
A0004498,C004177,Current,Active,77411.73,2024-08-13
A0004499,C004178,Salary,Active,180295.31,2019-07-17
A0004500,C004179,Salary,Active,14811.83,2020-11-22
A0004501,C004180,Savings,Active,23667.23,2020-05-10
A0004502,C004181,Savings,Closed,7572.13,2021-04-24
A0004503,C004182,Salary,Active,146426.63,2017-03-01
A0004504,C004183,Savings,Active,40763.25,2019-07-04
A0004505,C004184,Salary,Active,17572.14,2018-01-10
A0004506,C004184,Current,Active,4699.76,2021-07-18
A0004507,C004185,Savings,Dormant,53661.42,2021-09-07
A0004508,C004186,Salary,Active,97290.88,2016-12-10
A0004509,C004187,Savings,Active,34086.64,2020-04-20
A0004510,C004187,Salary,Active,32671.56,2018-10-31
A0004511,C004188,Savings,Active,18991.16,2019-02-14
A0004512,C004189,Current,Active,28110.11,2024-11-30
A0004513,C004190,Salary,Closed,264276.28,2024-11-30
A0004514,C004191,Savings,Closed,24786.7,2024-11-30
A0004515,C004192,Current,Active,43012.83,2016-09-20
A0004516,C004192,Current,Active,151171.29,2017-05-06
A0004517,C004193,Savings,Active,68856.97,2024-09-07
A0004518,C004194,Savings,Active,23444.62,2017-02-08
A0004519,C004195,Savings,Active,156578.64,2017-01-02
A0004520,C004196,Savings,Active,34312.33,2019-02-27
A0004521,C004197,Savings,Active,5120.47,2023-11-24
A0004522,C004198,Savings,Active,19595.08,2016-07-13
A0004523,C004198,Premium,Active,64857.23,2016-06-09
A0004524,C004199,Savings,Dormant,47540.65,2019-06-02
A0004525,C004200,Savings,Active,54921.54,2018-08-10
A0004526,C004201,Current,Active,118143.91,2018-04-25
A0004527,C004203,Savings,Active,64006.3,2021-06-27
A0004528,C004204,Savings,Active,89698.5,2018-01-29
A0004529,C004205,Salary,Closed,100637.39,2024-11-30
A0004530,C004207,Savings,Closed,53058.18,2020-05-30
A0004531,C004207,Savings,Active,31123.63,2018-08-24
A0004532,C004208,Salary,Closed,270370.43,2018-08-05
A0004533,C004209,Current,Active,9517.26,2020-07-13
A0004534,C004210,Current,Active,44302.49,2018-05-25
A0004535,C004211,Salary,Dormant,73247.71,2024-11-30
A0004536,C004212,Savings,Active,5325.55,2023-01-24
A0004537,C004213,Current,Active,10805.12,2018-01-18
A0004538,C004214,Savings,Active,18125.81,2024-11-30
A0004539,C004216,Savings,Active,8207.42,2024-11-30
A0004540,C004217,Salary,Active,259460.06,2024-03-04
A0004541,C004217,Savings,Active,211869.4,2023-10-03
A0004542,C004218,Savings,Active,19957.91,2024-11-30
A0004543,C004218,Savings,Dormant,33439.1,2024-03-02
A0004544,C004219,Current,Active,71010.15,2020-07-17
A0004545,C004220,Current,Active,42794.49,2023-12-12
A0004546,C004221,Current,Active,6785.51,2019-09-28
A0004547,C004221,Salary,Active,14869.92,2019-06-14
A0004548,C004222,Current,Active,35040.14,2023-02-08
A0004549,C004223,Savings,Active,243299.48,2015-12-27
A0004550,C004224,Savings,Active,36026.4,2024-11-30
A0004551,C004224,Salary,Active,15957.62,2024-11-30
A0004552,C004225,Savings,Active,12101.07,2016-02-25
A0004553,C004226,Savings,Active,165491.24,2017-10-23
A0004554,C004227,Premium,Active,50733.61,2017-06-12
A0004555,C004228,Savings,Active,34367.67,2022-12-12
A0004556,C004228,Savings,Active,25884.49,2022-07-12
A0004557,C004229,Savings,Dormant,89707.71,2023-03-19
A0004558,C004230,Savings,Active,14708.8,2015-11-10
A0004559,C004230,Premium,Active,90214.72,2016-12-28
A0004560,C004232,Salary,Active,32150.24,2019-01-11
A0004561,C004234,Current,Closed,34802.14,2021-04-28
A0004562,C004235,Savings,Active,133882.64,2016-03-01
A0004563,C004235,Premium,Active,74097.06,2017-08-01
A0004564,C004236,Savings,Active,21580.89,2022-09-23
A0004565,C004236,Current,Closed,16062.91,2023-11-15
A0004566,C004237,Savings,Active,37181.18,2017-08-23
A0004567,C004237,Savings,Active,50083.57,2018-01-10
A0004568,C004238,Salary,Active,147014.5,2024-01-20
A0004569,C004238,Savings,Active,81630.1,2024-11-30
A0004570,C004239,Salary,Active,212575.32,2024-01-05
A0004571,C004239,Savings,Active,32397.31,2022-02-04
A0004572,C004241,Savings,Active,25116.64,2019-12-20
A0004573,C004242,Savings,Closed,138862.62,2020-09-06
A0004574,C004243,Savings,Active,52831.48,2024-08-10
A0004575,C004244,Salary,Active,27002.42,2023-07-23
A0004576,C004245,Salary,Active,58324.74,2019-10-20
A0004577,C004245,Current,Active,11090.22,2020-11-08
A0004578,C004246,Savings,Active,79934.59,2022-12-09
A0004579,C004247,Salary,Active,245423.06,2018-06-19
A0004580,C004248,Savings,Active,7151.89,2017-10-18
A0004581,C004249,Savings,Closed,14393.44,2018-08-23
A0004582,C004250,Salary,Active,54060.42,2021-03-19
A0004583,C004250,Current,Active,28276.74,2022-09-29
A0004584,C004251,Current,Active,24324.01,2016-09-07
A0004585,C004252,Savings,Active,23042.51,2024-10-07
A0004586,C004252,Current,Active,26108.32,2024-11-30
A0004587,C004253,Savings,Active,14995.08,2022-12-17
A0004588,C004253,Salary,Closed,33102.34,2024-11-30
A0004589,C004254,Salary,Active,60804.3,2023-06-17
A0004590,C004256,Salary,Active,89559.6,2024-11-30
A0004591,C004257,Savings,Active,68486.77,2018-04-13
A0004592,C004258,Savings,Active,13508.83,2016-01-04
A0004593,C004259,Savings,Active,52022.7,2019-03-14
A0004594,C004260,Premium,Active,590230.89,2020-12-25
A0004595,C004262,Current,Active,24440.25,2021-06-02
A0004596,C004263,Savings,Closed,41905.65,2019-12-13
A0004597,C004264,Current,Active,12555.43,2018-01-01
A0004598,C004264,Current,Active,23231.79,2020-03-08
A0004599,C004266,Current,Active,26942.63,2021-05-13
A0004600,C004267,Salary,Active,42156.35,2022-06-30
A0004601,C004268,Savings,Active,81284.16,2020-08-21
A0004602,C004268,Current,Dormant,91736.51,2020-11-17
A0004603,C004269,Current,Active,108607.63,2024-11-30
A0004604,C004269,Savings,Closed,100116.41,2022-07-13
A0004605,C004270,Premium,Active,43694.49,2019-08-29
A0004606,C004270,Current,Active,28047.54,2021-07-30
A0004607,C004271,Current,Dormant,12204.93,2024-07-27
A0004608,C004271,Savings,Active,35547.66,2024-11-30
A0004609,C004272,Premium,Active,71308.0,2022-08-23
A0004610,C004272,Savings,Dormant,31445.22,2022-05-03
A0004611,C004273,Premium,Active,311604.14,2021-05-03
A0004612,C004274,Savings,Active,423514.68,2021-10-01
A0004613,C004275,Salary,Active,91565.65,2024-11-30
A0004614,C004275,Savings,Active,23994.89,2024-11-30
A0004615,C004276,Savings,Active,115146.08,2024-11-30
A0004616,C004277,Current,Active,38172.97,2020-10-02
A0004617,C004277,Savings,Active,26882.59,2022-01-11
A0004618,C004278,Salary,Active,40084.57,2022-07-19
A0004619,C004279,Savings,Dormant,9923.65,2024-11-30
A0004620,C004280,Savings,Active,11397.71,2021-08-26
A0004621,C004280,Savings,Active,39194.44,2019-08-27
A0004622,C004281,Savings,Active,18839.57,2024-11-30
A0004623,C004282,Savings,Active,35586.39,2019-02-25
A0004624,C004283,Salary,Active,44098.46,2018-05-19
A0004625,C004284,Savings,Active,24706.52,2020-08-22
A0004626,C004284,Savings,Active,44508.36,2018-03-09
A0004627,C004286,Current,Active,13902.22,2024-11-30
A0004628,C004286,Current,Closed,15278.61,2024-03-20
A0004629,C004287,Current,Active,9894.62,2016-12-10
A0004630,C004288,Savings,Active,29301.32,2021-10-19
A0004631,C004289,Savings,Active,39607.73,2024-11-30
A0004632,C004291,Salary,Active,356130.4,2023-08-29
A0004633,C004291,Salary,Active,302703.88,2024-11-30
A0004634,C004294,Savings,Active,68422.94,2024-11-30
A0004635,C004294,Savings,Active,140877.3,2024-11-30
A0004636,C004295,Salary,Active,94225.75,2021-04-09
A0004637,C004295,Salary,Active,59325.51,2017-12-29
A0004638,C004296,Salary,Active,196441.13,2020-11-14
A0004639,C004297,Salary,Active,14310.73,2023-02-01
A0004640,C004297,Savings,Active,23918.21,2024-11-05
A0004641,C004298,Premium,Active,45283.43,2017-12-13
A0004642,C004299,Premium,Active,30333.38,2024-06-22
A0004643,C004299,Salary,Active,56599.7,2024-07-26
A0004644,C004300,Current,Active,38995.37,2023-04-16
A0004645,C004300,Salary,Active,152396.64,2022-08-08
A0004646,C004301,Savings,Active,108795.87,2024-11-30
A0004647,C004302,Savings,Active,129238.12,2024-11-30
A0004648,C004303,Savings,Active,39350.82,2019-04-18
A0004649,C004303,Savings,Active,46837.78,2020-10-22
A0004650,C004304,Savings,Active,33807.64,2023-10-20
A0004651,C004305,Savings,Active,178723.5,2024-11-30
A0004652,C004305,Current,Active,225418.29,2024-11-30
A0004653,C004306,Savings,Active,8308.11,2021-01-08
A0004654,C004307,Savings,Dormant,75077.92,2024-11-30
A0004655,C004309,Salary,Active,74919.2,2021-12-13
A0004656,C004310,Salary,Active,130184.02,2018-11-02
A0004657,C004310,Salary,Active,82723.94,2018-06-26
A0004658,C004311,Savings,Active,28557.77,2019-03-16
A0004659,C004312,Salary,Active,7821.71,2021-11-03
A0004660,C004313,Savings,Active,70437.42,2017-09-22
A0004661,C004314,Savings,Active,11669.02,2018-03-14
A0004662,C004315,Current,Active,165807.43,2022-02-17
A0004663,C004316,Savings,Active,27767.58,2018-06-04
A0004664,C004317,Savings,Active,186355.71,2023-04-26
A0004665,C004320,Savings,Closed,62399.81,2016-11-10
A0004666,C004321,Salary,Active,91646.59,2022-05-23
A0004667,C004322,Current,Active,51158.55,2024-05-30
A0004668,C004323,Savings,Closed,190213.75,2024-01-07
A0004669,C004324,Current,Dormant,15959.88,2020-12-23
A0004670,C004325,Savings,Active,28060.93,2020-08-23
A0004671,C004325,Current,Active,92495.29,2020-07-22
A0004672,C004326,Savings,Active,95653.71,2023-06-28
A0004673,C004326,Current,Active,40148.98,2021-12-27
A0004674,C004327,Salary,Active,23870.21,2023-06-02
A0004675,C004328,Salary,Active,67667.1,2022-09-06
A0004676,C004328,Salary,Active,19342.17,2020-10-17
A0004677,C004329,Current,Active,286793.94,2024-10-13
A0004678,C004330,Salary,Active,27539.04,2023-05-03
A0004679,C004331,Savings,Dormant,62001.48,2024-01-22
A0004680,C004332,Savings,Closed,20377.08,2023-06-11
A0004681,C004332,Salary,Active,29150.3,2021-10-16
A0004682,C004333,Salary,Active,12725.75,2024-11-30
A0004683,C004334,Current,Active,11157.89,2023-09-16
A0004684,C004334,Savings,Active,25808.43,2021-10-11
A0004685,C004336,Savings,Active,12261.66,2017-09-23
A0004686,C004338,Savings,Active,237326.33,2022-08-23
A0004687,C004339,Savings,Active,12343.34,2021-11-28
A0004688,C004339,Savings,Active,61715.49,2019-06-21
A0004689,C004340,Savings,Active,15549.48,2022-05-17
A0004690,C004340,Current,Active,18634.5,2023-08-25
A0004691,C004341,Savings,Active,116240.3,2022-03-05
A0004692,C004342,Salary,Active,98470.34,2018-06-02
A0004693,C004343,Current,Active,30583.9,2021-10-14
A0004694,C004344,Premium,Active,48392.69,2019-08-02
A0004695,C004344,Savings,Active,7037.59,2016-06-26
A0004696,C004345,Current,Active,18655.63,2024-11-30
A0004697,C004347,Savings,Active,17134.93,2020-09-24
A0004698,C004348,Savings,Active,20552.38,2020-04-29
A0004699,C004348,Current,Active,26739.79,2021-02-09
A0004700,C004349,Current,Active,192683.15,2019-08-15
A0004701,C004350,Salary,Closed,102451.01,2022-05-26
A0004702,C004350,Savings,Active,108917.68,2023-10-17
A0004703,C004351,Savings,Active,29514.42,2020-09-05
A0004704,C004352,Savings,Active,126240.58,2023-06-30
A0004705,C004353,Salary,Active,66731.68,2022-11-22
A0004706,C004354,Savings,Active,11179.33,2023-02-18
A0004707,C004355,Current,Active,3335.35,2018-06-03
A0004708,C004356,Savings,Active,124649.81,2022-07-27
A0004709,C004357,Current,Active,9996.99,2018-07-21
A0004710,C004358,Current,Closed,52819.05,2020-05-15
A0004711,C004358,Premium,Active,478333.81,2019-10-13
A0004712,C004359,Savings,Active,14146.46,2022-04-06
A0004713,C004359,Salary,Active,22303.37,2021-07-25
A0004714,C004360,Salary,Active,16950.52,2024-11-30
A0004715,C004361,Savings,Active,8006.46,2021-12-06
A0004716,C004362,Current,Active,14907.63,2021-05-08
A0004717,C004363,Salary,Active,351099.92,2019-11-23
A0004718,C004363,Savings,Active,873464.88,2019-05-10
A0004719,C004364,Salary,Active,141438.99,2020-01-05
A0004720,C004364,Premium,Active,88762.25,2021-01-28
A0004721,C004365,Current,Active,15993.39,2018-04-30
A0004722,C004365,Savings,Active,45851.92,2022-03-11
A0004723,C004366,Salary,Active,43051.71,2024-09-29
A0004724,C004367,Savings,Active,207194.76,2019-05-06
A0004725,C004368,Savings,Active,139800.31,2022-08-08
A0004726,C004369,Savings,Active,126380.91,2020-07-02
A0004727,C004370,Current,Active,56765.64,2020-05-15
A0004728,C004371,Current,Active,113856.37,2016-04-01
A0004729,C004372,Premium,Active,94690.65,2024-10-28
A0004730,C004373,Savings,Active,55247.33,2020-05-12
A0004731,C004373,Salary,Active,88231.86,2021-05-28
A0004732,C004374,Savings,Active,5413.76,2020-09-30
A0004733,C004375,Savings,Active,7974.99,2019-11-15
A0004734,C004377,Salary,Dormant,18462.61,2024-11-30
A0004735,C004377,Savings,Active,11567.81,2024-11-30
A0004736,C004378,Current,Active,43825.1,2021-06-07
A0004737,C004380,Current,Closed,7912.99,2023-07-07
A0004738,C004381,Savings,Active,32497.3,2024-11-30
A0004739,C004382,Savings,Active,32144.5,2020-08-24
A0004740,C004383,Salary,Active,86732.69,2023-08-07
A0004741,C004383,Premium,Active,88706.24,2021-09-07
A0004742,C004384,Premium,Dormant,81717.08,2020-12-23
A0004743,C004385,Current,Active,25507.57,2023-09-08
A0004744,C004385,Current,Active,19471.06,2022-04-16
A0004745,C004386,Current,Active,24616.07,2022-10-08
A0004746,C004386,Current,Active,87512.1,2021-11-23
A0004747,C004387,Savings,Active,53243.23,2022-06-18
A0004748,C004388,Savings,Active,39669.07,2024-10-20
A0004749,C004389,Current,Active,16236.75,2023-07-17
A0004750,C004389,Premium,Active,27299.61,2024-11-30
A0004751,C004390,Savings,Active,21414.08,2016-12-01
A0004752,C004391,Savings,Active,46557.99,2024-11-30
A0004753,C004391,Savings,Active,39570.41,2024-11-30
A0004754,C004392,Premium,Closed,136442.2,2023-07-09
A0004755,C004392,Premium,Active,101082.61,2021-11-03
A0004756,C004393,Salary,Active,97282.67,2018-11-01
A0004757,C004395,Current,Active,160055.56,2024-07-29
A0004758,C004395,Savings,Active,62272.51,2024-07-02
A0004759,C004396,Savings,Active,38158.47,2022-02-23
A0004760,C004397,Savings,Active,58619.2,2022-10-20
A0004761,C004399,Savings,Active,17348.55,2022-09-14
A0004762,C004399,Savings,Active,12087.67,2019-02-21
A0004763,C004400,Current,Active,34231.62,2018-01-25
A0004764,C004402,Savings,Active,8411.2,2022-06-21
A0004765,C004402,Savings,Dormant,6401.18,2023-09-19
A0004766,C004403,Current,Active,95137.81,2019-10-25
A0004767,C004404,Savings,Active,68274.68,2022-09-26
A0004768,C004405,Savings,Active,40504.49,2022-04-05
A0004769,C004405,Salary,Closed,255372.42,2023-09-08
A0004770,C004406,Savings,Active,228506.19,2016-10-28
A0004771,C004407,Savings,Active,35727.13,2020-04-16
A0004772,C004408,Savings,Active,37086.21,2016-09-26
A0004773,C004409,Savings,Active,13645.62,2017-12-19
A0004774,C004410,Salary,Closed,14288.19,2020-03-26
A0004775,C004411,Savings,Active,8209.44,2021-07-28
A0004776,C004412,Current,Active,9756.81,2019-02-09
A0004777,C004413,Salary,Active,39924.42,2024-11-30
A0004778,C004414,Current,Active,33132.34,2019-04-14
A0004779,C004414,Savings,Active,15076.9,2019-08-20
A0004780,C004415,Savings,Active,50876.29,2022-06-10
A0004781,C004418,Premium,Active,619281.3,2020-03-02
A0004782,C004419,Premium,Active,117032.1,2017-03-17
A0004783,C004420,Salary,Active,56105.42,2022-05-27
A0004784,C004420,Salary,Active,11042.74,2022-01-20
A0004785,C004421,Current,Active,28836.1,2020-09-26
A0004786,C004422,Salary,Active,41825.23,2018-09-03
A0004787,C004423,Salary,Closed,45428.46,2024-11-30
A0004788,C004424,Salary,Active,199373.45,2018-07-14
A0004789,C004424,Salary,Active,275348.64,2017-03-07
A0004790,C004425,Savings,Active,39114.08,2019-09-15
A0004791,C004426,Savings,Dormant,33805.5,2021-12-09
A0004792,C004427,Salary,Active,5396.07,2024-01-02
A0004793,C004427,Salary,Active,25820.8,2024-11-30
A0004794,C004428,Savings,Closed,21038.7,2023-12-08
A0004795,C004428,Savings,Dormant,16905.5,2024-10-04
A0004796,C004429,Savings,Active,41918.85,2022-05-18
A0004797,C004432,Current,Active,48445.97,2023-07-19
A0004798,C004434,Salary,Active,196371.09,2023-09-14
A0004799,C004435,Salary,Active,31402.81,2024-11-30
A0004800,C004435,Savings,Active,30620.23,2024-11-30
A0004801,C004438,Savings,Active,64568.91,2023-07-31
A0004802,C004438,Savings,Active,73333.89,2021-09-22
A0004803,C004440,Savings,Dormant,115186.02,2024-01-09
A0004804,C004440,Savings,Active,80890.61,2023-09-01
A0004805,C004442,Savings,Active,84617.63,2019-07-09
A0004806,C004443,Savings,Active,13780.53,2020-10-09
A0004807,C004444,Savings,Active,52014.57,2024-02-20
A0004808,C004446,Savings,Active,84666.48,2024-09-11
A0004809,C004446,Savings,Active,22631.52,2024-11-30
A0004810,C004447,Salary,Active,12421.8,2024-11-30
A0004811,C004448,Current,Active,21914.72,2020-03-14
A0004812,C004449,Current,Closed,79403.61,2020-04-15
A0004813,C004450,Savings,Active,6920.9,2023-12-10
A0004814,C004451,Salary,Active,38326.31,2024-02-15
A0004815,C004452,Salary,Active,7777.8,2020-12-11
A0004816,C004454,Current,Active,15425.83,2020-08-19
A0004817,C004454,Current,Active,11282.97,2018-02-17
A0004818,C004455,Savings,Active,57688.56,2019-09-18
A0004819,C004455,Salary,Active,39816.44,2017-08-27
A0004820,C004456,Current,Active,29500.37,2022-08-01
A0004821,C004457,Salary,Active,27125.41,2020-07-22
A0004822,C004458,Current,Active,5302.93,2023-10-09
A0004823,C004459,Salary,Active,25731.89,2024-11-30
A0004824,C004460,Salary,Dormant,31455.05,2020-12-19
A0004825,C004461,Premium,Active,144419.41,2020-06-28
A0004826,C004462,Salary,Active,290045.83,2019-02-12
A0004827,C004462,Savings,Active,176363.97,2020-08-04
A0004828,C004463,Salary,Active,46625.33,2023-08-25
A0004829,C004464,Salary,Active,40772.17,2024-11-30
A0004830,C004464,Savings,Active,116529.51,2024-11-30
A0004831,C004465,Current,Active,22059.49,2021-07-05
A0004832,C004468,Savings,Active,146995.23,2016-08-12
A0004833,C004469,Savings,Active,61386.64,2020-05-06
A0004834,C004469,Savings,Active,187961.27,2021-07-24
A0004835,C004470,Salary,Active,221528.54,2018-12-21
A0004836,C004471,Savings,Active,51083.1,2020-06-07
A0004837,C004472,Savings,Active,16396.2,2024-11-30
A0004838,C004473,Savings,Active,36645.17,2017-09-07
A0004839,C004474,Current,Active,19592.85,2018-11-12
A0004840,C004476,Premium,Active,128709.46,2024-04-08
A0004841,C004477,Savings,Closed,26517.46,2018-03-25
A0004842,C004478,Savings,Active,402185.55,2024-03-16
A0004843,C004478,Current,Active,52865.29,2024-11-30
A0004844,C004480,Current,Active,13618.19,2016-08-06
A0004845,C004481,Savings,Active,64156.91,2019-08-11
A0004846,C004482,Salary,Active,79329.1,2023-06-16
A0004847,C004483,Premium,Active,368535.57,2020-06-07
A0004848,C004484,Savings,Active,11104.79,2022-04-14
A0004849,C004485,Savings,Active,18616.81,2021-04-23
A0004850,C004485,Current,Active,10557.65,2019-10-03
A0004851,C004486,Savings,Active,47548.47,2023-07-18
A0004852,C004487,Savings,Active,6059.75,2019-05-10
A0004853,C004487,Salary,Active,24951.07,2019-10-30
A0004854,C004488,Savings,Active,127404.13,2022-06-18
A0004855,C004488,Current,Active,54003.44,2019-10-23
A0004856,C004490,Salary,Active,39232.46,2018-04-25
A0004857,C004491,Premium,Active,48586.46,2021-05-04
A0004858,C004492,Savings,Active,98700.19,2018-01-18
A0004859,C004493,Savings,Active,178971.67,2021-05-13
A0004860,C004494,Savings,Active,439161.41,2019-01-18
A0004861,C004495,Savings,Active,27866.69,2018-04-09
A0004862,C004496,Salary,Active,96147.96,2019-06-21
A0004863,C004497,Salary,Active,229594.02,2024-11-30
A0004864,C004497,Premium,Active,1167265.36,2024-11-30
A0004865,C004498,Savings,Active,14880.76,2022-04-22
A0004866,C004499,Savings,Dormant,55215.22,2023-06-21
A0004867,C004500,Salary,Active,368251.49,2018-07-23
A0004868,C004500,Savings,Active,217309.8,2018-09-21
A0004869,C004501,Savings,Active,33050.57,2024-11-30
A0004870,C004502,Savings,Active,116040.9,2020-08-16
A0004871,C004502,Savings,Active,182236.43,2022-04-04
A0004872,C004503,Salary,Active,18244.29,2022-07-29
A0004873,C004504,Savings,Dormant,4740.8,2020-09-25
A0004874,C004505,Current,Active,40642.32,2023-08-07
A0004875,C004506,Salary,Active,37695.77,2024-02-14
A0004876,C004506,Savings,Active,40035.52,2021-06-26
A0004877,C004507,Savings,Active,21537.63,2019-03-12
A0004878,C004508,Salary,Active,54011.46,2024-11-30
A0004879,C004509,Savings,Dormant,21944.55,2022-03-08
A0004880,C004509,Savings,Active,6697.35,2022-04-25
A0004881,C004510,Savings,Active,81252.92,2020-10-20
A0004882,C004510,Savings,Active,800688.64,2019-06-16
A0004883,C004511,Savings,Active,33845.55,2017-08-03
A0004884,C004512,Current,Active,207462.27,2022-07-26
A0004885,C004512,Savings,Active,341679.26,2021-12-27
A0004886,C004513,Salary,Active,14193.96,2024-01-23
A0004887,C004514,Savings,Active,35250.53,2019-04-30
A0004888,C004515,Premium,Active,17167.72,2023-05-15
A0004889,C004516,Current,Active,67145.58,2024-07-18
A0004890,C004517,Salary,Active,50070.04,2024-03-07
A0004891,C004518,Salary,Closed,80437.95,2024-11-30
A0004892,C004519,Salary,Closed,32963.44,2024-06-04
A0004893,C004519,Salary,Active,36162.42,2020-08-29
A0004894,C004520,Savings,Active,8322.24,2019-01-14
A0004895,C004521,Salary,Active,49756.86,2021-12-01
A0004896,C004522,Current,Active,19847.65,2022-05-17
A0004897,C004523,Savings,Active,12189.16,2019-10-13
A0004898,C004523,Premium,Active,12439.74,2020-08-10
A0004899,C004525,Current,Active,329061.7,2019-01-10
A0004900,C004526,Savings,Active,30364.64,2023-05-06
A0004901,C004526,Savings,Active,25059.37,2020-11-07
A0004902,C004528,Current,Active,95214.42,2020-11-13
A0004903,C004529,Savings,Dormant,19694.48,2016-03-16
A0004904,C004529,Savings,Active,46305.53,2017-03-26
A0004905,C004530,Current,Active,47742.53,2022-06-15
A0004906,C004531,Savings,Active,36228.81,2024-11-30
A0004907,C004533,Current,Active,87427.26,2021-08-23
A0004908,C004533,Current,Active,96628.77,2024-11-30
A0004909,C004534,Current,Active,65716.25,2021-09-02
A0004910,C004534,Premium,Active,273523.0,2019-12-09
A0004911,C004535,Salary,Active,78718.19,2018-07-01
A0004912,C004536,Savings,Active,33713.47,2017-09-12
A0004913,C004537,Current,Active,66583.67,2020-03-15
A0004914,C004538,Savings,Active,495075.93,2018-10-20
A0004915,C004538,Salary,Active,315387.72,2017-11-10
A0004916,C004539,Savings,Active,73577.67,2020-08-01
A0004917,C004540,Premium,Active,168079.55,2021-10-01
A0004918,C004541,Savings,Closed,58842.41,2021-12-24
A0004919,C004542,Savings,Active,521735.1,2024-11-30
A0004920,C004543,Savings,Dormant,131320.54,2018-02-12
A0004921,C004544,Salary,Active,381819.16,2021-04-14
A0004922,C004545,Salary,Active,33773.92,2018-03-19
A0004923,C004546,Savings,Active,42236.1,2020-07-03
A0004924,C004546,Current,Active,50366.07,2019-09-10
A0004925,C004547,Premium,Active,27022.25,2023-01-13
A0004926,C004547,Salary,Active,28662.85,2021-10-29
A0004927,C004548,Salary,Active,89791.29,2024-11-30
A0004928,C004549,Savings,Active,47929.95,2024-11-30
A0004929,C004549,Savings,Active,129844.5,2024-05-20
A0004930,C004550,Current,Active,34725.4,2023-06-23
A0004931,C004551,Salary,Active,89403.96,2017-04-22
A0004932,C004552,Savings,Active,47898.39,2019-10-21
A0004933,C004552,Savings,Active,26281.32,2020-02-17
A0004934,C004553,Current,Active,28619.75,2023-05-16
A0004935,C004553,Current,Active,24649.4,2024-11-30
A0004936,C004554,Savings,Dormant,81274.2,2022-05-10
A0004937,C004555,Salary,Active,10841.14,2020-04-19
A0004938,C004555,Savings,Active,1778.26,2020-12-03
A0004939,C004556,Current,Active,9767.3,2018-08-13
A0004940,C004558,Current,Active,295229.23,2024-11-30
A0004941,C004559,Salary,Dormant,13347.0,2018-05-19
A0004942,C004561,Salary,Active,18983.62,2023-03-04
A0004943,C004562,Current,Active,188640.97,2024-03-05
A0004944,C004563,Current,Active,817716.79,2024-04-26
A0004945,C004564,Savings,Active,6688.07,2021-10-29
A0004946,C004565,Savings,Active,24929.31,2019-04-19
A0004947,C004566,Salary,Active,182031.71,2024-09-05
A0004948,C004566,Savings,Active,172468.67,2021-11-16
A0004949,C004567,Savings,Active,24336.43,2016-11-21
A0004950,C004568,Current,Active,31390.91,2018-11-23
A0004951,C004569,Savings,Dormant,17421.18,2017-04-29
A0004952,C004570,Premium,Closed,2379226.73,2022-01-17
A0004953,C004570,Savings,Active,1108316.91,2021-09-21
A0004954,C004572,Savings,Active,14633.64,2024-01-06
A0004955,C004573,Savings,Active,22688.71,2017-08-24
A0004956,C004574,Savings,Active,15098.04,2022-04-04
A0004957,C004576,Salary,Active,20540.05,2020-05-23
A0004958,C004577,Current,Active,20806.7,2022-01-11
A0004959,C004578,Savings,Active,20789.88,2023-10-21
A0004960,C004579,Current,Active,45747.59,2019-10-19
A0004961,C004580,Salary,Active,14581.29,2019-09-14
A0004962,C004581,Salary,Dormant,65188.71,2020-03-16
A0004963,C004582,Salary,Active,88577.14,2016-12-30
A0004964,C004584,Current,Active,16015.72,2023-05-23
A0004965,C004585,Salary,Active,136062.41,2019-12-11
A0004966,C004586,Salary,Dormant,11819.6,2024-11-30
A0004967,C004587,Salary,Active,204603.64,2017-07-17
A0004968,C004587,Savings,Active,72009.86,2020-10-03
A0004969,C004588,Savings,Active,11543.3,2021-03-08
A0004970,C004590,Salary,Active,17030.28,2018-07-13
A0004971,C004591,Current,Active,96963.64,2021-10-07
A0004972,C004592,Savings,Active,276963.05,2019-12-09
A0004973,C004592,Current,Active,905828.3,2018-04-01
A0004974,C004594,Current,Active,25023.78,2020-06-09
A0004975,C004595,Savings,Active,22426.39,2020-10-18
A0004976,C004596,Savings,Active,27156.42,2022-01-30
A0004977,C004596,Savings,Active,20455.9,2021-06-02
A0004978,C004597,Savings,Active,15629.73,2024-11-30
A0004979,C004598,Premium,Active,19499.72,2018-06-20
A0004980,C004598,Salary,Active,37308.78,2018-11-17
A0004981,C004599,Salary,Active,89597.12,2020-11-21
A0004982,C004600,Premium,Active,180894.27,2016-11-23
A0004983,C004601,Savings,Active,31827.73,2020-07-24
A0004984,C004602,Current,Active,293834.78,2019-03-24
A0004985,C004602,Savings,Active,257097.83,2021-05-06
A0004986,C004603,Savings,Active,124584.34,2021-11-11
A0004987,C004605,Savings,Active,42250.28,2021-12-15
A0004988,C004605,Premium,Active,78277.29,2022-12-23
A0004989,C004606,Current,Active,186210.14,2023-05-05
A0004990,C004606,Salary,Active,106175.67,2020-10-10
A0004991,C004607,Salary,Active,9123.12,2019-05-28
A0004992,C004608,Savings,Active,44057.77,2022-08-04
A0004993,C004609,Savings,Closed,83932.62,2021-07-13
A0004994,C004609,Savings,Active,90277.47,2024-02-02
A0004995,C004612,Premium,Active,39755.0,2024-11-30
A0004996,C004612,Current,Dormant,13309.5,2022-10-14
A0004997,C004615,Current,Active,5668.96,2017-05-17
A0004998,C004616,Salary,Dormant,15875.51,2024-07-02
A0004999,C004617,Salary,Dormant,24281.49,2017-09-06
A0005000,C004617,Savings,Active,20257.01,2020-03-20
A0005001,C004618,Premium,Active,56351.02,2018-04-12
A0005002,C004620,Salary,Active,49112.15,2024-06-25
A0005003,C004621,Premium,Active,265141.7,2016-09-05
A0005004,C004622,Savings,Active,66549.01,2023-05-26
A0005005,C004624,Current,Active,33501.44,2024-11-30
A0005006,C004625,Premium,Active,1139370.51,2024-11-30
A0005007,C004626,Savings,Active,19975.72,2021-02-19
A0005008,C004626,Premium,Active,59935.58,2021-04-27
A0005009,C004627,Salary,Closed,22419.45,2021-06-19
A0005010,C004628,Current,Active,93411.49,2017-07-26
A0005011,C004628,Salary,Active,31433.11,2018-02-16
A0005012,C004629,Current,Active,44689.52,2022-10-19
A0005013,C004630,Salary,Active,17154.82,2016-08-01
A0005014,C004630,Salary,Active,39995.13,2018-07-24
A0005015,C004632,Salary,Active,15673.44,2019-12-30
A0005016,C004632,Savings,Active,5281.88,2021-02-22
A0005017,C004633,Savings,Active,183152.18,2020-07-08
A0005018,C004634,Salary,Active,14661.53,2019-07-05
A0005019,C004635,Savings,Active,10157.28,2018-01-29
A0005020,C004636,Savings,Active,18109.05,2024-09-11
A0005021,C004637,Savings,Active,24711.85,2024-11-08
A0005022,C004639,Savings,Active,5055.89,2020-03-12
A0005023,C004640,Salary,Active,94047.87,2017-10-23
A0005024,C004640,Premium,Active,154695.63,2019-03-13
A0005025,C004641,Current,Active,49950.21,2019-02-27
A0005026,C004641,Savings,Active,62347.81,2019-04-02
A0005027,C004643,Current,Active,44576.89,2023-05-05
A0005028,C004644,Savings,Active,21129.64,2024-04-25
A0005029,C004646,Savings,Closed,19829.72,2019-02-25
A0005030,C004647,Savings,Active,41594.76,2022-02-25
A0005031,C004647,Savings,Active,109322.57,2019-12-22
A0005032,C004648,Savings,Active,135962.12,2023-01-08
A0005033,C004648,Current,Active,52052.28,2023-06-09
A0005034,C004649,Salary,Active,255452.91,2022-04-17
A0005035,C004649,Current,Active,105420.19,2021-06-21
A0005036,C004651,Current,Active,11208.18,2023-10-04
A0005037,C004652,Savings,Dormant,53166.61,2024-11-30
A0005038,C004654,Current,Active,57107.99,2022-09-11
A0005039,C004654,Current,Closed,70512.05,2024-11-30
A0005040,C004656,Savings,Active,85481.9,2023-08-17
A0005041,C004657,Savings,Active,10599.0,2021-02-23
A0005042,C004658,Current,Active,21548.69,2024-11-30
A0005043,C004659,Current,Active,13110.55,2020-05-25
A0005044,C004660,Current,Active,32567.05,2018-05-01
A0005045,C004661,Salary,Active,114211.55,2019-03-28
A0005046,C004661,Salary,Active,30441.79,2018-03-09
A0005047,C004663,Current,Active,109436.88,2022-01-14
A0005048,C004664,Savings,Active,35407.12,2024-11-30
A0005049,C004665,Current,Active,28183.78,2024-11-30
A0005050,C004665,Salary,Active,39665.66,2024-02-12
A0005051,C004667,Current,Active,17973.18,2017-11-02
A0005052,C004667,Savings,Active,53683.12,2017-09-11
A0005053,C004668,Savings,Active,54286.03,2019-08-18
A0005054,C004669,Current,Active,23037.07,2016-05-22
A0005055,C004670,Savings,Active,12939.82,2020-02-28
A0005056,C004670,Savings,Active,33832.19,2022-10-25
A0005057,C004671,Salary,Active,44455.51,2024-04-04
A0005058,C004672,Salary,Dormant,33283.23,2020-10-31
A0005059,C004674,Savings,Active,11072.31,2020-07-01
A0005060,C004675,Salary,Dormant,379821.39,2024-11-30
A0005061,C004676,Savings,Active,12113.22,2016-08-19
A0005062,C004676,Current,Active,22649.3,2017-05-16
A0005063,C004678,Current,Active,70262.71,2015-12-21
A0005064,C004679,Savings,Active,36848.71,2021-10-26
A0005065,C004680,Current,Closed,32132.33,2024-06-23
A0005066,C004680,Current,Active,11507.66,2022-01-24
A0005067,C004681,Savings,Dormant,143562.25,2020-05-26
A0005068,C004681,Premium,Active,108063.79,2021-04-19
A0005069,C004682,Current,Active,26680.87,2020-09-05
A0005070,C004682,Savings,Active,33282.98,2024-02-24
A0005071,C004683,Salary,Active,131379.58,2023-12-27
A0005072,C004684,Current,Active,48196.39,2024-11-30
A0005073,C004685,Premium,Dormant,30824.05,2015-10-04
A0005074,C004686,Savings,Active,134740.25,2019-03-12
A0005075,C004687,Salary,Active,18284.86,2021-01-04
A0005076,C004688,Savings,Active,70569.92,2023-03-13
A0005077,C004689,Premium,Active,27562.62,2021-09-20
A0005078,C004689,Savings,Active,31304.21,2022-06-05
A0005079,C004690,Savings,Active,196720.81,2021-05-06
A0005080,C004691,Savings,Active,197654.62,2023-04-25
A0005081,C004691,Current,Active,163095.51,2023-05-06
A0005082,C004692,Current,Active,9292.1,2020-11-24
A0005083,C004692,Savings,Active,15066.73,2017-11-03
A0005084,C004693,Savings,Active,61067.64,2023-10-22
A0005085,C004695,Salary,Active,34413.58,2024-11-30
A0005086,C004696,Savings,Active,59226.08,2020-07-07
A0005087,C004697,Savings,Active,5068.05,2022-11-13
A0005088,C004698,Current,Active,1713.26,2022-04-12
A0005089,C004699,Savings,Active,18469.19,2020-11-06
A0005090,C004700,Current,Active,29290.49,2023-01-10
A0005091,C004701,Savings,Active,271205.43,2021-06-06
A0005092,C004702,Salary,Active,98737.23,2024-11-30
A0005093,C004702,Savings,Active,31589.66,2024-11-30
A0005094,C004703,Salary,Active,20760.85,2021-08-12
A0005095,C004704,Savings,Active,63567.24,2021-01-29
A0005096,C004707,Current,Active,18735.32,2018-01-25
A0005097,C004708,Current,Active,24826.28,2023-02-04
A0005098,C004708,Savings,Active,52749.09,2022-10-26
A0005099,C004709,Current,Active,10872.49,2016-01-08
A0005100,C004709,Salary,Active,46080.76,2016-04-04
A0005101,C004710,Current,Active,36465.91,2021-12-18
A0005102,C004710,Current,Active,88947.9,2021-12-04
A0005103,C004712,Savings,Active,18095.5,2022-11-13
A0005104,C004712,Savings,Active,30175.04,2022-03-11
A0005105,C004713,Savings,Closed,95964.66,2022-05-01
A0005106,C004713,Savings,Active,80384.13,2023-09-12
A0005107,C004714,Savings,Active,10153.21,2018-08-03
A0005108,C004715,Savings,Active,85699.75,2021-11-20
A0005109,C004716,Current,Active,33307.64,2022-07-31
A0005110,C004718,Salary,Active,66637.71,2019-12-06
A0005111,C004719,Salary,Active,7540.97,2024-03-17
A0005112,C004720,Savings,Active,12222.83,2018-03-22
A0005113,C004721,Salary,Active,134253.64,2021-11-10
A0005114,C004722,Savings,Active,65101.82,2021-08-06
A0005115,C004722,Savings,Active,80076.81,2019-06-16
A0005116,C004723,Salary,Active,25108.62,2019-10-29
A0005117,C004724,Savings,Active,49344.6,2024-11-30
A0005118,C004725,Savings,Active,30580.35,2022-06-16
A0005119,C004725,Salary,Active,41327.58,2023-06-19
A0005120,C004726,Savings,Active,31018.1,2023-11-27
A0005121,C004727,Savings,Active,23534.38,2019-05-23
A0005122,C004728,Savings,Active,28905.66,2022-04-23
A0005123,C004730,Salary,Active,13064.66,2021-09-22
A0005124,C004731,Current,Dormant,13282.54,2022-03-11
A0005125,C004732,Current,Active,12041.98,2020-05-01
A0005126,C004733,Savings,Active,21343.46,2021-02-15
A0005127,C004733,Savings,Active,32388.64,2021-08-26
A0005128,C004734,Savings,Active,20552.82,2020-09-19
A0005129,C004734,Current,Active,6483.21,2024-04-15
A0005130,C004735,Savings,Closed,53582.02,2018-09-24
A0005131,C004736,Premium,Active,70262.37,2017-01-13
A0005132,C004737,Savings,Dormant,31640.61,2017-01-03
A0005133,C004738,Savings,Active,22982.36,2024-11-30
A0005134,C004738,Savings,Active,34468.5,2024-04-05
A0005135,C004740,Savings,Active,338623.96,2016-09-29
A0005136,C004740,Savings,Active,145411.71,2019-11-25
A0005137,C004742,Premium,Active,150698.18,2024-11-30
A0005138,C004743,Savings,Active,69201.48,2024-10-14
A0005139,C004744,Savings,Closed,122826.82,2024-01-05
A0005140,C004745,Savings,Active,189791.71,2022-12-07
A0005141,C004745,Savings,Active,157311.86,2024-04-23
A0005142,C004746,Savings,Active,32931.93,2024-11-30
A0005143,C004746,Premium,Active,79360.31,2024-11-30
A0005144,C004747,Savings,Active,40911.08,2021-05-19
A0005145,C004748,Savings,Active,15015.04,2024-11-30
A0005146,C004749,Savings,Active,120375.03,2023-06-12
A0005147,C004750,Current,Active,33503.81,2021-12-21
A0005148,C004751,Current,Active,22082.9,2024-11-30
A0005149,C004751,Savings,Active,34065.07,2024-11-30
A0005150,C004752,Savings,Active,67324.05,2022-05-04
A0005151,C004753,Savings,Active,46490.36,2024-07-04
A0005152,C004753,Savings,Active,18677.19,2024-11-30
A0005153,C004754,Savings,Active,244185.58,2020-04-07
A0005154,C004756,Premium,Active,155646.27,2019-07-24
A0005155,C004756,Salary,Active,213404.8,2020-06-04
A0005156,C004758,Salary,Active,511642.3,2021-05-28
A0005157,C004759,Salary,Active,40233.25,2024-11-30
A0005158,C004761,Savings,Active,17791.69,2024-11-30
A0005159,C004761,Savings,Active,21537.32,2024-11-30
A0005160,C004762,Savings,Active,36684.25,2018-02-05
A0005161,C004762,Savings,Active,30402.39,2017-02-25
A0005162,C004763,Savings,Active,47744.78,2020-11-13
A0005163,C004764,Savings,Active,8216.49,2020-12-09
A0005164,C004765,Savings,Active,55157.2,2022-10-06
A0005165,C004766,Current,Active,36810.64,2024-11-30
A0005166,C004766,Savings,Active,32326.95,2024-06-10
A0005167,C004767,Savings,Dormant,71777.12,2020-02-24
A0005168,C004768,Salary,Active,107404.97,2024-11-30
A0005169,C004769,Salary,Active,37661.3,2020-01-22
A0005170,C004770,Salary,Active,14642.29,2023-04-29
A0005171,C004771,Current,Active,20496.07,2016-04-12
A0005172,C004772,Salary,Active,145965.04,2019-06-17
A0005173,C004772,Current,Active,8379.02,2019-05-24
A0005174,C004774,Savings,Active,74379.23,2023-01-30
A0005175,C004774,Salary,Active,14562.19,2022-07-13
A0005176,C004775,Salary,Active,113963.26,2022-01-19
A0005177,C004776,Savings,Active,20337.7,2016-07-04
A0005178,C004777,Salary,Active,99873.03,2023-10-18
A0005179,C004778,Current,Dormant,15776.24,2021-01-30
A0005180,C004780,Savings,Active,51710.19,2019-11-17
A0005181,C004781,Savings,Active,82577.58,2023-02-09
A0005182,C004782,Current,Active,65507.75,2021-05-01
A0005183,C004783,Current,Active,23528.61,2019-03-16
A0005184,C004785,Salary,Active,107528.96,2024-06-05
A0005185,C004785,Salary,Active,52734.74,2022-11-12
A0005186,C004787,Savings,Active,24452.15,2024-03-03
A0005187,C004788,Savings,Active,45000.72,2024-11-30
A0005188,C004789,Savings,Active,46855.12,2023-10-05
A0005189,C004789,Savings,Active,12778.06,2023-12-18
A0005190,C004790,Salary,Active,177142.99,2024-11-30
A0005191,C004791,Savings,Active,106513.2,2023-02-12
A0005192,C004792,Salary,Active,59489.27,2024-11-30
A0005193,C004792,Savings,Active,106448.72,2024-02-21
A0005194,C004793,Savings,Active,6188.83,2017-03-23
A0005195,C004794,Current,Active,53702.09,2024-01-01
A0005196,C004795,Savings,Active,20911.08,2017-06-28
A0005197,C004796,Salary,Active,109231.36,2022-09-24
A0005198,C004796,Current,Active,31955.04,2024-10-01
A0005199,C004797,Savings,Active,19396.26,2024-11-30
A0005200,C004798,Savings,Active,24174.68,2024-11-30
A0005201,C004799,Savings,Closed,470089.54,2016-11-15
A0005202,C004799,Salary,Active,297101.65,2017-11-05
A0005203,C004802,Current,Active,19785.54,2019-08-18
A0005204,C004804,Savings,Active,28266.08,2024-11-30
A0005205,C004805,Savings,Active,37476.24,2016-10-13
A0005206,C004806,Savings,Active,22530.87,2019-06-06
A0005207,C004807,Current,Active,12713.7,2024-11-30
A0005208,C004808,Savings,Closed,25323.89,2024-11-30
A0005209,C004809,Salary,Active,28561.11,2022-07-01
A0005210,C004810,Salary,Active,14267.38,2021-09-14
A0005211,C004811,Savings,Active,89943.05,2024-11-30
A0005212,C004812,Current,Active,13389.23,2023-08-22
A0005213,C004813,Salary,Active,84461.01,2020-05-03
A0005214,C004813,Current,Active,78792.89,2018-10-19
A0005215,C004814,Current,Active,13646.33,2020-01-23
A0005216,C004814,Savings,Dormant,36956.6,2021-02-27
A0005217,C004815,Savings,Active,37008.89,2024-06-13
A0005218,C004816,Savings,Closed,23300.19,2022-11-20
A0005219,C004816,Current,Active,17108.84,2021-11-22
A0005220,C004817,Savings,Active,54648.16,2024-03-25
A0005221,C004818,Savings,Active,93845.32,2020-07-11
A0005222,C004819,Salary,Active,86959.11,2023-09-01
A0005223,C004819,Savings,Active,33869.1,2020-04-08
A0005224,C004820,Current,Active,9047.99,2020-09-03
A0005225,C004820,Savings,Dormant,14484.86,2019-01-14
A0005226,C004821,Savings,Active,49480.15,2019-10-23
A0005227,C004822,Current,Active,94871.24,2024-11-30
A0005228,C004823,Current,Active,18703.29,2018-08-15
A0005229,C004824,Savings,Active,171194.99,2019-03-09
A0005230,C004825,Current,Active,31522.81,2023-06-19
A0005231,C004826,Savings,Active,35364.03,2017-09-21
A0005232,C004826,Current,Active,19452.87,2020-04-16
A0005233,C004827,Current,Active,50429.44,2021-04-04
A0005234,C004827,Savings,Active,156069.07,2021-11-09
A0005235,C004828,Savings,Active,53662.45,2018-07-27
A0005236,C004829,Current,Closed,59252.03,2018-09-11
A0005237,C004829,Savings,Active,22972.07,2019-06-26
A0005238,C004830,Salary,Dormant,66940.33,2022-12-12
A0005239,C004831,Savings,Active,25366.71,2019-06-21
A0005240,C004832,Current,Dormant,31877.5,2024-11-30
A0005241,C004832,Premium,Active,508943.45,2022-10-02
A0005242,C004833,Savings,Active,106270.49,2024-11-30
A0005243,C004833,Savings,Active,60807.28,2024-11-30
A0005244,C004835,Savings,Active,287078.0,2024-09-12
A0005245,C004835,Savings,Active,112693.82,2024-07-03
A0005246,C004836,Savings,Active,21927.42,2021-12-19
A0005247,C004837,Savings,Active,79157.24,2017-07-04
A0005248,C004838,Salary,Active,6676.98,2024-08-29
A0005249,C004839,Savings,Active,33222.84,2021-07-03
A0005250,C004841,Salary,Active,83627.73,2024-11-30
A0005251,C004841,Salary,Active,52706.96,2022-10-06
A0005252,C004842,Savings,Dormant,34614.05,2022-11-28
A0005253,C004843,Savings,Active,50469.67,2021-03-30
A0005254,C004844,Salary,Active,48964.55,2021-04-28
A0005255,C004845,Savings,Active,104892.33,2017-05-16
A0005256,C004846,Savings,Active,9871.59,2024-05-03
A0005257,C004846,Savings,Active,16309.07,2024-10-29
A0005258,C004847,Salary,Active,43218.58,2024-11-30
A0005259,C004848,Savings,Dormant,49459.95,2023-08-30
A0005260,C004849,Salary,Closed,35624.44,2020-01-21
A0005261,C004850,Current,Active,14655.07,2021-09-08
A0005262,C004851,Current,Active,9903.35,2016-06-16
A0005263,C004852,Savings,Dormant,80219.93,2022-01-12
A0005264,C004853,Salary,Dormant,64729.16,2022-12-31
A0005265,C004854,Savings,Active,22244.55,2024-02-23
A0005266,C004855,Salary,Active,81066.94,2024-11-30
A0005267,C004856,Savings,Active,14362.82,2024-11-30
A0005268,C004858,Current,Active,19134.17,2020-10-23
A0005269,C004859,Savings,Active,52812.24,2024-11-30
A0005270,C004860,Current,Active,15387.97,2020-01-16
A0005271,C004861,Salary,Active,24275.16,2024-11-30
A0005272,C004861,Current,Active,4898.95,2023-06-07
A0005273,C004862,Savings,Active,21626.08,2021-10-22
A0005274,C004863,Premium,Active,22795.16,2015-07-04
A0005275,C004864,Salary,Active,31274.58,2024-11-30
A0005276,C004865,Savings,Dormant,19858.4,2024-11-30
A0005277,C004867,Savings,Active,36775.36,2019-09-21
A0005278,C004868,Savings,Dormant,13296.25,2018-06-18
A0005279,C004869,Premium,Active,162311.45,2024-06-20
A0005280,C004872,Salary,Active,101769.33,2023-07-07
A0005281,C004872,Current,Active,42206.45,2024-11-30
A0005282,C004873,Savings,Active,80069.41,2023-05-10
A0005283,C004873,Current,Active,25726.27,2020-04-02
A0005284,C004876,Salary,Active,23747.42,2018-03-20
A0005285,C004876,Current,Active,13902.67,2018-08-11
A0005286,C004879,Savings,Active,21956.74,2021-12-17
A0005287,C004880,Savings,Active,65922.8,2017-03-18
A0005288,C004882,Current,Closed,34154.54,2016-11-22
A0005289,C004885,Salary,Dormant,17701.96,2024-11-30
A0005290,C004885,Savings,Active,15128.55,2024-05-17
A0005291,C004888,Salary,Closed,291770.77,2024-11-30
A0005292,C004888,Salary,Active,63738.97,2023-01-04
A0005293,C004889,Savings,Active,381732.15,2020-01-04
A0005294,C004890,Savings,Active,14872.33,2017-06-10
A0005295,C004891,Salary,Active,247283.16,2021-09-26
A0005296,C004891,Savings,Active,486476.06,2021-02-16
A0005297,C004893,Savings,Active,21063.18,2022-02-23
A0005298,C004894,Current,Active,19681.24,2022-08-09
A0005299,C004895,Salary,Active,23393.36,2024-11-30
A0005300,C004896,Savings,Active,246591.22,2018-03-25
A0005301,C004896,Savings,Active,72772.05,2021-01-30
A0005302,C004898,Current,Active,8305.36,2016-08-03
A0005303,C004900,Current,Dormant,30207.65,2022-11-20
A0005304,C004901,Current,Active,249873.32,2019-05-21
A0005305,C004901,Salary,Active,128585.42,2020-04-02
A0005306,C004903,Savings,Closed,26051.42,2020-06-03
A0005307,C004904,Savings,Active,17734.94,2019-12-19
A0005308,C004905,Salary,Active,24866.81,2022-06-25
A0005309,C004906,Current,Dormant,14329.08,2023-06-15
A0005310,C004907,Current,Active,43266.77,2020-09-10
A0005311,C004908,Savings,Active,27436.46,2024-11-30
A0005312,C004909,Current,Active,9717.76,2024-11-30
A0005313,C004909,Current,Active,51809.53,2022-01-28
A0005314,C004910,Savings,Active,33114.31,2017-07-18
A0005315,C004911,Savings,Active,12404.66,2021-03-31
A0005316,C004911,Current,Active,20487.14,2022-10-10
A0005317,C004912,Current,Dormant,11858.33,2020-04-19
A0005318,C004912,Salary,Active,14286.44,2023-03-10
A0005319,C004913,Savings,Active,35854.34,2023-08-13
A0005320,C004913,Savings,Closed,98150.01,2024-02-27
A0005321,C004914,Savings,Active,9908.15,2020-07-05
A0005322,C004914,Savings,Active,13044.28,2018-02-08
A0005323,C004915,Salary,Active,22066.42,2019-02-26
A0005324,C004916,Savings,Active,29610.64,2018-07-21
A0005325,C004918,Savings,Active,19093.45,2024-05-17
A0005326,C004919,Current,Closed,22529.18,2019-12-26
A0005327,C004920,Salary,Dormant,18820.08,2022-04-15
A0005328,C004921,Savings,Active,38173.4,2024-07-13
A0005329,C004922,Savings,Active,12920.15,2023-05-17
A0005330,C004923,Current,Active,15107.13,2024-11-30
A0005331,C004924,Current,Active,4271.91,2022-03-29
A0005332,C004926,Savings,Active,138004.7,2021-12-06
A0005333,C004926,Savings,Dormant,174493.73,2020-04-10
A0005334,C004927,Premium,Active,37585.53,2021-05-06
A0005335,C004928,Savings,Dormant,27799.11,2018-06-26
A0005336,C004929,Savings,Active,27114.75,2021-02-27
A0005337,C004931,Savings,Active,13909.51,2019-04-02
A0005338,C004931,Savings,Dormant,24231.99,2022-06-20
A0005339,C004932,Savings,Active,60370.57,2021-12-01
A0005340,C004933,Salary,Active,260164.58,2023-03-27
A0005341,C004934,Savings,Active,3839.95,2023-05-26
A0005342,C004934,Savings,Active,5189.38,2024-03-19
A0005343,C004935,Salary,Active,108339.32,2023-09-08
A0005344,C004936,Savings,Closed,27523.02,2022-07-20
A0005345,C004937,Savings,Dormant,40082.62,2023-08-13
A0005346,C004938,Savings,Active,34520.24,2018-12-28
A0005347,C004938,Current,Active,22907.55,2019-10-26
A0005348,C004939,Salary,Active,238135.25,2018-01-23
A0005349,C004940,Savings,Active,4025.31,2021-05-07
A0005350,C004940,Current,Active,17921.74,2023-03-10
A0005351,C004941,Savings,Active,11936.31,2024-11-30
A0005352,C004942,Salary,Active,21964.7,2024-11-30
A0005353,C004942,Savings,Active,143660.38,2024-11-30
A0005354,C004943,Savings,Active,112544.18,2021-07-04
A0005355,C004944,Salary,Active,101268.8,2018-12-01
A0005356,C004945,Savings,Dormant,42207.14,2021-10-11
A0005357,C004945,Current,Active,37981.6,2021-06-12
A0005358,C004947,Current,Active,24736.18,2020-07-22
A0005359,C004948,Savings,Active,49121.13,2020-11-11
A0005360,C004948,Current,Active,89463.18,2022-11-17
A0005361,C004950,Salary,Active,19316.97,2020-03-08
A0005362,C004950,Savings,Active,16355.52,2022-08-27
A0005363,C004951,Savings,Dormant,131946.45,2021-07-18
A0005364,C004953,Current,Active,53080.09,2024-11-30
A0005365,C004954,Savings,Dormant,26956.27,2019-06-25
A0005366,C004955,Savings,Dormant,34874.22,2024-02-21
A0005367,C004956,Savings,Active,4924.46,2017-04-07
A0005368,C004957,Salary,Closed,15326.7,2020-02-24
A0005369,C004958,Salary,Active,49015.72,2023-03-09
A0005370,C004959,Premium,Active,345568.55,2023-07-17
A0005371,C004960,Savings,Active,29705.36,2024-09-03
A0005372,C004961,Savings,Active,13975.24,2024-04-20
A0005373,C004962,Salary,Active,22045.43,2023-07-22
A0005374,C004962,Savings,Active,55854.4,2021-01-16
A0005375,C004965,Salary,Active,92395.06,2018-08-20
A0005376,C004967,Current,Closed,56051.8,2016-09-12
A0005377,C004968,Current,Active,28413.78,2024-07-14
A0005378,C004969,Current,Active,7475.64,2024-11-30
A0005379,C004970,Salary,Active,682228.08,2024-11-30
A0005380,C004971,Current,Dormant,26263.94,2020-02-21
A0005381,C004971,Salary,Active,153343.44,2020-10-10
A0005382,C004972,Savings,Closed,204468.32,2024-08-27
A0005383,C004972,Salary,Active,124330.1,2023-07-18
A0005384,C004973,Savings,Active,56602.25,2017-06-25
A0005385,C004975,Savings,Active,29191.38,2019-01-08
A0005386,C004976,Savings,Active,87570.92,2023-06-05
A0005387,C004977,Savings,Active,63124.13,2020-04-06
A0005388,C004978,Current,Active,32308.02,2022-07-14
A0005389,C004979,Salary,Active,85491.04,2024-06-20
A0005390,C004980,Salary,Dormant,23052.05,2021-06-26
A0005391,C004981,Salary,Active,12822.82,2024-11-30
A0005392,C004982,Salary,Dormant,49267.09,2017-01-19
A0005393,C004982,Savings,Dormant,100518.01,2018-06-13
A0005394,C004983,Savings,Active,116241.69,2024-11-30
A0005395,C004985,Savings,Active,35350.28,2020-03-11
A0005396,C004985,Savings,Active,12414.74,2022-06-25
A0005397,C004986,Current,Active,134969.7,2019-12-01
A0005398,C004986,Current,Active,169119.51,2021-12-20
A0005399,C004987,Salary,Closed,75523.75,2019-06-22
A0005400,C004988,Savings,Active,19847.78,2020-05-01
A0005401,C004988,Current,Active,47639.16,2022-08-04
A0005402,C004991,Current,Active,10519.37,2022-02-04
A0005403,C004992,Salary,Dormant,67122.28,2019-08-08
A0005404,C004992,Current,Active,22770.2,2020-05-11
A0005405,C004993,Salary,Active,43092.24,2021-05-23
A0005406,C004995,Savings,Dormant,80134.07,2024-05-21
A0005407,C004996,Savings,Active,291436.09,2022-03-29
A0005408,C004998,Salary,Active,31307.58,2024-04-06
A0005409,C004999,Salary,Active,24452.36,2023-10-08
A0005410,C004999,Savings,Active,75359.51,2024-11-30
A0005411,C005001,Current,Dormant,22882.5,2021-04-18
A0005412,C005002,Savings,Active,6194.99,2016-12-12
A0005413,C005003,Savings,Closed,4955.77,2019-06-04
A0005414,C005004,Savings,Closed,91984.62,2024-11-30
A0005415,C005004,Savings,Closed,32458.29,2024-11-30
A0005416,C005005,Salary,Dormant,59095.63,2024-11-30
A0005417,C005005,Premium,Active,65868.13,2024-11-30
A0005418,C005006,Savings,Active,62790.03,2017-09-01
A0005419,C005007,Savings,Active,29588.17,2018-06-12
A0005420,C005008,Savings,Active,22564.22,2024-10-19
A0005421,C005008,Savings,Dormant,28963.64,2023-03-14
A0005422,C005010,Savings,Dormant,37069.98,2022-06-16
A0005423,C005011,Savings,Active,53328.98,2024-11-30
A0005424,C005011,Savings,Active,42419.26,2024-11-30
A0005425,C005012,Savings,Active,24734.9,2022-09-07
A0005426,C005014,Current,Active,17934.55,2024-11-30
A0005427,C005015,Premium,Active,244488.64,2023-11-18
A0005428,C005016,Premium,Active,526847.73,2023-03-22
A0005429,C005016,Savings,Closed,145086.37,2024-11-30
A0005430,C005017,Current,Active,13261.81,2017-01-14
A0005431,C005018,Savings,Active,140037.29,2018-02-28
A0005432,C005018,Salary,Active,253486.62,2018-02-06
A0005433,C005019,Savings,Active,53072.74,2022-03-06
A0005434,C005020,Salary,Active,82971.48,2024-03-27
A0005435,C005021,Salary,Dormant,17083.17,2020-06-26
A0005436,C005022,Current,Active,169774.17,2021-01-09
A0005437,C005023,Savings,Active,70821.63,2019-09-29
A0005438,C005023,Savings,Active,40198.69,2019-08-01
A0005439,C005025,Savings,Active,132466.53,2023-07-24
A0005440,C005025,Salary,Active,135137.71,2024-01-05
A0005441,C005026,Premium,Active,51213.4,2017-04-11
A0005442,C005027,Salary,Active,11606.54,2017-01-06
A0005443,C005027,Salary,Dormant,10440.36,2017-05-26
A0005444,C005028,Salary,Active,81801.96,2024-11-30
A0005445,C005028,Current,Active,101310.74,2023-02-09
A0005446,C005029,Current,Active,17166.84,2024-11-30
A0005447,C005030,Salary,Active,65652.63,2018-12-31
A0005448,C005031,Current,Active,288953.25,2021-05-30
A0005449,C005031,Premium,Active,547424.29,2021-10-26
A0005450,C005033,Current,Active,9140.68,2020-02-15
A0005451,C005033,Savings,Active,5208.68,2021-06-02
A0005452,C005034,Salary,Active,37264.26,2024-02-26
A0005453,C005034,Current,Active,23060.64,2022-06-19
A0005454,C005035,Current,Active,249047.68,2019-05-22
A0005455,C005036,Premium,Active,176044.81,2024-11-30
A0005456,C005037,Current,Active,391996.92,2021-05-10
A0005457,C005039,Savings,Active,12900.16,2021-03-25
A0005458,C005040,Salary,Dormant,27726.32,2024-01-12
A0005459,C005040,Savings,Active,17615.54,2023-03-05
A0005460,C005041,Savings,Active,46230.94,2020-07-13
A0005461,C005042,Savings,Closed,39260.44,2019-06-08
A0005462,C005042,Premium,Active,194418.72,2021-04-05
A0005463,C005044,Salary,Dormant,38538.58,2023-08-31
A0005464,C005045,Savings,Active,31776.26,2018-11-03
A0005465,C005046,Savings,Active,8799.84,2024-02-02
A0005466,C005047,Premium,Active,45995.87,2019-01-14
A0005467,C005048,Current,Active,17620.85,2022-11-06
A0005468,C005048,Savings,Active,22608.62,2019-11-25
A0005469,C005049,Current,Active,14733.05,2019-09-17
A0005470,C005049,Savings,Active,25053.78,2018-01-21
A0005471,C005050,Salary,Active,395166.57,2024-01-05
A0005472,C005050,Savings,Active,297013.32,2022-04-11
A0005473,C005051,Savings,Active,212349.3,2015-10-24
A0005474,C005051,Savings,Active,278688.72,2019-02-04
A0005475,C005052,Savings,Active,14156.78,2024-11-30
A0005476,C005053,Current,Active,14393.71,2020-04-25
A0005477,C005055,Savings,Active,125422.0,2018-07-16
A0005478,C005055,Premium,Active,426586.43,2017-08-20
A0005479,C005056,Savings,Active,77967.6,2024-11-30
A0005480,C005057,Current,Active,15638.0,2023-12-27
A0005481,C005058,Current,Active,28370.63,2020-09-25
A0005482,C005059,Savings,Active,216370.22,2020-10-05
A0005483,C005059,Savings,Active,225620.25,2017-10-30
A0005484,C005060,Savings,Active,9189.12,2024-07-05
A0005485,C005061,Savings,Active,28275.89,2021-06-26
A0005486,C005061,Salary,Active,20706.1,2022-06-10
A0005487,C005062,Savings,Active,6945.25,2024-11-30
A0005488,C005063,Salary,Active,128076.32,2024-06-16
A0005489,C005063,Current,Active,32054.44,2021-09-28
A0005490,C005064,Salary,Closed,45558.51,2024-06-03
A0005491,C005065,Current,Closed,20957.14,2023-06-11
A0005492,C005065,Current,Active,28141.32,2024-06-28
A0005493,C005066,Savings,Active,66605.86,2023-04-15
A0005494,C005067,Salary,Active,101282.96,2016-02-16
A0005495,C005067,Salary,Dormant,225355.64,2017-03-18
A0005496,C005068,Premium,Active,153153.44,2024-11-30
A0005497,C005068,Savings,Active,38508.78,2024-07-23
A0005498,C005069,Savings,Active,85472.88,2017-11-12
A0005499,C005070,Savings,Active,12791.18,2020-05-31
A0005500,C005070,Current,Dormant,6388.0,2022-02-12
A0005501,C005071,Savings,Active,56290.57,2023-03-27
A0005502,C005071,Current,Active,25230.15,2022-09-15
A0005503,C005072,Savings,Active,89514.32,2017-07-21
A0005504,C005072,Savings,Active,89602.63,2018-06-26
A0005505,C005073,Savings,Active,41063.8,2024-11-30
A0005506,C005075,Salary,Active,129511.93,2023-06-11
A0005507,C005076,Savings,Active,67695.7,2019-06-20
A0005508,C005076,Current,Active,250384.5,2018-07-12
A0005509,C005077,Current,Active,22122.87,2020-04-30
A0005510,C005077,Salary,Active,16373.62,2017-12-27
A0005511,C005079,Salary,Active,44021.99,2023-08-25
A0005512,C005080,Salary,Active,30848.26,2020-08-16
A0005513,C005081,Savings,Active,25864.21,2024-10-01
A0005514,C005082,Savings,Closed,71336.86,2021-06-27
A0005515,C005084,Salary,Active,34671.09,2020-10-21
A0005516,C005085,Savings,Active,38535.02,2024-09-26
A0005517,C005087,Salary,Active,10580.88,2024-06-23
A0005518,C005087,Savings,Active,11908.63,2024-11-30
A0005519,C005088,Savings,Active,2149.53,2024-08-22
A0005520,C005089,Current,Active,12153.71,2019-06-20
A0005521,C005090,Savings,Active,34457.15,2021-06-06
A0005522,C005090,Savings,Active,82604.15,2018-02-18
A0005523,C005091,Savings,Active,22345.6,2019-05-27
A0005524,C005092,Current,Active,50768.16,2023-11-07
A0005525,C005092,Salary,Active,54084.02,2024-11-30
A0005526,C005094,Current,Active,26413.97,2023-02-24
A0005527,C005094,Savings,Active,55328.12,2020-06-13
A0005528,C005095,Salary,Active,66671.83,2021-12-26
A0005529,C005095,Salary,Active,132958.42,2020-06-15
A0005530,C005097,Savings,Active,569646.41,2019-10-30
A0005531,C005098,Current,Active,74173.82,2019-09-13
A0005532,C005099,Savings,Active,90941.53,2022-08-03
A0005533,C005100,Savings,Active,18586.43,2023-10-13
A0005534,C005102,Premium,Active,52308.2,2019-02-18
A0005535,C005103,Salary,Active,79031.32,2024-11-30
A0005536,C005103,Salary,Active,136550.28,2024-11-30
A0005537,C005104,Salary,Active,28241.31,2023-12-27
A0005538,C005105,Savings,Active,20612.45,2019-07-09
A0005539,C005106,Savings,Active,48500.53,2024-11-30
A0005540,C005106,Savings,Active,89853.41,2024-11-30
A0005541,C005107,Savings,Active,20361.05,2021-07-16
A0005542,C005107,Savings,Active,4737.94,2019-12-22
A0005543,C005108,Savings,Active,10459.26,2024-08-19
A0005544,C005109,Savings,Active,22946.83,2021-06-13
A0005545,C005109,Savings,Active,35985.26,2021-01-07
A0005546,C005110,Savings,Closed,36973.13,2019-07-16
A0005547,C005111,Current,Active,14001.36,2016-06-18
A0005548,C005112,Current,Active,8739.53,2019-07-03
A0005549,C005114,Savings,Active,200045.48,2022-11-24
A0005550,C005114,Savings,Active,185441.56,2023-06-08
A0005551,C005115,Salary,Active,12930.59,2018-04-02
A0005552,C005116,Current,Dormant,34440.66,2019-06-29
A0005553,C005119,Salary,Active,99016.67,2018-02-02
A0005554,C005121,Savings,Active,33447.57,2024-01-30
A0005555,C005122,Savings,Dormant,29108.09,2021-03-16
A0005556,C005123,Savings,Active,16743.31,2022-12-23
A0005557,C005123,Current,Active,17792.64,2021-01-31
A0005558,C005124,Salary,Active,46394.03,2024-11-30
A0005559,C005125,Savings,Active,5921.33,2024-04-28
A0005560,C005126,Current,Active,21503.74,2022-05-31
A0005561,C005128,Current,Active,4497.58,2020-02-28
A0005562,C005128,Salary,Active,35211.91,2021-06-23
A0005563,C005129,Savings,Active,19113.51,2020-09-19
A0005564,C005131,Premium,Active,182173.28,2020-12-21
A0005565,C005131,Savings,Dormant,15296.5,2019-12-18
A0005566,C005132,Current,Active,44270.54,2022-12-07
A0005567,C005134,Savings,Active,40086.99,2021-03-02
A0005568,C005135,Current,Active,4454.93,2023-05-07
A0005569,C005136,Savings,Dormant,92269.18,2024-06-07
A0005570,C005137,Premium,Active,91348.66,2020-08-31
A0005571,C005138,Current,Active,7951.91,2019-08-07
A0005572,C005138,Salary,Active,72949.89,2020-01-12
A0005573,C005139,Current,Active,133297.45,2018-11-06
A0005574,C005139,Current,Active,35599.41,2019-12-29
A0005575,C005140,Salary,Active,61282.19,2020-03-25
A0005576,C005142,Premium,Active,107459.8,2021-07-01
A0005577,C005142,Savings,Active,68776.18,2021-07-20
A0005578,C005143,Premium,Active,95883.17,2021-03-04
A0005579,C005143,Salary,Active,36360.82,2023-01-05
A0005580,C005144,Premium,Active,88776.44,2021-04-01
A0005581,C005145,Salary,Active,13146.41,2019-07-31
A0005582,C005146,Savings,Active,12631.91,2024-11-30
A0005583,C005147,Savings,Active,188365.1,2024-06-22
A0005584,C005147,Salary,Active,427087.74,2022-02-15
A0005585,C005148,Savings,Active,123419.21,2020-01-11
A0005586,C005149,Savings,Active,9086.6,2021-02-18
A0005587,C005149,Savings,Dormant,9112.0,2022-01-10
A0005588,C005150,Savings,Active,347379.19,2018-01-23
A0005589,C005150,Current,Active,200242.77,2017-01-13
A0005590,C005151,Savings,Active,18684.62,2024-06-10
A0005591,C005152,Savings,Active,154106.43,2023-01-20
A0005592,C005154,Savings,Active,17332.72,2024-11-30
A0005593,C005155,Salary,Dormant,110966.94,2019-02-19
A0005594,C005155,Savings,Active,82678.25,2020-12-28
A0005595,C005157,Salary,Active,34968.38,2023-11-16
A0005596,C005157,Savings,Active,19148.88,2024-06-30
A0005597,C005160,Salary,Active,19323.71,2017-01-16
A0005598,C005161,Salary,Active,20200.17,2022-09-27
A0005599,C005161,Savings,Active,54889.97,2024-11-30
A0005600,C005162,Savings,Active,23109.45,2019-06-04
A0005601,C005163,Savings,Active,15648.3,2022-02-17
A0005602,C005164,Current,Active,32640.62,2020-08-27
A0005603,C005164,Savings,Active,31163.17,2019-03-01
A0005604,C005165,Savings,Active,16449.4,2019-02-20
A0005605,C005166,Savings,Active,19082.83,2024-11-30
A0005606,C005167,Salary,Dormant,11390.21,2020-06-28
A0005607,C005168,Savings,Active,93658.71,2020-09-26
A0005608,C005168,Current,Dormant,145925.83,2022-07-05
A0005609,C005169,Current,Active,10630.78,2019-12-26
A0005610,C005170,Current,Active,119789.66,2023-05-01
A0005611,C005171,Savings,Dormant,35704.82,2018-08-07
A0005612,C005172,Current,Active,36265.41,2020-02-22
A0005613,C005172,Savings,Active,108851.09,2019-11-11
A0005614,C005174,Savings,Closed,11217.32,2021-11-28
A0005615,C005175,Savings,Active,5569.58,2020-11-25
A0005616,C005176,Salary,Dormant,122471.17,2024-11-30
A0005617,C005177,Savings,Active,38884.63,2022-04-13
A0005618,C005178,Savings,Active,11200.19,2018-05-13
A0005619,C005179,Current,Active,19791.54,2016-07-18
A0005620,C005180,Salary,Closed,14921.13,2023-11-06
A0005621,C005181,Savings,Active,34750.42,2020-12-03
A0005622,C005182,Savings,Active,52681.85,2024-05-16
A0005623,C005182,Current,Active,67820.63,2024-11-30
A0005624,C005183,Savings,Closed,47101.05,2023-06-26
A0005625,C005184,Salary,Active,53252.23,2024-07-07
A0005626,C005185,Salary,Active,46392.89,2021-05-05
A0005627,C005187,Savings,Active,15592.7,2023-06-03
A0005628,C005188,Savings,Active,71900.91,2018-11-23
A0005629,C005189,Salary,Closed,33579.06,2017-08-23
A0005630,C005190,Current,Active,16140.12,2016-10-28
A0005631,C005191,Savings,Active,50585.98,2023-01-27
A0005632,C005192,Savings,Active,33193.39,2017-11-15
A0005633,C005193,Savings,Active,5726.68,2017-04-08
A0005634,C005195,Salary,Active,241518.92,2024-11-30
A0005635,C005195,Salary,Active,73520.93,2024-11-30
A0005636,C005196,Savings,Active,24873.54,2020-01-18
A0005637,C005197,Savings,Active,142557.97,2022-02-19
A0005638,C005198,Current,Active,16982.3,2019-02-06
A0005639,C005200,Current,Active,41323.87,2018-01-04
A0005640,C005201,Savings,Active,19996.43,2020-11-16
A0005641,C005201,Current,Active,32085.66,2021-02-26
A0005642,C005202,Current,Active,8520.29,2023-12-24
A0005643,C005203,Savings,Active,26104.54,2023-06-20
A0005644,C005203,Salary,Active,40604.36,2024-11-30
A0005645,C005204,Savings,Active,24849.23,2023-10-26
A0005646,C005204,Salary,Active,49855.9,2023-04-17
A0005647,C005207,Savings,Active,56625.79,2018-11-22
A0005648,C005208,Current,Active,16168.05,2022-08-13
A0005649,C005209,Current,Active,28874.78,2021-01-17
A0005650,C005209,Savings,Active,22185.75,2020-03-29
A0005651,C005210,Salary,Active,21571.27,2018-06-30
A0005652,C005210,Premium,Active,330123.12,2020-03-31
A0005653,C005211,Savings,Active,116369.49,2018-10-01
A0005654,C005211,Salary,Active,136605.88,2020-02-14
A0005655,C005212,Premium,Active,10382.59,2019-09-27
A0005656,C005212,Current,Active,14143.44,2020-11-10
A0005657,C005214,Current,Active,154022.78,2020-04-22
A0005658,C005214,Current,Active,76382.15,2020-09-30
A0005659,C005215,Current,Closed,10842.82,2019-03-02
A0005660,C005215,Savings,Active,26683.41,2020-04-28
A0005661,C005216,Premium,Active,66493.69,2020-04-21
A0005662,C005217,Savings,Active,28937.71,2018-02-06
A0005663,C005218,Savings,Active,60694.64,2022-10-12
A0005664,C005219,Salary,Active,37237.4,2024-05-03
A0005665,C005222,Savings,Active,55143.97,2019-11-28
A0005666,C005223,Savings,Active,32277.35,2018-01-13
A0005667,C005223,Savings,Active,198636.59,2019-09-19
A0005668,C005224,Savings,Dormant,15368.94,2024-03-17
A0005669,C005224,Savings,Active,35819.99,2024-09-09
A0005670,C005225,Premium,Active,17588.0,2024-11-30
A0005671,C005226,Savings,Active,8319.65,2022-05-10
A0005672,C005227,Salary,Closed,18800.19,2021-11-16
A0005673,C005228,Savings,Active,248954.04,2019-08-11
A0005674,C005229,Current,Dormant,5767.26,2018-05-08
A0005675,C005230,Savings,Active,203828.2,2023-04-08
A0005676,C005231,Savings,Active,30162.25,2024-03-16
A0005677,C005231,Salary,Active,26830.11,2021-09-03
A0005678,C005232,Current,Active,101583.96,2016-05-22
A0005679,C005232,Savings,Active,191185.4,2018-11-28
A0005680,C005233,Current,Active,14722.57,2021-01-15
A0005681,C005234,Savings,Active,10935.02,2024-08-09
A0005682,C005234,Savings,Active,9697.69,2023-03-15
A0005683,C005236,Savings,Active,77423.5,2024-11-30
A0005684,C005237,Savings,Active,46177.4,2019-10-04
A0005685,C005240,Savings,Active,1955.38,2022-10-18
A0005686,C005241,Current,Active,6207.9,2021-08-09
A0005687,C005242,Salary,Active,37733.66,2024-07-06
A0005688,C005242,Salary,Active,176856.38,2024-11-30
A0005689,C005243,Savings,Active,16006.35,2021-02-25
A0005690,C005244,Salary,Dormant,176157.66,2017-07-30
A0005691,C005244,Salary,Active,223026.09,2017-06-22
A0005692,C005245,Salary,Active,409913.53,2018-05-25
A0005693,C005246,Current,Active,22254.58,2020-09-03
A0005694,C005247,Salary,Active,57321.51,2021-05-29
A0005695,C005250,Savings,Active,12031.11,2024-05-22
A0005696,C005251,Current,Closed,7997.42,2019-02-07
A0005697,C005251,Premium,Active,5055.69,2020-11-09
A0005698,C005252,Current,Active,34713.59,2017-12-16
A0005699,C005252,Savings,Active,24871.41,2016-04-30
A0005700,C005253,Salary,Active,33746.09,2019-11-21
A0005701,C005254,Savings,Dormant,68100.93,2024-11-30
A0005702,C005255,Salary,Active,18305.82,2023-11-14
A0005703,C005255,Current,Active,14196.5,2024-03-22
A0005704,C005257,Current,Active,44163.64,2019-11-17
A0005705,C005258,Savings,Dormant,23837.73,2024-01-02
A0005706,C005260,Savings,Active,25903.59,2024-11-30
A0005707,C005261,Current,Active,23869.72,2016-03-22
A0005708,C005262,Salary,Active,76257.9,2021-01-23
A0005709,C005263,Savings,Active,12085.51,2019-05-26
A0005710,C005265,Savings,Closed,16503.63,2016-12-26
A0005711,C005266,Current,Closed,26014.09,2023-12-31
A0005712,C005268,Salary,Closed,85063.74,2024-11-30
A0005713,C005269,Savings,Active,31534.4,2019-06-05
A0005714,C005269,Savings,Active,18511.53,2018-12-31
A0005715,C005270,Salary,Dormant,10465.3,2023-01-10
A0005716,C005271,Salary,Active,22335.63,2024-03-01
A0005717,C005271,Savings,Active,38503.2,2022-05-27
A0005718,C005272,Salary,Active,99089.59,2022-09-24
A0005719,C005273,Savings,Active,97844.31,2016-05-20
A0005720,C005273,Current,Active,74424.11,2016-01-29
A0005721,C005274,Savings,Active,42483.67,2022-10-14
A0005722,C005275,Savings,Active,44020.89,2023-12-15
A0005723,C005276,Current,Active,94139.75,2020-12-10
A0005724,C005277,Current,Active,7231.6,2022-01-01
A0005725,C005278,Savings,Active,18763.34,2024-10-28
A0005726,C005279,Savings,Active,47726.86,2022-07-29
A0005727,C005280,Savings,Active,272584.58,2020-03-24
A0005728,C005282,Salary,Active,44556.48,2021-08-06
A0005729,C005283,Current,Active,114650.6,2024-11-30
A0005730,C005284,Current,Active,15174.39,2024-11-30
A0005731,C005285,Current,Active,24038.68,2018-10-05
A0005732,C005286,Savings,Active,30717.43,2024-04-04
A0005733,C005286,Savings,Active,25034.32,2024-11-30
A0005734,C005287,Current,Active,85982.39,2022-02-10
A0005735,C005289,Savings,Active,68218.12,2017-10-08
A0005736,C005290,Savings,Active,11677.83,2023-08-19
A0005737,C005290,Current,Active,37834.19,2024-11-30
A0005738,C005293,Savings,Active,34640.03,2018-12-27
A0005739,C005296,Savings,Closed,26844.85,2024-11-16
A0005740,C005297,Savings,Active,86635.85,2019-05-29
A0005741,C005298,Savings,Active,41909.65,2018-09-07
A0005742,C005299,Salary,Dormant,27187.95,2024-11-30
A0005743,C005299,Savings,Active,35497.0,2024-11-30
A0005744,C005300,Savings,Active,310759.18,2018-04-10
A0005745,C005302,Savings,Active,19280.87,2022-04-27
A0005746,C005302,Savings,Active,12159.31,2020-06-16
A0005747,C005304,Current,Active,6132.02,2022-03-19
A0005748,C005305,Savings,Active,16244.23,2018-09-26
A0005749,C005307,Savings,Active,22428.1,2021-03-14
A0005750,C005308,Savings,Closed,139156.23,2021-03-15
A0005751,C005308,Savings,Active,127015.99,2021-08-20
A0005752,C005309,Savings,Active,27305.22,2024-03-17
A0005753,C005312,Current,Active,73698.77,2023-08-10
A0005754,C005312,Salary,Active,80539.53,2024-11-30
A0005755,C005313,Salary,Active,25221.78,2019-02-09
A0005756,C005314,Savings,Active,156986.18,2020-09-07
A0005757,C005315,Savings,Active,116879.91,2024-11-30
A0005758,C005316,Savings,Active,122400.36,2022-02-28
A0005759,C005316,Current,Active,111103.12,2022-02-19
A0005760,C005317,Salary,Active,91092.98,2019-12-14
A0005761,C005317,Savings,Active,50759.04,2020-03-28
A0005762,C005319,Savings,Active,28444.86,2017-11-17
A0005763,C005319,Salary,Active,49791.11,2019-08-30
A0005764,C005320,Salary,Active,20828.23,2020-07-22
A0005765,C005322,Savings,Active,14833.97,2022-03-28
A0005766,C005323,Salary,Active,9122.14,2020-12-11
A0005767,C005323,Savings,Active,13338.54,2022-04-17
A0005768,C005324,Savings,Active,45273.05,2019-01-01
A0005769,C005326,Salary,Active,144576.62,2024-11-30
A0005770,C005326,Salary,Active,36302.45,2021-09-02
A0005771,C005327,Savings,Active,89589.92,2019-11-24
A0005772,C005327,Savings,Active,45717.1,2021-02-05
A0005773,C005328,Current,Active,7398.17,2019-11-05
A0005774,C005330,Current,Active,59672.62,2018-03-13
A0005775,C005330,Savings,Active,71370.16,2016-04-06
A0005776,C005331,Current,Active,4760.36,2023-06-07
A0005777,C005332,Salary,Active,92318.86,2016-03-02
A0005778,C005332,Savings,Closed,147258.46,2015-11-01
A0005779,C005334,Salary,Active,126149.87,2016-05-03
A0005780,C005335,Premium,Active,42808.03,2020-11-30
A0005781,C005335,Current,Active,4771.34,2019-11-05
A0005782,C005337,Salary,Active,44163.54,2019-02-20
A0005783,C005338,Savings,Active,30113.26,2023-02-11
A0005784,C005338,Salary,Active,107860.57,2024-11-02
A0005785,C005339,Savings,Active,89379.93,2024-11-30
A0005786,C005340,Salary,Active,56150.59,2020-02-03
A0005787,C005341,Current,Dormant,23953.81,2021-06-07
A0005788,C005341,Savings,Active,40713.44,2021-06-14
A0005789,C005342,Savings,Closed,777894.21,2023-06-04
A0005790,C005345,Savings,Active,65386.79,2024-11-30
A0005791,C005346,Salary,Active,191361.44,2023-08-20
A0005792,C005347,Savings,Active,36531.44,2024-11-30
A0005793,C005348,Savings,Active,30967.37,2024-11-30
A0005794,C005348,Savings,Active,70059.44,2024-04-22
A0005795,C005349,Current,Active,33320.2,2024-03-03
A0005796,C005350,Salary,Active,6874.98,2019-07-20
A0005797,C005351,Current,Active,15774.39,2024-01-26
A0005798,C005352,Premium,Active,607777.0,2021-07-29
A0005799,C005352,Current,Active,41343.93,2019-11-08
A0005800,C005353,Savings,Active,50477.38,2024-06-22
A0005801,C005354,Savings,Active,58286.66,2023-03-11
A0005802,C005355,Savings,Active,28268.45,2024-11-30
A0005803,C005356,Salary,Active,12174.24,2017-06-21
A0005804,C005357,Salary,Active,33494.21,2024-11-30
A0005805,C005358,Savings,Dormant,24501.79,2021-05-14
A0005806,C005359,Current,Active,71846.06,2018-09-05
A0005807,C005360,Salary,Active,8805.25,2024-08-22
A0005808,C005361,Salary,Active,236842.78,2021-05-24
A0005809,C005362,Savings,Active,13071.5,2018-01-05
A0005810,C005363,Savings,Active,141683.28,2017-07-15
A0005811,C005364,Current,Active,36135.84,2024-02-06
A0005812,C005365,Premium,Active,116197.36,2024-11-30
A0005813,C005366,Current,Active,99847.74,2020-02-20
A0005814,C005367,Current,Active,18343.96,2019-12-02
A0005815,C005367,Savings,Dormant,167637.04,2022-02-16
A0005816,C005369,Savings,Active,59080.92,2022-08-20
A0005817,C005370,Salary,Active,16074.01,2018-08-15
A0005818,C005371,Salary,Active,479522.21,2020-05-16
A0005819,C005373,Current,Active,156212.35,2024-05-24
A0005820,C005374,Salary,Active,39570.78,2024-11-30
A0005821,C005375,Current,Dormant,62323.31,2022-09-02
A0005822,C005376,Savings,Active,33620.46,2022-01-11
A0005823,C005376,Current,Active,36835.42,2021-05-13
A0005824,C005377,Premium,Active,308209.31,2016-02-17
A0005825,C005378,Premium,Active,26285.08,2019-06-05
A0005826,C005379,Current,Closed,9947.41,2020-06-15
A0005827,C005380,Current,Closed,55905.0,2022-05-11
A0005828,C005381,Savings,Active,2808.56,2024-11-30
A0005829,C005382,Current,Active,29155.71,2023-08-28
A0005830,C005383,Savings,Active,35961.32,2019-05-13
A0005831,C005384,Savings,Active,102332.19,2020-01-31
A0005832,C005385,Savings,Active,13848.91,2016-09-13
A0005833,C005387,Savings,Active,73234.03,2024-07-29
A0005834,C005388,Savings,Active,15842.9,2019-09-12
A0005835,C005389,Salary,Active,73373.83,2024-04-27
A0005836,C005389,Savings,Active,78509.75,2022-05-17
A0005837,C005392,Current,Active,32440.49,2017-11-09
A0005838,C005393,Savings,Active,32804.35,2017-12-10
A0005839,C005394,Savings,Active,63828.61,2015-12-19
A0005840,C005395,Salary,Active,67184.15,2018-06-19
A0005841,C005395,Savings,Active,75638.7,2019-09-17
A0005842,C005396,Current,Active,76824.17,2022-09-08
A0005843,C005396,Salary,Active,176032.0,2024-11-30
A0005844,C005397,Current,Active,177560.17,2020-06-22
A0005845,C005398,Salary,Closed,27879.64,2019-08-15
A0005846,C005398,Salary,Active,36918.99,2015-11-16
A0005847,C005399,Savings,Active,441909.54,2018-12-04
A0005848,C005399,Salary,Active,517227.62,2018-03-24
A0005849,C005400,Premium,Active,23908.8,2017-08-29
A0005850,C005401,Salary,Active,11668.82,2024-11-30
A0005851,C005402,Savings,Active,12398.97,2022-04-10
A0005852,C005403,Savings,Dormant,14854.62,2019-05-05
A0005853,C005403,Savings,Active,16813.46,2019-10-23
A0005854,C005405,Savings,Active,35721.13,2023-07-05
A0005855,C005406,Current,Active,73449.47,2024-11-30
A0005856,C005406,Savings,Active,197020.29,2024-11-30
A0005857,C005407,Savings,Active,12653.68,2022-09-12
A0005858,C005407,Current,Active,23598.39,2022-02-14
A0005859,C005408,Savings,Active,50980.37,2023-10-07
A0005860,C005409,Savings,Active,108777.66,2024-11-30
A0005861,C005410,Premium,Dormant,38360.24,2021-08-11
A0005862,C005410,Savings,Active,11564.57,2020-02-01
A0005863,C005411,Salary,Active,553142.43,2017-04-29
A0005864,C005411,Salary,Active,95352.04,2018-10-23
A0005865,C005412,Salary,Active,31127.21,2022-01-23
A0005866,C005412,Current,Active,12981.92,2020-01-25
A0005867,C005414,Savings,Active,77326.54,2022-06-16
A0005868,C005415,Current,Active,15373.24,2019-06-18
A0005869,C005416,Current,Active,24010.33,2021-03-12
A0005870,C005416,Savings,Closed,19885.8,2020-12-20
A0005871,C005417,Current,Dormant,44827.78,2016-06-08
A0005872,C005418,Salary,Active,50773.16,2020-06-29
A0005873,C005418,Savings,Active,33186.23,2023-05-15
A0005874,C005419,Current,Active,46472.61,2019-10-05
A0005875,C005420,Savings,Active,40001.55,2017-04-23
A0005876,C005421,Savings,Active,48799.03,2020-09-09
A0005877,C005422,Salary,Active,41874.22,2022-08-24
A0005878,C005424,Savings,Active,9348.47,2018-07-07
A0005879,C005425,Current,Active,24083.72,2023-10-21
A0005880,C005425,Savings,Dormant,13916.19,2024-11-30
A0005881,C005426,Savings,Active,121528.97,2024-11-16
A0005882,C005427,Current,Active,79097.09,2023-04-15
A0005883,C005428,Savings,Dormant,63028.1,2023-02-24
A0005884,C005429,Current,Active,44093.9,2024-04-23
A0005885,C005430,Savings,Active,29537.7,2019-02-09
A0005886,C005430,Current,Active,80603.06,2020-02-29
A0005887,C005431,Salary,Active,44176.31,2020-12-21
A0005888,C005431,Premium,Closed,363623.85,2022-04-20
A0005889,C005432,Current,Active,101663.43,2018-02-14
A0005890,C005433,Savings,Active,71308.74,2019-05-24
A0005891,C005433,Salary,Active,73591.66,2018-07-16
A0005892,C005434,Savings,Active,37597.02,2020-04-21
A0005893,C005435,Savings,Active,88155.25,2023-09-17
A0005894,C005438,Savings,Active,82262.32,2017-01-18
A0005895,C005439,Savings,Active,149084.06,2024-11-30
A0005896,C005441,Savings,Active,17225.57,2021-05-03
A0005897,C005441,Savings,Active,34406.64,2023-09-09
A0005898,C005442,Savings,Active,60712.76,2023-05-08
A0005899,C005443,Savings,Closed,744769.6,2021-02-10
A0005900,C005443,Salary,Active,149515.87,2018-04-15
A0005901,C005444,Current,Active,42583.18,2019-07-03
A0005902,C005445,Savings,Active,183562.15,2020-09-28
A0005903,C005446,Savings,Active,22763.85,2020-10-10
A0005904,C005447,Current,Active,9058.46,2024-11-30
A0005905,C005448,Salary,Dormant,17618.56,2024-02-16
A0005906,C005448,Current,Active,54790.29,2024-11-30
A0005907,C005449,Savings,Active,226333.97,2023-12-17
A0005908,C005450,Savings,Active,20414.94,2018-12-08
A0005909,C005451,Current,Active,26872.34,2022-11-03
A0005910,C005452,Savings,Active,89199.53,2022-11-18
A0005911,C005452,Savings,Dormant,101768.37,2021-10-12
A0005912,C005454,Savings,Active,20992.47,2021-01-16
A0005913,C005455,Savings,Active,13475.02,2020-12-08
A0005914,C005456,Current,Active,75364.42,2019-10-12
A0005915,C005457,Salary,Active,38882.82,2017-11-21
A0005916,C005457,Salary,Active,28992.8,2017-06-13
A0005917,C005458,Savings,Dormant,17640.46,2020-04-04
A0005918,C005458,Current,Dormant,66110.66,2020-12-08
A0005919,C005459,Savings,Active,16563.44,2022-01-17
A0005920,C005459,Savings,Closed,36590.46,2022-03-03
A0005921,C005461,Salary,Active,31395.93,2023-08-26
A0005922,C005462,Salary,Active,74107.23,2024-06-17
A0005923,C005463,Savings,Active,17318.54,2024-11-30
A0005924,C005465,Current,Closed,139416.96,2022-12-28
A0005925,C005466,Savings,Active,36393.72,2018-05-13
A0005926,C005467,Current,Active,4117.45,2024-11-30
A0005927,C005468,Savings,Dormant,17298.43,2021-06-23
A0005928,C005469,Savings,Active,19340.27,2022-11-04
A0005929,C005470,Savings,Active,31384.07,2016-07-25
A0005930,C005471,Salary,Active,36237.19,2021-02-28
A0005931,C005472,Savings,Active,18816.69,2020-07-20
A0005932,C005473,Salary,Active,50424.03,2018-05-10
A0005933,C005474,Savings,Active,104236.57,2024-11-30
A0005934,C005475,Current,Active,10455.36,2021-02-11
A0005935,C005476,Salary,Active,134367.01,2017-11-03
A0005936,C005476,Current,Closed,37577.78,2016-08-19
A0005937,C005477,Savings,Active,18507.08,2017-04-28
A0005938,C005478,Current,Active,11713.99,2023-04-01
A0005939,C005479,Savings,Active,17545.75,2020-01-27
A0005940,C005479,Salary,Active,28049.93,2020-02-05
A0005941,C005480,Salary,Active,15066.04,2020-05-01
A0005942,C005481,Salary,Dormant,23298.42,2023-09-26
A0005943,C005481,Savings,Dormant,22347.35,2022-09-02
A0005944,C005482,Salary,Dormant,31140.31,2024-11-30
A0005945,C005483,Savings,Active,37830.78,2020-12-01
A0005946,C005484,Current,Dormant,14786.98,2024-11-30
A0005947,C005485,Savings,Dormant,24377.73,2024-11-30
A0005948,C005486,Savings,Closed,41789.46,2024-11-30
A0005949,C005487,Current,Active,23049.24,2019-07-07
A0005950,C005487,Savings,Active,29995.72,2019-10-17
A0005951,C005488,Savings,Active,73824.7,2024-11-30
A0005952,C005489,Savings,Active,17607.09,2022-06-29
A0005953,C005490,Salary,Active,103520.37,2019-05-03
A0005954,C005491,Current,Active,150786.31,2023-01-14
A0005955,C005492,Savings,Active,27793.02,2024-11-30
A0005956,C005492,Current,Active,16419.63,2024-11-30
A0005957,C005493,Salary,Active,16623.71,2018-03-21
A0005958,C005493,Savings,Active,11157.8,2021-12-20
A0005959,C005494,Salary,Active,213345.36,2020-10-08
A0005960,C005494,Current,Active,29356.17,2020-05-14
A0005961,C005495,Savings,Active,60618.47,2018-01-31
A0005962,C005495,Current,Closed,55394.04,2017-09-15
A0005963,C005496,Savings,Closed,19190.3,2020-05-21
A0005964,C005496,Current,Active,35786.48,2020-03-11
A0005965,C005499,Premium,Active,71317.97,2023-06-23
A0005966,C005499,Salary,Active,35019.45,2024-04-04
A0005967,C005501,Premium,Active,3991.31,2017-03-19
A0005968,C005502,Current,Active,7697.4,2019-03-13
A0005969,C005503,Savings,Active,45833.69,2024-11-30
A0005970,C005503,Salary,Active,26660.38,2024-11-30
A0005971,C005504,Salary,Active,27407.25,2024-11-30
A0005972,C005504,Savings,Active,6173.76,2023-05-03
A0005973,C005505,Current,Active,19542.29,2018-11-10
A0005974,C005506,Current,Active,59395.08,2019-05-27
A0005975,C005507,Current,Active,51672.29,2022-01-01
A0005976,C005507,Savings,Active,106730.77,2024-11-30
A0005977,C005509,Savings,Active,50288.99,2024-01-10
A0005978,C005510,Savings,Active,28660.35,2023-09-01
A0005979,C005510,Savings,Active,10588.34,2022-06-25
A0005980,C005511,Premium,Active,40608.6,2021-05-05
A0005981,C005512,Savings,Active,43412.15,2017-03-31
A0005982,C005513,Premium,Active,542531.06,2022-06-28
A0005983,C005514,Savings,Active,11189.36,2024-11-30
A0005984,C005515,Savings,Closed,26845.16,2024-06-23
A0005985,C005516,Savings,Active,7621.93,2018-04-26
A0005986,C005517,Salary,Active,15315.41,2019-02-07
A0005987,C005518,Savings,Active,8801.42,2023-12-03
A0005988,C005518,Salary,Active,22726.69,2024-11-30
A0005989,C005519,Savings,Active,112022.84,2017-04-17
A0005990,C005521,Savings,Active,25300.63,2023-09-30
A0005991,C005522,Savings,Active,155333.11,2019-06-24
A0005992,C005523,Savings,Active,30497.58,2022-01-16
A0005993,C005523,Current,Active,26898.29,2022-04-19
A0005994,C005524,Current,Active,14174.49,2017-03-03
A0005995,C005526,Savings,Closed,53405.17,2020-07-14
A0005996,C005526,Current,Active,29675.2,2020-04-22
A0005997,C005527,Savings,Active,66716.86,2019-01-29
A0005998,C005529,Current,Active,25629.97,2019-08-16
A0005999,C005530,Savings,Closed,17840.34,2020-04-20
A0006000,C005531,Salary,Active,333291.74,2024-08-10
A0006001,C005532,Salary,Active,87390.95,2022-09-12
A0006002,C005533,Current,Active,7391.18,2023-12-13
A0006003,C005534,Salary,Active,331111.56,2022-02-11
A0006004,C005534,Salary,Active,483949.48,2022-05-23
A0006005,C005535,Savings,Active,17526.44,2018-12-09
A0006006,C005536,Savings,Active,15377.56,2023-08-29
A0006007,C005537,Savings,Active,29285.93,2016-09-28
A0006008,C005538,Savings,Active,7352.46,2024-11-30
A0006009,C005539,Savings,Closed,26621.73,2017-11-15
A0006010,C005540,Savings,Active,18724.56,2023-01-22
A0006011,C005541,Savings,Active,33562.2,2016-08-05
A0006012,C005542,Savings,Active,63487.39,2023-03-11
A0006013,C005544,Current,Active,53543.79,2018-05-05
A0006014,C005546,Premium,Active,125026.95,2020-09-28
A0006015,C005547,Current,Active,57451.3,2016-04-18
A0006016,C005550,Savings,Active,21875.11,2019-07-17
A0006017,C005551,Savings,Active,56220.94,2018-10-08
A0006018,C005552,Current,Active,26293.82,2022-08-12
A0006019,C005553,Savings,Dormant,171349.94,2022-04-04
A0006020,C005554,Savings,Active,29837.48,2021-12-18
A0006021,C005554,Premium,Active,82474.07,2022-10-24
A0006022,C005555,Savings,Active,108175.88,2024-11-30
A0006023,C005555,Salary,Active,52034.43,2024-07-13
A0006024,C005556,Current,Active,36096.09,2022-04-26
A0006025,C005557,Salary,Active,141769.97,2021-12-02
A0006026,C005558,Current,Active,24214.81,2024-11-30
A0006027,C005559,Current,Active,19861.77,2018-09-08
A0006028,C005560,Salary,Active,390672.02,2024-06-11
A0006029,C005560,Salary,Active,561376.99,2024-02-10
A0006030,C005561,Savings,Active,12763.28,2019-09-23
A0006031,C005562,Savings,Dormant,141413.05,2018-07-15
A0006032,C005563,Savings,Active,63620.9,2019-05-18
A0006033,C005563,Savings,Active,38078.08,2016-03-26
A0006034,C005564,Savings,Active,119452.3,2023-07-07
A0006035,C005565,Salary,Active,67314.4,2017-09-16
A0006036,C005566,Savings,Active,251370.69,2018-06-28
A0006037,C005567,Current,Active,34706.81,2024-11-30
A0006038,C005569,Savings,Active,17791.82,2017-02-11
A0006039,C005570,Salary,Active,71370.21,2024-11-30
A0006040,C005571,Savings,Closed,26528.55,2022-02-03
A0006041,C005572,Premium,Active,273641.79,2017-06-05
A0006042,C005573,Savings,Active,12095.63,2019-01-16
A0006043,C005573,Savings,Active,14486.29,2019-03-22
A0006044,C005574,Salary,Active,16191.12,2017-01-31
A0006045,C005574,Savings,Active,6519.07,2016-05-18
A0006046,C005575,Savings,Active,17938.37,2023-01-30
A0006047,C005576,Premium,Active,48665.3,2021-12-30
A0006048,C005576,Savings,Active,22992.56,2018-08-16
A0006049,C005578,Savings,Active,17911.23,2023-05-25
A0006050,C005579,Current,Active,29689.58,2019-07-25
A0006051,C005579,Savings,Active,15097.63,2022-05-02
A0006052,C005580,Salary,Active,4911.98,2018-04-06
A0006053,C005581,Savings,Active,42388.03,2024-11-30
A0006054,C005581,Salary,Active,123769.56,2023-01-07
A0006055,C005582,Savings,Active,25052.12,2022-12-29
A0006056,C005583,Savings,Active,35259.71,2024-03-07
A0006057,C005584,Current,Closed,7216.32,2018-12-14
A0006058,C005585,Salary,Active,50939.57,2019-01-05
A0006059,C005585,Salary,Active,47910.08,2017-08-22
A0006060,C005586,Savings,Active,52480.9,2022-03-23
A0006061,C005587,Salary,Active,15846.87,2022-07-14
A0006062,C005587,Current,Active,8240.51,2022-02-17
A0006063,C005589,Savings,Active,13608.9,2023-10-03
A0006064,C005590,Salary,Active,58108.98,2018-01-04
A0006065,C005591,Savings,Active,16784.13,2022-12-08
A0006066,C005593,Premium,Active,128847.59,2021-09-24
A0006067,C005593,Savings,Active,40593.91,2022-09-08
A0006068,C005594,Salary,Active,21708.75,2022-12-26
A0006069,C005594,Premium,Active,136743.13,2021-05-09
A0006070,C005595,Salary,Active,60991.04,2024-04-27
A0006071,C005596,Current,Active,4647.47,2020-09-06
A0006072,C005596,Salary,Active,25726.33,2020-12-21
A0006073,C005597,Savings,Active,8033.42,2022-07-28
A0006074,C005599,Premium,Active,383332.1,2021-09-01
A0006075,C005600,Savings,Active,9052.55,2019-08-13
A0006076,C005601,Savings,Active,35201.32,2024-11-30
A0006077,C005602,Premium,Active,71212.2,2021-12-02
A0006078,C005603,Savings,Active,116344.42,2019-11-18
A0006079,C005604,Savings,Active,75540.35,2019-06-03
A0006080,C005605,Savings,Active,36850.72,2019-06-25
A0006081,C005606,Current,Active,13630.11,2021-04-08
A0006082,C005607,Current,Active,16614.77,2021-09-28
A0006083,C005607,Current,Active,9239.33,2020-12-27
A0006084,C005608,Savings,Dormant,3745.73,2016-02-25
A0006085,C005609,Current,Dormant,11923.7,2020-01-10
A0006086,C005610,Premium,Closed,345629.38,2023-04-18
A0006087,C005611,Premium,Active,67647.39,2021-07-06
A0006088,C005612,Savings,Active,17769.97,2019-08-19
A0006089,C005613,Salary,Active,33635.74,2023-03-27
A0006090,C005613,Savings,Active,18263.35,2023-03-26
A0006091,C005614,Salary,Active,34982.63,2016-02-28
A0006092,C005615,Savings,Active,30711.64,2023-09-24
A0006093,C005616,Savings,Active,9089.86,2017-04-23
A0006094,C005618,Savings,Active,5547.56,2022-11-12
A0006095,C005618,Savings,Active,2146.26,2021-08-05
A0006096,C005620,Savings,Active,7920.8,2017-05-01
A0006097,C005621,Savings,Active,216324.12,2022-01-06
A0006098,C005622,Current,Active,28504.1,2022-02-22
A0006099,C005622,Current,Active,16447.14,2022-12-01
A0006100,C005623,Salary,Active,22735.85,2018-10-25
A0006101,C005627,Current,Dormant,17876.75,2023-10-27
A0006102,C005628,Savings,Active,65443.01,2016-06-24
A0006103,C005629,Savings,Active,41728.32,2020-04-02
A0006104,C005629,Savings,Active,32164.03,2021-03-02
A0006105,C005630,Current,Active,15755.48,2023-05-30
A0006106,C005631,Current,Active,66931.79,2019-06-29
A0006107,C005632,Savings,Active,52401.96,2018-06-09
A0006108,C005633,Savings,Active,59238.02,2023-06-06
A0006109,C005633,Current,Active,31896.08,2022-06-10
A0006110,C005635,Salary,Active,137276.33,2021-01-31
A0006111,C005635,Savings,Active,61237.87,2021-08-01
A0006112,C005636,Savings,Active,10750.35,2024-02-16
A0006113,C005637,Salary,Active,136647.24,2024-11-30
A0006114,C005639,Current,Active,57831.6,2018-09-01
A0006115,C005640,Savings,Active,14392.81,2020-11-03
A0006116,C005641,Savings,Active,8874.3,2023-12-05
A0006117,C005642,Savings,Active,23112.76,2019-02-06
A0006118,C005645,Salary,Active,95135.7,2022-03-14
A0006119,C005646,Current,Active,9811.17,2022-11-24
A0006120,C005647,Current,Active,21386.26,2022-10-01
A0006121,C005649,Savings,Active,15331.34,2023-07-28
A0006122,C005649,Savings,Active,29879.25,2023-07-15
A0006123,C005650,Salary,Closed,8221.39,2019-05-11
A0006124,C005650,Current,Active,7397.53,2018-10-18
A0006125,C005651,Savings,Active,206632.71,2022-07-02
A0006126,C005652,Salary,Closed,180555.77,2022-10-12
A0006127,C005653,Savings,Active,112368.46,2020-09-08
A0006128,C005654,Savings,Active,25220.95,2022-11-18
A0006129,C005654,Savings,Active,27251.06,2022-01-16
A0006130,C005655,Current,Active,10396.45,2024-11-30
A0006131,C005655,Savings,Active,34643.79,2024-11-30
A0006132,C005656,Current,Active,59603.29,2021-07-11
A0006133,C005657,Salary,Active,18742.93,2017-06-04
A0006134,C005658,Savings,Active,62468.4,2021-07-22
A0006135,C005658,Savings,Closed,47150.4,2021-12-14
A0006136,C005659,Savings,Active,70660.54,2021-12-20
A0006137,C005660,Current,Closed,33426.04,2020-10-18
A0006138,C005660,Savings,Active,27106.95,2022-10-28
A0006139,C005661,Current,Active,214666.99,2024-08-22
A0006140,C005661,Current,Active,143950.13,2023-11-17
A0006141,C005662,Savings,Active,44776.95,2024-11-26
A0006142,C005663,Savings,Active,171317.15,2024-04-15
A0006143,C005664,Salary,Dormant,19627.52,2021-04-06
A0006144,C005665,Salary,Active,7438.91,2022-06-29
A0006145,C005666,Savings,Dormant,42929.49,2024-11-30
A0006146,C005667,Salary,Active,108219.94,2018-04-30
A0006147,C005668,Savings,Active,375245.45,2024-11-30
A0006148,C005668,Current,Active,295984.71,2024-11-30
A0006149,C005669,Savings,Active,4148.08,2018-11-10
A0006150,C005670,Current,Active,18892.76,2024-11-30
A0006151,C005671,Salary,Active,344552.51,2023-06-17
A0006152,C005671,Savings,Closed,153032.25,2021-12-06
A0006153,C005672,Savings,Dormant,28720.95,2024-11-30
A0006154,C005673,Savings,Active,76502.6,2024-11-30
A0006155,C005674,Savings,Active,7243.54,2017-07-21
A0006156,C005674,Current,Active,18443.17,2015-05-15
A0006157,C005675,Salary,Active,12852.39,2021-07-30
A0006158,C005676,Savings,Active,42752.96,2021-06-09
A0006159,C005677,Savings,Active,66574.89,2016-08-24
A0006160,C005678,Premium,Active,67662.14,2019-05-08
A0006161,C005679,Current,Active,29567.57,2021-06-17
A0006162,C005680,Savings,Active,75060.62,2023-06-16
A0006163,C005681,Savings,Active,36189.83,2017-05-31
A0006164,C005681,Salary,Active,93628.26,2018-05-25
A0006165,C005682,Savings,Active,61142.88,2023-01-20
A0006166,C005682,Salary,Active,49587.99,2020-05-23
A0006167,C005683,Current,Active,22923.37,2021-10-27
A0006168,C005683,Savings,Active,24890.38,2020-07-08
A0006169,C005684,Savings,Active,83671.35,2024-03-11
A0006170,C005685,Savings,Active,37491.32,2017-02-11
A0006171,C005686,Savings,Active,63762.34,2023-02-01
A0006172,C005687,Savings,Dormant,21465.62,2024-05-23
A0006173,C005687,Savings,Active,30438.81,2024-11-30
A0006174,C005688,Savings,Active,44447.52,2024-03-06
A0006175,C005689,Savings,Active,59713.95,2017-10-10
A0006176,C005690,Savings,Active,6417.52,2022-11-07
A0006177,C005690,Salary,Active,15857.31,2023-09-12
A0006178,C005691,Savings,Dormant,14094.64,2018-03-19
A0006179,C005691,Savings,Active,28210.34,2018-07-16
A0006180,C005692,Current,Active,14272.15,2023-04-21
A0006181,C005695,Salary,Active,298625.62,2021-11-27
A0006182,C005696,Savings,Active,39135.59,2022-06-29
A0006183,C005697,Savings,Dormant,11502.23,2024-11-30
A0006184,C005698,Current,Dormant,26468.01,2024-11-30
A0006185,C005699,Salary,Active,374892.6,2018-01-19
A0006186,C005699,Savings,Active,84560.75,2018-03-05
A0006187,C005700,Salary,Active,17258.91,2022-11-29
A0006188,C005702,Current,Dormant,175323.11,2024-11-30
A0006189,C005703,Current,Active,17005.58,2015-11-26
A0006190,C005703,Savings,Active,57208.13,2018-08-18
A0006191,C005704,Savings,Active,279807.99,2018-01-31
A0006192,C005704,Savings,Active,58279.14,2017-04-12
A0006193,C005705,Current,Closed,19931.21,2023-10-30
A0006194,C005706,Savings,Active,22989.92,2024-11-30
A0006195,C005708,Current,Active,76162.22,2017-10-22
A0006196,C005709,Savings,Active,42203.42,2024-07-15
A0006197,C005709,Savings,Active,44707.44,2024-03-27
A0006198,C005711,Savings,Active,19330.33,2021-05-07
A0006199,C005711,Savings,Closed,33497.15,2021-06-03
A0006200,C005712,Savings,Active,27799.75,2023-09-26
A0006201,C005713,Savings,Active,24742.11,2024-11-30
A0006202,C005714,Savings,Active,63181.58,2024-05-04
A0006203,C005714,Salary,Active,62243.09,2022-06-19
A0006204,C005716,Savings,Active,53852.78,2018-07-30
A0006205,C005717,Salary,Active,93118.15,2021-05-17
A0006206,C005717,Salary,Active,60602.2,2021-02-18
A0006207,C005719,Salary,Active,79310.55,2021-11-26
A0006208,C005719,Savings,Active,82802.84,2022-04-22
A0006209,C005721,Savings,Active,120371.24,2021-02-28
A0006210,C005722,Current,Active,17820.63,2019-03-20
A0006211,C005723,Salary,Dormant,61047.68,2020-05-20
A0006212,C005723,Savings,Active,24953.07,2017-02-25
A0006213,C005724,Current,Closed,11814.41,2017-01-21
A0006214,C005725,Savings,Active,75947.04,2016-03-28
A0006215,C005726,Current,Active,30013.3,2021-03-31
A0006216,C005727,Savings,Closed,40748.24,2017-06-23
A0006217,C005728,Salary,Active,42577.14,2024-11-30
A0006218,C005729,Current,Active,72423.84,2016-12-11
A0006219,C005730,Savings,Active,40289.69,2018-07-12
A0006220,C005731,Salary,Active,92308.2,2021-05-06
A0006221,C005733,Salary,Active,27869.89,2020-08-30
A0006222,C005734,Savings,Dormant,27023.85,2024-11-30
A0006223,C005735,Premium,Dormant,320786.28,2020-03-03
A0006224,C005737,Savings,Active,27437.72,2023-04-06
A0006225,C005738,Savings,Dormant,335297.28,2021-03-25
A0006226,C005739,Savings,Active,22383.07,2020-09-27
A0006227,C005740,Premium,Active,78997.36,2024-11-30
A0006228,C005741,Savings,Active,67239.18,2023-12-24
A0006229,C005741,Savings,Active,30477.42,2020-12-24
A0006230,C005742,Salary,Dormant,40064.86,2022-09-14
A0006231,C005743,Current,Dormant,58937.4,2022-02-12
A0006232,C005743,Savings,Active,39173.87,2023-05-13
A0006233,C005744,Current,Active,27695.78,2023-04-06
A0006234,C005746,Savings,Active,26373.65,2015-09-06
A0006235,C005746,Salary,Active,20808.95,2016-01-20
A0006236,C005748,Premium,Active,75053.29,2019-07-21
A0006237,C005749,Current,Active,6485.98,2022-11-06
A0006238,C005750,Savings,Active,19494.05,2024-01-16
A0006239,C005752,Savings,Dormant,26010.67,2021-12-15
A0006240,C005752,Salary,Active,55901.13,2020-09-14
A0006241,C005754,Savings,Active,128897.11,2019-01-02
A0006242,C005755,Savings,Active,25848.28,2022-12-10
A0006243,C005756,Current,Active,10523.15,2022-11-10
A0006244,C005757,Current,Dormant,19456.61,2024-11-30
A0006245,C005758,Current,Active,14891.54,2019-10-18
A0006246,C005760,Savings,Active,33054.13,2018-08-17
A0006247,C005760,Salary,Closed,15745.19,2017-07-19
A0006248,C005761,Savings,Active,27524.64,2024-11-14
A0006249,C005761,Savings,Active,16620.46,2024-01-06
A0006250,C005762,Salary,Active,490361.15,2016-05-14
A0006251,C005763,Current,Active,27730.87,2024-03-07
A0006252,C005763,Current,Active,12295.3,2023-10-01
A0006253,C005766,Savings,Active,26736.08,2017-04-20
A0006254,C005767,Savings,Closed,20249.97,2016-12-14
A0006255,C005767,Salary,Active,43629.64,2016-06-15
A0006256,C005768,Salary,Active,235908.43,2018-02-11
A0006257,C005769,Salary,Active,10130.97,2024-11-30
A0006258,C005769,Current,Active,15434.17,2024-11-30
A0006259,C005770,Salary,Active,90230.16,2022-06-06
A0006260,C005772,Savings,Dormant,18925.12,2021-06-23
A0006261,C005773,Savings,Active,57873.02,2021-01-06
A0006262,C005774,Salary,Active,177019.91,2021-01-04
A0006263,C005774,Premium,Dormant,153074.62,2020-07-06
A0006264,C005775,Savings,Active,28608.66,2024-09-24
A0006265,C005776,Salary,Active,50757.53,2020-04-09
A0006266,C005776,Current,Active,88522.83,2021-08-22
A0006267,C005777,Savings,Active,3388.87,2022-06-30
A0006268,C005777,Current,Active,6713.4,2023-04-09
A0006269,C005778,Savings,Active,101515.95,2020-02-24
A0006270,C005779,Premium,Active,45557.85,2022-07-28
A0006271,C005779,Current,Active,26690.79,2022-04-26
A0006272,C005780,Current,Active,25441.56,2024-11-30
A0006273,C005780,Savings,Active,39697.45,2022-09-15
A0006274,C005781,Current,Active,49051.99,2022-11-10
A0006275,C005782,Savings,Active,33915.97,2018-12-31
A0006276,C005783,Salary,Active,22855.13,2021-12-06
A0006277,C005784,Salary,Closed,4277.48,2024-11-30
A0006278,C005784,Savings,Active,8252.43,2022-12-19
A0006279,C005785,Savings,Active,34151.47,2017-11-03
A0006280,C005785,Salary,Active,62842.72,2020-06-02
A0006281,C005786,Savings,Active,81049.39,2021-03-27
A0006282,C005786,Savings,Active,25517.85,2021-07-17
A0006283,C005787,Current,Active,12291.79,2024-09-13
A0006284,C005788,Salary,Active,32889.79,2021-01-17
A0006285,C005790,Premium,Active,364058.11,2017-12-20
A0006286,C005790,Current,Active,47516.44,2021-09-30
A0006287,C005791,Salary,Active,15208.57,2019-08-11
A0006288,C005792,Savings,Active,20674.8,2018-06-04
A0006289,C005793,Current,Active,48393.11,2022-06-07
A0006290,C005793,Current,Closed,117767.75,2024-11-30
A0006291,C005796,Savings,Active,12174.37,2018-09-28
A0006292,C005797,Savings,Active,22021.31,2022-04-24
A0006293,C005798,Premium,Active,61423.14,2022-02-22
A0006294,C005799,Salary,Active,74446.39,2023-11-22
A0006295,C005799,Premium,Active,211630.39,2024-11-30
A0006296,C005800,Salary,Active,145905.0,2024-11-30
A0006297,C005800,Current,Active,26165.38,2024-11-30
A0006298,C005801,Savings,Active,29922.23,2024-11-30
A0006299,C005801,Savings,Active,9741.8,2024-11-30
A0006300,C005802,Savings,Active,35116.84,2022-02-02
A0006301,C005803,Current,Active,45884.32,2018-10-08
A0006302,C005804,Savings,Active,9152.47,2017-09-11
A0006303,C005805,Savings,Active,82816.88,2022-09-29
A0006304,C005805,Savings,Closed,46145.23,2023-02-02
A0006305,C005806,Premium,Active,290959.18,2023-04-12
A0006306,C005806,Salary,Active,75571.45,2023-02-03
A0006307,C005808,Current,Active,13830.43,2023-03-12
A0006308,C005809,Salary,Active,8844.62,2021-04-24
A0006309,C005809,Premium,Active,84932.21,2022-05-29
A0006310,C005810,Savings,Active,35423.89,2022-11-26
A0006311,C005814,Salary,Closed,245683.29,2023-02-11
A0006312,C005814,Salary,Active,284381.61,2024-11-30
A0006313,C005815,Savings,Active,25374.54,2024-03-06
A0006314,C005816,Current,Active,31643.96,2017-07-25
A0006315,C005818,Salary,Active,22763.91,2024-06-01
A0006316,C005820,Current,Active,236811.32,2020-05-17
A0006317,C005821,Current,Active,17303.81,2021-05-06
A0006318,C005821,Savings,Active,26442.58,2018-07-10
A0006319,C005822,Current,Active,45179.92,2024-11-30
A0006320,C005823,Savings,Closed,20597.3,2019-03-17
A0006321,C005825,Salary,Active,123012.4,2024-11-30
A0006322,C005826,Current,Active,55106.11,2020-04-22
A0006323,C005827,Premium,Active,226553.57,2024-11-30
A0006324,C005828,Savings,Active,173602.77,2023-05-05
A0006325,C005828,Salary,Dormant,133432.92,2021-04-29
A0006326,C005829,Savings,Active,39071.13,2018-09-30
A0006327,C005830,Salary,Active,40968.79,2020-08-25
A0006328,C005831,Salary,Active,7808.09,2023-01-12
A0006329,C005832,Current,Active,13466.93,2021-08-31
A0006330,C005833,Current,Active,554048.72,2023-05-20
A0006331,C005834,Savings,Active,14138.11,2023-08-02
A0006332,C005834,Premium,Active,128929.28,2024-07-19
A0006333,C005836,Salary,Active,206576.44,2020-09-20
A0006334,C005837,Salary,Active,44677.54,2022-02-22
A0006335,C005837,Savings,Active,31316.48,2024-11-30
A0006336,C005838,Current,Active,102321.1,2023-11-03
A0006337,C005839,Current,Active,43269.4,2024-11-30
A0006338,C005840,Current,Active,32685.77,2020-03-20
A0006339,C005841,Current,Dormant,34987.94,2022-12-29
A0006340,C005841,Salary,Closed,112677.03,2024-03-28
A0006341,C005842,Savings,Active,99871.61,2023-05-28
A0006342,C005844,Savings,Active,44646.2,2024-02-05
A0006343,C005845,Savings,Active,14658.01,2019-06-13
A0006344,C005846,Savings,Active,51667.5,2023-05-19
A0006345,C005847,Current,Dormant,13912.5,2024-11-30
A0006346,C005847,Savings,Active,20409.14,2023-02-10
A0006347,C005848,Savings,Closed,10045.28,2019-03-21
A0006348,C005849,Savings,Active,12401.44,2021-04-04
A0006349,C005850,Savings,Active,30663.79,2024-10-26
A0006350,C005851,Current,Active,15061.54,2018-07-06
A0006351,C005852,Savings,Active,33256.56,2022-12-07
A0006352,C005854,Savings,Active,25566.38,2019-09-07
A0006353,C005854,Savings,Dormant,28618.69,2016-07-13
A0006354,C005855,Savings,Active,173064.77,2024-11-30
A0006355,C005855,Savings,Active,125626.16,2024-11-30
A0006356,C005856,Current,Closed,165945.43,2017-11-17
A0006357,C005856,Salary,Active,144481.92,2017-06-11
A0006358,C005857,Savings,Active,72977.81,2024-08-08
A0006359,C005858,Salary,Active,28146.31,2020-03-12
A0006360,C005859,Salary,Active,24107.67,2021-05-29
A0006361,C005861,Premium,Dormant,34749.63,2023-09-30
A0006362,C005862,Savings,Closed,99519.32,2019-10-11
A0006363,C005864,Savings,Active,380104.67,2023-07-10
A0006364,C005864,Savings,Active,788448.98,2023-06-17
A0006365,C005865,Savings,Active,192748.65,2022-05-01
A0006366,C005866,Current,Closed,59607.55,2020-08-20
A0006367,C005867,Premium,Active,28782.55,2022-06-12
A0006368,C005869,Premium,Active,173777.49,2020-01-27
A0006369,C005870,Current,Active,73283.06,2018-07-16
A0006370,C005871,Savings,Active,157450.63,2023-01-01
A0006371,C005872,Salary,Active,158625.25,2024-05-18
A0006372,C005873,Savings,Active,49742.44,2023-07-06
A0006373,C005874,Current,Active,14402.42,2017-09-13
A0006374,C005875,Savings,Active,178560.83,2022-07-07
A0006375,C005875,Current,Active,95379.08,2021-12-29
A0006376,C005876,Savings,Active,50810.34,2021-08-24
A0006377,C005876,Current,Active,51953.13,2020-04-21
A0006378,C005877,Savings,Active,6392.98,2023-05-08
A0006379,C005878,Savings,Active,174547.23,2021-10-31
A0006380,C005879,Salary,Active,106746.61,2017-03-17
A0006381,C005880,Premium,Active,35579.42,2023-04-14
A0006382,C005881,Current,Active,10572.01,2020-09-16
A0006383,C005881,Savings,Active,24884.28,2020-02-29
A0006384,C005882,Savings,Active,36428.18,2017-04-27
A0006385,C005883,Current,Active,17456.83,2019-11-24
A0006386,C005884,Savings,Active,24026.08,2024-05-27
A0006387,C005885,Current,Active,51502.92,2020-12-22
A0006388,C005886,Current,Active,24642.76,2023-01-17
A0006389,C005886,Savings,Active,31450.09,2019-10-18
A0006390,C005887,Savings,Active,85447.36,2021-02-15
A0006391,C005888,Current,Active,22037.18,2019-07-30
A0006392,C005891,Current,Active,5237.08,2019-07-02
A0006393,C005892,Current,Active,19303.98,2024-03-11
A0006394,C005894,Savings,Active,161842.33,2024-07-22
A0006395,C005895,Salary,Dormant,52227.96,2017-02-27
A0006396,C005896,Salary,Active,14284.66,2021-06-15
A0006397,C005896,Salary,Active,23118.09,2019-02-06
A0006398,C005897,Savings,Active,62833.13,2024-03-29
A0006399,C005897,Savings,Active,37092.91,2023-10-14
A0006400,C005898,Salary,Active,8077.27,2021-11-27
A0006401,C005899,Savings,Closed,17497.63,2022-06-10
A0006402,C005899,Salary,Active,13929.88,2024-11-30
A0006403,C005900,Savings,Active,44341.36,2023-01-22
A0006404,C005901,Savings,Active,56999.17,2019-01-16
A0006405,C005901,Current,Active,11425.77,2016-07-22
A0006406,C005903,Savings,Active,93944.08,2019-06-18
A0006407,C005904,Savings,Active,33144.5,2018-06-03
A0006408,C005904,Salary,Active,60964.82,2015-11-10
A0006409,C005905,Current,Active,129837.12,2023-05-21
A0006410,C005906,Current,Active,7270.48,2024-08-25
A0006411,C005907,Salary,Active,104557.35,2020-04-19
A0006412,C005908,Savings,Closed,19783.29,2024-11-30
A0006413,C005910,Current,Active,37566.15,2020-08-06
A0006414,C005911,Current,Active,84729.62,2018-04-22
A0006415,C005912,Savings,Active,119240.65,2024-11-30
A0006416,C005913,Salary,Active,47109.09,2019-07-18
A0006417,C005914,Savings,Active,74914.3,2024-03-12
A0006418,C005915,Salary,Active,187693.45,2022-06-14
A0006419,C005915,Current,Dormant,243810.82,2022-08-27
A0006420,C005916,Salary,Active,116603.37,2021-01-26
A0006421,C005917,Savings,Dormant,98955.46,2017-04-10
A0006422,C005920,Savings,Active,76313.24,2018-09-28
A0006423,C005920,Savings,Active,134217.75,2018-12-19
A0006424,C005921,Salary,Active,44948.32,2021-06-29
A0006425,C005922,Savings,Active,32565.17,2024-11-30
A0006426,C005923,Savings,Active,12478.58,2021-05-12
A0006427,C005924,Savings,Active,66876.97,2023-03-02
A0006428,C005925,Savings,Active,10021.32,2023-07-13
A0006429,C005925,Salary,Active,33115.01,2024-08-14
A0006430,C005927,Current,Active,228914.29,2024-06-20
A0006431,C005928,Current,Active,74708.51,2017-06-25
A0006432,C005929,Current,Dormant,35209.59,2024-11-30
A0006433,C005929,Salary,Active,23470.24,2024-01-28
A0006434,C005930,Salary,Active,20695.67,2019-08-08
A0006435,C005931,Savings,Active,160497.22,2024-11-30
A0006436,C005932,Savings,Active,55713.15,2024-08-24
A0006437,C005934,Savings,Active,245251.53,2018-02-12
A0006438,C005935,Salary,Active,9823.61,2022-02-08
A0006439,C005935,Savings,Active,8788.45,2021-10-22
A0006440,C005936,Current,Active,16640.98,2019-10-25
A0006441,C005936,Savings,Active,28379.81,2019-03-26
A0006442,C005937,Savings,Active,151519.59,2021-06-23
A0006443,C005940,Current,Active,12143.97,2023-02-03
A0006444,C005941,Savings,Active,21090.91,2024-11-30
A0006445,C005942,Salary,Active,144686.02,2022-05-31
A0006446,C005943,Current,Active,34219.51,2024-02-19
A0006447,C005944,Premium,Active,111871.88,2016-01-26
A0006448,C005945,Savings,Active,29223.93,2019-11-10
A0006449,C005946,Salary,Active,30911.57,2021-04-16
A0006450,C005948,Savings,Closed,13972.6,2024-09-10
A0006451,C005949,Savings,Active,30440.5,2018-10-30
A0006452,C005950,Current,Active,66463.6,2024-11-30
A0006453,C005952,Current,Active,15953.92,2018-12-04
A0006454,C005953,Salary,Active,43994.02,2022-08-06
A0006455,C005954,Savings,Active,42923.46,2024-01-15
A0006456,C005957,Salary,Active,112474.15,2020-09-15
A0006457,C005958,Salary,Active,209130.64,2024-11-30
A0006458,C005959,Savings,Active,38423.16,2017-07-11
A0006459,C005960,Premium,Active,62044.73,2024-11-30
A0006460,C005961,Savings,Active,51962.54,2024-05-01
A0006461,C005962,Salary,Active,24066.5,2016-06-19
A0006462,C005962,Savings,Active,82122.67,2017-09-21
A0006463,C005964,Savings,Active,126038.02,2022-03-09
A0006464,C005964,Savings,Active,410748.94,2021-02-03
A0006465,C005965,Savings,Closed,45377.18,2020-11-17
A0006466,C005967,Savings,Active,20545.57,2023-09-22
A0006467,C005967,Current,Active,6981.85,2023-06-20
A0006468,C005968,Premium,Active,87688.0,2022-04-27
A0006469,C005970,Savings,Active,138553.35,2024-11-30
A0006470,C005971,Savings,Active,29364.43,2017-06-15
A0006471,C005972,Salary,Active,135190.33,2022-06-10
A0006472,C005973,Current,Active,82347.24,2023-05-06
A0006473,C005974,Savings,Closed,20650.28,2016-06-18
A0006474,C005974,Savings,Active,32802.09,2016-05-18
A0006475,C005975,Salary,Active,50988.16,2019-03-06
A0006476,C005976,Salary,Active,76736.36,2023-01-25
A0006477,C005977,Savings,Closed,20426.26,2018-04-15
A0006478,C005978,Premium,Closed,465855.77,2021-07-23
A0006479,C005979,Salary,Dormant,16135.37,2018-10-15
A0006480,C005980,Savings,Active,16935.07,2024-11-30
A0006481,C005981,Savings,Active,18167.8,2021-11-11
A0006482,C005981,Salary,Active,11301.07,2021-08-26
A0006483,C005983,Salary,Active,132433.96,2022-10-03
A0006484,C005984,Savings,Active,51340.52,2019-09-17
A0006485,C005986,Premium,Active,356499.39,2022-03-24
A0006486,C005986,Current,Closed,33728.09,2023-03-06
A0006487,C005987,Savings,Closed,21386.6,2020-11-28
A0006488,C005987,Savings,Active,121580.46,2024-08-06
A0006489,C005988,Salary,Dormant,104046.33,2019-06-15
A0006490,C005989,Savings,Active,9651.04,2024-09-05
A0006491,C005989,Savings,Active,13870.55,2023-06-18
A0006492,C005990,Savings,Active,59168.64,2024-04-20
A0006493,C005991,Salary,Active,22907.41,2023-10-27
A0006494,C005992,Savings,Active,81469.57,2020-04-04
A0006495,C005993,Current,Active,63781.84,2019-06-07
A0006496,C005994,Premium,Dormant,32601.05,2021-11-22
A0006497,C005996,Savings,Active,59858.66,2017-07-18
A0006498,C005996,Savings,Dormant,208723.17,2018-02-26
A0006499,C005997,Savings,Active,31197.65,2020-08-21
A0006500,C005997,Current,Active,44667.59,2018-10-27
A0006501,C005998,Salary,Active,29452.07,2023-09-04
A0006502,C005998,Premium,Active,45995.8,2024-11-30
A0006503,C006001,Salary,Active,34263.46,2017-10-29
A0006504,C006002,Salary,Active,17190.35,2018-07-19
A0006505,C006003,Savings,Active,47544.04,2024-05-08
A0006506,C006003,Current,Active,21122.02,2024-11-30
A0006507,C006004,Current,Active,3954.03,2024-11-30
A0006508,C006005,Salary,Active,27174.63,2022-01-13
A0006509,C006006,Salary,Active,39799.82,2019-11-01
A0006510,C006007,Current,Active,57262.6,2021-07-25
A0006511,C006007,Current,Active,49653.5,2020-10-09
A0006512,C006008,Salary,Dormant,28032.34,2018-10-10
A0006513,C006008,Salary,Active,25354.66,2015-08-15
A0006514,C006009,Savings,Dormant,14875.0,2023-11-15
A0006515,C006009,Salary,Closed,101559.2,2024-02-27
A0006516,C006010,Salary,Active,67998.33,2024-11-30
A0006517,C006011,Salary,Active,21022.54,2024-11-30
A0006518,C006012,Savings,Active,22024.35,2019-11-22
A0006519,C006012,Premium,Dormant,203735.45,2016-11-26
A0006520,C006013,Salary,Active,8945.11,2020-03-06
A0006521,C006015,Current,Dormant,29783.94,2022-05-11
A0006522,C006017,Savings,Active,25124.06,2019-12-04
A0006523,C006018,Premium,Active,786489.45,2022-09-28
A0006524,C006019,Savings,Active,79412.33,2015-05-14
A0006525,C006020,Savings,Active,298907.71,2024-11-30
A0006526,C006020,Salary,Active,454505.03,2024-11-30
A0006527,C006022,Savings,Active,97658.97,2016-11-19
A0006528,C006022,Savings,Active,63474.1,2017-07-14
A0006529,C006023,Current,Active,80695.96,2023-10-31
A0006530,C006024,Current,Active,94846.38,2023-05-02
A0006531,C006025,Salary,Active,563699.27,2020-03-16
A0006532,C006026,Salary,Active,236233.73,2020-08-21
A0006533,C006026,Current,Active,109221.67,2020-10-05
A0006534,C006027,Salary,Dormant,80696.31,2019-05-31
A0006535,C006027,Savings,Closed,57827.27,2017-10-30
A0006536,C006028,Savings,Dormant,158591.53,2023-08-03
A0006537,C006029,Savings,Active,65468.41,2020-09-02
A0006538,C006030,Current,Active,12729.98,2018-12-20
A0006539,C006032,Savings,Active,71099.24,2024-11-30
A0006540,C006033,Current,Active,33044.32,2019-01-01
A0006541,C006035,Salary,Active,28301.83,2017-09-08
A0006542,C006036,Current,Active,33115.17,2024-11-30
A0006543,C006037,Savings,Active,79782.05,2020-01-03
A0006544,C006038,Current,Active,11020.07,2019-06-02
A0006545,C006038,Salary,Active,16933.45,2022-08-18
A0006546,C006039,Savings,Active,13938.08,2024-11-30
A0006547,C006039,Current,Active,40025.28,2024-11-30
A0006548,C006040,Salary,Active,74902.91,2020-05-06
A0006549,C006041,Salary,Active,298922.43,2021-01-24
A0006550,C006042,Savings,Active,18704.17,2020-07-12
A0006551,C006042,Savings,Active,26885.77,2020-08-13
A0006552,C006043,Savings,Active,25509.26,2021-01-06
A0006553,C006043,Current,Active,7484.61,2019-06-28
A0006554,C006044,Current,Active,17229.75,2020-09-05
A0006555,C006045,Current,Active,51211.76,2019-08-24
A0006556,C006046,Savings,Active,139725.91,2023-12-17
A0006557,C006047,Current,Active,15089.92,2020-09-30
A0006558,C006048,Salary,Active,45358.77,2017-07-03
A0006559,C006049,Salary,Active,79750.06,2024-11-30
A0006560,C006050,Salary,Active,97894.71,2023-03-28
A0006561,C006051,Current,Active,29498.44,2022-12-24
A0006562,C006053,Savings,Active,143022.06,2019-11-27
A0006563,C006055,Current,Active,7019.62,2019-05-28
A0006564,C006056,Savings,Active,202862.3,2024-11-30
A0006565,C006057,Current,Active,209629.2,2017-06-30
A0006566,C006058,Savings,Closed,32400.56,2021-01-21
A0006567,C006059,Savings,Active,20524.78,2024-11-30
A0006568,C006060,Savings,Active,101112.43,2019-02-20
A0006569,C006060,Salary,Active,30700.36,2017-11-22
A0006570,C006061,Salary,Active,28200.77,2019-04-30
A0006571,C006064,Premium,Dormant,23862.81,2017-06-11
A0006572,C006065,Current,Active,29427.19,2023-04-25
A0006573,C006066,Current,Active,158352.72,2016-10-16
A0006574,C006067,Premium,Active,45382.08,2021-06-14
A0006575,C006068,Current,Active,55095.41,2018-10-18
A0006576,C006069,Salary,Active,12665.77,2019-05-28
A0006577,C006070,Salary,Active,24738.52,2019-09-22
A0006578,C006070,Savings,Active,52546.95,2021-07-12
A0006579,C006071,Current,Active,9152.28,2019-12-29
A0006580,C006073,Current,Active,32785.5,2020-07-18
A0006581,C006073,Salary,Active,33739.77,2023-08-28
A0006582,C006074,Savings,Active,35158.58,2021-05-28
A0006583,C006074,Savings,Active,18095.91,2022-04-08
A0006584,C006075,Savings,Active,33793.33,2022-04-21
A0006585,C006077,Current,Active,67391.86,2023-01-01
A0006586,C006078,Salary,Active,44144.25,2017-11-01
A0006587,C006079,Savings,Active,9979.04,2024-11-30
A0006588,C006079,Savings,Active,21371.96,2024-11-30
A0006589,C006080,Salary,Active,21965.38,2024-11-30
A0006590,C006080,Current,Active,18712.24,2022-02-02
A0006591,C006081,Savings,Active,62870.72,2018-11-20
A0006592,C006081,Current,Active,29511.59,2017-12-16
A0006593,C006082,Savings,Active,11372.47,2023-11-20
A0006594,C006083,Current,Active,53076.18,2021-06-09
A0006595,C006084,Savings,Active,106370.01,2016-07-27
A0006596,C006084,Savings,Closed,134446.11,2017-07-07
A0006597,C006086,Savings,Active,8632.8,2021-08-24
A0006598,C006086,Savings,Active,30918.69,2021-04-23
A0006599,C006087,Salary,Active,23210.82,2024-11-30
A0006600,C006087,Savings,Active,17580.03,2024-11-30
A0006601,C006088,Salary,Active,72979.1,2020-02-25
A0006602,C006090,Savings,Active,41653.64,2024-11-30
A0006603,C006091,Salary,Active,98234.58,2019-05-20
A0006604,C006092,Current,Active,15369.07,2023-01-30
A0006605,C006093,Salary,Active,31843.24,2023-01-29
A0006606,C006095,Salary,Active,133232.32,2019-04-02
A0006607,C006097,Savings,Closed,5859.7,2016-04-14
A0006608,C006099,Savings,Active,25253.08,2024-11-30
A0006609,C006099,Savings,Active,22466.61,2024-11-30
A0006610,C006100,Savings,Dormant,440035.15,2022-02-20
A0006611,C006101,Savings,Active,226159.48,2021-09-09
A0006612,C006101,Savings,Active,66789.95,2021-09-22
A0006613,C006103,Salary,Active,12423.6,2024-11-30
A0006614,C006104,Savings,Active,32879.11,2021-05-25
A0006615,C006105,Current,Active,40180.56,2024-10-02
A0006616,C006105,Salary,Active,39579.25,2022-03-26
A0006617,C006106,Savings,Active,15894.99,2022-10-09
A0006618,C006108,Salary,Active,306208.3,2024-11-30
A0006619,C006108,Current,Active,42190.27,2022-10-08
A0006620,C006110,Salary,Active,51584.58,2024-01-17
A0006621,C006110,Current,Dormant,54514.43,2022-07-19
A0006622,C006111,Salary,Active,62740.56,2018-11-17
A0006623,C006111,Salary,Active,47212.22,2020-04-08
A0006624,C006112,Savings,Active,75591.71,2021-03-27
A0006625,C006113,Savings,Active,12695.52,2023-07-17
A0006626,C006114,Current,Active,71434.08,2018-07-24
A0006627,C006116,Salary,Active,26567.48,2015-04-08
A0006628,C006117,Savings,Active,19993.7,2019-07-30
A0006629,C006118,Current,Active,451414.96,2022-11-30
A0006630,C006120,Current,Active,98338.2,2020-05-30
A0006631,C006122,Current,Active,265469.53,2021-06-07
A0006632,C006123,Salary,Active,33875.89,2020-11-24
A0006633,C006124,Savings,Active,22437.38,2024-11-30
A0006634,C006125,Current,Active,59964.58,2019-10-27
A0006635,C006126,Savings,Active,115618.15,2024-06-30
A0006636,C006127,Salary,Dormant,442259.49,2024-11-30
A0006637,C006128,Savings,Active,27473.82,2024-11-30
A0006638,C006129,Savings,Active,41935.29,2019-12-05
A0006639,C006129,Savings,Active,23651.41,2021-09-20
A0006640,C006130,Salary,Active,71603.9,2022-05-13
A0006641,C006131,Savings,Active,16419.11,2023-01-28
A0006642,C006131,Premium,Active,70141.17,2022-03-13
A0006643,C006132,Current,Active,35542.26,2020-12-14
A0006644,C006133,Savings,Active,36047.14,2023-02-10
A0006645,C006135,Salary,Active,55656.45,2024-11-05
A0006646,C006136,Premium,Active,257227.9,2024-11-30
A0006647,C006137,Current,Active,60944.15,2018-01-24
A0006648,C006138,Salary,Closed,35228.14,2018-06-08
A0006649,C006140,Current,Active,138201.71,2018-11-19
A0006650,C006141,Savings,Active,34737.81,2018-01-08
A0006651,C006141,Salary,Active,237683.25,2017-09-02
A0006652,C006142,Premium,Active,37242.53,2024-11-30
A0006653,C006143,Savings,Active,42522.08,2023-03-03
A0006654,C006143,Savings,Active,16626.0,2024-03-22
A0006655,C006144,Savings,Active,667782.56,2016-03-31
A0006656,C006144,Savings,Active,530844.07,2016-05-12
A0006657,C006145,Savings,Closed,92632.06,2024-11-30
A0006658,C006145,Salary,Active,84507.86,2024-11-30
A0006659,C006146,Current,Active,28901.81,2024-11-30
A0006660,C006147,Savings,Active,67049.77,2023-07-13
A0006661,C006148,Savings,Active,17931.11,2019-12-29
A0006662,C006149,Savings,Active,43907.01,2018-12-27
A0006663,C006149,Current,Dormant,14737.74,2021-10-26
A0006664,C006151,Savings,Active,14936.6,2020-02-23
A0006665,C006151,Salary,Active,10579.94,2016-07-04
A0006666,C006152,Salary,Active,65297.4,2022-10-24
A0006667,C006152,Current,Active,33060.56,2024-11-30
A0006668,C006153,Current,Active,30135.98,2024-11-30
A0006669,C006153,Premium,Active,62328.57,2024-11-30
A0006670,C006154,Savings,Active,26548.74,2024-05-30
A0006671,C006155,Savings,Dormant,22470.74,2022-11-15
A0006672,C006157,Savings,Active,23552.85,2020-08-21
A0006673,C006157,Current,Active,11762.06,2021-08-04
A0006674,C006158,Salary,Closed,19246.68,2020-01-29
A0006675,C006159,Salary,Active,199479.3,2022-10-11
A0006676,C006160,Current,Active,97092.18,2019-01-30
A0006677,C006161,Savings,Active,12788.43,2018-04-26
A0006678,C006162,Salary,Active,58920.25,2020-09-23
A0006679,C006163,Savings,Active,31821.19,2023-11-17
A0006680,C006163,Savings,Active,45219.73,2023-12-02
A0006681,C006164,Current,Active,27246.85,2021-05-30
A0006682,C006165,Savings,Dormant,11114.09,2024-11-30
A0006683,C006166,Current,Active,5093.87,2024-11-30
A0006684,C006167,Salary,Active,28496.94,2016-12-27
A0006685,C006168,Current,Active,72914.3,2023-05-18
A0006686,C006169,Salary,Active,3224.94,2024-03-13
A0006687,C006170,Salary,Active,242102.59,2024-11-30
A0006688,C006171,Current,Active,29920.52,2024-11-30
A0006689,C006172,Salary,Active,38469.28,2019-02-04
A0006690,C006173,Current,Active,21421.77,2019-02-06
A0006691,C006175,Salary,Dormant,245795.49,2020-12-09
A0006692,C006176,Savings,Active,66560.62,2022-10-29
A0006693,C006177,Savings,Active,13934.55,2022-01-06
A0006694,C006178,Salary,Active,103940.19,2023-03-03
A0006695,C006179,Salary,Active,59924.93,2023-12-22
A0006696,C006180,Savings,Active,111559.21,2022-11-18
A0006697,C006181,Salary,Active,128244.31,2022-01-13
A0006698,C006181,Salary,Active,914777.25,2024-01-03
A0006699,C006182,Current,Active,34420.6,2019-10-06
A0006700,C006183,Salary,Dormant,55075.56,2024-11-30
A0006701,C006184,Savings,Active,14265.45,2021-07-14
A0006702,C006185,Salary,Active,27291.79,2018-06-01
A0006703,C006186,Salary,Dormant,12138.65,2020-12-09
A0006704,C006187,Savings,Active,38932.57,2019-11-11
A0006705,C006188,Savings,Active,91614.64,2021-06-17
A0006706,C006189,Savings,Active,87299.26,2024-04-29
A0006707,C006190,Premium,Active,9378.39,2022-11-05
A0006708,C006190,Savings,Active,11812.32,2024-08-22
A0006709,C006191,Savings,Active,36443.39,2017-09-08
A0006710,C006192,Savings,Active,10305.65,2024-04-18
A0006711,C006192,Savings,Active,25448.08,2022-06-22
A0006712,C006193,Savings,Active,348427.0,2024-04-10
A0006713,C006194,Salary,Active,341911.7,2023-08-01
A0006714,C006195,Savings,Active,13284.0,2024-01-30
A0006715,C006196,Savings,Active,32761.19,2023-08-12
A0006716,C006197,Savings,Active,12905.9,2018-09-08
A0006717,C006198,Savings,Active,41821.53,2021-02-16
A0006718,C006199,Savings,Active,6231.36,2024-01-17
A0006719,C006200,Savings,Active,73299.61,2022-03-06
A0006720,C006200,Current,Active,21686.95,2024-03-15
A0006721,C006201,Salary,Active,26080.94,2018-12-25
A0006722,C006202,Premium,Active,137999.36,2024-11-30
A0006723,C006203,Salary,Active,20954.83,2024-11-30
A0006724,C006205,Current,Active,69493.22,2021-03-19
A0006725,C006206,Savings,Active,7906.94,2018-03-13
A0006726,C006206,Savings,Active,23079.4,2017-01-28
A0006727,C006207,Savings,Dormant,401088.38,2021-02-28
A0006728,C006208,Salary,Active,28938.88,2023-08-14
A0006729,C006208,Savings,Active,35884.63,2024-11-30
A0006730,C006209,Current,Active,131472.43,2024-09-22
A0006731,C006210,Salary,Active,55218.91,2017-12-20
A0006732,C006211,Salary,Active,40268.54,2024-05-30
A0006733,C006212,Savings,Active,15209.52,2018-07-08
A0006734,C006214,Savings,Active,24582.38,2024-11-30
A0006735,C006215,Savings,Active,79100.38,2023-03-15
A0006736,C006216,Savings,Dormant,38188.49,2019-10-26
A0006737,C006217,Salary,Active,99719.04,2020-08-19
A0006738,C006218,Savings,Active,29781.72,2024-11-30
A0006739,C006219,Savings,Active,22592.82,2023-11-29
A0006740,C006219,Current,Active,51876.63,2024-11-30
A0006741,C006220,Savings,Active,7549.86,2021-05-10
A0006742,C006221,Salary,Active,46149.88,2024-11-08
A0006743,C006221,Salary,Active,25711.59,2023-04-30
A0006744,C006223,Current,Active,23250.15,2017-05-12
A0006745,C006223,Salary,Active,25800.86,2017-07-17
A0006746,C006224,Salary,Active,201073.03,2023-03-09
A0006747,C006225,Current,Active,4280.51,2024-01-03
A0006748,C006225,Savings,Active,24492.99,2020-10-17
A0006749,C006227,Savings,Active,18268.19,2024-11-30
A0006750,C006228,Current,Dormant,109889.36,2024-11-30
A0006751,C006228,Savings,Active,207051.81,2024-09-08
A0006752,C006229,Current,Active,32992.82,2020-05-17
A0006753,C006230,Current,Active,10381.53,2023-04-01
A0006754,C006231,Savings,Active,18788.71,2021-02-13
A0006755,C006232,Salary,Closed,121167.12,2020-04-18
A0006756,C006232,Savings,Active,212133.78,2021-05-04
A0006757,C006233,Savings,Active,35795.91,2021-02-25
A0006758,C006234,Current,Active,12180.11,2022-10-20
A0006759,C006235,Salary,Active,976816.01,2018-01-14
A0006760,C006236,Current,Active,23737.2,2023-10-04
A0006761,C006237,Savings,Active,60684.79,2019-07-14
A0006762,C006237,Salary,Active,140385.73,2021-02-12
A0006763,C006238,Current,Active,20669.82,2018-07-25
A0006764,C006239,Savings,Closed,19322.95,2021-04-08
A0006765,C006240,Current,Active,65842.91,2019-04-05
A0006766,C006241,Savings,Active,21071.82,2019-09-01
A0006767,C006242,Current,Active,15614.64,2022-02-02
A0006768,C006242,Salary,Active,21469.75,2021-03-09
A0006769,C006243,Premium,Dormant,515501.88,2019-11-13
A0006770,C006243,Savings,Active,173282.3,2019-02-06
A0006771,C006244,Premium,Active,50924.2,2023-09-10
A0006772,C006244,Current,Active,27556.98,2021-11-11
A0006773,C006245,Current,Active,7389.38,2022-10-31
A0006774,C006246,Salary,Dormant,48364.65,2024-11-30
A0006775,C006247,Current,Active,35599.54,2024-11-30
A0006776,C006247,Savings,Active,36981.97,2024-11-30
A0006777,C006248,Savings,Active,11585.34,2022-03-17
A0006778,C006249,Salary,Dormant,199765.0,2022-11-21
A0006779,C006250,Savings,Active,95160.54,2023-06-17
A0006780,C006251,Current,Active,32074.52,2019-04-20
A0006781,C006252,Salary,Active,15465.54,2018-02-17
A0006782,C006252,Savings,Active,33884.39,2016-12-21
A0006783,C006253,Salary,Active,28793.87,2023-10-25
A0006784,C006254,Current,Active,12794.71,2024-11-30
A0006785,C006254,Savings,Active,14199.09,2022-10-08
A0006786,C006255,Current,Active,38456.81,2016-05-06
A0006787,C006255,Savings,Active,26444.43,2017-09-29
A0006788,C006256,Salary,Closed,22347.49,2023-03-03
A0006789,C006257,Salary,Active,109296.94,2019-07-16
A0006790,C006257,Savings,Dormant,104884.28,2019-05-30
A0006791,C006258,Current,Closed,17907.38,2023-02-19
A0006792,C006261,Savings,Active,19075.67,2024-11-30
A0006793,C006261,Savings,Active,13999.43,2024-11-30
A0006794,C006262,Savings,Active,121008.15,2019-09-26
A0006795,C006262,Current,Active,56912.32,2021-10-04
A0006796,C006263,Savings,Active,50531.44,2017-11-18
A0006797,C006263,Savings,Active,126135.96,2020-05-11
A0006798,C006264,Current,Dormant,9548.17,2021-09-23
A0006799,C006264,Salary,Active,37198.42,2023-08-09
A0006800,C006265,Current,Active,120943.06,2024-11-30
A0006801,C006266,Current,Closed,15970.93,2019-08-05
A0006802,C006267,Current,Active,6722.09,2019-10-21
A0006803,C006268,Current,Active,17246.24,2021-12-01
A0006804,C006268,Savings,Closed,44726.69,2021-12-30
A0006805,C006269,Salary,Active,2590.99,2020-04-14
A0006806,C006270,Premium,Active,1174086.64,2018-05-07
A0006807,C006271,Salary,Active,1087932.52,2023-05-02
A0006808,C006273,Savings,Active,72841.94,2023-04-25
A0006809,C006274,Savings,Active,72484.94,2017-03-10
A0006810,C006275,Current,Active,8967.57,2021-04-19
A0006811,C006276,Current,Active,60933.57,2019-11-13
A0006812,C006277,Salary,Active,11786.08,2019-12-20
A0006813,C006278,Current,Active,149008.29,2019-02-12
A0006814,C006279,Current,Closed,97800.29,2020-02-27
A0006815,C006280,Savings,Active,15853.29,2019-07-12
A0006816,C006280,Premium,Active,208949.31,2021-02-18
A0006817,C006281,Savings,Active,17338.12,2019-08-11
A0006818,C006284,Savings,Active,56887.95,2019-11-14
A0006819,C006285,Premium,Active,206038.44,2016-11-17
A0006820,C006286,Salary,Closed,33961.62,2022-05-24
A0006821,C006286,Savings,Active,111301.69,2020-12-21
A0006822,C006287,Savings,Active,21719.87,2023-02-22
A0006823,C006288,Savings,Active,10186.83,2023-07-29
A0006824,C006289,Salary,Dormant,21110.26,2019-01-21
A0006825,C006290,Current,Active,10095.47,2018-02-25
A0006826,C006291,Current,Active,24708.89,2019-10-04
A0006827,C006293,Savings,Active,8273.35,2023-09-03
A0006828,C006294,Savings,Active,39361.19,2022-07-09
A0006829,C006294,Salary,Active,94605.83,2021-06-30
A0006830,C006295,Savings,Active,29346.2,2023-09-03
A0006831,C006295,Savings,Active,12669.04,2024-11-30
A0006832,C006297,Current,Closed,44872.08,2018-09-02
A0006833,C006298,Premium,Active,535983.07,2020-05-26
A0006834,C006299,Current,Active,14358.22,2024-10-16
A0006835,C006300,Savings,Active,12138.43,2024-11-30
A0006836,C006301,Savings,Active,26067.62,2023-10-29
A0006837,C006301,Savings,Active,50526.5,2023-03-29
A0006838,C006302,Savings,Active,49602.54,2016-06-26
A0006839,C006303,Savings,Closed,34121.44,2023-06-19
A0006840,C006304,Savings,Active,19462.97,2018-04-18
A0006841,C006305,Savings,Active,53487.27,2019-05-25
A0006842,C006306,Salary,Active,189284.37,2024-11-30
A0006843,C006306,Savings,Active,69182.71,2023-05-19
A0006844,C006307,Salary,Active,30624.78,2017-11-20
A0006845,C006308,Current,Active,39458.95,2022-02-04
A0006846,C006309,Current,Active,114406.77,2023-11-02
A0006847,C006309,Salary,Active,57625.86,2024-11-30
A0006848,C006310,Savings,Active,90559.92,2023-10-04
A0006849,C006310,Current,Active,165032.17,2024-11-30
A0006850,C006311,Savings,Active,60431.79,2022-05-11
A0006851,C006312,Savings,Active,227031.4,2019-01-23
A0006852,C006313,Savings,Dormant,53427.5,2021-08-13
A0006853,C006314,Premium,Active,1204438.12,2024-11-30
A0006854,C006314,Savings,Active,84932.56,2024-11-30
A0006855,C006315,Savings,Active,15548.93,2023-09-22
A0006856,C006316,Current,Active,176650.48,2024-11-30
A0006857,C006317,Current,Active,33620.38,2022-12-27
A0006858,C006318,Current,Active,12976.95,2024-11-30
A0006859,C006318,Salary,Active,27231.58,2024-11-30
A0006860,C006319,Current,Active,6821.41,2020-12-22
A0006861,C006320,Savings,Closed,30688.2,2017-05-24
A0006862,C006321,Savings,Active,26402.64,2018-03-29
A0006863,C006323,Savings,Active,14474.58,2024-11-30
A0006864,C006323,Savings,Active,14966.08,2024-11-30
A0006865,C006324,Savings,Dormant,68328.4,2021-03-17
A0006866,C006324,Current,Active,59352.44,2021-10-02
A0006867,C006326,Current,Closed,16712.66,2023-04-14
A0006868,C006327,Current,Active,57681.91,2024-01-16
A0006869,C006327,Savings,Closed,68964.92,2023-01-18
A0006870,C006328,Savings,Active,39956.59,2017-01-01
A0006871,C006329,Savings,Active,4212.65,2022-03-08
A0006872,C006331,Savings,Active,5176.46,2019-01-13
A0006873,C006332,Savings,Active,29061.36,2016-02-10
A0006874,C006334,Current,Dormant,36128.69,2020-03-04
A0006875,C006335,Savings,Active,76053.87,2020-07-29
A0006876,C006335,Salary,Active,134353.5,2019-11-15
A0006877,C006336,Savings,Active,52759.48,2024-11-30
A0006878,C006337,Current,Active,15353.04,2020-02-25
A0006879,C006337,Current,Active,12802.68,2017-10-09
A0006880,C006338,Current,Active,65642.61,2022-06-28
A0006881,C006339,Salary,Active,31641.46,2023-05-19
A0006882,C006340,Savings,Active,37856.01,2024-11-26
A0006883,C006341,Salary,Active,30041.39,2024-11-30
A0006884,C006342,Savings,Active,31667.94,2018-07-21
A0006885,C006344,Salary,Closed,32612.54,2021-10-28
A0006886,C006344,Current,Active,19173.65,2023-06-30
A0006887,C006345,Current,Active,17766.3,2024-06-25
A0006888,C006346,Current,Active,8171.92,2018-07-02
A0006889,C006348,Savings,Active,82803.27,2017-12-24
A0006890,C006348,Savings,Active,125536.69,2018-01-13
A0006891,C006349,Current,Active,253584.99,2016-11-27
A0006892,C006352,Current,Active,15647.22,2018-08-02
A0006893,C006353,Salary,Active,23521.18,2024-04-03
A0006894,C006354,Savings,Active,10955.05,2020-07-05
A0006895,C006355,Current,Active,29677.36,2022-07-30
A0006896,C006356,Savings,Dormant,43039.08,2024-11-30
A0006897,C006357,Savings,Active,75492.74,2022-05-16
A0006898,C006359,Savings,Active,20462.69,2018-10-05
A0006899,C006360,Current,Active,18527.8,2024-03-15
A0006900,C006361,Premium,Active,236546.42,2024-02-07
A0006901,C006361,Savings,Active,19235.25,2024-11-30
A0006902,C006362,Current,Active,9366.47,2020-09-21
A0006903,C006363,Current,Active,215739.13,2024-11-30
A0006904,C006364,Salary,Active,93535.12,2017-11-20
A0006905,C006365,Savings,Active,19518.11,2019-07-29
A0006906,C006366,Savings,Active,27283.66,2022-05-05
A0006907,C006366,Savings,Dormant,16895.38,2020-12-05
A0006908,C006367,Savings,Dormant,38580.66,2023-09-27
A0006909,C006368,Current,Dormant,14042.07,2015-12-31
A0006910,C006369,Salary,Active,24048.83,2022-11-20
A0006911,C006370,Current,Active,14163.57,2024-11-03
A0006912,C006371,Current,Active,41746.31,2020-10-11
A0006913,C006372,Savings,Active,84785.71,2024-11-30
A0006914,C006373,Savings,Dormant,504851.66,2018-10-27
A0006915,C006374,Savings,Active,99535.35,2020-09-24
A0006916,C006374,Savings,Active,59058.15,2019-04-14
A0006917,C006375,Current,Active,109638.14,2021-07-07
A0006918,C006375,Current,Active,97092.49,2024-10-04
A0006919,C006376,Salary,Active,187107.65,2022-08-12
A0006920,C006378,Savings,Dormant,21355.85,2020-06-28
A0006921,C006379,Premium,Active,48212.44,2017-10-30
A0006922,C006381,Salary,Active,158619.8,2024-11-30
A0006923,C006382,Savings,Active,51925.38,2023-03-21
A0006924,C006383,Savings,Active,215416.6,2022-10-19
A0006925,C006383,Savings,Active,64898.16,2022-06-23
A0006926,C006384,Savings,Active,32920.9,2021-01-22
A0006927,C006385,Savings,Active,21445.53,2018-10-23
A0006928,C006386,Savings,Active,11693.55,2019-04-13
A0006929,C006386,Savings,Active,6026.29,2017-09-09
A0006930,C006388,Savings,Active,20878.43,2021-05-28
A0006931,C006389,Salary,Active,94674.39,2023-03-25
A0006932,C006390,Savings,Active,29613.14,2021-02-07
A0006933,C006391,Current,Active,36187.26,2020-07-05
A0006934,C006392,Current,Active,23737.39,2020-07-21
A0006935,C006393,Savings,Active,22448.29,2018-04-15
A0006936,C006395,Savings,Active,25267.81,2018-11-19
A0006937,C006396,Salary,Active,19481.02,2020-02-06
A0006938,C006396,Savings,Active,16836.86,2019-03-20
A0006939,C006398,Savings,Active,112819.56,2017-10-13
A0006940,C006398,Current,Dormant,39737.93,2021-03-05
A0006941,C006399,Savings,Active,50513.37,2019-07-06
A0006942,C006400,Savings,Active,28835.47,2019-01-29
A0006943,C006401,Savings,Active,278366.42,2023-05-12
A0006944,C006402,Salary,Active,30864.01,2020-11-24
A0006945,C006403,Savings,Active,46197.57,2024-11-30
A0006946,C006403,Savings,Active,38295.52,2022-12-11
A0006947,C006404,Savings,Active,61392.25,2020-02-06
A0006948,C006404,Savings,Active,106768.73,2018-05-25
A0006949,C006405,Savings,Active,6075.94,2019-11-15
A0006950,C006406,Savings,Active,40079.29,2016-08-05
A0006951,C006407,Salary,Active,25755.92,2024-08-17
A0006952,C006409,Current,Active,17932.68,2024-11-30
A0006953,C006409,Current,Active,51293.75,2024-05-28
A0006954,C006410,Premium,Active,224604.37,2017-10-08
A0006955,C006411,Current,Active,29543.93,2024-07-26
A0006956,C006412,Savings,Active,43166.54,2019-04-02
A0006957,C006413,Savings,Dormant,6449.61,2018-10-15
A0006958,C006414,Current,Active,9121.5,2023-02-05
A0006959,C006414,Savings,Active,5677.81,2024-11-06
A0006960,C006415,Savings,Active,45208.59,2019-03-01
A0006961,C006416,Savings,Active,11454.76,2023-12-30
A0006962,C006417,Savings,Active,12414.88,2020-11-12
A0006963,C006418,Current,Active,97976.42,2017-07-15
A0006964,C006418,Current,Closed,143437.01,2015-09-15
A0006965,C006419,Salary,Active,57188.55,2024-11-30
A0006966,C006421,Savings,Active,167404.34,2022-10-23
A0006967,C006422,Savings,Active,5251.22,2018-12-10
A0006968,C006422,Savings,Active,53217.51,2018-01-03
A0006969,C006423,Savings,Active,27113.11,2023-03-12
A0006970,C006424,Current,Active,58628.64,2022-10-02
A0006971,C006426,Current,Active,33116.06,2023-02-13
A0006972,C006426,Salary,Active,24968.89,2022-11-21
A0006973,C006427,Savings,Active,45096.87,2024-03-26
A0006974,C006427,Current,Active,51359.95,2024-04-24
A0006975,C006428,Savings,Active,13543.79,2020-03-31
A0006976,C006428,Savings,Active,48603.92,2019-05-23
A0006977,C006429,Savings,Active,33641.62,2024-01-25
A0006978,C006430,Savings,Active,9998.81,2024-11-30
A0006979,C006430,Savings,Active,25948.09,2024-11-30
A0006980,C006431,Savings,Active,130503.28,2021-10-30
A0006981,C006431,Salary,Active,98815.2,2019-08-27
A0006982,C006432,Savings,Active,23328.59,2023-10-06
A0006983,C006433,Savings,Closed,126480.19,2024-05-01
A0006984,C006434,Premium,Active,42411.72,2020-12-30
A0006985,C006435,Salary,Active,6415.63,2018-02-04
A0006986,C006436,Savings,Active,79412.31,2017-06-29
A0006987,C006437,Salary,Active,57824.73,2018-09-11
A0006988,C006438,Savings,Active,70271.98,2024-11-30
A0006989,C006439,Savings,Active,56631.24,2023-04-25
A0006990,C006440,Salary,Active,9435.29,2024-04-26
A0006991,C006440,Salary,Active,13655.04,2024-04-21
A0006992,C006441,Current,Active,16202.78,2021-07-11
A0006993,C006442,Savings,Active,422318.67,2021-07-27
A0006994,C006443,Savings,Active,42403.36,2016-07-27
A0006995,C006444,Savings,Active,248667.6,2019-01-22
A0006996,C006445,Savings,Active,15671.15,2023-04-04
A0006997,C006446,Salary,Active,134199.89,2020-05-20
A0006998,C006446,Current,Closed,110913.99,2023-06-04
A0006999,C006447,Savings,Dormant,10694.78,2022-04-14
A0007000,C006448,Savings,Active,16334.26,2016-12-04
A0007001,C006450,Savings,Active,26566.23,2024-11-30
A0007002,C006451,Savings,Active,65544.44,2024-11-30
A0007003,C006451,Salary,Active,34494.22,2024-11-30
A0007004,C006452,Savings,Active,163052.84,2017-04-03
A0007005,C006453,Savings,Active,31815.3,2019-12-18
A0007006,C006454,Salary,Closed,41281.44,2024-10-30
A0007007,C006454,Current,Active,62532.6,2024-09-27
A0007008,C006455,Salary,Dormant,22529.8,2022-12-21
A0007009,C006457,Savings,Active,17335.46,2016-12-09
A0007010,C006458,Savings,Active,300481.49,2018-01-02
A0007011,C006458,Premium,Active,1242732.21,2019-01-01
A0007012,C006459,Savings,Active,107399.58,2024-08-26
A0007013,C006460,Savings,Active,59532.0,2020-07-10
A0007014,C006461,Current,Active,9665.49,2019-01-07
A0007015,C006462,Premium,Active,220226.21,2023-10-23
A0007016,C006462,Current,Active,48397.7,2023-11-16
A0007017,C006463,Salary,Active,27917.46,2018-04-06
A0007018,C006463,Savings,Active,34130.07,2020-03-25
A0007019,C006464,Current,Active,2628.79,2020-12-05
A0007020,C006465,Savings,Active,48801.31,2020-12-19
A0007021,C006466,Savings,Closed,52834.65,2022-06-06
A0007022,C006467,Savings,Active,33842.28,2024-11-30
A0007023,C006468,Salary,Closed,199841.82,2024-11-21
A0007024,C006469,Savings,Active,16122.05,2022-11-30
A0007025,C006470,Savings,Active,16143.85,2023-08-22
A0007026,C006471,Savings,Active,59299.95,2021-01-31
A0007027,C006473,Current,Active,27382.04,2022-08-09
A0007028,C006474,Savings,Active,183582.52,2023-01-15
A0007029,C006474,Savings,Active,86974.39,2022-08-16
A0007030,C006475,Current,Active,27588.04,2020-11-28
A0007031,C006476,Premium,Active,51610.52,2024-11-30
A0007032,C006477,Current,Active,150067.66,2020-06-24
A0007033,C006478,Savings,Active,11844.89,2019-08-16
A0007034,C006479,Salary,Active,59014.2,2024-05-31
A0007035,C006480,Savings,Active,70220.28,2020-02-22
A0007036,C006481,Current,Closed,119465.96,2018-07-09
A0007037,C006481,Salary,Active,78465.4,2019-01-21
A0007038,C006482,Current,Active,139567.06,2020-09-29
A0007039,C006483,Savings,Active,23818.7,2018-08-10
A0007040,C006483,Savings,Active,47948.32,2020-11-13
A0007041,C006484,Current,Active,16563.08,2017-10-04
A0007042,C006485,Savings,Active,560339.61,2018-04-27
A0007043,C006486,Current,Dormant,160870.2,2024-08-06
A0007044,C006486,Current,Active,79307.34,2024-08-12
A0007045,C006488,Current,Active,345662.59,2019-05-10
A0007046,C006489,Savings,Active,12138.78,2023-07-18
A0007047,C006490,Current,Active,6305.26,2019-04-04
A0007048,C006491,Salary,Active,111695.09,2024-11-30
A0007049,C006492,Salary,Active,31276.57,2022-01-09
A0007050,C006494,Salary,Active,72084.24,2021-11-27
A0007051,C006494,Savings,Active,30868.98,2021-03-18
A0007052,C006495,Savings,Active,86394.02,2023-07-06
A0007053,C006496,Savings,Active,42811.53,2018-06-03
A0007054,C006496,Savings,Active,151550.42,2021-09-25
A0007055,C006497,Savings,Active,43187.74,2022-08-16
A0007056,C006498,Current,Active,25409.83,2024-10-07
A0007057,C006499,Savings,Active,282402.35,2024-11-30
A0007058,C006499,Current,Active,176058.65,2024-11-30
A0007059,C006500,Premium,Active,100624.8,2022-05-21
A0007060,C006501,Current,Active,55342.33,2017-12-25
A0007061,C006502,Current,Dormant,11111.37,2022-12-18
A0007062,C006503,Salary,Active,61414.19,2023-06-29
A0007063,C006504,Current,Active,68018.7,2023-02-02
A0007064,C006505,Savings,Active,27284.88,2024-11-30
A0007065,C006505,Savings,Active,34451.28,2024-11-30
A0007066,C006506,Salary,Active,17854.84,2016-05-21
A0007067,C006507,Current,Active,17641.55,2024-04-13
A0007068,C006509,Current,Active,41616.72,2021-01-20
A0007069,C006510,Salary,Active,42082.27,2019-06-21
A0007070,C006511,Savings,Active,25453.37,2024-07-16
A0007071,C006511,Premium,Active,29114.08,2023-10-23
A0007072,C006512,Salary,Active,38122.09,2016-12-24
A0007073,C006512,Current,Active,19939.8,2017-08-22
A0007074,C006513,Savings,Active,81590.07,2024-11-30
A0007075,C006513,Salary,Active,59512.4,2024-09-29
A0007076,C006514,Savings,Active,121167.62,2019-09-15
A0007077,C006514,Savings,Active,47869.72,2020-08-09
A0007078,C006515,Premium,Active,31305.55,2016-05-01
A0007079,C006515,Savings,Closed,22298.07,2018-12-13
A0007080,C006516,Current,Active,93613.04,2021-04-22
A0007081,C006516,Savings,Dormant,45372.76,2023-09-16
A0007082,C006517,Salary,Active,26911.48,2019-12-07
A0007083,C006518,Salary,Active,60418.18,2023-09-18
A0007084,C006519,Current,Active,10050.17,2023-11-11
A0007085,C006520,Salary,Active,224730.89,2024-03-28
A0007086,C006521,Savings,Active,156056.45,2024-11-30
A0007087,C006523,Savings,Active,28913.43,2022-05-28
A0007088,C006524,Salary,Dormant,45226.08,2022-11-15
A0007089,C006525,Savings,Active,14862.1,2019-06-09
A0007090,C006525,Premium,Dormant,46953.13,2021-01-28
A0007091,C006526,Savings,Active,69369.53,2022-12-26
A0007092,C006527,Current,Active,50569.58,2024-06-15
A0007093,C006527,Savings,Active,25078.08,2024-11-30
A0007094,C006528,Savings,Active,4498.36,2024-11-30
A0007095,C006528,Salary,Active,21312.25,2023-08-15
A0007096,C006529,Savings,Active,19911.92,2024-08-15
A0007097,C006530,Salary,Active,150223.75,2024-11-30
A0007098,C006530,Salary,Active,86703.44,2024-04-21
A0007099,C006531,Salary,Active,99510.15,2019-09-12
A0007100,C006532,Savings,Active,99356.74,2016-07-12
A0007101,C006533,Savings,Active,1023560.85,2021-10-02
A0007102,C006533,Savings,Active,261027.7,2024-04-30
A0007103,C006534,Salary,Active,1029703.06,2019-04-16
A0007104,C006535,Savings,Active,15529.48,2024-11-30
A0007105,C006536,Savings,Dormant,8953.23,2020-04-17
A0007106,C006537,Salary,Active,74361.97,2021-05-08
A0007107,C006538,Salary,Active,273189.94,2024-11-30
A0007108,C006539,Savings,Active,19970.82,2016-06-12
A0007109,C006540,Current,Active,17341.13,2023-08-05
A0007110,C006541,Salary,Closed,197724.01,2024-11-30
A0007111,C006542,Current,Active,14884.48,2018-10-31
A0007112,C006543,Savings,Active,76762.1,2023-01-02
A0007113,C006543,Salary,Active,26559.81,2024-09-06
A0007114,C006545,Savings,Active,146197.13,2024-04-25
A0007115,C006546,Savings,Active,22738.23,2021-01-07
A0007116,C006547,Savings,Active,38031.1,2023-02-04
A0007117,C006548,Current,Active,47609.45,2023-02-12
A0007118,C006549,Current,Active,18130.76,2021-01-23
A0007119,C006551,Current,Active,10671.32,2024-11-30
A0007120,C006551,Savings,Active,71528.53,2024-03-09
A0007121,C006552,Savings,Dormant,137415.49,2016-02-13
A0007122,C006552,Savings,Active,85991.45,2018-03-06
A0007123,C006556,Salary,Closed,49114.11,2024-11-30
A0007124,C006557,Current,Active,40941.41,2023-07-05
A0007125,C006558,Premium,Active,157133.87,2024-11-30
A0007126,C006558,Savings,Active,84800.52,2023-06-16
A0007127,C006559,Current,Active,23165.39,2021-11-28
A0007128,C006559,Savings,Closed,6053.87,2024-08-24
A0007129,C006560,Savings,Dormant,17772.22,2022-09-28
A0007130,C006560,Savings,Dormant,50408.58,2024-11-30
A0007131,C006562,Savings,Active,53972.35,2017-08-05
A0007132,C006563,Current,Active,25806.15,2017-11-09
A0007133,C006564,Current,Active,69457.47,2022-06-10
A0007134,C006564,Savings,Closed,92424.08,2023-07-15
A0007135,C006565,Current,Active,171472.61,2017-07-25
A0007136,C006566,Current,Active,57224.65,2020-09-27
A0007137,C006566,Savings,Active,164044.29,2019-01-21
A0007138,C006567,Savings,Active,21774.74,2019-11-23
A0007139,C006567,Savings,Active,5807.29,2019-10-30
A0007140,C006569,Savings,Active,116742.53,2020-07-31
A0007141,C006569,Current,Active,163334.21,2018-10-12
A0007142,C006570,Salary,Active,10267.32,2020-10-07
A0007143,C006570,Current,Active,10800.15,2019-03-20
A0007144,C006571,Salary,Active,82267.43,2024-09-21
A0007145,C006572,Salary,Active,87703.81,2017-09-08
A0007146,C006573,Savings,Active,9996.05,2024-11-30
A0007147,C006574,Savings,Active,36493.16,2022-10-01
A0007148,C006574,Savings,Active,26324.56,2024-10-21
A0007149,C006575,Savings,Active,154567.33,2022-07-25
A0007150,C006576,Current,Active,16478.34,2019-01-27
A0007151,C006577,Current,Active,24209.69,2020-01-04
A0007152,C006577,Savings,Active,29604.88,2022-01-08
A0007153,C006578,Savings,Active,38345.67,2024-11-30
A0007154,C006579,Salary,Closed,47421.74,2019-06-21
A0007155,C006581,Savings,Active,40062.39,2023-05-25
A0007156,C006581,Savings,Active,8209.59,2024-11-30
A0007157,C006583,Savings,Active,21294.27,2021-09-14
A0007158,C006585,Savings,Active,668158.46,2022-09-04
A0007159,C006586,Salary,Active,7475.41,2022-04-21
A0007160,C006587,Savings,Active,14020.24,2019-06-09
A0007161,C006588,Salary,Active,779028.5,2020-04-14
A0007162,C006589,Savings,Active,42247.63,2024-11-30
A0007163,C006589,Savings,Dormant,30527.76,2024-08-23
A0007164,C006590,Savings,Active,8740.85,2024-03-28
A0007165,C006591,Salary,Active,176190.78,2022-03-02
A0007166,C006594,Savings,Active,16766.57,2021-01-09
A0007167,C006594,Savings,Active,70201.23,2018-08-31
A0007168,C006595,Savings,Active,39720.73,2024-11-30
A0007169,C006596,Current,Active,20377.65,2024-11-30
A0007170,C006596,Salary,Dormant,41320.69,2023-08-02
A0007171,C006597,Current,Active,23015.25,2018-06-21
A0007172,C006599,Current,Active,9786.68,2021-12-29
A0007173,C006599,Salary,Active,18078.76,2022-02-15
A0007174,C006600,Savings,Active,23782.39,2023-07-05
A0007175,C006601,Savings,Active,10267.2,2020-11-05
A0007176,C006601,Savings,Active,18084.98,2022-06-09
A0007177,C006602,Savings,Active,21135.61,2022-04-16
A0007178,C006604,Savings,Active,31728.04,2021-06-24
A0007179,C006605,Savings,Active,56065.37,2023-02-12
A0007180,C006606,Savings,Active,16803.47,2021-07-21
A0007181,C006607,Premium,Active,425737.11,2016-08-07
A0007182,C006608,Savings,Active,14842.94,2022-03-04
A0007183,C006609,Premium,Active,51094.44,2023-03-05
A0007184,C006610,Savings,Active,184771.3,2022-10-16
A0007185,C006612,Savings,Active,36467.49,2024-08-18
A0007186,C006613,Current,Active,22125.8,2018-05-22
A0007187,C006614,Salary,Closed,146155.85,2020-11-17
A0007188,C006616,Savings,Active,240270.56,2021-04-15
A0007189,C006617,Savings,Active,24376.01,2020-06-30
A0007190,C006617,Savings,Active,33559.21,2019-12-26
A0007191,C006618,Salary,Active,5262.16,2023-04-27
A0007192,C006619,Salary,Active,13769.25,2024-04-10
A0007193,C006620,Savings,Active,107668.12,2023-10-27
A0007194,C006621,Salary,Active,70317.6,2015-05-08
A0007195,C006622,Current,Closed,4363.52,2017-08-14
A0007196,C006624,Savings,Active,10970.36,2024-11-30
A0007197,C006625,Salary,Active,20337.0,2020-12-26
A0007198,C006625,Savings,Active,35990.94,2022-02-12
A0007199,C006626,Savings,Active,22067.38,2020-06-12
A0007200,C006627,Savings,Active,8331.27,2024-11-30
A0007201,C006628,Salary,Active,71986.2,2018-01-11
A0007202,C006628,Premium,Active,144454.96,2015-07-08
A0007203,C006629,Salary,Active,10869.39,2024-11-30
A0007204,C006630,Current,Active,7235.4,2023-06-01
A0007205,C006631,Premium,Active,173740.68,2020-03-14
A0007206,C006632,Current,Active,15116.08,2023-08-24
A0007207,C006633,Savings,Active,14359.56,2021-07-23
A0007208,C006634,Premium,Active,164171.86,2024-11-30
A0007209,C006635,Savings,Active,63516.66,2021-11-28
A0007210,C006635,Current,Active,6107.87,2020-10-19
A0007211,C006636,Savings,Active,11410.24,2015-06-01
A0007212,C006637,Savings,Active,287758.92,2024-11-30
A0007213,C006637,Current,Dormant,218020.96,2024-11-30
A0007214,C006639,Savings,Active,22468.96,2022-06-08
A0007215,C006639,Salary,Active,14643.39,2022-01-16
A0007216,C006641,Savings,Dormant,89213.98,2024-11-30
A0007217,C006642,Current,Active,9690.34,2019-07-10
A0007218,C006643,Salary,Active,26637.42,2022-12-25
A0007219,C006643,Savings,Active,24825.35,2023-03-26
A0007220,C006645,Current,Active,12275.35,2021-04-06
A0007221,C006646,Savings,Active,24499.44,2020-07-26
A0007222,C006646,Current,Active,24819.03,2017-08-18
A0007223,C006647,Savings,Active,31175.54,2020-02-17
A0007224,C006649,Savings,Active,192672.68,2019-06-14
A0007225,C006650,Savings,Active,297573.58,2020-12-18
A0007226,C006650,Savings,Active,141126.61,2020-03-26
A0007227,C006651,Premium,Active,28809.68,2021-05-09
A0007228,C006651,Salary,Active,26021.12,2020-06-03
A0007229,C006653,Savings,Active,15802.51,2021-07-07
A0007230,C006654,Savings,Active,133310.74,2022-11-14
A0007231,C006655,Savings,Active,23642.68,2022-07-04
A0007232,C006656,Savings,Dormant,179007.31,2018-09-06
A0007233,C006657,Current,Active,19883.67,2018-10-02
A0007234,C006658,Savings,Active,8264.06,2021-07-25
A0007235,C006659,Savings,Active,17930.61,2019-01-17
A0007236,C006660,Current,Active,19103.99,2024-11-30
A0007237,C006661,Savings,Active,10520.77,2017-07-17
A0007238,C006662,Salary,Active,326034.34,2020-03-23
A0007239,C006663,Salary,Active,49456.54,2017-08-04
A0007240,C006663,Savings,Active,25075.97,2019-11-28
A0007241,C006665,Current,Dormant,16507.44,2024-11-30
A0007242,C006666,Current,Active,22144.1,2017-10-22
A0007243,C006667,Salary,Active,46943.96,2021-04-15
A0007244,C006668,Current,Dormant,47856.83,2022-07-12
A0007245,C006669,Current,Active,107477.85,2024-11-30
A0007246,C006670,Savings,Active,45663.27,2023-08-10
A0007247,C006671,Current,Active,45068.02,2024-11-30
A0007248,C006672,Savings,Active,70961.72,2021-09-30
A0007249,C006673,Savings,Active,7214.25,2024-11-30
A0007250,C006674,Current,Active,8554.73,2020-10-18
A0007251,C006674,Salary,Active,10124.42,2020-11-30
A0007252,C006675,Savings,Active,41067.45,2018-02-03
A0007253,C006675,Premium,Active,69381.43,2016-05-24
A0007254,C006676,Savings,Active,239961.48,2023-02-25
A0007255,C006677,Premium,Active,299875.54,2019-03-19
A0007256,C006678,Current,Active,7475.56,2018-10-29
A0007257,C006678,Current,Active,6367.44,2016-02-05
A0007258,C006679,Current,Active,188435.54,2021-08-01
A0007259,C006680,Savings,Active,66302.63,2021-02-13
A0007260,C006681,Premium,Active,136668.77,2024-11-30
A0007261,C006682,Savings,Active,43033.16,2023-09-23
A0007262,C006682,Premium,Active,183400.28,2022-06-08
A0007263,C006683,Current,Active,25133.05,2024-11-30
A0007264,C006683,Current,Active,31792.77,2023-09-07
A0007265,C006684,Savings,Active,82695.92,2019-01-23
A0007266,C006685,Savings,Active,35999.41,2022-04-22
A0007267,C006686,Savings,Active,98000.13,2017-06-20
A0007268,C006687,Savings,Active,351410.33,2021-06-09
A0007269,C006688,Savings,Active,5671.85,2020-04-28
A0007270,C006689,Savings,Active,61398.08,2020-01-10
A0007271,C006689,Salary,Active,25789.7,2018-03-23
A0007272,C006690,Savings,Active,53006.82,2019-09-02
A0007273,C006692,Savings,Active,144832.45,2017-01-19
A0007274,C006693,Salary,Active,40590.47,2023-10-26
A0007275,C006694,Savings,Active,53833.26,2024-11-30
A0007276,C006696,Salary,Active,61731.29,2019-03-15
A0007277,C006698,Current,Active,16921.18,2024-09-12
A0007278,C006698,Savings,Active,39715.63,2024-11-30
A0007279,C006699,Current,Active,22368.12,2019-11-11
A0007280,C006700,Current,Active,64329.08,2019-02-23
A0007281,C006700,Savings,Active,127185.92,2015-08-05
A0007282,C006701,Salary,Active,30968.53,2018-12-23
A0007283,C006702,Savings,Active,20946.29,2019-11-18
A0007284,C006703,Current,Active,38513.42,2022-12-24
A0007285,C006703,Savings,Dormant,90953.19,2021-07-21
A0007286,C006705,Savings,Active,20689.43,2020-05-01
A0007287,C006705,Current,Active,17996.84,2022-04-12
A0007288,C006707,Savings,Closed,37685.31,2022-03-24
A0007289,C006708,Current,Active,9914.76,2024-11-30
A0007290,C006709,Savings,Active,8330.44,2021-05-07
A0007291,C006711,Current,Active,28929.39,2018-08-04
A0007292,C006712,Savings,Active,102706.88,2024-11-30
A0007293,C006713,Savings,Active,36980.3,2020-10-08
A0007294,C006714,Savings,Active,125662.58,2020-06-05
A0007295,C006715,Savings,Active,17328.26,2020-04-05
A0007296,C006716,Current,Active,16992.66,2019-12-06
A0007297,C006716,Salary,Dormant,24252.65,2020-03-02
A0007298,C006717,Current,Active,78907.57,2024-05-08
A0007299,C006719,Savings,Active,40792.97,2021-05-12
A0007300,C006721,Savings,Active,4749.09,2018-03-31
A0007301,C006722,Savings,Active,28566.27,2021-07-17
A0007302,C006723,Savings,Active,16951.03,2017-02-16
A0007303,C006724,Current,Active,12275.02,2022-12-12
A0007304,C006725,Salary,Active,281811.62,2016-11-03
A0007305,C006726,Current,Closed,22560.31,2019-01-09
A0007306,C006726,Savings,Active,57257.87,2019-04-03
A0007307,C006727,Salary,Dormant,77492.19,2022-06-25
A0007308,C006727,Savings,Active,169216.5,2019-03-15
A0007309,C006728,Salary,Active,14906.12,2023-11-12
A0007310,C006729,Savings,Active,15106.38,2021-05-11
A0007311,C006730,Savings,Active,14297.62,2024-03-13
A0007312,C006731,Current,Active,40194.54,2021-09-12
A0007313,C006733,Premium,Active,445566.03,2020-02-10
A0007314,C006734,Savings,Active,53278.04,2020-02-13
A0007315,C006734,Savings,Active,18166.81,2018-10-02
A0007316,C006735,Savings,Closed,24602.92,2023-06-16
A0007317,C006736,Salary,Active,272679.12,2023-12-06
A0007318,C006737,Savings,Dormant,37078.8,2018-04-09
A0007319,C006738,Savings,Active,637598.81,2023-06-16
A0007320,C006740,Savings,Active,66792.44,2022-02-13
A0007321,C006741,Savings,Active,41274.74,2021-08-21
A0007322,C006742,Current,Dormant,60952.66,2024-03-22
A0007323,C006743,Salary,Active,145454.63,2018-10-31
A0007324,C006744,Salary,Active,203228.76,2024-04-16
A0007325,C006744,Salary,Active,106908.25,2024-07-15
A0007326,C006745,Savings,Active,19693.45,2020-08-20
A0007327,C006746,Salary,Active,67620.73,2019-05-09
A0007328,C006746,Savings,Active,59218.05,2019-02-27
A0007329,C006747,Salary,Active,97167.14,2024-11-30
A0007330,C006748,Savings,Closed,112539.93,2017-06-28
A0007331,C006750,Salary,Active,66636.51,2018-09-13
A0007332,C006752,Savings,Active,31594.33,2018-07-23
A0007333,C006752,Salary,Active,29702.1,2019-02-27
A0007334,C006753,Salary,Active,30941.14,2023-08-19
A0007335,C006754,Current,Active,16093.71,2019-02-26
A0007336,C006754,Savings,Closed,91887.37,2016-05-19
A0007337,C006755,Salary,Active,19418.35,2023-05-28
A0007338,C006756,Salary,Active,18297.47,2020-09-08
A0007339,C006757,Salary,Active,79187.08,2024-09-12
A0007340,C006758,Salary,Closed,42127.94,2019-01-20
A0007341,C006759,Savings,Active,31690.35,2024-09-07
A0007342,C006760,Salary,Closed,62923.37,2018-06-02
A0007343,C006760,Salary,Active,191618.16,2016-06-23
A0007344,C006761,Current,Active,81872.07,2019-01-17
A0007345,C006761,Savings,Active,122842.75,2018-07-13
A0007346,C006762,Salary,Active,63269.33,2022-01-30
A0007347,C006763,Current,Active,5404.41,2022-01-08
A0007348,C006764,Salary,Active,26569.52,2018-10-03
A0007349,C006766,Savings,Active,538306.04,2024-11-30
A0007350,C006768,Savings,Active,34411.66,2021-11-23
A0007351,C006770,Savings,Active,137649.35,2024-11-30
A0007352,C006771,Salary,Active,872116.38,2019-10-08
A0007353,C006771,Savings,Active,163614.71,2020-08-17
A0007354,C006772,Salary,Active,116742.61,2017-06-17
A0007355,C006773,Savings,Closed,544065.84,2024-04-27
A0007356,C006774,Current,Active,10392.96,2018-11-16
A0007357,C006775,Savings,Active,32740.06,2022-05-04
A0007358,C006776,Current,Active,54902.93,2024-10-12
A0007359,C006776,Savings,Active,256200.79,2024-11-30
A0007360,C006777,Current,Dormant,18136.38,2017-08-06
A0007361,C006778,Salary,Active,32250.01,2023-04-15
A0007362,C006779,Savings,Active,26057.26,2021-06-24
A0007363,C006781,Current,Active,58009.88,2019-06-18
A0007364,C006781,Salary,Active,38658.65,2022-07-04
A0007365,C006782,Premium,Active,361520.7,2023-07-10
A0007366,C006782,Savings,Active,150085.02,2023-03-25
A0007367,C006783,Salary,Active,84392.63,2020-01-22
A0007368,C006784,Current,Active,18635.21,2023-02-28
A0007369,C006785,Savings,Active,25022.04,2024-11-30
A0007370,C006786,Savings,Active,16752.0,2024-04-27
A0007371,C006787,Salary,Active,42351.09,2023-02-27
A0007372,C006787,Current,Active,16578.47,2023-06-06
A0007373,C006788,Savings,Active,85146.56,2020-04-20
A0007374,C006789,Savings,Closed,30665.39,2018-03-21
A0007375,C006789,Current,Active,24024.35,2019-03-25
A0007376,C006790,Salary,Active,24337.32,2023-12-10
A0007377,C006790,Savings,Active,18807.89,2022-03-19
A0007378,C006791,Premium,Active,400657.38,2024-11-30
A0007379,C006794,Savings,Active,46829.35,2016-01-17
A0007380,C006795,Current,Closed,27724.0,2020-05-27
A0007381,C006796,Salary,Active,97656.67,2016-10-14
A0007382,C006797,Savings,Dormant,62545.85,2023-04-13
A0007383,C006797,Current,Active,41735.54,2024-11-30
A0007384,C006798,Savings,Active,140294.28,2018-10-11
A0007385,C006800,Salary,Active,25068.82,2023-01-19
A0007386,C006801,Savings,Active,38143.86,2016-08-27
A0007387,C006802,Savings,Active,22510.63,2019-02-09
A0007388,C006803,Savings,Active,7388.77,2019-09-18
A0007389,C006803,Current,Dormant,8743.9,2019-09-20
A0007390,C006806,Current,Active,74487.62,2024-11-30
A0007391,C006807,Savings,Dormant,16057.6,2020-12-30
A0007392,C006808,Savings,Active,44170.02,2021-07-06
A0007393,C006809,Salary,Active,158639.65,2019-08-11
A0007394,C006810,Savings,Active,39167.22,2019-03-28
A0007395,C006811,Current,Active,106132.15,2018-03-10
A0007396,C006812,Current,Active,83419.8,2024-11-30
A0007397,C006813,Savings,Active,41179.85,2020-12-27
A0007398,C006815,Salary,Active,17271.99,2020-04-07
A0007399,C006816,Savings,Active,15447.43,2024-11-01
A0007400,C006817,Current,Active,42665.53,2024-07-12
A0007401,C006819,Current,Dormant,108192.82,2022-12-23
A0007402,C006820,Current,Active,40747.84,2020-01-09
A0007403,C006822,Savings,Active,425875.5,2022-08-06
A0007404,C006822,Savings,Active,350192.71,2024-10-25
A0007405,C006823,Savings,Active,45751.71,2018-06-29
A0007406,C006823,Salary,Active,124895.51,2018-12-12
A0007407,C006824,Salary,Active,154233.99,2016-07-02
A0007408,C006825,Savings,Active,27282.49,2023-08-03
A0007409,C006825,Savings,Active,51431.33,2024-05-10
A0007410,C006826,Current,Active,17759.3,2022-10-21
A0007411,C006827,Savings,Active,167011.6,2024-11-30
A0007412,C006828,Savings,Active,26909.69,2024-05-27
A0007413,C006829,Savings,Active,21738.83,2021-03-02
A0007414,C006829,Current,Active,32641.09,2020-08-05
A0007415,C006831,Current,Active,24159.3,2024-04-19
A0007416,C006832,Current,Active,88571.87,2018-06-01
A0007417,C006833,Current,Dormant,32912.64,2019-02-25
A0007418,C006834,Current,Active,547689.26,2023-05-14
A0007419,C006834,Savings,Active,467006.5,2024-11-30
A0007420,C006835,Savings,Active,100506.86,2021-05-06
A0007421,C006836,Savings,Active,24203.51,2022-12-31
A0007422,C006838,Current,Active,17633.02,2020-04-22
A0007423,C006839,Salary,Active,82133.66,2020-04-26
A0007424,C006840,Current,Active,154755.15,2016-10-28
A0007425,C006841,Current,Active,46226.21,2016-08-04
A0007426,C006842,Savings,Active,14794.2,2016-06-02
A0007427,C006843,Salary,Active,54585.75,2018-09-26
A0007428,C006844,Current,Active,19731.33,2024-11-30
A0007429,C006844,Savings,Active,55851.65,2024-08-27
A0007430,C006845,Current,Active,37011.95,2017-08-07
A0007431,C006847,Current,Active,6940.04,2018-07-16
A0007432,C006848,Savings,Active,9244.62,2022-09-03
A0007433,C006849,Savings,Closed,82683.59,2019-08-19
A0007434,C006850,Savings,Dormant,11116.77,2024-08-27
A0007435,C006851,Salary,Active,78018.04,2024-11-30
A0007436,C006852,Salary,Active,54355.68,2019-02-15
A0007437,C006853,Current,Active,32678.7,2020-03-20
A0007438,C006854,Salary,Active,19432.77,2023-05-09
A0007439,C006855,Savings,Active,61799.64,2017-10-20
A0007440,C006856,Current,Closed,54116.48,2023-04-26
A0007441,C006858,Current,Active,91502.49,2022-08-06
A0007442,C006859,Salary,Dormant,29736.51,2018-03-02
A0007443,C006861,Savings,Active,27383.59,2021-11-08
A0007444,C006861,Savings,Active,40439.98,2023-09-22
A0007445,C006862,Current,Active,6686.1,2018-11-17
A0007446,C006863,Salary,Active,31528.5,2023-11-24
A0007447,C006863,Current,Active,25585.63,2023-12-22
A0007448,C006865,Current,Dormant,307170.03,2015-02-23
A0007449,C006865,Savings,Active,92599.12,2017-03-24
A0007450,C006866,Savings,Active,17610.11,2021-04-11
A0007451,C006867,Salary,Active,61031.2,2023-04-02
A0007452,C006867,Savings,Active,38981.59,2022-04-14
A0007453,C006868,Savings,Active,17824.47,2021-02-02
A0007454,C006868,Salary,Active,36539.47,2022-09-14
A0007455,C006869,Savings,Dormant,22679.53,2017-09-17
A0007456,C006870,Current,Active,29008.07,2018-07-21
A0007457,C006871,Current,Active,183787.51,2022-12-13
A0007458,C006872,Savings,Active,154913.25,2020-08-15
A0007459,C006872,Savings,Active,148125.71,2018-02-06
A0007460,C006873,Premium,Active,73475.6,2019-08-01
A0007461,C006873,Savings,Active,28963.04,2020-01-12
A0007462,C006874,Savings,Active,355869.15,2024-11-30
A0007463,C006875,Savings,Dormant,46903.72,2024-11-30
A0007464,C006876,Savings,Active,9790.86,2020-04-18
A0007465,C006877,Savings,Active,106093.82,2019-05-30
A0007466,C006878,Savings,Active,39155.58,2024-11-30
A0007467,C006879,Savings,Dormant,25670.88,2022-01-01
A0007468,C006879,Savings,Active,38738.33,2021-05-17
A0007469,C006880,Salary,Active,39826.46,2023-05-21
A0007470,C006880,Savings,Active,23808.84,2023-11-05
A0007471,C006881,Premium,Active,50245.02,2019-07-25
A0007472,C006882,Savings,Dormant,66718.69,2023-03-11
A0007473,C006883,Savings,Active,112435.62,2018-10-05
A0007474,C006884,Current,Active,11354.04,2018-03-18
A0007475,C006884,Savings,Active,30627.3,2019-05-05
A0007476,C006885,Savings,Active,43312.76,2021-02-21
A0007477,C006886,Salary,Active,70050.3,2023-06-21
A0007478,C006887,Savings,Active,178738.69,2023-05-19
A0007479,C006887,Current,Active,79332.83,2021-01-28
A0007480,C006888,Savings,Active,221985.83,2024-11-30
A0007481,C006889,Savings,Active,4968.04,2022-03-08
A0007482,C006890,Savings,Active,22036.26,2022-01-26
A0007483,C006890,Savings,Active,89682.95,2022-03-31
A0007484,C006891,Savings,Active,39229.52,2016-12-10
A0007485,C006892,Current,Active,17373.17,2021-11-19
A0007486,C006893,Premium,Active,66067.33,2016-07-13
A0007487,C006894,Salary,Active,45401.99,2021-04-23
A0007488,C006896,Salary,Dormant,41854.31,2024-02-25
A0007489,C006898,Salary,Active,448357.45,2021-09-02
A0007490,C006898,Savings,Active,538665.74,2022-09-13
A0007491,C006899,Savings,Active,169068.53,2020-02-08
A0007492,C006902,Savings,Dormant,31646.74,2020-09-15
A0007493,C006904,Savings,Active,32747.81,2020-02-26
A0007494,C006905,Current,Closed,33388.77,2017-06-28
A0007495,C006906,Salary,Dormant,48648.48,2022-04-17
A0007496,C006907,Savings,Active,19831.88,2024-11-30
A0007497,C006908,Savings,Active,303564.08,2020-12-22
A0007498,C006908,Salary,Active,63068.68,2018-12-18
A0007499,C006909,Savings,Active,54466.85,2022-06-13
A0007500,C006910,Savings,Active,15107.29,2024-11-30
A0007501,C006910,Current,Active,8546.23,2024-11-30
A0007502,C006911,Savings,Active,35450.63,2017-11-19
A0007503,C006912,Savings,Active,3086.43,2023-12-17
A0007504,C006913,Savings,Active,58371.56,2022-08-14
A0007505,C006914,Savings,Active,32362.62,2024-04-26
A0007506,C006915,Savings,Active,54910.86,2021-10-27
A0007507,C006916,Premium,Active,35924.66,2021-07-11
A0007508,C006917,Savings,Active,17903.86,2019-08-09
A0007509,C006917,Salary,Dormant,16944.68,2017-08-22
A0007510,C006920,Savings,Active,10839.5,2016-08-15
A0007511,C006922,Salary,Active,54135.8,2018-09-15
A0007512,C006922,Savings,Active,128625.75,2017-03-27
A0007513,C006923,Savings,Active,85734.54,2021-11-21
A0007514,C006924,Savings,Active,48812.09,2019-09-26
A0007515,C006925,Premium,Active,156122.82,2024-11-11
A0007516,C006925,Current,Active,68016.15,2024-10-21
A0007517,C006926,Savings,Dormant,145624.33,2017-12-24
A0007518,C006927,Savings,Active,2121570.33,2024-03-09
A0007519,C006928,Savings,Active,65010.43,2020-05-05
A0007520,C006929,Savings,Active,67482.54,2020-08-24
A0007521,C006930,Savings,Active,31492.05,2021-06-05
A0007522,C006931,Savings,Active,149878.27,2022-06-21
A0007523,C006933,Savings,Active,9429.27,2024-11-30
A0007524,C006935,Savings,Active,54109.76,2020-06-25
A0007525,C006936,Savings,Active,97137.83,2017-10-01
A0007526,C006936,Premium,Active,249853.46,2020-11-15
A0007527,C006937,Current,Active,48635.61,2024-10-16
A0007528,C006937,Current,Dormant,32781.29,2024-11-30
A0007529,C006938,Savings,Active,152621.07,2023-02-21
A0007530,C006938,Savings,Closed,57459.14,2022-04-05
A0007531,C006939,Savings,Active,125651.33,2020-02-27
A0007532,C006939,Savings,Active,133785.61,2022-10-05
A0007533,C006940,Current,Active,33717.82,2016-12-25
A0007534,C006940,Premium,Active,39125.97,2016-04-12
A0007535,C006942,Current,Active,50702.32,2019-10-09
A0007536,C006943,Salary,Active,18394.65,2016-03-15
A0007537,C006944,Savings,Active,90591.99,2017-11-09
A0007538,C006944,Savings,Active,159025.36,2019-12-21
A0007539,C006945,Salary,Active,133388.74,2023-07-27
A0007540,C006946,Savings,Active,19110.71,2015-10-05
A0007541,C006947,Salary,Active,643013.66,2024-09-02
A0007542,C006948,Salary,Active,38633.76,2022-07-06
A0007543,C006949,Savings,Active,17941.52,2021-07-03
A0007544,C006950,Current,Active,51804.07,2022-12-10
A0007545,C006950,Salary,Active,67491.16,2021-12-24
A0007546,C006951,Salary,Active,18089.25,2021-01-11
A0007547,C006952,Salary,Active,227591.58,2020-04-08
A0007548,C006954,Current,Active,115236.7,2021-01-29
A0007549,C006955,Savings,Active,59202.87,2022-03-07
A0007550,C006956,Salary,Active,63987.31,2019-04-24
A0007551,C006957,Savings,Active,48994.22,2016-05-03
A0007552,C006957,Savings,Active,12276.31,2016-11-05
A0007553,C006958,Current,Active,29396.39,2019-10-03
A0007554,C006960,Current,Active,8142.48,2024-11-30
A0007555,C006961,Salary,Active,89512.66,2022-04-10
A0007556,C006962,Savings,Dormant,98740.61,2021-12-19
A0007557,C006963,Current,Active,35244.5,2021-12-04
A0007558,C006963,Savings,Active,106327.66,2018-08-26
A0007559,C006964,Salary,Active,105565.07,2021-08-15
A0007560,C006965,Salary,Active,123623.34,2017-02-19
A0007561,C006966,Savings,Closed,39885.97,2021-01-19
A0007562,C006967,Current,Active,30892.84,2016-04-17
A0007563,C006968,Salary,Active,20396.3,2020-05-13
A0007564,C006969,Current,Active,15025.76,2024-11-30
A0007565,C006969,Current,Active,15018.62,2024-11-30
A0007566,C006970,Savings,Active,58992.44,2021-06-02
A0007567,C006971,Salary,Active,34221.16,2021-07-18
A0007568,C006971,Salary,Dormant,12428.13,2021-05-12
A0007569,C006972,Savings,Dormant,188629.11,2017-05-22
A0007570,C006972,Savings,Active,202629.32,2020-04-24
A0007571,C006973,Savings,Active,6513.73,2021-05-13
A0007572,C006974,Savings,Active,31200.02,2024-11-30
A0007573,C006975,Current,Active,450459.31,2024-11-30
A0007574,C006976,Savings,Active,75096.2,2023-07-26
A0007575,C006978,Savings,Active,15867.99,2020-02-10
A0007576,C006978,Current,Closed,19664.94,2019-05-25
A0007577,C006979,Savings,Dormant,174776.12,2017-12-27
A0007578,C006980,Current,Active,131435.75,2023-09-12
A0007579,C006981,Savings,Active,53292.98,2023-06-11
A0007580,C006982,Savings,Active,70564.89,2020-12-19
A0007581,C006983,Salary,Active,56386.66,2022-04-30
A0007582,C006984,Savings,Active,72106.73,2021-04-01
A0007583,C006985,Savings,Active,8671.01,2017-06-03
A0007584,C006986,Savings,Active,58178.86,2018-08-24
A0007585,C006986,Current,Active,24218.88,2019-03-07
A0007586,C006987,Savings,Closed,23051.63,2022-07-29
A0007587,C006987,Current,Active,44907.86,2019-04-08
A0007588,C006988,Salary,Active,23272.45,2020-05-28
A0007589,C006989,Current,Active,9420.68,2020-04-18
A0007590,C006991,Current,Active,31901.15,2019-09-02
A0007591,C006992,Salary,Active,13509.18,2022-12-02
A0007592,C006993,Savings,Active,151044.74,2024-11-30
A0007593,C006994,Salary,Active,12666.84,2016-05-31
A0007594,C006995,Premium,Active,50810.33,2021-06-15
A0007595,C006996,Savings,Active,7812.65,2023-12-05
A0007596,C006997,Current,Active,54100.39,2022-01-26
A0007597,C006999,Savings,Active,51268.83,2024-04-13
A0007598,C007001,Savings,Active,21465.47,2021-02-14
A0007599,C007001,Savings,Active,53717.79,2020-04-30
A0007600,C007002,Savings,Active,19714.65,2017-09-16
A0007601,C007003,Salary,Active,49649.5,2021-11-07
A0007602,C007004,Current,Active,105770.52,2019-12-08
A0007603,C007004,Savings,Active,475972.86,2020-12-25
A0007604,C007005,Savings,Active,116127.05,2022-02-12
A0007605,C007007,Current,Active,64906.93,2018-10-09
A0007606,C007008,Savings,Active,6169.34,2018-01-23
A0007607,C007009,Current,Active,69994.56,2016-07-28
A0007608,C007010,Salary,Active,29382.8,2017-12-07
A0007609,C007011,Savings,Active,63549.11,2016-03-22
A0007610,C007012,Salary,Active,10280.07,2016-06-30
A0007611,C007012,Savings,Active,37862.92,2018-11-17
A0007612,C007013,Savings,Active,475053.58,2024-11-30
A0007613,C007013,Savings,Active,343592.59,2023-05-20
A0007614,C007014,Salary,Active,25967.07,2024-11-30
A0007615,C007015,Savings,Active,53948.23,2020-05-09
A0007616,C007015,Current,Active,145787.8,2018-12-17
A0007617,C007017,Savings,Active,14412.86,2023-05-05
A0007618,C007018,Salary,Active,43464.07,2022-06-28
A0007619,C007019,Salary,Active,9233.81,2021-01-23
A0007620,C007019,Premium,Active,41158.48,2019-11-29
A0007621,C007021,Savings,Active,176170.06,2020-02-02
A0007622,C007024,Current,Active,6577.12,2016-04-10
A0007623,C007026,Savings,Dormant,60387.42,2019-12-13
A0007624,C007027,Salary,Active,139453.22,2020-05-09
A0007625,C007028,Savings,Active,8223.97,2017-11-27
A0007626,C007028,Savings,Active,36997.22,2020-12-21
A0007627,C007029,Current,Active,174517.02,2018-05-02
A0007628,C007030,Savings,Active,175138.49,2024-07-09
A0007629,C007031,Current,Active,33432.67,2017-07-27
A0007630,C007031,Current,Active,49005.75,2020-11-16
A0007631,C007032,Savings,Closed,24475.99,2021-07-10
A0007632,C007033,Savings,Active,40619.95,2023-03-13
A0007633,C007034,Current,Active,6551.43,2021-02-01
A0007634,C007035,Savings,Active,10702.94,2020-02-14
A0007635,C007036,Premium,Active,138175.72,2019-08-02
A0007636,C007037,Savings,Active,184439.01,2024-11-30
A0007637,C007038,Current,Active,16900.8,2023-08-05
A0007638,C007039,Current,Active,8461.97,2022-04-19
A0007639,C007040,Savings,Active,13366.01,2016-09-28
A0007640,C007041,Savings,Active,50994.91,2020-12-15
A0007641,C007042,Current,Active,50987.49,2022-07-24
A0007642,C007043,Savings,Active,14290.57,2024-11-30
A0007643,C007044,Current,Active,11483.71,2022-02-26
A0007644,C007045,Savings,Active,128711.04,2018-01-25
A0007645,C007046,Salary,Active,1037739.55,2021-11-17
A0007646,C007047,Salary,Active,47144.26,2020-03-14
A0007647,C007047,Savings,Closed,46878.86,2022-12-07
A0007648,C007048,Current,Active,69793.53,2024-11-30
A0007649,C007049,Salary,Active,9291.96,2024-05-17
A0007650,C007050,Savings,Active,8423.17,2024-11-30
A0007651,C007051,Premium,Active,157192.94,2022-03-16
A0007652,C007052,Savings,Active,20576.19,2019-04-03
A0007653,C007054,Current,Active,37728.76,2016-05-27
A0007654,C007055,Current,Active,32672.55,2023-06-21
A0007655,C007056,Savings,Active,70212.21,2021-12-23
A0007656,C007057,Premium,Active,745560.4,2024-11-30
A0007657,C007058,Current,Active,58618.48,2021-12-18
A0007658,C007059,Current,Active,11664.5,2021-10-30
A0007659,C007060,Savings,Active,17360.94,2020-08-02
A0007660,C007060,Premium,Active,123059.49,2021-04-18
A0007661,C007061,Savings,Active,426744.01,2020-08-25
A0007662,C007061,Savings,Active,449109.96,2022-12-23
A0007663,C007063,Current,Active,83847.75,2021-09-09
A0007664,C007063,Current,Active,69913.86,2019-04-04
A0007665,C007064,Salary,Active,20840.78,2018-10-19
A0007666,C007064,Savings,Active,35289.8,2021-07-12
A0007667,C007065,Premium,Active,132902.97,2020-12-03
A0007668,C007066,Premium,Active,143914.64,2021-08-27
A0007669,C007066,Current,Active,73471.47,2021-03-05
A0007670,C007067,Savings,Active,19336.61,2019-06-23
A0007671,C007067,Savings,Active,16637.72,2017-03-04
A0007672,C007068,Current,Active,16712.59,2017-12-10
A0007673,C007069,Salary,Active,113258.81,2020-03-09
A0007674,C007070,Current,Active,21425.55,2024-06-26
A0007675,C007071,Savings,Active,163794.2,2019-05-26
A0007676,C007073,Salary,Active,44084.82,2022-09-15
A0007677,C007074,Current,Active,49262.98,2020-03-11
A0007678,C007074,Savings,Active,50712.27,2018-08-07
A0007679,C007075,Current,Dormant,71944.44,2024-11-30
A0007680,C007075,Savings,Active,14221.12,2024-11-30
A0007681,C007077,Savings,Active,3717.85,2021-10-08
A0007682,C007078,Salary,Active,45473.04,2021-03-01
A0007683,C007079,Savings,Active,71270.42,2024-11-08
A0007684,C007080,Savings,Active,174610.91,2023-12-16
A0007685,C007082,Savings,Active,49809.4,2020-05-25
A0007686,C007084,Current,Active,51376.2,2022-01-27
A0007687,C007086,Savings,Active,40740.7,2017-06-20
A0007688,C007086,Current,Active,34486.52,2016-09-18
A0007689,C007089,Savings,Active,16893.82,2017-06-27
A0007690,C007090,Savings,Active,36186.61,2021-04-14
A0007691,C007092,Savings,Active,86890.53,2024-11-30
A0007692,C007092,Savings,Active,236123.18,2022-07-25
A0007693,C007094,Savings,Active,22810.76,2021-02-01
A0007694,C007094,Savings,Active,27262.57,2024-09-10
A0007695,C007095,Savings,Active,264424.81,2021-06-26
A0007696,C007096,Salary,Active,84623.87,2018-10-09
A0007697,C007098,Savings,Active,85519.84,2024-05-14
A0007698,C007098,Premium,Active,118525.5,2023-02-01
A0007699,C007099,Current,Active,4162.46,2022-11-23
A0007700,C007099,Savings,Active,5457.53,2022-08-16
A0007701,C007100,Current,Closed,294100.81,2020-11-21
A0007702,C007100,Current,Dormant,220364.59,2022-03-22
A0007703,C007101,Current,Active,5933.84,2023-12-09
A0007704,C007102,Salary,Active,92640.12,2022-02-27
A0007705,C007103,Salary,Active,14999.31,2023-05-25
A0007706,C007104,Savings,Active,24421.8,2018-07-13
A0007707,C007105,Savings,Active,12578.45,2024-11-30
A0007708,C007105,Salary,Active,23232.14,2023-04-28
A0007709,C007106,Savings,Active,64687.33,2022-10-29
A0007710,C007107,Current,Active,149093.39,2024-02-20
A0007711,C007109,Savings,Active,26692.34,2019-09-10
A0007712,C007110,Savings,Active,44592.41,2020-07-22
A0007713,C007112,Savings,Active,44154.33,2024-09-09
A0007714,C007113,Savings,Dormant,13642.6,2024-03-07
A0007715,C007114,Salary,Active,61920.4,2018-07-19
A0007716,C007115,Savings,Active,13210.23,2021-11-18
A0007717,C007117,Salary,Active,20726.94,2023-08-28
A0007718,C007118,Savings,Active,14129.26,2020-09-22
A0007719,C007119,Savings,Active,166292.58,2021-12-08
A0007720,C007120,Savings,Closed,97902.79,2019-09-12
A0007721,C007121,Salary,Active,104605.07,2018-03-07
A0007722,C007122,Savings,Active,53978.95,2022-04-21
A0007723,C007122,Current,Active,24485.06,2019-07-21
A0007724,C007123,Savings,Active,23857.03,2019-12-31
A0007725,C007124,Savings,Active,185719.59,2020-10-13
A0007726,C007125,Savings,Active,16631.99,2019-04-08
A0007727,C007126,Savings,Active,76610.52,2023-04-14
A0007728,C007127,Current,Closed,27016.81,2023-10-25
A0007729,C007128,Savings,Closed,35866.51,2019-04-23
A0007730,C007129,Premium,Active,53466.61,2023-03-31
A0007731,C007130,Salary,Active,46451.48,2021-08-10
A0007732,C007131,Salary,Closed,57287.1,2021-06-12
A0007733,C007132,Current,Active,13328.79,2024-11-30
A0007734,C007133,Salary,Active,131091.21,2023-06-09
A0007735,C007134,Current,Closed,11560.9,2018-05-25
A0007736,C007135,Salary,Active,29732.66,2020-04-23
A0007737,C007136,Current,Active,11045.2,2024-02-20
A0007738,C007136,Salary,Active,14163.95,2024-07-12
A0007739,C007137,Savings,Active,66242.57,2024-11-30
A0007740,C007137,Current,Closed,61362.25,2024-11-30
A0007741,C007138,Savings,Closed,17802.51,2023-02-28
A0007742,C007138,Salary,Active,14979.6,2020-07-26
A0007743,C007139,Salary,Active,53422.27,2020-08-30
A0007744,C007140,Savings,Active,35207.31,2024-11-30
A0007745,C007141,Savings,Active,162777.19,2020-12-28
A0007746,C007142,Current,Active,40633.16,2020-04-30
A0007747,C007142,Salary,Active,41531.15,2019-12-19
A0007748,C007145,Current,Active,84486.83,2023-05-06
A0007749,C007146,Salary,Active,122894.25,2024-04-01
A0007750,C007147,Premium,Active,7490.33,2024-11-30
A0007751,C007148,Salary,Active,19472.33,2021-01-06
A0007752,C007149,Savings,Active,38054.52,2016-03-28
A0007753,C007149,Savings,Active,18555.77,2019-07-26
A0007754,C007150,Current,Active,6828.67,2022-11-24
A0007755,C007150,Current,Active,17978.4,2024-04-15
A0007756,C007152,Salary,Active,25406.31,2022-09-12
A0007757,C007153,Savings,Active,33186.2,2019-11-19
A0007758,C007154,Premium,Active,34770.06,2024-02-04
A0007759,C007157,Savings,Active,49478.78,2020-01-01
A0007760,C007158,Current,Active,16489.12,2023-01-15
A0007761,C007159,Current,Active,30428.07,2024-11-30
A0007762,C007159,Current,Active,2471.23,2023-05-04
A0007763,C007160,Savings,Active,135556.91,2020-05-25
A0007764,C007161,Savings,Active,33844.16,2024-11-30
A0007765,C007162,Current,Active,98278.03,2024-08-09
A0007766,C007163,Savings,Active,32012.88,2021-12-25
A0007767,C007163,Savings,Active,56291.06,2022-03-21
A0007768,C007164,Salary,Active,41796.39,2020-04-01
A0007769,C007164,Savings,Active,25226.6,2019-10-31
A0007770,C007165,Current,Active,15142.54,2021-10-29
A0007771,C007170,Savings,Dormant,66602.59,2021-04-20
A0007772,C007171,Salary,Active,32714.91,2023-11-26
A0007773,C007173,Salary,Active,20523.5,2023-12-30
A0007774,C007173,Current,Active,16845.13,2024-01-23
A0007775,C007174,Savings,Active,35694.98,2023-08-11
A0007776,C007174,Savings,Active,65500.8,2022-07-04
A0007777,C007175,Savings,Active,12299.04,2021-07-13
A0007778,C007177,Salary,Active,52204.25,2022-06-29
A0007779,C007177,Savings,Active,142337.77,2024-02-07
A0007780,C007178,Salary,Active,251930.22,2023-03-06
A0007781,C007179,Savings,Active,56355.77,2017-02-04
A0007782,C007180,Savings,Active,60653.1,2017-04-03
A0007783,C007180,Current,Active,56060.9,2017-10-30
A0007784,C007181,Salary,Active,13616.11,2017-11-26
A0007785,C007182,Savings,Active,45816.92,2023-10-06
A0007786,C007182,Current,Closed,39819.85,2023-06-17
A0007787,C007184,Savings,Active,92389.68,2024-11-30
A0007788,C007185,Savings,Active,86710.31,2016-03-05
A0007789,C007186,Current,Active,9830.15,2022-02-06
A0007790,C007187,Savings,Active,28621.7,2017-07-10
A0007791,C007188,Salary,Active,127299.58,2023-03-18
A0007792,C007189,Current,Active,22275.99,2015-11-30
A0007793,C007189,Savings,Active,48095.76,2018-04-19
A0007794,C007190,Current,Active,7939.69,2021-04-12
A0007795,C007191,Current,Active,29855.68,2022-10-11
A0007796,C007192,Current,Closed,18693.62,2021-03-25
A0007797,C007192,Savings,Active,30680.84,2023-06-15
A0007798,C007193,Salary,Active,27011.04,2019-10-14
A0007799,C007194,Savings,Active,37812.79,2024-09-10
A0007800,C007194,Salary,Active,105402.78,2024-01-24
A0007801,C007195,Savings,Active,21442.35,2021-01-11
A0007802,C007196,Savings,Dormant,53890.07,2016-12-02
A0007803,C007197,Current,Active,80299.32,2020-11-20
A0007804,C007198,Savings,Active,9913.01,2020-09-21
A0007805,C007199,Premium,Active,71569.47,2020-05-19
A0007806,C007200,Premium,Active,249847.59,2020-04-22
A0007807,C007200,Savings,Active,112943.63,2019-08-08
A0007808,C007201,Savings,Active,103972.24,2019-03-18
A0007809,C007201,Current,Active,75792.3,2016-09-02
A0007810,C007202,Salary,Active,22511.69,2019-10-18
A0007811,C007203,Salary,Active,136852.59,2022-05-28
A0007812,C007205,Savings,Closed,23299.92,2018-11-21
A0007813,C007205,Premium,Active,24992.16,2018-12-24
A0007814,C007206,Salary,Active,232062.95,2017-11-15
A0007815,C007207,Premium,Active,433260.86,2022-12-08
A0007816,C007208,Savings,Active,22289.9,2020-07-10
A0007817,C007209,Savings,Closed,62656.03,2019-02-27
A0007818,C007209,Savings,Active,422591.37,2017-10-03
A0007819,C007210,Salary,Active,176520.45,2022-08-05
A0007820,C007210,Savings,Active,42971.62,2023-01-20
A0007821,C007211,Salary,Active,31341.03,2018-10-09
A0007822,C007212,Savings,Active,103659.56,2023-08-02
A0007823,C007212,Current,Active,78090.04,2024-11-30
A0007824,C007213,Current,Active,80071.07,2019-01-25
A0007825,C007214,Current,Active,197168.39,2024-03-15
A0007826,C007215,Current,Active,20554.31,2019-11-14
A0007827,C007217,Salary,Active,16250.09,2019-06-15
A0007828,C007218,Premium,Active,911026.12,2022-12-08
A0007829,C007218,Salary,Closed,225106.79,2023-07-17
A0007830,C007219,Savings,Active,12339.73,2024-11-30
A0007831,C007220,Savings,Dormant,20951.98,2020-08-20
A0007832,C007221,Savings,Active,70399.44,2017-05-09
A0007833,C007222,Savings,Active,10699.49,2020-06-29
A0007834,C007223,Current,Active,13819.58,2022-11-01
A0007835,C007224,Salary,Active,9894.79,2018-11-21
A0007836,C007225,Salary,Dormant,208605.7,2022-01-16
A0007837,C007227,Current,Dormant,72078.87,2024-11-30
A0007838,C007228,Salary,Active,77318.98,2019-03-23
A0007839,C007228,Savings,Active,14331.32,2017-05-29
A0007840,C007229,Current,Active,94787.97,2023-12-13
A0007841,C007230,Current,Active,111528.6,2022-01-21
A0007842,C007231,Savings,Active,20084.71,2018-01-03
A0007843,C007231,Savings,Active,32673.18,2018-09-07
A0007844,C007232,Premium,Dormant,656284.38,2022-11-01
A0007845,C007234,Savings,Active,75871.44,2023-06-26
A0007846,C007234,Savings,Active,50597.91,2024-11-15
A0007847,C007235,Current,Active,23018.07,2021-11-04
A0007848,C007237,Salary,Active,71350.2,2023-03-17
A0007849,C007238,Savings,Dormant,67011.0,2024-05-22
A0007850,C007239,Salary,Active,35007.21,2021-12-10
A0007851,C007241,Savings,Active,19866.53,2022-05-18
A0007852,C007241,Current,Active,18199.15,2023-05-26
A0007853,C007242,Savings,Active,79432.76,2023-10-14
A0007854,C007244,Savings,Active,42221.64,2022-10-28
A0007855,C007246,Salary,Active,36311.87,2021-09-06
A0007856,C007247,Savings,Dormant,38122.74,2019-04-10
A0007857,C007247,Savings,Active,35644.16,2019-12-17
A0007858,C007249,Salary,Active,17451.32,2024-05-23
A0007859,C007250,Savings,Active,39755.53,2024-10-09
A0007860,C007251,Savings,Active,72712.57,2018-11-15
A0007861,C007253,Current,Active,203132.52,2024-11-30
A0007862,C007254,Current,Active,35211.82,2020-07-24
A0007863,C007255,Savings,Active,48839.22,2022-05-23
A0007864,C007256,Savings,Active,36472.81,2022-05-09
A0007865,C007257,Savings,Active,13698.78,2023-12-20
A0007866,C007257,Salary,Dormant,9230.02,2024-11-30
A0007867,C007259,Current,Active,21936.66,2024-04-26
A0007868,C007259,Savings,Active,38166.18,2023-05-11
A0007869,C007260,Salary,Active,58278.0,2018-03-10
A0007870,C007261,Savings,Dormant,106072.7,2024-08-27
A0007871,C007262,Savings,Dormant,11995.88,2019-04-05
A0007872,C007263,Savings,Closed,12508.45,2017-10-19
A0007873,C007264,Current,Active,84877.66,2023-02-12
A0007874,C007264,Salary,Active,126909.82,2024-11-30
A0007875,C007265,Current,Active,62997.51,2022-03-21
A0007876,C007266,Savings,Active,23729.58,2022-07-09
A0007877,C007266,Savings,Active,24011.65,2024-07-24
A0007878,C007267,Savings,Closed,64387.68,2020-04-19
A0007879,C007268,Savings,Active,52458.3,2023-03-04
A0007880,C007270,Current,Active,49243.6,2020-05-10
A0007881,C007271,Savings,Active,36063.89,2018-06-13
A0007882,C007271,Savings,Active,27082.78,2018-08-28
A0007883,C007272,Savings,Active,27892.84,2019-06-10
A0007884,C007273,Current,Active,26034.56,2019-10-15
A0007885,C007274,Salary,Active,81659.32,2021-11-01
A0007886,C007275,Savings,Active,22285.13,2020-05-19
A0007887,C007275,Savings,Active,8922.67,2021-12-09
A0007888,C007278,Premium,Active,30452.87,2020-12-20
A0007889,C007279,Salary,Active,47193.56,2018-08-15
A0007890,C007280,Savings,Active,48298.88,2016-12-02
A0007891,C007281,Savings,Active,70628.9,2017-08-28
A0007892,C007282,Savings,Active,316125.65,2023-02-21
A0007893,C007283,Salary,Active,404781.58,2024-05-29
A0007894,C007284,Savings,Active,24022.32,2018-07-15
A0007895,C007285,Savings,Active,195820.11,2021-08-04
A0007896,C007285,Premium,Active,342004.47,2024-09-18
A0007897,C007286,Current,Active,12335.09,2017-10-06
A0007898,C007287,Current,Active,63247.4,2019-03-10
A0007899,C007288,Current,Active,50176.73,2021-06-17
A0007900,C007289,Current,Closed,6873.46,2015-09-22
A0007901,C007290,Salary,Active,46380.27,2024-01-16
A0007902,C007291,Savings,Active,48446.21,2021-11-18
A0007903,C007291,Current,Active,25756.46,2022-07-18
A0007904,C007292,Savings,Active,22313.02,2021-12-30
A0007905,C007292,Savings,Active,38391.52,2020-08-30
A0007906,C007293,Savings,Active,165149.78,2024-10-16
A0007907,C007293,Salary,Active,550008.46,2024-10-31
A0007908,C007295,Salary,Active,40199.76,2020-02-21
A0007909,C007296,Current,Closed,129812.01,2021-06-09
A0007910,C007297,Savings,Dormant,38773.44,2024-02-23
A0007911,C007298,Current,Active,21229.78,2022-04-18
A0007912,C007299,Salary,Active,42338.53,2024-11-30
A0007913,C007300,Savings,Active,7129.68,2024-01-24
A0007914,C007301,Current,Active,12179.48,2021-02-06
A0007915,C007301,Savings,Dormant,35167.21,2020-09-02
A0007916,C007302,Savings,Active,22579.37,2023-03-06
A0007917,C007303,Savings,Active,88597.74,2024-11-10
A0007918,C007303,Salary,Active,27677.45,2024-11-30
A0007919,C007304,Current,Dormant,40927.81,2022-05-26
A0007920,C007305,Current,Active,230077.8,2019-10-24
A0007921,C007305,Current,Active,119864.41,2019-04-01
A0007922,C007306,Savings,Active,64335.2,2021-06-09
A0007923,C007308,Salary,Active,151691.01,2017-12-16
A0007924,C007309,Savings,Active,330915.27,2024-11-30
A0007925,C007312,Premium,Active,63666.71,2019-06-12
A0007926,C007313,Salary,Active,5259.3,2024-11-30
A0007927,C007314,Salary,Active,7850.23,2024-11-30
A0007928,C007314,Current,Active,8749.0,2023-10-26
A0007929,C007315,Savings,Dormant,17775.66,2024-11-30
A0007930,C007315,Current,Dormant,6496.53,2024-05-14
A0007931,C007316,Savings,Active,127238.03,2024-11-30
A0007932,C007316,Savings,Active,346587.81,2024-11-30
A0007933,C007317,Savings,Active,36869.1,2022-03-19
A0007934,C007317,Savings,Active,54672.11,2021-02-16
A0007935,C007318,Premium,Active,53260.19,2020-07-14
A0007936,C007318,Premium,Active,44727.39,2017-08-16
A0007937,C007319,Savings,Active,7217.26,2024-11-30
A0007938,C007321,Salary,Active,33991.41,2024-11-30
A0007939,C007321,Savings,Dormant,2525.28,2024-11-30
A0007940,C007322,Current,Active,8390.09,2020-08-23
A0007941,C007323,Savings,Closed,566349.52,2023-08-18
A0007942,C007323,Savings,Active,224402.28,2024-11-30
A0007943,C007324,Savings,Active,15900.55,2018-04-05
A0007944,C007325,Savings,Active,2062.97,2024-11-30
A0007945,C007325,Salary,Active,4739.73,2024-09-05
A0007946,C007326,Premium,Active,98261.7,2023-04-22
A0007947,C007326,Savings,Active,17481.16,2022-11-27
A0007948,C007329,Savings,Active,16350.78,2024-11-30
A0007949,C007329,Current,Active,66977.81,2023-12-24
A0007950,C007330,Premium,Active,183506.54,2024-11-30
A0007951,C007330,Savings,Active,46271.38,2024-11-30
A0007952,C007331,Savings,Active,47778.68,2024-11-17
A0007953,C007332,Salary,Active,121951.91,2024-11-30
A0007954,C007334,Premium,Active,101788.49,2022-10-16
A0007955,C007335,Current,Active,6857.78,2024-11-30
A0007956,C007335,Savings,Closed,25124.65,2024-11-30
A0007957,C007336,Salary,Closed,154047.45,2021-06-02
A0007958,C007337,Current,Active,48007.66,2018-03-24
A0007959,C007337,Current,Active,58875.37,2019-09-08
A0007960,C007338,Salary,Active,45765.41,2017-03-17
A0007961,C007340,Current,Closed,13418.81,2023-03-15
A0007962,C007342,Savings,Active,22460.59,2021-06-11
A0007963,C007343,Current,Active,36862.85,2023-06-28
A0007964,C007345,Salary,Active,3308.72,2024-11-30
A0007965,C007345,Current,Active,8704.78,2024-11-30
A0007966,C007346,Current,Active,14345.81,2024-11-30
A0007967,C007347,Salary,Active,60210.74,2019-08-23
A0007968,C007348,Salary,Closed,26331.51,2024-11-30
A0007969,C007349,Current,Closed,12426.17,2021-12-30
A0007970,C007350,Savings,Active,30331.52,2021-05-22
A0007971,C007351,Savings,Active,19224.06,2016-12-01
A0007972,C007352,Salary,Active,58396.92,2024-11-30
A0007973,C007352,Salary,Active,131079.29,2024-07-10
A0007974,C007353,Savings,Dormant,78022.02,2017-03-10
A0007975,C007354,Current,Closed,15476.07,2019-10-10
A0007976,C007354,Salary,Active,9514.67,2018-12-31
A0007977,C007355,Current,Active,67504.1,2022-07-28
A0007978,C007355,Savings,Active,25308.37,2019-12-19
A0007979,C007356,Savings,Dormant,281931.46,2024-02-06
A0007980,C007357,Salary,Active,110291.3,2018-11-10
A0007981,C007358,Current,Active,18523.82,2016-03-02
A0007982,C007358,Salary,Closed,62004.53,2016-03-03
A0007983,C007359,Savings,Active,55641.27,2023-04-27
A0007984,C007360,Salary,Active,97724.39,2022-01-09
A0007985,C007361,Salary,Dormant,196765.7,2017-04-28
A0007986,C007362,Savings,Active,35437.36,2022-02-15
A0007987,C007363,Savings,Active,11799.97,2021-02-12
A0007988,C007363,Salary,Active,44031.45,2022-07-02
A0007989,C007364,Salary,Active,41128.84,2021-09-15
A0007990,C007365,Salary,Active,41399.97,2020-02-21
A0007991,C007366,Current,Active,25811.11,2018-12-27
A0007992,C007367,Current,Active,39917.26,2018-08-09
A0007993,C007367,Current,Active,26799.59,2020-02-10
A0007994,C007368,Current,Active,4802.26,2024-11-30
A0007995,C007368,Current,Closed,1936.23,2024-11-30
A0007996,C007369,Premium,Active,309271.69,2024-11-30
A0007997,C007369,Savings,Active,60726.23,2024-11-30
A0007998,C007370,Savings,Active,16605.91,2021-06-20
A0007999,C007370,Savings,Active,13374.12,2022-12-01
A0008000,C007371,Current,Active,56039.89,2023-08-21
A0008001,C007372,Savings,Active,7928.06,2018-06-07
A0008002,C007372,Premium,Active,43724.83,2016-12-08
A0008003,C007373,Savings,Active,47453.63,2022-10-07
A0008004,C007373,Savings,Active,64523.61,2023-11-01
A0008005,C007374,Savings,Active,6848.1,2021-03-14
A0008006,C007375,Salary,Active,14097.59,2019-04-30
A0008007,C007376,Current,Active,27004.84,2022-07-11
A0008008,C007377,Current,Active,102464.51,2024-04-30
A0008009,C007378,Savings,Active,73815.95,2020-09-17
A0008010,C007379,Current,Active,22801.68,2024-11-30
A0008011,C007379,Current,Active,8889.06,2024-11-30
A0008012,C007381,Salary,Active,111946.06,2023-06-03
A0008013,C007382,Savings,Active,2833.41,2020-10-10
A0008014,C007383,Savings,Active,365402.92,2024-11-30
A0008015,C007383,Salary,Closed,488991.46,2024-11-30
A0008016,C007384,Salary,Dormant,36445.52,2019-04-01
A0008017,C007385,Savings,Active,19158.53,2016-05-03
A0008018,C007385,Savings,Active,16890.59,2019-08-04
A0008019,C007386,Savings,Active,34950.14,2022-05-21
A0008020,C007387,Savings,Active,23761.55,2022-03-20
A0008021,C007387,Current,Active,12493.63,2024-03-31
A0008022,C007390,Savings,Active,52541.31,2021-12-26
A0008023,C007390,Savings,Active,709210.88,2022-11-17
A0008024,C007391,Savings,Active,61857.5,2022-12-01
A0008025,C007392,Salary,Active,15276.24,2024-11-30
A0008026,C007393,Savings,Active,64780.26,2024-04-21
A0008027,C007394,Current,Active,8184.82,2024-11-30
A0008028,C007395,Savings,Dormant,29650.51,2023-11-16
A0008029,C007398,Savings,Active,341558.61,2016-09-02
A0008030,C007399,Current,Active,75010.86,2017-06-12
A0008031,C007399,Current,Active,88499.78,2017-04-20
A0008032,C007400,Current,Active,8013.61,2019-09-18
A0008033,C007403,Savings,Active,17112.79,2020-09-10
A0008034,C007404,Current,Active,11926.51,2023-10-20
A0008035,C007404,Savings,Active,6138.88,2023-11-22
A0008036,C007405,Salary,Active,104377.7,2021-07-30
A0008037,C007406,Salary,Active,32496.06,2021-08-28
A0008038,C007406,Savings,Active,66343.48,2019-07-29
A0008039,C007407,Savings,Active,33076.69,2024-11-30
A0008040,C007407,Current,Active,33104.35,2024-11-30
A0008041,C007408,Salary,Active,65132.42,2022-04-11
A0008042,C007409,Current,Active,380642.81,2024-03-02
A0008043,C007410,Premium,Dormant,106204.12,2022-11-21
A0008044,C007411,Current,Dormant,48890.27,2024-11-30
A0008045,C007412,Savings,Active,265955.16,2017-08-28
A0008046,C007413,Salary,Closed,298248.1,2024-11-30
A0008047,C007413,Salary,Active,121706.4,2024-11-26
A0008048,C007414,Salary,Dormant,53121.73,2020-04-30
A0008049,C007415,Savings,Active,51189.33,2023-07-31
A0008050,C007416,Savings,Active,13611.7,2021-08-28
A0008051,C007417,Savings,Active,27363.53,2024-05-26
A0008052,C007418,Savings,Active,137839.41,2024-06-29
A0008053,C007419,Current,Active,49678.68,2020-05-17
A0008054,C007420,Premium,Active,202821.88,2020-03-03
A0008055,C007420,Current,Dormant,37345.56,2023-01-08
A0008056,C007421,Savings,Active,9830.9,2019-04-17
A0008057,C007421,Savings,Closed,32087.16,2018-09-17
A0008058,C007424,Current,Active,14116.41,2024-11-30
A0008059,C007425,Current,Active,47548.57,2018-03-19
A0008060,C007426,Current,Active,104877.66,2017-02-25
A0008061,C007427,Savings,Active,31948.67,2023-04-12
A0008062,C007428,Savings,Active,22847.41,2020-11-26
A0008063,C007429,Salary,Active,123924.36,2022-04-17
A0008064,C007430,Savings,Active,59153.3,2019-12-02
A0008065,C007431,Savings,Active,17911.92,2022-12-17
A0008066,C007432,Savings,Closed,26460.65,2022-06-21
A0008067,C007433,Salary,Active,53890.33,2017-09-02
A0008068,C007434,Savings,Active,30275.58,2024-11-30
A0008069,C007435,Current,Dormant,18787.75,2024-06-26
A0008070,C007436,Savings,Active,194030.91,2023-04-06
A0008071,C007437,Current,Active,25220.4,2017-01-22
A0008072,C007438,Current,Active,27285.17,2024-06-01
A0008073,C007440,Savings,Active,399715.01,2024-07-31
A0008074,C007441,Current,Active,14858.52,2019-06-15
A0008075,C007442,Savings,Active,19796.82,2022-02-26
A0008076,C007443,Savings,Active,50134.48,2021-06-05
A0008077,C007444,Premium,Active,30664.47,2022-11-12
A0008078,C007445,Savings,Active,100411.6,2024-04-02
A0008079,C007446,Premium,Dormant,26068.68,2018-03-25
A0008080,C007447,Salary,Active,75404.52,2024-11-30
A0008081,C007447,Savings,Active,57396.03,2024-11-30
A0008082,C007448,Savings,Active,54116.82,2024-09-29
A0008083,C007449,Savings,Active,61387.62,2024-11-30
A0008084,C007450,Savings,Dormant,38757.28,2023-06-24
A0008085,C007451,Savings,Active,21591.11,2018-04-14
A0008086,C007452,Savings,Active,22886.2,2024-11-30
A0008087,C007452,Savings,Active,20363.8,2024-02-09
A0008088,C007453,Salary,Active,227133.66,2022-04-07
A0008089,C007453,Salary,Dormant,140374.72,2022-01-24
A0008090,C007454,Salary,Active,32010.08,2022-04-11
A0008091,C007455,Savings,Closed,18619.81,2020-02-20
A0008092,C007455,Savings,Active,16588.11,2017-07-07
A0008093,C007456,Savings,Active,31964.87,2022-10-28
A0008094,C007456,Current,Dormant,45997.83,2024-11-30
A0008095,C007457,Savings,Active,135511.76,2019-10-23
A0008096,C007458,Current,Active,13024.76,2024-10-26
A0008097,C007458,Current,Active,11797.21,2024-11-30
A0008098,C007459,Savings,Active,43723.72,2023-11-27
A0008099,C007460,Savings,Active,7567.66,2024-05-04
A0008100,C007462,Savings,Active,15298.52,2023-02-27
A0008101,C007462,Savings,Dormant,113934.21,2024-11-30
A0008102,C007464,Salary,Active,56129.14,2019-01-23
A0008103,C007465,Current,Active,9248.72,2023-04-28
A0008104,C007467,Current,Active,15335.96,2022-11-16
A0008105,C007468,Savings,Closed,24197.01,2019-01-15
A0008106,C007468,Current,Active,31508.39,2022-08-14
A0008107,C007469,Current,Active,42514.96,2024-11-30
A0008108,C007469,Savings,Active,32376.03,2024-11-30
A0008109,C007470,Current,Active,19111.04,2016-10-14
A0008110,C007471,Current,Active,259404.15,2018-05-31
A0008111,C007472,Savings,Active,49280.53,2017-05-05
A0008112,C007473,Savings,Active,15186.32,2021-05-29
A0008113,C007474,Salary,Active,117196.99,2020-04-19
A0008114,C007475,Savings,Active,38219.64,2020-08-12
A0008115,C007475,Current,Active,19585.65,2023-05-21
A0008116,C007476,Savings,Active,45474.56,2015-09-15
A0008117,C007477,Savings,Active,88681.25,2024-04-09
A0008118,C007478,Current,Active,148575.53,2022-02-28
A0008119,C007478,Salary,Dormant,173526.97,2020-09-03
A0008120,C007480,Salary,Active,14508.87,2024-07-13
A0008121,C007481,Current,Active,223678.44,2024-04-02
A0008122,C007483,Salary,Dormant,22641.96,2023-03-30
A0008123,C007484,Savings,Active,334259.0,2023-05-16
A0008124,C007484,Savings,Active,83556.1,2022-05-06
A0008125,C007485,Current,Active,77236.79,2020-01-28
A0008126,C007486,Salary,Active,17755.25,2023-11-02
A0008127,C007487,Salary,Closed,84133.25,2024-08-06
A0008128,C007488,Current,Active,33346.86,2020-02-13
A0008129,C007489,Savings,Active,54075.25,2024-11-30
A0008130,C007489,Premium,Active,240263.02,2024-11-30
A0008131,C007490,Salary,Active,29777.64,2021-02-06
A0008132,C007490,Savings,Active,26311.77,2019-11-17
A0008133,C007492,Salary,Active,62989.79,2023-11-12
A0008134,C007493,Savings,Active,53456.64,2017-03-07
A0008135,C007495,Current,Active,37338.7,2024-11-15
A0008136,C007496,Salary,Active,19461.77,2019-07-30
A0008137,C007498,Savings,Active,39186.51,2021-07-30
A0008138,C007500,Current,Active,9143.28,2023-10-19
A0008139,C007501,Savings,Active,48077.29,2023-06-25
A0008140,C007502,Savings,Active,279344.92,2023-06-30
A0008141,C007503,Savings,Active,14528.6,2019-05-09
A0008142,C007504,Savings,Active,47125.74,2024-06-30
A0008143,C007505,Current,Active,12604.88,2022-08-27
A0008144,C007506,Current,Active,25595.43,2022-02-27
A0008145,C007507,Savings,Active,32911.3,2019-04-08
A0008146,C007508,Premium,Active,42912.85,2018-03-29
A0008147,C007508,Current,Active,42043.61,2020-01-30
A0008148,C007509,Savings,Active,120874.38,2020-12-13
A0008149,C007510,Salary,Active,28571.4,2022-11-11
A0008150,C007511,Current,Active,19435.8,2021-05-02
A0008151,C007513,Savings,Active,3698.57,2024-11-30
A0008152,C007513,Savings,Active,10232.61,2024-11-30
A0008153,C007514,Current,Dormant,13422.59,2017-04-03
A0008154,C007515,Premium,Active,260311.35,2024-11-30
A0008155,C007516,Savings,Active,15478.65,2019-12-20
A0008156,C007517,Savings,Active,21670.11,2019-09-06
A0008157,C007518,Savings,Active,23121.1,2022-09-13
A0008158,C007520,Savings,Active,27383.79,2024-07-02
A0008159,C007520,Current,Dormant,12769.89,2024-11-30
A0008160,C007521,Current,Active,25702.77,2018-05-01
A0008161,C007522,Savings,Active,37805.59,2024-11-30
A0008162,C007523,Savings,Active,63487.14,2024-11-30
A0008163,C007523,Savings,Active,174456.94,2024-11-30
A0008164,C007524,Savings,Active,15293.3,2022-11-06
A0008165,C007525,Savings,Active,6806.07,2023-03-21
A0008166,C007526,Savings,Active,9830.63,2024-11-30
A0008167,C007527,Current,Active,170582.38,2022-08-07
A0008168,C007528,Savings,Active,15737.94,2020-08-25
A0008169,C007528,Savings,Active,12093.35,2019-06-01
A0008170,C007529,Savings,Active,32233.73,2023-03-12
A0008171,C007530,Salary,Active,33398.53,2023-01-26
A0008172,C007531,Current,Active,59521.57,2024-03-16
A0008173,C007531,Savings,Active,88544.46,2023-10-28
A0008174,C007532,Salary,Active,128010.97,2024-11-30
A0008175,C007533,Current,Active,17308.68,2019-02-27
A0008176,C007534,Salary,Active,71992.99,2023-02-12
A0008177,C007535,Current,Active,20230.03,2016-08-17
A0008178,C007535,Current,Active,8541.04,2018-05-09
A0008179,C007536,Savings,Active,128354.03,2024-11-30
A0008180,C007537,Current,Active,11280.16,2022-12-19
A0008181,C007538,Savings,Active,39141.88,2024-11-30
A0008182,C007539,Current,Active,62758.17,2024-11-30
A0008183,C007540,Savings,Active,64808.7,2018-07-21
A0008184,C007540,Savings,Active,37984.31,2017-02-26
A0008185,C007541,Current,Dormant,20915.94,2024-11-30
A0008186,C007541,Savings,Active,44551.73,2024-11-30
A0008187,C007542,Savings,Active,6176.13,2020-11-05
A0008188,C007543,Savings,Active,10899.39,2021-10-27
A0008189,C007543,Current,Active,20860.76,2021-05-07
A0008190,C007544,Savings,Active,14570.1,2020-07-18
A0008191,C007545,Salary,Active,13278.1,2024-03-13
A0008192,C007546,Savings,Closed,10190.34,2017-02-12
A0008193,C007548,Savings,Active,94162.34,2016-03-26
A0008194,C007549,Salary,Active,115646.58,2021-06-25
A0008195,C007549,Savings,Active,85854.94,2022-11-19
A0008196,C007550,Salary,Active,58879.76,2021-09-09
A0008197,C007552,Current,Active,33442.55,2019-06-10
A0008198,C007552,Current,Active,9740.32,2019-09-27
A0008199,C007553,Savings,Active,72133.67,2020-01-10
A0008200,C007554,Savings,Active,53341.87,2019-03-13
A0008201,C007555,Salary,Active,66977.01,2024-11-30
A0008202,C007556,Premium,Active,51256.11,2022-02-01
A0008203,C007557,Savings,Active,215795.05,2022-01-07
A0008204,C007558,Salary,Dormant,114621.83,2019-06-03
A0008205,C007558,Current,Active,97028.37,2016-08-11
A0008206,C007559,Savings,Active,21570.43,2024-11-30
A0008207,C007560,Savings,Active,34049.91,2020-02-08
A0008208,C007561,Current,Active,13948.07,2022-12-30
A0008209,C007562,Savings,Active,40969.86,2024-11-30
A0008210,C007563,Premium,Closed,498298.86,2021-01-08
A0008211,C007564,Salary,Active,128691.91,2020-06-02
A0008212,C007565,Savings,Active,22687.32,2021-09-09
A0008213,C007565,Savings,Active,131808.64,2019-11-17
A0008214,C007566,Current,Closed,30930.77,2017-11-30
A0008215,C007566,Savings,Active,34203.4,2018-08-30
A0008216,C007567,Salary,Active,16915.64,2024-11-30
A0008217,C007568,Current,Active,18872.05,2022-09-10
A0008218,C007569,Savings,Active,30938.66,2019-05-03
A0008219,C007569,Salary,Active,80436.71,2019-12-18
A0008220,C007570,Savings,Dormant,14202.47,2022-07-12
A0008221,C007571,Savings,Active,15493.72,2024-11-30
A0008222,C007572,Salary,Active,40811.68,2024-11-30
A0008223,C007573,Savings,Active,26146.65,2019-01-29
A0008224,C007573,Premium,Active,26227.56,2017-12-17
A0008225,C007574,Current,Active,64480.3,2024-11-30
A0008226,C007574,Current,Active,109554.37,2024-11-30
A0008227,C007575,Savings,Active,69266.23,2019-04-15
A0008228,C007576,Salary,Active,42934.32,2024-11-30
A0008229,C007577,Savings,Active,143736.32,2019-01-22
A0008230,C007578,Savings,Active,11311.78,2024-11-30
A0008231,C007579,Savings,Active,21607.93,2021-06-18
A0008232,C007579,Premium,Active,147744.66,2023-01-07
A0008233,C007580,Savings,Active,18205.43,2019-09-16
A0008234,C007581,Premium,Active,35545.56,2023-11-19
A0008235,C007582,Salary,Active,273642.17,2019-05-24
A0008236,C007583,Savings,Active,8293.26,2016-06-11
A0008237,C007583,Savings,Active,16982.84,2020-05-01
A0008238,C007584,Savings,Active,42203.05,2019-10-03
A0008239,C007585,Savings,Dormant,6461.6,2024-01-31
A0008240,C007586,Savings,Active,63884.84,2018-08-08
A0008241,C007587,Salary,Active,467028.68,2017-11-25
A0008242,C007588,Savings,Active,9343.78,2024-04-02
A0008243,C007588,Savings,Dormant,13366.74,2024-11-30
A0008244,C007589,Savings,Active,92730.7,2020-06-26
A0008245,C007590,Savings,Closed,42032.74,2024-11-30
A0008246,C007590,Savings,Active,85566.48,2024-11-30
A0008247,C007591,Savings,Active,48381.35,2017-07-16
A0008248,C007592,Savings,Active,44962.86,2021-05-09
A0008249,C007592,Savings,Active,15763.26,2022-01-13
A0008250,C007593,Current,Active,25280.46,2019-04-15
A0008251,C007595,Savings,Dormant,27394.95,2024-11-30
A0008252,C007595,Salary,Active,57307.09,2024-11-30
A0008253,C007596,Salary,Active,32095.37,2021-08-01
A0008254,C007597,Current,Active,64868.62,2016-05-14
A0008255,C007598,Savings,Active,61746.53,2018-07-25
A0008256,C007598,Savings,Dormant,12803.26,2018-12-04
A0008257,C007599,Salary,Active,8862.58,2023-03-10
A0008258,C007600,Savings,Closed,36008.98,2021-11-23
A0008259,C007601,Savings,Dormant,82607.66,2020-04-28
A0008260,C007601,Current,Active,32918.05,2021-01-29
A0008261,C007602,Current,Dormant,38163.93,2022-09-07
A0008262,C007602,Savings,Active,22428.83,2023-06-07
A0008263,C007603,Savings,Active,37662.14,2022-12-17
A0008264,C007605,Savings,Active,62047.86,2019-06-28
A0008265,C007605,Current,Active,12279.87,2019-04-15
A0008266,C007606,Salary,Active,19308.93,2016-12-19
A0008267,C007607,Salary,Active,75660.46,2024-11-30
A0008268,C007607,Savings,Active,54190.77,2024-01-28
A0008269,C007608,Salary,Active,30993.81,2023-09-20
A0008270,C007609,Savings,Active,92230.86,2024-11-30
A0008271,C007610,Savings,Active,50071.95,2021-05-02
A0008272,C007611,Savings,Active,87536.29,2024-11-30
A0008273,C007612,Salary,Active,28596.08,2022-02-08
A0008274,C007612,Savings,Active,72044.39,2022-09-10
A0008275,C007613,Salary,Active,12200.54,2020-06-07
A0008276,C007614,Savings,Active,72385.88,2022-08-02
A0008277,C007614,Salary,Dormant,63618.17,2022-08-04
A0008278,C007615,Savings,Active,11990.36,2022-03-19
A0008279,C007616,Savings,Active,28410.72,2019-02-20
A0008280,C007617,Savings,Active,439351.37,2021-10-21
A0008281,C007617,Savings,Active,126841.04,2019-05-27
A0008282,C007618,Salary,Active,44906.64,2023-07-07
A0008283,C007619,Salary,Active,169284.89,2021-06-17
A0008284,C007619,Savings,Active,89441.04,2021-09-23
A0008285,C007620,Salary,Active,16122.91,2018-11-27
A0008286,C007621,Salary,Active,17022.48,2019-02-15
A0008287,C007621,Savings,Dormant,19132.24,2019-06-08
A0008288,C007622,Current,Active,24960.36,2019-08-01
A0008289,C007624,Salary,Active,155384.66,2024-01-04
A0008290,C007626,Savings,Active,45012.85,2023-02-03
A0008291,C007627,Premium,Active,29422.12,2018-06-22
A0008292,C007627,Savings,Active,17370.12,2015-12-22
A0008293,C007628,Savings,Active,132299.55,2023-11-26
A0008294,C007630,Savings,Active,167408.04,2022-07-15
A0008295,C007631,Current,Dormant,11499.56,2017-07-11
A0008296,C007632,Current,Dormant,121674.55,2019-11-23
A0008297,C007634,Current,Active,29121.93,2018-06-09
A0008298,C007635,Salary,Active,600172.81,2019-11-12
A0008299,C007637,Savings,Active,29759.91,2019-01-06
A0008300,C007637,Premium,Active,70261.04,2018-01-12
A0008301,C007638,Salary,Active,109384.59,2021-11-24
A0008302,C007638,Savings,Active,11905.83,2018-12-12
A0008303,C007640,Current,Active,13929.63,2021-09-29
A0008304,C007641,Current,Dormant,59493.74,2017-07-24
A0008305,C007642,Savings,Active,172863.07,2024-11-30
A0008306,C007643,Savings,Dormant,63535.36,2022-04-09
A0008307,C007644,Current,Active,15553.72,2022-02-07
A0008308,C007645,Savings,Active,50405.51,2023-10-28
A0008309,C007646,Current,Closed,49361.59,2024-11-30
A0008310,C007647,Current,Active,39534.72,2019-10-21
A0008311,C007648,Premium,Active,43173.0,2021-09-04
A0008312,C007649,Savings,Active,40542.23,2023-12-04
A0008313,C007649,Salary,Active,45153.38,2024-11-14
A0008314,C007650,Current,Active,69032.01,2020-10-12
A0008315,C007650,Savings,Active,26275.94,2020-12-11
A0008316,C007651,Salary,Active,37752.46,2021-12-15
A0008317,C007652,Current,Closed,6341.85,2021-06-17
A0008318,C007653,Salary,Dormant,90354.07,2023-03-25
A0008319,C007653,Savings,Active,71468.93,2020-06-14
A0008320,C007654,Savings,Active,232467.58,2015-10-23
A0008321,C007655,Savings,Dormant,16634.65,2021-02-03
A0008322,C007656,Savings,Active,62090.03,2023-10-22
A0008323,C007657,Savings,Dormant,97104.24,2024-03-12
A0008324,C007658,Current,Closed,22847.51,2020-09-11
A0008325,C007659,Premium,Active,37562.47,2021-08-06
A0008326,C007659,Savings,Active,26560.0,2024-01-15
A0008327,C007660,Savings,Active,31424.27,2018-02-16
A0008328,C007662,Current,Active,40296.87,2021-05-05
A0008329,C007663,Current,Active,3241.29,2020-08-08
A0008330,C007664,Savings,Active,89817.01,2019-04-12
A0008331,C007665,Savings,Active,12772.92,2020-01-07
A0008332,C007665,Savings,Active,18280.54,2020-05-20
A0008333,C007666,Current,Dormant,3387.38,2018-09-21
A0008334,C007667,Savings,Active,27647.65,2024-11-30
A0008335,C007668,Salary,Dormant,26451.62,2020-09-26
A0008336,C007669,Current,Dormant,25815.51,2021-04-17
A0008337,C007669,Savings,Closed,35572.22,2021-05-30
A0008338,C007670,Premium,Active,74027.14,2024-11-30
A0008339,C007670,Current,Active,43200.44,2023-08-17
A0008340,C007671,Premium,Active,100308.62,2024-11-30
A0008341,C007671,Savings,Active,7803.8,2024-11-30
A0008342,C007672,Savings,Closed,33005.25,2019-01-28
A0008343,C007672,Savings,Active,6319.28,2018-04-01
A0008344,C007674,Salary,Active,17606.91,2024-11-30
A0008345,C007675,Salary,Dormant,180464.61,2021-10-23
A0008346,C007678,Savings,Active,56174.06,2024-07-12
A0008347,C007679,Current,Dormant,39447.16,2018-08-28
A0008348,C007679,Salary,Active,180101.18,2019-12-23
A0008349,C007680,Savings,Dormant,16159.38,2019-04-30
A0008350,C007681,Premium,Active,312886.25,2022-07-11
A0008351,C007682,Savings,Dormant,24225.58,2019-07-29
A0008352,C007683,Savings,Active,7146.19,2017-08-16
A0008353,C007685,Savings,Active,107823.07,2019-12-03
A0008354,C007686,Current,Active,22046.14,2022-09-29
A0008355,C007686,Salary,Active,22792.64,2020-07-07
A0008356,C007687,Current,Active,13830.56,2019-08-12
A0008357,C007688,Savings,Active,17778.5,2022-01-04
A0008358,C007689,Savings,Active,11135.86,2019-07-21
A0008359,C007689,Savings,Active,20488.88,2018-12-03
A0008360,C007690,Salary,Active,59311.83,2024-04-30
A0008361,C007691,Current,Active,13658.84,2022-03-04
A0008362,C007692,Savings,Active,16978.74,2015-05-05
A0008363,C007693,Savings,Active,425930.56,2024-11-30
A0008364,C007694,Savings,Active,3263.18,2021-09-02
A0008365,C007695,Current,Active,20152.93,2023-06-05
A0008366,C007696,Savings,Active,29291.89,2021-01-29
A0008367,C007697,Salary,Active,27688.06,2020-09-23
A0008368,C007698,Savings,Closed,109601.58,2022-11-23
A0008369,C007699,Current,Active,7173.01,2020-11-17
A0008370,C007699,Salary,Active,26990.12,2019-05-10
A0008371,C007700,Savings,Active,30875.16,2017-11-13
A0008372,C007702,Current,Active,94076.39,2021-05-07
A0008373,C007702,Savings,Active,172752.4,2020-10-07
A0008374,C007703,Salary,Active,24130.03,2024-09-19
A0008375,C007704,Savings,Active,75730.34,2020-11-15
A0008376,C007706,Premium,Active,116307.46,2024-11-30
A0008377,C007707,Premium,Active,138262.64,2022-05-03
A0008378,C007708,Salary,Active,28703.45,2020-09-28
A0008379,C007709,Savings,Active,215866.99,2020-04-20
A0008380,C007710,Salary,Active,232953.98,2023-11-18
A0008381,C007710,Current,Active,111142.07,2024-04-21
A0008382,C007711,Premium,Active,13642.44,2022-07-09
A0008383,C007713,Current,Active,28933.03,2022-07-12
A0008384,C007714,Current,Active,3527.11,2024-11-30
A0008385,C007715,Savings,Active,75505.91,2019-03-04
A0008386,C007715,Current,Active,17334.39,2019-05-31
A0008387,C007716,Savings,Active,127656.33,2022-11-30
A0008388,C007716,Savings,Active,41890.79,2022-09-25
A0008389,C007717,Current,Active,71458.47,2018-11-22
A0008390,C007717,Salary,Active,113791.25,2020-01-22
A0008391,C007718,Savings,Active,33110.95,2024-07-23
A0008392,C007719,Savings,Active,32314.58,2018-01-24
A0008393,C007719,Current,Active,7027.55,2020-08-29
A0008394,C007720,Savings,Active,15168.21,2022-01-16
A0008395,C007723,Current,Active,81831.4,2021-03-31
A0008396,C007723,Salary,Active,29597.02,2021-05-13
A0008397,C007724,Savings,Active,17060.85,2022-10-31
A0008398,C007725,Savings,Active,45475.65,2020-04-09
A0008399,C007726,Savings,Active,32456.05,2015-05-01
A0008400,C007727,Salary,Active,25281.03,2018-01-04
A0008401,C007727,Current,Active,22883.38,2018-04-06
A0008402,C007728,Savings,Active,254266.66,2016-11-08
A0008403,C007728,Current,Active,337375.9,2018-09-06
A0008404,C007729,Savings,Active,4418.96,2024-11-30
A0008405,C007729,Current,Active,3185.23,2024-05-22
A0008406,C007730,Savings,Active,25321.63,2017-08-03
A0008407,C007731,Savings,Active,14381.02,2024-08-12
A0008408,C007731,Premium,Dormant,42958.23,2022-08-20
A0008409,C007732,Current,Active,6475.92,2022-06-13
A0008410,C007733,Current,Active,91358.11,2019-03-25
A0008411,C007735,Current,Active,31686.64,2018-08-26
A0008412,C007736,Salary,Active,351208.29,2020-02-02
A0008413,C007736,Salary,Active,300998.36,2021-02-11
A0008414,C007738,Savings,Active,57546.88,2021-07-18
A0008415,C007739,Savings,Closed,41278.36,2022-12-02
A0008416,C007740,Current,Active,41712.73,2022-02-04
A0008417,C007741,Savings,Active,11384.06,2016-11-09
A0008418,C007742,Current,Active,74768.95,2024-11-30
A0008419,C007744,Current,Closed,121895.51,2022-02-13
A0008420,C007745,Savings,Active,19097.83,2024-03-30
A0008421,C007745,Current,Active,8423.47,2024-04-18
A0008422,C007746,Savings,Dormant,23661.38,2024-11-30
A0008423,C007747,Savings,Active,53898.08,2023-05-29
A0008424,C007747,Salary,Active,320777.25,2024-11-13
A0008425,C007748,Savings,Active,128764.79,2024-11-30
A0008426,C007749,Current,Active,73391.72,2019-07-01
A0008427,C007750,Current,Active,15335.27,2024-05-23
A0008428,C007751,Savings,Dormant,19498.7,2020-02-08
A0008429,C007752,Salary,Active,26483.32,2021-08-29
A0008430,C007753,Savings,Active,32227.09,2022-06-05
A0008431,C007754,Savings,Active,42164.14,2024-11-30
A0008432,C007755,Savings,Active,20919.67,2024-05-29
A0008433,C007756,Current,Active,71304.33,2020-01-31
A0008434,C007757,Current,Active,10637.65,2021-08-27
A0008435,C007758,Salary,Active,50311.39,2017-07-09
A0008436,C007758,Savings,Active,54403.34,2018-04-06
A0008437,C007759,Savings,Active,16469.26,2024-03-10
A0008438,C007759,Savings,Active,25505.32,2024-11-30
A0008439,C007760,Savings,Active,26847.66,2024-11-30
A0008440,C007761,Salary,Active,111366.31,2023-04-14
A0008441,C007762,Current,Dormant,43453.64,2017-12-03
A0008442,C007763,Salary,Active,18500.36,2023-10-03
A0008443,C007764,Salary,Active,36056.38,2024-11-30
A0008444,C007765,Savings,Active,28971.61,2020-11-15
A0008445,C007765,Premium,Dormant,70951.14,2020-11-08
A0008446,C007766,Savings,Active,42727.41,2017-10-12
A0008447,C007768,Salary,Active,86841.48,2021-12-28
A0008448,C007769,Savings,Active,26439.29,2021-11-17
A0008449,C007770,Salary,Active,85114.26,2019-07-02
A0008450,C007770,Salary,Active,296546.57,2018-10-01
A0008451,C007771,Savings,Active,187803.53,2021-08-10
A0008452,C007774,Premium,Active,47524.84,2022-12-29
A0008453,C007775,Savings,Active,24663.94,2019-09-18
A0008454,C007776,Salary,Closed,12051.18,2024-11-30
A0008455,C007777,Savings,Dormant,52152.26,2023-10-17
A0008456,C007778,Savings,Active,42599.44,2017-08-24
A0008457,C007778,Current,Active,69248.95,2019-02-04
A0008458,C007779,Salary,Active,47941.4,2023-09-02
A0008459,C007780,Current,Active,10422.03,2021-10-16
A0008460,C007781,Savings,Active,11102.33,2018-09-19
A0008461,C007782,Salary,Active,82852.07,2020-10-29
A0008462,C007782,Current,Active,90762.81,2021-01-25
A0008463,C007783,Current,Active,22970.9,2020-07-24
A0008464,C007784,Current,Active,163769.45,2020-03-09
A0008465,C007785,Savings,Active,16073.76,2022-06-13
A0008466,C007786,Current,Active,53804.29,2020-11-22
A0008467,C007787,Salary,Active,43231.83,2022-08-12
A0008468,C007789,Savings,Active,94745.88,2019-06-18
A0008469,C007790,Current,Active,49400.43,2024-11-30
A0008470,C007792,Premium,Active,42673.8,2024-03-21
A0008471,C007792,Current,Active,28815.08,2023-11-23
A0008472,C007793,Savings,Active,12501.7,2023-09-15
A0008473,C007794,Savings,Active,41033.89,2024-11-30
A0008474,C007794,Salary,Active,54304.41,2023-12-02
A0008475,C007795,Current,Active,59208.24,2022-07-29
A0008476,C007797,Savings,Active,4057.77,2024-11-30
A0008477,C007798,Salary,Active,31665.94,2023-08-15
A0008478,C007800,Current,Active,95042.45,2024-11-30
A0008479,C007801,Salary,Active,156688.3,2016-11-25
A0008480,C007801,Salary,Active,28418.24,2017-09-17
A0008481,C007802,Savings,Active,331573.01,2024-11-30
A0008482,C007802,Savings,Active,166684.04,2024-11-30
A0008483,C007803,Savings,Closed,18350.18,2019-10-28
A0008484,C007804,Savings,Active,27509.19,2022-12-17
A0008485,C007804,Savings,Active,111860.7,2023-10-03
A0008486,C007806,Salary,Active,184268.01,2018-04-24
A0008487,C007807,Savings,Active,42411.85,2021-03-17
A0008488,C007807,Savings,Active,20158.71,2021-04-10
A0008489,C007811,Savings,Active,87204.98,2019-12-20
A0008490,C007812,Current,Active,72562.44,2017-10-08
A0008491,C007813,Current,Active,13350.39,2024-03-29
A0008492,C007814,Current,Active,12409.92,2024-04-19
A0008493,C007815,Savings,Active,185212.42,2022-01-04
A0008494,C007816,Savings,Active,20628.33,2018-05-15
A0008495,C007816,Savings,Active,42470.15,2021-03-09
A0008496,C007818,Salary,Active,59902.46,2019-07-13
A0008497,C007818,Savings,Dormant,24196.79,2019-06-16
A0008498,C007819,Current,Active,18550.27,2020-02-12
A0008499,C007820,Savings,Active,53835.02,2018-06-03
A0008500,C007821,Savings,Active,34075.52,2019-03-26
A0008501,C007821,Savings,Active,11097.19,2020-01-22
A0008502,C007822,Savings,Active,14795.74,2021-04-19
A0008503,C007823,Savings,Active,22429.5,2022-07-14
A0008504,C007824,Savings,Active,41318.88,2018-04-09
A0008505,C007824,Savings,Active,31151.64,2019-04-28
A0008506,C007825,Current,Active,41062.6,2022-08-16
A0008507,C007825,Savings,Active,13360.33,2022-04-08
A0008508,C007826,Salary,Active,195470.84,2019-03-25
A0008509,C007828,Savings,Active,28446.85,2022-07-20
A0008510,C007829,Current,Active,14638.76,2021-08-28
A0008511,C007830,Salary,Active,10660.48,2015-12-21
A0008512,C007831,Current,Active,8490.61,2024-01-02
A0008513,C007832,Savings,Active,61111.96,2020-11-22
A0008514,C007834,Savings,Closed,38870.63,2022-07-26
A0008515,C007835,Premium,Active,364829.48,2024-11-30
A0008516,C007835,Current,Active,37619.74,2024-11-30
A0008517,C007836,Salary,Active,227538.13,2015-09-16
A0008518,C007837,Savings,Active,59132.29,2023-02-03
A0008519,C007838,Savings,Dormant,70402.76,2016-09-03
A0008520,C007839,Savings,Closed,39952.52,2017-12-27
A0008521,C007840,Savings,Active,44517.46,2022-01-15
A0008522,C007841,Savings,Active,16220.66,2022-01-03
A0008523,C007844,Salary,Active,6190.44,2021-08-25
A0008524,C007845,Salary,Active,42100.86,2021-10-22
A0008525,C007846,Savings,Active,113986.99,2022-01-11
A0008526,C007847,Salary,Closed,129820.24,2024-05-15
A0008527,C007847,Savings,Dormant,103165.96,2024-11-30
A0008528,C007848,Current,Active,23949.6,2022-07-24
A0008529,C007849,Savings,Active,9119.68,2018-05-13
A0008530,C007849,Current,Active,20711.49,2016-05-25
A0008531,C007850,Salary,Closed,17575.36,2021-02-08
A0008532,C007850,Savings,Active,8812.62,2020-02-07
A0008533,C007851,Salary,Active,59605.17,2024-02-03
A0008534,C007852,Savings,Active,30333.55,2019-01-19
A0008535,C007853,Salary,Active,82456.89,2020-05-11
A0008536,C007854,Savings,Active,19146.04,2016-12-09
A0008537,C007855,Savings,Active,101991.21,2024-11-30
A0008538,C007856,Salary,Active,43869.65,2016-03-05
A0008539,C007857,Premium,Active,90009.3,2024-11-30
A0008540,C007858,Savings,Active,47674.95,2022-10-28
A0008541,C007860,Savings,Active,38906.7,2023-11-30
A0008542,C007861,Savings,Active,80366.12,2019-11-12
A0008543,C007861,Premium,Active,57274.07,2016-05-22
A0008544,C007862,Current,Dormant,37886.54,2016-06-13
A0008545,C007863,Savings,Active,12108.39,2020-01-15
A0008546,C007863,Savings,Closed,8259.91,2019-03-23
A0008547,C007865,Savings,Active,728101.6,2024-11-30
A0008548,C007866,Salary,Active,81698.37,2024-11-30
A0008549,C007867,Savings,Active,24842.16,2016-07-09
A0008550,C007868,Salary,Active,69257.88,2017-06-25
A0008551,C007868,Current,Active,10492.75,2018-03-23
A0008552,C007869,Savings,Active,27877.09,2024-11-30
A0008553,C007870,Savings,Active,87817.76,2024-05-12
A0008554,C007871,Savings,Closed,104574.33,2018-06-05
A0008555,C007872,Salary,Active,175131.02,2023-04-29
A0008556,C007873,Current,Active,18827.08,2017-12-24
A0008557,C007874,Savings,Active,37034.46,2023-03-20
A0008558,C007874,Savings,Active,66748.5,2023-12-07
A0008559,C007875,Savings,Active,103984.21,2024-10-04
A0008560,C007876,Savings,Active,29853.95,2020-02-17
A0008561,C007877,Savings,Active,17498.46,2018-05-19
A0008562,C007877,Savings,Active,37811.99,2015-12-28
A0008563,C007879,Savings,Active,17373.83,2020-11-02
A0008564,C007880,Current,Active,91136.91,2018-10-09
A0008565,C007882,Salary,Active,8378.93,2021-09-06
A0008566,C007882,Savings,Active,15417.07,2023-11-09
A0008567,C007884,Salary,Active,85952.18,2022-10-05
A0008568,C007885,Current,Active,21437.79,2024-11-30
A0008569,C007886,Current,Active,12790.51,2021-05-21
A0008570,C007887,Savings,Active,28794.45,2024-11-30
A0008571,C007888,Salary,Active,54200.12,2023-06-08
A0008572,C007889,Current,Active,97125.03,2024-10-28
A0008573,C007891,Savings,Dormant,65270.46,2024-02-09
A0008574,C007892,Savings,Dormant,60017.93,2021-04-26
A0008575,C007893,Current,Active,296759.38,2024-11-30
A0008576,C007895,Salary,Active,82842.69,2022-09-24
A0008577,C007896,Savings,Active,211878.93,2024-06-02
A0008578,C007897,Current,Active,42653.23,2024-11-30
A0008579,C007897,Savings,Active,116304.81,2024-11-30
A0008580,C007898,Savings,Dormant,24795.22,2021-08-27
A0008581,C007899,Current,Active,100680.15,2022-11-01
A0008582,C007900,Salary,Active,13448.27,2024-11-30
A0008583,C007901,Savings,Active,46949.18,2022-02-10
A0008584,C007901,Savings,Active,15229.35,2018-09-12
A0008585,C007902,Salary,Active,28333.74,2024-11-30
A0008586,C007903,Current,Active,177780.44,2021-10-03
A0008587,C007903,Savings,Active,438239.96,2021-11-23
A0008588,C007905,Savings,Dormant,28257.95,2016-11-30
A0008589,C007906,Savings,Active,29223.61,2024-11-30
A0008590,C007906,Savings,Active,32690.31,2024-11-30
A0008591,C007908,Current,Active,27880.53,2024-11-30
A0008592,C007909,Savings,Active,53669.51,2023-07-27
A0008593,C007909,Current,Active,40326.81,2024-06-21
A0008594,C007911,Current,Active,43711.38,2022-09-06
A0008595,C007912,Current,Active,14163.77,2022-07-31
A0008596,C007913,Savings,Active,28413.82,2023-02-11
A0008597,C007913,Current,Active,22292.61,2024-11-30
A0008598,C007914,Salary,Active,704410.84,2019-04-01
A0008599,C007914,Salary,Active,182576.58,2019-11-07
A0008600,C007915,Savings,Active,45157.01,2022-05-26
A0008601,C007916,Savings,Closed,71780.51,2022-08-04
A0008602,C007917,Savings,Active,21620.95,2024-08-25
A0008603,C007919,Salary,Active,42832.08,2018-07-26
A0008604,C007920,Savings,Active,36838.64,2024-05-25
A0008605,C007920,Savings,Active,49369.53,2024-11-30
A0008606,C007921,Savings,Active,23468.63,2024-11-30
A0008607,C007922,Savings,Active,111633.11,2021-05-02
A0008608,C007923,Savings,Active,155700.27,2022-12-17
A0008609,C007924,Salary,Active,27995.17,2017-01-15
A0008610,C007924,Current,Active,22938.21,2017-09-12
A0008611,C007925,Current,Active,246703.8,2024-11-30
A0008612,C007928,Current,Active,245514.81,2024-11-30
A0008613,C007928,Savings,Active,300262.98,2021-05-08
A0008614,C007929,Current,Active,49176.74,2018-09-17
A0008615,C007929,Current,Active,206865.64,2019-06-06
A0008616,C007931,Savings,Active,15592.96,2022-09-26
A0008617,C007932,Current,Closed,36328.42,2018-09-02
A0008618,C007932,Savings,Active,13765.02,2018-06-28
A0008619,C007934,Savings,Active,777961.76,2021-09-24
A0008620,C007935,Savings,Active,64370.55,2024-11-30
A0008621,C007936,Current,Active,20151.81,2024-11-30
A0008622,C007937,Savings,Dormant,28754.67,2020-09-25
A0008623,C007937,Savings,Active,12923.55,2024-02-24
A0008624,C007938,Salary,Active,50605.85,2018-07-30
A0008625,C007939,Current,Active,42045.89,2024-11-30
A0008626,C007940,Current,Dormant,75248.31,2020-09-23
A0008627,C007941,Premium,Active,14162.13,2020-08-15
A0008628,C007942,Savings,Active,43709.09,2018-11-06
A0008629,C007942,Salary,Active,53279.43,2019-04-20
A0008630,C007943,Current,Active,10954.45,2023-04-03
A0008631,C007944,Savings,Active,25055.21,2020-04-17
A0008632,C007945,Salary,Active,90976.91,2017-11-07
A0008633,C007946,Savings,Active,34095.45,2024-04-26
A0008634,C007947,Savings,Active,30144.53,2017-02-28
A0008635,C007948,Current,Active,232978.4,2024-11-30
A0008636,C007948,Salary,Active,183007.28,2024-11-30
A0008637,C007949,Premium,Active,50051.54,2021-08-10
A0008638,C007951,Current,Dormant,365380.65,2019-12-11
A0008639,C007951,Savings,Active,288259.85,2019-06-11
A0008640,C007952,Current,Active,65999.65,2024-11-30
A0008641,C007952,Premium,Active,80551.25,2024-11-30
A0008642,C007953,Savings,Active,7216.82,2024-01-20
A0008643,C007954,Savings,Active,13847.23,2024-09-26
A0008644,C007954,Savings,Active,23454.39,2024-11-30
A0008645,C007955,Salary,Active,549337.95,2024-09-28
A0008646,C007956,Savings,Active,12284.51,2024-11-26
A0008647,C007957,Savings,Active,154163.87,2024-11-30
A0008648,C007958,Savings,Active,79457.02,2021-02-25
A0008649,C007959,Current,Active,29652.19,2019-09-11
A0008650,C007960,Current,Active,63179.31,2020-01-12
A0008651,C007961,Savings,Active,19013.5,2019-12-27
A0008652,C007961,Savings,Active,9243.93,2018-09-13
A0008653,C007962,Savings,Active,123845.66,2023-11-22
A0008654,C007962,Salary,Active,78558.89,2021-01-25
A0008655,C007963,Salary,Active,60623.64,2019-07-31
A0008656,C007964,Premium,Closed,806784.64,2023-01-06
A0008657,C007965,Savings,Active,32526.08,2022-09-20
A0008658,C007965,Savings,Closed,65998.1,2020-08-10
A0008659,C007966,Salary,Dormant,24641.07,2021-05-06
A0008660,C007967,Savings,Active,45207.92,2019-03-26
A0008661,C007968,Current,Dormant,28607.43,2024-11-30
A0008662,C007968,Current,Active,75666.04,2024-11-30
A0008663,C007970,Current,Active,12098.52,2018-10-21
A0008664,C007971,Salary,Active,110432.57,2020-04-11
A0008665,C007971,Salary,Active,38575.25,2020-05-19
A0008666,C007972,Savings,Active,33851.41,2024-11-30
A0008667,C007973,Salary,Active,293957.78,2019-07-31
A0008668,C007974,Premium,Active,144374.03,2024-11-30
A0008669,C007975,Salary,Active,149277.43,2020-05-07
A0008670,C007975,Current,Active,122116.27,2019-12-03
A0008671,C007976,Current,Closed,235947.41,2024-07-12
A0008672,C007977,Salary,Active,168556.13,2021-03-01
A0008673,C007977,Savings,Active,18986.34,2021-07-15
A0008674,C007978,Current,Active,115493.39,2024-11-30
A0008675,C007979,Salary,Active,205059.22,2018-02-24
A0008676,C007980,Current,Active,8094.94,2017-12-26
A0008677,C007981,Savings,Active,175115.36,2021-03-23
A0008678,C007982,Current,Active,40410.59,2019-02-13
A0008679,C007982,Premium,Active,175084.44,2020-09-20
A0008680,C007984,Savings,Active,55861.75,2017-01-13
A0008681,C007985,Salary,Active,46327.88,2022-02-19
A0008682,C007986,Savings,Closed,23424.03,2021-04-18
A0008683,C007986,Premium,Active,37573.23,2019-12-30
A0008684,C007987,Current,Active,31982.02,2017-10-31
A0008685,C007987,Savings,Active,16884.77,2018-12-02
A0008686,C007988,Savings,Active,24961.75,2020-07-14
A0008687,C007988,Salary,Active,41652.48,2017-11-09
A0008688,C007989,Savings,Active,59739.82,2019-10-12
A0008689,C007990,Premium,Active,111238.21,2020-06-10
A0008690,C007991,Savings,Active,35057.49,2024-11-30
A0008691,C007991,Current,Active,30755.07,2023-09-28
A0008692,C007992,Savings,Active,39734.68,2015-10-09
A0008693,C007993,Savings,Active,51020.17,2024-11-30
A0008694,C007995,Savings,Active,12333.18,2018-10-28
A0008695,C007996,Premium,Active,80592.54,2021-10-02
A0008696,C007997,Current,Active,86801.32,2019-05-19
A0008697,C007997,Salary,Active,47982.34,2015-11-03
A0008698,C007998,Savings,Active,111979.46,2022-05-27
A0008699,C007999,Savings,Active,422987.84,2019-03-09
A0008700,C008001,Current,Active,7346.99,2021-07-21
A0008701,C008003,Salary,Active,845221.95,2024-11-30
A0008702,C008004,Savings,Active,64106.93,2024-11-30
A0008703,C008004,Salary,Active,39894.29,2024-05-07
A0008704,C008005,Savings,Active,8723.72,2019-08-02
A0008705,C008005,Current,Active,4560.97,2019-02-10
A0008706,C008006,Savings,Active,15101.76,2023-06-26
A0008707,C008007,Salary,Active,62573.85,2020-03-14
A0008708,C008007,Current,Active,63845.21,2020-12-26
A0008709,C008008,Savings,Active,23910.75,2024-01-19
A0008710,C008009,Savings,Active,11243.48,2017-10-29
A0008711,C008010,Salary,Closed,37080.37,2017-10-10
A0008712,C008011,Savings,Active,113052.73,2017-03-31
A0008713,C008012,Current,Active,49598.65,2016-07-15
A0008714,C008012,Savings,Active,161050.18,2016-08-19
A0008715,C008013,Current,Dormant,13478.81,2016-01-27
A0008716,C008014,Savings,Active,13386.54,2023-03-25
A0008717,C008015,Savings,Active,20334.14,2019-04-07
A0008718,C008016,Savings,Active,28664.68,2023-03-06
A0008719,C008017,Salary,Active,407052.93,2023-09-09
A0008720,C008017,Premium,Active,301176.24,2024-11-30
A0008721,C008018,Savings,Active,18014.59,2020-06-09
A0008722,C008018,Current,Active,27580.96,2021-01-19
A0008723,C008019,Current,Active,22059.82,2018-08-05
A0008724,C008019,Current,Dormant,57507.88,2018-11-03
A0008725,C008020,Savings,Dormant,89282.87,2024-11-30
A0008726,C008020,Salary,Active,187123.64,2024-11-30
A0008727,C008021,Premium,Active,454567.36,2021-07-30
A0008728,C008021,Current,Dormant,19011.01,2023-09-20
A0008729,C008022,Savings,Dormant,108166.46,2022-12-31
A0008730,C008023,Salary,Active,11695.56,2020-01-21
A0008731,C008024,Premium,Active,81919.18,2024-11-30
A0008732,C008025,Savings,Active,117820.79,2019-03-04
A0008733,C008026,Salary,Active,79731.65,2022-06-13
A0008734,C008028,Savings,Active,24873.6,2024-11-30
A0008735,C008030,Savings,Active,10649.94,2022-05-27
A0008736,C008033,Salary,Active,90128.5,2021-02-15
A0008737,C008033,Savings,Active,25616.4,2019-09-27
A0008738,C008034,Savings,Active,32960.89,2018-05-21
A0008739,C008035,Salary,Active,49742.84,2018-07-27
A0008740,C008037,Current,Active,30365.08,2016-01-19
A0008741,C008038,Savings,Active,153634.06,2021-08-24
A0008742,C008040,Savings,Active,188033.37,2017-12-14
A0008743,C008041,Salary,Active,78010.96,2023-04-12
A0008744,C008041,Salary,Active,27912.92,2024-01-29
A0008745,C008042,Savings,Active,13767.64,2023-01-05
A0008746,C008042,Savings,Active,51877.9,2024-11-30
A0008747,C008043,Current,Active,26431.32,2019-08-24
A0008748,C008044,Savings,Active,15563.33,2020-11-26
A0008749,C008045,Salary,Active,89860.37,2019-04-12
A0008750,C008046,Current,Dormant,44029.88,2020-10-29
A0008751,C008047,Salary,Active,19945.4,2023-02-19
A0008752,C008047,Savings,Active,36759.47,2022-09-25
A0008753,C008048,Savings,Active,17504.57,2024-11-30
A0008754,C008049,Savings,Closed,37279.62,2017-11-18
A0008755,C008049,Savings,Active,22357.14,2018-03-16
A0008756,C008050,Savings,Active,67820.37,2023-12-23
A0008757,C008050,Salary,Active,85540.11,2024-05-03
A0008758,C008051,Salary,Active,261586.92,2016-04-28
A0008759,C008054,Savings,Active,30807.68,2018-03-25
A0008760,C008055,Current,Active,25638.47,2018-06-14
A0008761,C008055,Premium,Active,112347.67,2020-11-14
A0008762,C008056,Savings,Active,19427.34,2023-05-18
A0008763,C008056,Savings,Active,24780.27,2023-03-27
A0008764,C008057,Savings,Active,96670.79,2018-02-10
A0008765,C008058,Salary,Active,13880.77,2016-04-19
A0008766,C008059,Salary,Active,228859.48,2022-03-02
A0008767,C008060,Current,Active,193568.67,2015-07-28
A0008768,C008061,Premium,Active,121625.95,2022-12-07
A0008769,C008062,Savings,Active,18017.65,2018-04-27
A0008770,C008062,Savings,Dormant,20312.03,2020-03-02
A0008771,C008063,Savings,Active,93343.33,2024-11-30
A0008772,C008064,Savings,Active,13583.8,2018-04-30
A0008773,C008065,Current,Active,43140.6,2018-05-04
A0008774,C008065,Premium,Closed,26399.3,2018-09-10
A0008775,C008066,Current,Active,9979.1,2024-11-04
A0008776,C008066,Current,Active,29010.4,2024-01-28
A0008777,C008067,Salary,Dormant,32956.66,2021-12-18
A0008778,C008068,Savings,Active,8319.1,2018-01-05
A0008779,C008069,Salary,Active,99423.71,2023-03-26
A0008780,C008070,Current,Active,7964.81,2023-08-23
A0008781,C008071,Salary,Active,18404.74,2024-11-30
A0008782,C008072,Premium,Closed,679990.01,2018-10-17
A0008783,C008074,Current,Active,22979.01,2018-02-04
A0008784,C008075,Salary,Active,67727.19,2019-03-08
A0008785,C008076,Savings,Active,27924.94,2024-08-30
A0008786,C008078,Current,Closed,16073.98,2021-06-22
A0008787,C008079,Salary,Active,17706.05,2024-11-30
A0008788,C008080,Current,Active,7539.63,2024-11-30
A0008789,C008080,Savings,Active,5581.29,2024-11-30
A0008790,C008081,Current,Active,150789.26,2019-05-13
A0008791,C008082,Savings,Active,83135.98,2022-11-01
A0008792,C008083,Premium,Active,985662.67,2021-04-12
A0008793,C008084,Current,Active,32666.86,2024-11-30
A0008794,C008085,Salary,Active,65326.96,2021-09-23
A0008795,C008086,Salary,Active,21880.07,2021-12-11
A0008796,C008087,Salary,Active,37604.93,2019-06-25
A0008797,C008088,Salary,Active,177065.18,2019-12-12
A0008798,C008089,Savings,Active,24622.79,2024-11-30
A0008799,C008089,Savings,Dormant,41711.77,2022-10-03
A0008800,C008091,Premium,Active,51720.49,2016-10-19
A0008801,C008092,Savings,Active,61963.91,2020-02-24
A0008802,C008093,Savings,Active,30883.59,2017-03-16
A0008803,C008093,Savings,Active,41506.34,2018-09-27
A0008804,C008094,Current,Active,40985.27,2023-02-20
A0008805,C008094,Savings,Active,76491.6,2022-11-04
A0008806,C008095,Current,Active,48167.98,2023-10-19
A0008807,C008096,Savings,Active,37083.13,2019-04-25
A0008808,C008097,Premium,Active,40431.08,2019-04-28
A0008809,C008098,Savings,Active,41425.12,2020-07-23
A0008810,C008098,Savings,Active,86059.34,2019-12-31
A0008811,C008099,Savings,Active,108276.21,2024-03-07
A0008812,C008101,Salary,Active,5055.65,2021-06-20
A0008813,C008103,Savings,Active,21098.74,2017-03-11
A0008814,C008104,Savings,Active,21257.04,2021-04-06
A0008815,C008105,Savings,Active,24561.97,2017-08-13
A0008816,C008106,Savings,Active,89579.58,2024-11-30
A0008817,C008107,Current,Active,45184.4,2022-12-06
A0008818,C008107,Savings,Active,19047.94,2021-01-11
A0008819,C008109,Current,Active,34512.13,2024-11-18
A0008820,C008110,Savings,Active,85556.72,2021-02-09
A0008821,C008110,Savings,Active,165236.78,2018-06-17
A0008822,C008111,Current,Active,14500.78,2020-07-24
A0008823,C008112,Savings,Active,129023.92,2017-11-16
A0008824,C008112,Salary,Active,94527.31,2018-03-05
A0008825,C008113,Salary,Active,49658.24,2016-10-21
A0008826,C008113,Savings,Active,10896.76,2016-08-04
A0008827,C008114,Salary,Active,20272.03,2024-11-27
A0008828,C008115,Current,Active,24611.96,2024-11-30
A0008829,C008118,Current,Dormant,8569.0,2020-12-15
A0008830,C008119,Savings,Active,26790.4,2023-01-02
A0008831,C008119,Current,Active,11475.77,2024-11-30
A0008832,C008120,Premium,Active,25446.86,2017-03-26
A0008833,C008120,Savings,Active,136204.95,2018-12-21
A0008834,C008121,Savings,Active,96626.41,2021-02-03
A0008835,C008121,Savings,Active,42484.8,2022-05-04
A0008836,C008122,Current,Active,23281.03,2024-07-21
A0008837,C008123,Current,Active,40623.37,2019-01-04
A0008838,C008124,Salary,Active,77919.89,2021-08-22
A0008839,C008125,Salary,Active,43104.61,2022-10-31
A0008840,C008125,Savings,Active,43665.08,2022-07-10
A0008841,C008126,Premium,Active,90029.47,2024-11-30
A0008842,C008126,Salary,Dormant,41129.83,2024-08-07
A0008843,C008127,Savings,Active,27278.46,2023-05-13
A0008844,C008127,Salary,Active,31930.52,2024-11-30
A0008845,C008129,Savings,Dormant,72396.05,2019-11-12
A0008846,C008130,Savings,Dormant,110700.26,2023-11-29
A0008847,C008130,Savings,Active,40549.5,2024-11-30
A0008848,C008132,Savings,Active,26658.18,2023-10-04
A0008849,C008133,Current,Active,45149.53,2018-02-15
A0008850,C008133,Savings,Active,62280.13,2020-08-09
A0008851,C008134,Current,Active,16015.84,2016-12-13
A0008852,C008135,Salary,Active,15977.64,2016-07-16
A0008853,C008136,Savings,Active,10312.01,2019-04-20
A0008854,C008137,Savings,Active,50471.04,2019-03-06
A0008855,C008139,Savings,Active,16167.45,2024-11-30
A0008856,C008139,Salary,Active,21995.13,2024-09-20
A0008857,C008140,Savings,Active,37476.97,2024-11-30
A0008858,C008140,Current,Active,77727.68,2024-11-30
A0008859,C008141,Salary,Active,74792.62,2024-11-30
A0008860,C008142,Savings,Closed,14081.73,2022-09-13
A0008861,C008143,Premium,Active,221182.53,2021-11-17
A0008862,C008144,Savings,Active,20866.53,2019-01-26
A0008863,C008145,Savings,Active,23482.79,2021-05-31
A0008864,C008146,Savings,Active,13395.62,2024-11-30
A0008865,C008147,Salary,Active,76376.0,2022-12-22
A0008866,C008148,Savings,Active,142505.0,2023-10-24
A0008867,C008149,Savings,Active,56414.49,2017-03-29
A0008868,C008150,Savings,Active,222699.68,2019-03-31
A0008869,C008151,Salary,Active,98195.76,2019-01-14
A0008870,C008151,Salary,Active,40902.09,2016-05-30
A0008871,C008152,Current,Dormant,14773.49,2016-09-18
A0008872,C008152,Current,Active,30071.66,2017-02-27
A0008873,C008153,Savings,Active,20940.16,2018-06-09
A0008874,C008155,Savings,Active,105318.29,2020-07-29
A0008875,C008155,Current,Active,79423.67,2021-09-02
A0008876,C008156,Salary,Active,26754.02,2020-03-01
A0008877,C008158,Salary,Active,17070.72,2024-11-30
A0008878,C008159,Salary,Active,196253.67,2019-04-11
A0008879,C008159,Savings,Active,261878.25,2019-06-01
A0008880,C008161,Savings,Active,73947.47,2019-12-13
A0008881,C008163,Savings,Dormant,34611.26,2024-11-30
A0008882,C008164,Current,Active,22415.95,2021-10-28
A0008883,C008164,Salary,Active,8259.94,2019-08-28
A0008884,C008165,Salary,Active,54987.44,2023-08-04
A0008885,C008166,Salary,Active,38213.4,2023-06-29
A0008886,C008168,Salary,Active,81587.44,2020-07-22
A0008887,C008168,Salary,Active,24426.76,2019-03-21
A0008888,C008169,Savings,Active,81443.29,2019-01-22
A0008889,C008170,Current,Active,146234.33,2024-10-26
A0008890,C008172,Savings,Active,23619.42,2024-10-07
A0008891,C008173,Savings,Active,109614.67,2020-12-08
A0008892,C008174,Savings,Active,295903.2,2022-02-19
A0008893,C008174,Premium,Active,828307.18,2022-05-03
A0008894,C008175,Savings,Active,67065.52,2018-10-11
A0008895,C008175,Salary,Active,52246.06,2019-02-11
A0008896,C008176,Current,Active,20228.75,2020-01-21
A0008897,C008177,Savings,Active,37402.11,2022-05-11
A0008898,C008177,Savings,Closed,18495.34,2020-06-29
A0008899,C008178,Current,Active,29645.77,2022-09-10
A0008900,C008180,Savings,Active,5924.18,2018-04-23
A0008901,C008181,Savings,Active,32442.22,2019-12-16
A0008902,C008181,Premium,Active,196388.14,2018-02-02
A0008903,C008182,Savings,Active,17935.98,2024-06-24
A0008904,C008182,Savings,Active,20844.67,2024-11-30
A0008905,C008183,Savings,Active,28350.43,2021-01-15
A0008906,C008185,Current,Active,32923.27,2021-07-24
A0008907,C008185,Salary,Active,56289.98,2019-01-19
A0008908,C008186,Savings,Active,19038.3,2020-06-28
A0008909,C008186,Current,Active,23439.74,2023-01-06
A0008910,C008187,Savings,Active,14973.46,2017-04-27
A0008911,C008187,Savings,Active,22936.56,2019-02-25
A0008912,C008188,Savings,Active,37576.63,2017-02-05
A0008913,C008188,Savings,Active,63392.11,2018-11-18
A0008914,C008189,Salary,Active,114774.51,2018-12-14
A0008915,C008189,Salary,Active,108202.46,2020-05-16
A0008916,C008190,Current,Active,76910.34,2018-07-05
A0008917,C008191,Salary,Active,352978.27,2022-05-17
A0008918,C008191,Salary,Active,186027.99,2024-08-24
A0008919,C008192,Salary,Closed,15930.6,2021-11-25
A0008920,C008193,Savings,Active,21512.45,2024-01-11
A0008921,C008193,Current,Active,27914.28,2024-11-30
A0008922,C008194,Current,Active,59303.95,2020-12-30
A0008923,C008194,Savings,Active,42279.92,2022-09-06
A0008924,C008195,Salary,Active,7735.92,2018-08-08
A0008925,C008196,Salary,Active,6030.38,2024-11-30
A0008926,C008197,Current,Active,8263.94,2022-09-16
A0008927,C008197,Salary,Active,41802.61,2023-12-27
A0008928,C008198,Savings,Active,2257.64,2018-11-10
A0008929,C008199,Savings,Active,17606.41,2021-05-15
A0008930,C008199,Savings,Active,7568.72,2022-08-12
A0008931,C008200,Savings,Active,28815.88,2024-05-08
A0008932,C008200,Savings,Active,5400.99,2023-05-09
A0008933,C008201,Salary,Active,168292.25,2018-12-01
A0008934,C008202,Salary,Active,10363.6,2017-09-18
A0008935,C008202,Savings,Active,15582.92,2018-10-22
A0008936,C008203,Salary,Active,33060.61,2024-11-30
A0008937,C008204,Savings,Active,24425.09,2022-07-10
A0008938,C008205,Current,Active,14477.8,2024-11-30
A0008939,C008206,Savings,Active,19070.81,2024-11-30
A0008940,C008206,Savings,Active,9330.32,2024-11-30
A0008941,C008207,Savings,Active,39079.39,2018-05-10
A0008942,C008207,Savings,Active,11336.74,2021-11-09
A0008943,C008208,Savings,Active,10152.94,2022-08-31
A0008944,C008209,Savings,Active,13164.2,2024-09-12
A0008945,C008211,Savings,Active,26606.94,2021-08-30
A0008946,C008212,Premium,Dormant,243663.32,2019-04-08
A0008947,C008214,Current,Dormant,5578.06,2018-04-15
A0008948,C008214,Salary,Active,9556.81,2019-02-04
A0008949,C008215,Savings,Active,57816.61,2016-11-19
A0008950,C008215,Savings,Active,53559.75,2018-01-12
A0008951,C008216,Savings,Active,37810.27,2024-11-30
A0008952,C008218,Salary,Active,26277.57,2018-07-09
A0008953,C008218,Current,Dormant,40499.77,2016-12-01
A0008954,C008219,Premium,Active,74233.43,2023-10-07
A0008955,C008219,Current,Closed,19574.46,2022-01-22
A0008956,C008221,Current,Dormant,38963.33,2018-12-18
A0008957,C008222,Savings,Active,21633.18,2019-08-30
A0008958,C008223,Savings,Active,19311.51,2023-02-10
A0008959,C008223,Current,Active,23492.13,2023-09-20
A0008960,C008224,Savings,Active,27766.67,2019-09-23
A0008961,C008224,Salary,Active,87606.08,2017-03-22
A0008962,C008225,Savings,Active,26271.02,2016-12-10
A0008963,C008226,Current,Active,77285.05,2020-12-07
A0008964,C008226,Current,Active,88964.27,2021-11-13
A0008965,C008227,Salary,Active,65086.75,2023-05-31
A0008966,C008228,Savings,Active,15572.16,2022-08-05
A0008967,C008228,Savings,Active,23425.02,2022-04-07
A0008968,C008229,Savings,Active,50568.59,2017-12-08
A0008969,C008230,Salary,Active,141083.34,2021-08-03
A0008970,C008230,Savings,Active,66893.66,2019-10-21
A0008971,C008231,Savings,Dormant,33151.72,2022-06-15
A0008972,C008231,Current,Active,32846.56,2024-11-30
A0008973,C008232,Salary,Active,25679.22,2023-04-02
A0008974,C008232,Savings,Active,11528.35,2022-05-16
A0008975,C008233,Savings,Active,30974.66,2017-07-24
A0008976,C008234,Salary,Active,73778.1,2024-11-30
A0008977,C008234,Savings,Active,52492.19,2023-01-30
A0008978,C008236,Premium,Active,221647.1,2024-01-26
A0008979,C008237,Savings,Active,32446.05,2016-12-12
A0008980,C008238,Savings,Active,10819.23,2022-04-21
A0008981,C008240,Savings,Active,13002.16,2016-12-31
A0008982,C008240,Savings,Active,56151.01,2018-09-27
A0008983,C008241,Current,Active,17684.95,2018-09-19
A0008984,C008242,Salary,Active,74193.85,2024-11-01
A0008985,C008243,Salary,Active,25061.68,2019-01-25
A0008986,C008244,Current,Active,12901.37,2017-09-07
A0008987,C008245,Premium,Active,51921.27,2024-11-30
A0008988,C008246,Premium,Active,214947.37,2019-11-23
A0008989,C008248,Salary,Active,48957.11,2022-05-03
A0008990,C008250,Premium,Active,311939.4,2019-02-06
A0008991,C008251,Salary,Active,42294.26,2024-09-29
A0008992,C008252,Savings,Active,30304.61,2017-06-12
A0008993,C008255,Current,Active,35522.86,2022-05-15
A0008994,C008255,Savings,Active,11787.49,2024-02-16
A0008995,C008256,Current,Active,11792.94,2018-06-17
A0008996,C008257,Premium,Active,23893.3,2019-05-12
A0008997,C008257,Current,Active,9918.1,2019-03-27
A0008998,C008259,Savings,Active,22871.59,2023-06-23
A0008999,C008259,Savings,Active,28552.48,2024-11-30
A0009000,C008260,Salary,Active,62691.04,2023-05-16
A0009001,C008260,Savings,Active,81286.64,2022-11-26
A0009002,C008261,Savings,Active,31139.82,2019-04-27
A0009003,C008262,Salary,Active,1912.46,2016-03-08
A0009004,C008263,Current,Active,30858.33,2021-10-20
A0009005,C008264,Current,Active,55674.62,2024-11-30
A0009006,C008265,Current,Dormant,65190.67,2024-04-14
A0009007,C008266,Current,Active,39768.2,2019-01-17
A0009008,C008267,Savings,Active,60067.7,2022-08-05
A0009009,C008267,Savings,Closed,15245.97,2024-04-01
A0009010,C008268,Savings,Active,18176.94,2020-10-06
A0009011,C008269,Savings,Active,13611.35,2020-08-25
A0009012,C008271,Savings,Active,43538.21,2016-04-23
A0009013,C008272,Savings,Active,533116.16,2017-10-12
A0009014,C008273,Current,Active,25820.76,2020-12-22
A0009015,C008275,Savings,Active,42281.6,2021-04-04
A0009016,C008276,Savings,Active,58896.57,2024-11-30
A0009017,C008277,Current,Closed,6872.17,2019-07-05
A0009018,C008278,Savings,Active,4025.83,2024-04-26
A0009019,C008278,Savings,Active,5109.1,2024-10-01
A0009020,C008279,Savings,Active,20758.39,2022-10-14
A0009021,C008279,Current,Active,20109.39,2024-05-05
A0009022,C008280,Current,Active,4655.75,2017-04-24
A0009023,C008280,Savings,Active,4107.44,2018-12-06
A0009024,C008281,Premium,Active,99647.51,2019-01-26
A0009025,C008282,Savings,Active,35090.08,2020-01-12
A0009026,C008282,Salary,Active,65976.83,2017-02-10
A0009027,C008283,Current,Active,56523.61,2024-11-30
A0009028,C008284,Current,Active,100744.04,2022-05-12
A0009029,C008286,Salary,Active,14335.43,2019-12-20
A0009030,C008288,Current,Active,122686.87,2020-02-02
A0009031,C008290,Current,Active,5356.15,2020-06-28
A0009032,C008290,Savings,Active,11752.81,2021-03-06
A0009033,C008291,Savings,Active,34528.37,2017-08-22
A0009034,C008291,Savings,Active,41742.89,2015-09-09
A0009035,C008292,Savings,Active,29823.16,2022-06-28
A0009036,C008293,Savings,Active,198761.63,2021-05-02
A0009037,C008293,Savings,Active,55664.71,2021-06-02
A0009038,C008294,Salary,Active,5391.79,2019-08-23
A0009039,C008295,Savings,Closed,282951.69,2024-02-27
A0009040,C008296,Current,Active,4644.66,2017-07-24
A0009041,C008297,Current,Active,10516.05,2024-11-30
A0009042,C008298,Savings,Active,49079.2,2022-01-11
A0009043,C008300,Savings,Active,16403.78,2024-11-30
A0009044,C008301,Savings,Closed,98135.5,2024-11-30
A0009045,C008303,Savings,Active,9218.0,2020-01-07
A0009046,C008304,Savings,Active,38833.71,2024-11-30
A0009047,C008305,Salary,Dormant,19629.88,2022-04-21
A0009048,C008306,Savings,Active,271226.28,2020-07-26
A0009049,C008308,Current,Closed,6320.31,2022-08-17
A0009050,C008309,Savings,Active,66176.42,2018-05-04
A0009051,C008310,Current,Closed,20388.49,2019-03-14
A0009052,C008311,Salary,Active,141220.1,2018-04-19
A0009053,C008312,Current,Active,36453.79,2020-09-19
A0009054,C008313,Current,Active,67227.27,2023-06-12
A0009055,C008314,Savings,Active,125542.62,2022-07-07
A0009056,C008314,Savings,Active,138497.84,2021-05-05
A0009057,C008316,Current,Active,50960.58,2021-03-22
A0009058,C008317,Savings,Active,18290.45,2021-11-11
A0009059,C008318,Savings,Active,277266.57,2024-09-09
A0009060,C008318,Current,Active,1042245.24,2023-03-29
A0009061,C008319,Current,Active,10491.19,2022-04-10
A0009062,C008319,Current,Active,22131.89,2022-01-07
A0009063,C008320,Salary,Active,31882.87,2024-07-20
A0009064,C008320,Savings,Active,15105.96,2024-11-30
A0009065,C008321,Salary,Active,192316.7,2022-06-08
A0009066,C008321,Savings,Active,120445.06,2021-03-23
A0009067,C008322,Salary,Active,62483.14,2017-02-10
A0009068,C008324,Savings,Active,44716.16,2024-02-21
A0009069,C008325,Current,Active,43094.6,2017-08-30
A0009070,C008326,Savings,Active,9712.71,2020-01-21
A0009071,C008328,Premium,Active,39267.41,2024-11-30
A0009072,C008329,Current,Closed,5571.42,2019-02-03
A0009073,C008330,Savings,Active,13754.76,2022-07-17
A0009074,C008330,Current,Dormant,25388.1,2023-12-14
A0009075,C008331,Current,Active,26970.45,2017-08-02
A0009076,C008331,Savings,Active,27708.75,2018-03-10
A0009077,C008332,Savings,Active,61142.12,2024-11-30
A0009078,C008333,Savings,Active,20066.45,2017-07-24
A0009079,C008335,Savings,Active,7112.33,2021-03-03
A0009080,C008336,Savings,Active,6939.56,2017-06-08
A0009081,C008337,Premium,Active,27949.43,2023-11-17
A0009082,C008338,Current,Active,28142.26,2022-08-28
A0009083,C008339,Current,Active,29143.67,2017-09-21
A0009084,C008340,Salary,Active,10613.42,2019-12-31
A0009085,C008341,Savings,Active,12544.18,2024-11-30
A0009086,C008342,Savings,Active,58468.22,2018-07-01
A0009087,C008343,Savings,Active,28155.42,2019-11-10
A0009088,C008344,Premium,Active,83558.57,2016-10-10
A0009089,C008345,Savings,Closed,15684.03,2023-11-13
A0009090,C008346,Salary,Active,20156.07,2015-12-31
A0009091,C008348,Current,Dormant,91091.51,2019-07-02
A0009092,C008348,Savings,Active,33353.35,2017-03-02
A0009093,C008349,Savings,Active,10372.05,2024-05-17
A0009094,C008350,Savings,Active,24722.4,2019-03-25
A0009095,C008351,Savings,Active,24005.42,2017-03-15
A0009096,C008352,Salary,Active,101585.97,2018-11-18
A0009097,C008352,Current,Active,17968.75,2016-11-01
A0009098,C008353,Premium,Active,29215.32,2020-03-09
A0009099,C008354,Current,Active,30637.44,2021-09-03
A0009100,C008354,Current,Active,2862.01,2023-12-23
A0009101,C008355,Savings,Active,63197.37,2024-11-30
A0009102,C008357,Current,Active,23927.04,2022-11-28
A0009103,C008359,Savings,Active,32605.5,2020-10-07
A0009104,C008360,Savings,Active,39608.73,2017-01-13
A0009105,C008360,Savings,Active,34912.71,2017-02-27
A0009106,C008361,Savings,Active,43168.75,2017-02-22
A0009107,C008362,Savings,Active,88819.26,2024-11-30
A0009108,C008363,Savings,Active,40880.26,2024-11-30
A0009109,C008364,Salary,Active,70245.63,2024-11-30
A0009110,C008365,Savings,Active,16298.91,2018-05-12
A0009111,C008366,Premium,Active,73352.62,2017-04-30
A0009112,C008367,Salary,Active,361814.92,2024-11-30
A0009113,C008368,Current,Active,7107.8,2024-11-30
A0009114,C008369,Current,Active,24364.51,2021-03-11
A0009115,C008369,Salary,Active,23267.45,2019-12-02
A0009116,C008370,Salary,Active,99007.91,2024-11-30
A0009117,C008371,Salary,Dormant,64397.15,2021-01-29
A0009118,C008372,Current,Active,10358.72,2024-04-12
A0009119,C008373,Premium,Active,1426441.82,2019-07-29
A0009120,C008374,Current,Active,58820.63,2020-06-18
A0009121,C008375,Current,Active,15862.77,2018-11-26
A0009122,C008376,Savings,Active,32397.18,2022-06-18
A0009123,C008376,Premium,Active,87401.25,2024-07-11
A0009124,C008377,Savings,Active,76404.06,2017-10-19
A0009125,C008378,Salary,Active,59696.13,2024-11-30
A0009126,C008379,Salary,Active,103311.82,2020-03-11
A0009127,C008379,Current,Active,10109.52,2021-01-04
A0009128,C008380,Current,Active,337846.99,2022-08-31
A0009129,C008380,Savings,Active,163482.35,2024-11-30
A0009130,C008381,Current,Dormant,18727.29,2023-06-26
A0009131,C008382,Savings,Active,73908.95,2024-11-30
A0009132,C008384,Current,Active,39005.17,2020-09-16
A0009133,C008385,Current,Active,21827.64,2022-11-24
A0009134,C008386,Savings,Active,10777.47,2021-02-05
A0009135,C008388,Salary,Active,35791.97,2021-12-26
A0009136,C008389,Salary,Active,81721.0,2024-11-30
A0009137,C008390,Current,Active,78027.32,2023-11-19
A0009138,C008390,Salary,Active,121933.22,2024-05-31
A0009139,C008391,Savings,Active,41259.7,2024-04-12
A0009140,C008391,Salary,Active,66308.16,2022-03-22
A0009141,C008392,Savings,Active,98465.73,2017-12-24
A0009142,C008392,Savings,Active,23057.44,2017-12-14
A0009143,C008394,Savings,Active,112296.5,2022-03-29
A0009144,C008395,Salary,Active,49643.01,2023-01-22
A0009145,C008395,Savings,Active,18589.48,2021-11-16
A0009146,C008396,Salary,Active,58338.87,2024-01-06
A0009147,C008396,Premium,Active,149702.95,2024-11-30
A0009148,C008398,Savings,Dormant,51367.56,2024-01-16
A0009149,C008399,Current,Dormant,33168.13,2024-10-04
A0009150,C008400,Savings,Active,39340.39,2019-01-16
A0009151,C008401,Salary,Active,54860.06,2024-11-30
A0009152,C008401,Savings,Active,88975.94,2024-11-30
A0009153,C008402,Savings,Active,16752.05,2023-12-14
A0009154,C008403,Salary,Dormant,40858.95,2022-09-27
A0009155,C008404,Savings,Dormant,35546.84,2024-09-23
A0009156,C008404,Current,Active,50098.08,2022-12-17
A0009157,C008405,Salary,Active,11646.28,2023-09-15
A0009158,C008407,Savings,Active,10501.27,2022-11-15
A0009159,C008407,Savings,Active,27603.8,2021-10-21
A0009160,C008408,Savings,Dormant,28971.26,2019-07-11
A0009161,C008410,Savings,Active,80470.7,2023-03-04
A0009162,C008410,Savings,Dormant,20318.78,2022-01-31
A0009163,C008411,Savings,Active,93508.16,2017-12-26
A0009164,C008412,Savings,Active,54949.74,2020-01-16
A0009165,C008413,Current,Closed,93321.83,2016-01-13
A0009166,C008416,Current,Active,12526.95,2022-08-06
A0009167,C008417,Premium,Active,49822.1,2024-11-22
A0009168,C008417,Salary,Closed,40486.14,2022-01-20
A0009169,C008419,Savings,Active,86220.23,2019-10-25
A0009170,C008420,Salary,Active,10801.1,2023-02-14
A0009171,C008421,Savings,Active,20441.72,2020-01-03
A0009172,C008422,Premium,Active,92381.43,2018-02-01
A0009173,C008422,Savings,Active,75783.76,2018-11-25
A0009174,C008426,Current,Active,17551.72,2024-11-30
A0009175,C008427,Savings,Active,170177.04,2017-09-28
A0009176,C008429,Savings,Active,10533.57,2024-10-31
A0009177,C008430,Savings,Active,73804.83,2016-10-14
A0009178,C008430,Current,Active,57066.39,2016-12-27
A0009179,C008431,Savings,Active,107944.54,2024-11-30
A0009180,C008431,Salary,Active,68356.14,2024-11-30
A0009181,C008432,Savings,Dormant,144920.61,2020-12-30
A0009182,C008433,Premium,Active,47540.12,2015-11-18
A0009183,C008433,Savings,Active,18348.43,2016-03-07
A0009184,C008435,Savings,Active,270702.11,2024-11-30
A0009185,C008436,Savings,Active,61661.69,2021-03-16
A0009186,C008436,Savings,Active,92832.36,2023-06-06
A0009187,C008437,Savings,Active,14484.16,2024-11-30
A0009188,C008438,Savings,Active,126716.79,2020-09-24
A0009189,C008438,Savings,Active,42752.54,2017-03-15
A0009190,C008439,Salary,Active,13937.52,2024-11-30
A0009191,C008440,Savings,Closed,114029.51,2023-07-28
A0009192,C008441,Salary,Active,448338.15,2024-11-30
A0009193,C008442,Salary,Active,17401.23,2017-05-15
A0009194,C008443,Savings,Active,39733.05,2018-06-10
A0009195,C008444,Savings,Active,8182.26,2017-01-04
A0009196,C008444,Salary,Active,26541.76,2016-08-31
A0009197,C008446,Savings,Active,35250.8,2018-03-19
A0009198,C008447,Savings,Active,52705.37,2021-05-12
A0009199,C008448,Savings,Active,20463.16,2023-03-01
A0009200,C008448,Premium,Active,33779.86,2023-03-21
A0009201,C008449,Salary,Active,44460.59,2020-07-31
A0009202,C008450,Savings,Dormant,48116.06,2024-10-03
A0009203,C008451,Salary,Active,16632.1,2024-05-03
A0009204,C008451,Salary,Dormant,39080.17,2022-11-26
A0009205,C008452,Salary,Active,120525.08,2018-08-04
A0009206,C008452,Salary,Active,169209.04,2020-02-18
A0009207,C008453,Savings,Active,39173.76,2019-09-03
A0009208,C008454,Savings,Active,256577.96,2020-05-27
A0009209,C008454,Salary,Active,150615.09,2018-11-11
A0009210,C008457,Salary,Active,27897.15,2020-07-04
A0009211,C008457,Savings,Active,36463.21,2023-07-09
A0009212,C008458,Salary,Active,30480.61,2020-06-16
A0009213,C008459,Current,Active,53306.08,2022-11-19
A0009214,C008461,Current,Active,30874.63,2024-03-31
A0009215,C008462,Salary,Dormant,33025.1,2024-11-30
A0009216,C008463,Savings,Active,24461.58,2023-12-23
A0009217,C008464,Salary,Active,28486.66,2024-04-01
A0009218,C008464,Salary,Active,29012.8,2023-12-07
A0009219,C008465,Salary,Active,15498.3,2023-12-10
A0009220,C008467,Savings,Active,22241.3,2018-06-19
A0009221,C008468,Savings,Active,70063.98,2018-08-09
A0009222,C008469,Current,Active,24426.92,2020-08-19
A0009223,C008469,Salary,Active,64491.77,2020-10-30
A0009224,C008470,Current,Active,48707.69,2022-01-12
A0009225,C008471,Premium,Closed,134278.44,2017-12-01
A0009226,C008471,Savings,Active,82663.81,2020-05-29
A0009227,C008472,Savings,Dormant,261943.26,2020-04-28
A0009228,C008474,Savings,Active,46662.75,2019-01-11
A0009229,C008475,Current,Active,26688.1,2023-01-30
A0009230,C008476,Current,Active,13882.13,2019-10-13
A0009231,C008477,Savings,Active,87011.29,2022-12-10
A0009232,C008477,Current,Active,27386.38,2023-04-09
A0009233,C008478,Savings,Active,76746.75,2019-05-22
A0009234,C008479,Salary,Active,63306.27,2020-05-15
A0009235,C008480,Savings,Active,43436.97,2018-05-21
A0009236,C008481,Current,Active,14143.24,2018-03-12
A0009237,C008481,Savings,Active,49927.56,2019-12-21
A0009238,C008483,Savings,Active,42636.96,2024-11-30
A0009239,C008485,Salary,Active,90801.21,2024-03-29
A0009240,C008485,Salary,Active,38022.33,2024-04-01
A0009241,C008486,Savings,Active,31624.96,2024-11-30
A0009242,C008487,Salary,Dormant,145213.14,2024-01-19
A0009243,C008487,Savings,Active,73267.74,2022-05-28
A0009244,C008488,Salary,Active,24210.93,2023-04-12
A0009245,C008489,Premium,Active,255441.7,2021-05-22
A0009246,C008490,Salary,Active,48759.26,2024-11-30
A0009247,C008492,Salary,Active,167211.99,2021-02-16
A0009248,C008492,Current,Active,52408.05,2022-02-03
A0009249,C008493,Savings,Active,111048.85,2024-07-30
A0009250,C008495,Salary,Active,22792.7,2018-12-06
A0009251,C008495,Savings,Active,17176.55,2017-03-28
A0009252,C008496,Savings,Active,42171.34,2020-04-16
A0009253,C008497,Salary,Active,9068.34,2022-12-31
A0009254,C008497,Savings,Active,37639.95,2024-11-30
A0009255,C008498,Savings,Dormant,53034.8,2022-09-06
A0009256,C008498,Savings,Active,62927.32,2020-05-23
A0009257,C008499,Current,Active,76423.65,2023-12-17
A0009258,C008499,Premium,Active,215677.79,2024-11-30
A0009259,C008500,Salary,Closed,179472.5,2021-05-09
A0009260,C008502,Savings,Dormant,28113.35,2024-11-16
A0009261,C008502,Savings,Active,39271.6,2024-11-30
A0009262,C008503,Premium,Active,142447.98,2021-12-04
A0009263,C008504,Current,Active,12148.06,2022-05-29
A0009264,C008505,Savings,Active,26615.27,2017-03-08
A0009265,C008505,Salary,Active,56789.03,2015-10-27
A0009266,C008506,Current,Active,20419.45,2024-05-20
A0009267,C008506,Current,Active,10358.61,2023-07-06
A0009268,C008507,Savings,Active,54308.6,2021-11-27
A0009269,C008507,Savings,Active,166944.56,2024-08-01
A0009270,C008509,Salary,Active,19694.32,2023-07-08
A0009271,C008510,Current,Active,206854.33,2020-05-12
A0009272,C008511,Current,Dormant,106953.95,2018-07-16
A0009273,C008512,Salary,Active,33902.08,2024-11-30
A0009274,C008513,Savings,Active,300912.87,2015-11-14
A0009275,C008513,Salary,Active,595813.11,2018-11-08
A0009276,C008515,Salary,Dormant,58446.92,2019-11-09
A0009277,C008516,Current,Active,240380.37,2023-08-19
A0009278,C008517,Savings,Active,34259.13,2017-06-29
A0009279,C008519,Savings,Closed,35601.56,2021-03-17
A0009280,C008520,Savings,Active,19466.91,2024-11-30
A0009281,C008521,Premium,Active,11489.7,2019-07-19
A0009282,C008522,Salary,Active,47979.01,2016-08-30
A0009283,C008524,Savings,Active,17116.69,2024-08-27
A0009284,C008525,Savings,Closed,65596.96,2023-07-09
A0009285,C008526,Savings,Active,6036.28,2023-06-28
A0009286,C008527,Current,Closed,22093.8,2020-07-25
A0009287,C008528,Current,Active,20824.45,2023-12-05
A0009288,C008528,Savings,Active,60375.4,2024-11-30
A0009289,C008529,Salary,Active,55554.56,2022-12-23
A0009290,C008530,Current,Active,46961.17,2017-05-07
A0009291,C008531,Savings,Active,38617.8,2022-06-02
A0009292,C008531,Current,Active,22807.26,2020-04-23
A0009293,C008536,Savings,Active,57436.59,2023-01-20
A0009294,C008537,Savings,Active,25048.29,2021-09-13
A0009295,C008538,Current,Active,13297.46,2024-11-30
A0009296,C008539,Current,Active,28116.64,2020-03-01
A0009297,C008539,Savings,Active,46048.56,2021-09-25
A0009298,C008540,Savings,Active,10374.62,2020-11-06
A0009299,C008541,Current,Active,8380.43,2023-03-26
A0009300,C008541,Current,Active,49696.71,2023-10-07
A0009301,C008542,Current,Active,45849.52,2019-05-30
A0009302,C008543,Current,Active,39868.35,2019-08-19
A0009303,C008544,Salary,Active,31491.89,2017-05-13
A0009304,C008545,Current,Active,19240.52,2024-11-30
A0009305,C008546,Savings,Active,77523.68,2019-07-13
A0009306,C008546,Salary,Active,56829.04,2022-06-22
A0009307,C008547,Current,Active,51011.89,2024-11-30
A0009308,C008548,Salary,Active,33598.09,2021-07-26
A0009309,C008549,Premium,Active,45580.66,2022-10-26
A0009310,C008550,Current,Dormant,15860.88,2020-02-16
A0009311,C008551,Current,Active,12388.13,2024-11-30
A0009312,C008551,Current,Active,37974.1,2024-11-30
A0009313,C008552,Savings,Active,18862.94,2018-07-22
A0009314,C008553,Current,Dormant,41800.57,2020-11-02
A0009315,C008553,Current,Active,46056.51,2021-01-15
A0009316,C008555,Current,Active,16272.73,2023-07-19
A0009317,C008556,Current,Active,196858.02,2022-10-13
A0009318,C008557,Savings,Active,162190.19,2022-08-05
A0009319,C008558,Savings,Active,42970.06,2021-10-09
A0009320,C008559,Salary,Active,10749.06,2018-03-06
A0009321,C008561,Current,Active,26636.37,2022-04-23
A0009322,C008562,Current,Active,22312.53,2022-11-26
A0009323,C008562,Current,Active,11104.31,2024-11-01
A0009324,C008564,Current,Closed,21115.86,2018-06-20
A0009325,C008565,Savings,Active,163122.49,2019-07-23
A0009326,C008566,Savings,Dormant,75869.39,2015-11-17
A0009327,C008567,Premium,Closed,26850.7,2022-02-26
A0009328,C008568,Current,Active,28593.71,2024-11-30
A0009329,C008568,Savings,Active,5628.18,2024-02-20
A0009330,C008569,Savings,Active,102716.37,2023-05-21
A0009331,C008569,Salary,Active,58833.98,2024-11-30
A0009332,C008570,Savings,Active,15315.93,2024-11-30
A0009333,C008571,Savings,Active,42523.28,2018-11-02
A0009334,C008572,Current,Active,52186.74,2017-05-23
A0009335,C008573,Savings,Active,26548.64,2024-07-14
A0009336,C008575,Savings,Active,23116.93,2019-10-15
A0009337,C008576,Salary,Active,68617.32,2020-11-11
A0009338,C008576,Current,Active,84913.6,2022-11-10
A0009339,C008577,Savings,Active,103594.04,2024-03-07
A0009340,C008577,Salary,Dormant,215615.8,2024-10-28
A0009341,C008578,Savings,Active,78175.79,2024-11-30
A0009342,C008579,Current,Active,593591.64,2019-07-06
A0009343,C008580,Salary,Active,38730.88,2022-11-23
A0009344,C008581,Savings,Active,37300.83,2019-02-07
A0009345,C008582,Salary,Active,23584.82,2023-11-21
A0009346,C008582,Savings,Active,7698.93,2023-11-03
A0009347,C008583,Current,Active,24732.66,2016-10-05
A0009348,C008583,Savings,Active,12047.58,2019-06-02
A0009349,C008584,Savings,Active,789103.51,2016-10-05
A0009350,C008584,Savings,Dormant,478033.36,2019-10-20
A0009351,C008585,Salary,Active,66198.07,2019-06-21
A0009352,C008585,Salary,Active,97929.53,2021-07-05
A0009353,C008586,Current,Active,7436.4,2024-11-30
A0009354,C008586,Salary,Closed,56276.47,2024-09-12
A0009355,C008587,Savings,Active,24842.46,2016-09-06
A0009356,C008588,Savings,Active,24857.36,2019-07-04
A0009357,C008590,Current,Active,21901.61,2015-04-29
A0009358,C008591,Savings,Active,18424.09,2017-09-21
A0009359,C008591,Current,Active,6280.2,2017-11-08
A0009360,C008592,Savings,Active,49422.04,2024-04-17
A0009361,C008592,Current,Active,29459.43,2021-07-23
A0009362,C008593,Salary,Active,20308.35,2024-09-04
A0009363,C008594,Salary,Active,48633.27,2015-10-08
A0009364,C008596,Savings,Active,27517.67,2024-11-30
A0009365,C008597,Savings,Active,25705.15,2021-01-12
A0009366,C008597,Current,Active,65057.8,2020-02-16
A0009367,C008598,Salary,Active,52019.78,2021-05-16
A0009368,C008599,Current,Active,9332.37,2023-05-14
A0009369,C008599,Savings,Active,9332.32,2023-09-17
A0009370,C008600,Savings,Active,35120.83,2024-11-30
A0009371,C008601,Savings,Active,621729.48,2018-06-19
A0009372,C008602,Savings,Active,49776.62,2023-08-26
A0009373,C008603,Premium,Active,143246.06,2023-03-30
A0009374,C008605,Current,Active,23294.6,2020-04-30
A0009375,C008606,Savings,Active,8716.65,2021-11-06
A0009376,C008607,Current,Active,62199.87,2020-07-18
A0009377,C008607,Savings,Active,35344.76,2019-08-19
A0009378,C008609,Salary,Active,595989.64,2019-01-21
A0009379,C008610,Savings,Closed,15031.69,2017-06-22
A0009380,C008611,Salary,Active,179422.61,2023-02-05
A0009381,C008612,Salary,Active,101834.93,2017-08-04
A0009382,C008614,Savings,Active,172019.68,2024-09-05
A0009383,C008615,Salary,Active,77048.69,2020-12-20
A0009384,C008617,Savings,Active,12369.86,2016-01-31
A0009385,C008618,Salary,Active,50699.67,2015-10-05
A0009386,C008619,Savings,Active,24133.79,2020-01-01
A0009387,C008620,Premium,Active,54432.51,2018-12-17
A0009388,C008621,Savings,Active,24194.04,2022-09-16
A0009389,C008621,Current,Active,29777.23,2024-11-30
A0009390,C008622,Current,Active,60531.82,2017-12-01
A0009391,C008623,Savings,Active,9540.46,2024-10-30
A0009392,C008624,Savings,Active,189848.43,2021-11-26
A0009393,C008624,Salary,Active,69878.07,2022-11-26
A0009394,C008626,Current,Active,85191.19,2022-05-16
A0009395,C008627,Savings,Active,33645.83,2021-01-09
A0009396,C008628,Savings,Active,83685.33,2024-11-30
A0009397,C008630,Savings,Active,134804.22,2018-12-13
A0009398,C008631,Current,Active,21511.43,2022-08-11
A0009399,C008631,Savings,Active,25893.42,2020-07-12
A0009400,C008632,Current,Active,25572.89,2021-09-14
A0009401,C008633,Current,Active,25780.5,2024-11-30
A0009402,C008634,Salary,Active,76226.18,2024-11-30
A0009403,C008635,Savings,Active,124016.63,2023-07-14
A0009404,C008635,Savings,Active,63930.28,2021-08-22
A0009405,C008636,Salary,Active,30949.3,2018-02-28
A0009406,C008638,Savings,Active,45135.19,2022-10-08
A0009407,C008639,Salary,Active,23162.34,2020-01-26
A0009408,C008640,Salary,Active,203835.75,2022-04-30
A0009409,C008641,Salary,Active,44007.97,2022-11-03
A0009410,C008642,Savings,Active,27616.4,2023-05-08
A0009411,C008642,Savings,Active,22057.2,2024-11-30
A0009412,C008643,Current,Active,17676.46,2017-07-24
A0009413,C008644,Savings,Active,17803.78,2024-01-11
A0009414,C008646,Current,Active,56572.28,2024-01-04
A0009415,C008647,Savings,Active,31401.34,2019-02-25
A0009416,C008648,Premium,Active,404566.99,2021-09-19
A0009417,C008649,Current,Dormant,14477.3,2023-09-21
A0009418,C008649,Savings,Active,25328.81,2024-11-30
A0009419,C008650,Salary,Closed,18047.27,2024-09-30
A0009420,C008650,Savings,Active,21769.61,2024-11-03
A0009421,C008651,Savings,Active,4474.97,2019-05-19
A0009422,C008652,Savings,Active,112153.41,2024-11-30
A0009423,C008652,Salary,Active,63639.62,2024-11-30
A0009424,C008653,Salary,Active,215276.04,2024-11-30
A0009425,C008654,Salary,Closed,16038.58,2023-05-25
A0009426,C008654,Premium,Active,98049.1,2023-11-19
A0009427,C008655,Premium,Active,427001.61,2015-11-04
A0009428,C008656,Savings,Dormant,22283.49,2018-08-12
A0009429,C008658,Savings,Active,55969.74,2022-04-07
A0009430,C008659,Savings,Dormant,29139.24,2021-12-24
A0009431,C008660,Salary,Active,106004.73,2023-11-10
A0009432,C008661,Salary,Active,19000.71,2022-09-27
A0009433,C008662,Savings,Active,42311.77,2018-09-19
A0009434,C008663,Current,Active,36237.06,2022-09-27
A0009435,C008664,Salary,Active,114300.63,2024-10-28
A0009436,C008664,Savings,Active,92998.13,2024-05-24
A0009437,C008665,Premium,Active,41710.99,2024-10-16
A0009438,C008666,Salary,Active,34780.91,2022-08-10
A0009439,C008667,Savings,Active,12232.79,2020-01-13
A0009440,C008667,Savings,Active,15249.54,2021-07-23
A0009441,C008669,Savings,Active,32059.4,2023-08-09
A0009442,C008670,Current,Active,53931.42,2019-03-21
A0009443,C008671,Salary,Dormant,114553.46,2020-06-01
A0009444,C008671,Salary,Active,138701.5,2018-02-26
A0009445,C008672,Salary,Active,119608.83,2018-08-12
A0009446,C008672,Current,Active,130844.33,2021-06-08
A0009447,C008675,Savings,Active,254232.49,2021-08-03
A0009448,C008676,Savings,Active,34460.5,2021-09-25
A0009449,C008677,Salary,Closed,5075.97,2024-11-30
A0009450,C008677,Savings,Active,22652.89,2023-09-13
A0009451,C008678,Savings,Active,35554.42,2022-10-25
A0009452,C008678,Savings,Active,7882.43,2024-10-25
A0009453,C008679,Salary,Active,92913.85,2021-10-17
A0009454,C008680,Savings,Active,120552.94,2024-01-01
A0009455,C008681,Savings,Active,7158.04,2024-11-30
A0009456,C008681,Salary,Active,42523.21,2023-08-25
A0009457,C008682,Savings,Active,75137.76,2022-01-11
A0009458,C008683,Salary,Active,35466.51,2019-01-24
A0009459,C008683,Premium,Active,112794.98,2021-05-14
A0009460,C008684,Current,Active,31686.92,2017-09-18
A0009461,C008684,Current,Dormant,27690.84,2018-04-03
A0009462,C008685,Current,Active,78170.33,2023-10-26
A0009463,C008687,Current,Active,17344.87,2018-04-29
A0009464,C008688,Savings,Active,16929.55,2020-11-22
A0009465,C008688,Salary,Active,23779.94,2021-08-18
A0009466,C008689,Savings,Active,71027.85,2022-05-21
A0009467,C008690,Savings,Active,16091.97,2023-01-11
A0009468,C008691,Current,Active,16314.62,2020-11-10
A0009469,C008692,Current,Active,29158.08,2022-07-28
A0009470,C008693,Savings,Dormant,40987.92,2020-05-09
A0009471,C008693,Current,Active,10749.23,2022-01-22
A0009472,C008694,Savings,Active,23390.86,2021-10-29
A0009473,C008694,Savings,Active,24716.19,2021-09-25
A0009474,C008695,Salary,Active,10723.01,2020-01-18
A0009475,C008696,Savings,Active,115554.28,2023-08-27
A0009476,C008697,Salary,Dormant,55035.26,2020-05-02
A0009477,C008697,Savings,Active,50753.18,2019-11-24
A0009478,C008698,Savings,Active,23283.21,2016-08-24
A0009479,C008699,Savings,Active,48474.41,2023-01-17
A0009480,C008699,Savings,Active,22420.96,2023-02-21
A0009481,C008700,Savings,Active,28550.55,2021-12-13
A0009482,C008701,Savings,Active,31865.52,2023-07-06
A0009483,C008701,Current,Active,79197.7,2020-12-30
A0009484,C008702,Current,Active,155999.59,2024-11-30
A0009485,C008702,Current,Active,44091.42,2024-11-30
A0009486,C008703,Salary,Active,161243.63,2019-12-25
A0009487,C008703,Savings,Active,53661.41,2021-07-24
A0009488,C008704,Savings,Active,65730.51,2016-05-25
A0009489,C008705,Salary,Active,18080.08,2019-07-08
A0009490,C008705,Salary,Active,12144.18,2017-08-08
A0009491,C008706,Savings,Active,32032.9,2021-12-25
A0009492,C008708,Savings,Active,17951.34,2020-06-15
A0009493,C008709,Current,Active,132271.85,2019-06-06
A0009494,C008709,Savings,Active,262953.0,2021-03-25
A0009495,C008710,Salary,Active,113163.09,2024-07-07
A0009496,C008710,Savings,Active,165778.41,2021-09-12
A0009497,C008711,Savings,Active,29528.71,2019-02-21
A0009498,C008712,Salary,Active,30959.61,2024-11-22
A0009499,C008713,Savings,Active,41123.79,2016-12-31
A0009500,C008713,Savings,Active,34293.96,2018-08-26
A0009501,C008714,Savings,Active,27496.26,2024-11-30
A0009502,C008718,Premium,Active,107275.09,2019-04-11
A0009503,C008718,Savings,Active,28097.77,2022-08-15
A0009504,C008719,Current,Active,14936.21,2021-12-19
A0009505,C008719,Savings,Active,90537.02,2024-05-19
A0009506,C008720,Premium,Active,95105.99,2016-08-12
A0009507,C008721,Savings,Dormant,146835.31,2018-01-16
A0009508,C008722,Savings,Active,79888.44,2024-01-10
A0009509,C008723,Salary,Active,458621.34,2017-01-26
A0009510,C008725,Salary,Active,29754.34,2018-08-18
A0009511,C008725,Savings,Active,30040.5,2018-10-03
A0009512,C008726,Savings,Active,113771.18,2017-11-02
A0009513,C008727,Savings,Active,41388.43,2016-10-14
A0009514,C008727,Current,Active,25835.36,2017-01-23
A0009515,C008728,Savings,Active,123095.64,2024-11-30
A0009516,C008729,Savings,Active,21516.53,2017-01-10
A0009517,C008730,Savings,Active,31462.4,2024-04-08
A0009518,C008730,Savings,Active,109388.57,2024-06-28
A0009519,C008731,Salary,Active,151066.71,2022-10-27
A0009520,C008732,Savings,Active,31585.62,2020-10-29
A0009521,C008733,Savings,Active,102690.84,2016-10-15
A0009522,C008734,Savings,Active,45870.7,2024-06-19
A0009523,C008735,Current,Closed,120235.97,2017-07-12
A0009524,C008735,Current,Active,145054.23,2021-01-07
A0009525,C008736,Current,Active,26888.78,2024-11-30
A0009526,C008736,Savings,Active,29026.04,2024-11-30
A0009527,C008737,Savings,Active,23960.25,2022-10-11
A0009528,C008737,Savings,Active,12114.82,2021-09-14
A0009529,C008738,Current,Active,47280.55,2018-04-24
A0009530,C008740,Salary,Active,161818.36,2016-11-21
A0009531,C008740,Savings,Closed,33763.75,2017-01-16
A0009532,C008742,Savings,Active,49644.0,2016-12-21
A0009533,C008743,Premium,Active,115116.84,2020-08-12
A0009534,C008744,Savings,Active,77505.24,2024-11-30
A0009535,C008745,Savings,Active,22739.09,2024-11-30
A0009536,C008746,Savings,Active,185267.43,2017-10-18
A0009537,C008746,Salary,Active,30590.16,2020-03-02
A0009538,C008747,Savings,Active,11934.45,2020-09-11
A0009539,C008748,Premium,Active,41759.72,2022-09-28
A0009540,C008748,Savings,Active,22153.87,2020-12-07
A0009541,C008749,Savings,Active,9840.93,2022-10-01
A0009542,C008750,Premium,Dormant,73792.26,2015-11-12
A0009543,C008751,Premium,Active,17499.45,2019-01-13
A0009544,C008752,Premium,Dormant,322830.57,2020-06-01
A0009545,C008753,Savings,Active,44115.31,2022-08-13
A0009546,C008754,Current,Active,18447.23,2020-12-26
A0009547,C008755,Current,Active,19721.53,2024-11-30
A0009548,C008756,Savings,Active,226754.43,2020-09-22
A0009549,C008757,Savings,Closed,21764.15,2020-07-05
A0009550,C008759,Savings,Active,8318.55,2019-12-11
A0009551,C008760,Salary,Active,34254.09,2019-09-03
A0009552,C008760,Current,Active,28927.66,2022-03-13
A0009553,C008763,Savings,Active,28232.68,2023-12-04
A0009554,C008764,Savings,Active,19798.78,2024-11-30
A0009555,C008765,Salary,Active,19040.47,2017-12-27
A0009556,C008766,Savings,Active,72557.13,2018-11-04
A0009557,C008767,Savings,Active,27856.17,2018-10-04
A0009558,C008767,Salary,Active,40134.73,2018-11-07
A0009559,C008768,Savings,Active,57927.05,2024-11-30
A0009560,C008769,Savings,Active,55924.87,2023-12-07
A0009561,C008769,Savings,Dormant,71719.91,2024-11-30
A0009562,C008772,Savings,Dormant,97838.17,2020-02-22
A0009563,C008773,Salary,Active,61788.71,2018-01-04
A0009564,C008774,Salary,Active,127868.34,2020-12-26
A0009565,C008776,Salary,Active,37916.25,2021-11-01
A0009566,C008777,Savings,Active,21958.09,2024-11-30
A0009567,C008777,Salary,Active,48673.7,2024-11-30
A0009568,C008778,Savings,Active,23472.75,2024-09-20
A0009569,C008779,Salary,Active,34304.8,2023-07-10
A0009570,C008782,Salary,Active,155598.09,2019-11-05
A0009571,C008783,Salary,Active,54166.07,2023-01-04
A0009572,C008784,Savings,Active,57957.79,2022-11-30
A0009573,C008785,Savings,Active,13951.15,2020-12-22
A0009574,C008786,Salary,Active,46281.88,2022-10-07
A0009575,C008787,Salary,Active,61120.88,2017-12-12
A0009576,C008788,Salary,Active,29252.53,2022-05-19
A0009577,C008789,Salary,Active,1131679.08,2017-08-14
A0009578,C008791,Savings,Active,30385.19,2024-09-04
A0009579,C008791,Current,Active,46185.67,2023-06-27
A0009580,C008792,Premium,Active,370684.86,2024-07-10
A0009581,C008793,Salary,Active,150142.74,2021-03-02
A0009582,C008793,Salary,Active,298358.44,2023-04-11
A0009583,C008794,Salary,Active,21192.86,2020-06-19
A0009584,C008794,Premium,Active,11897.77,2021-11-10
A0009585,C008796,Savings,Active,125768.19,2024-11-30
A0009586,C008797,Premium,Active,96183.06,2020-06-17
A0009587,C008798,Salary,Active,18614.11,2021-12-10
A0009588,C008798,Savings,Active,41039.59,2022-09-12
A0009589,C008799,Current,Active,67485.38,2024-11-30
A0009590,C008800,Savings,Active,19595.3,2023-07-12
A0009591,C008801,Savings,Active,31609.58,2022-05-22
A0009592,C008802,Savings,Active,36130.23,2021-01-27
A0009593,C008803,Savings,Active,16728.03,2024-11-30
A0009594,C008804,Savings,Active,15224.28,2020-09-05
A0009595,C008805,Savings,Active,21297.25,2024-01-24
A0009596,C008805,Current,Active,77453.84,2024-04-13
A0009597,C008806,Savings,Active,5091.73,2023-06-13
A0009598,C008808,Salary,Active,20562.17,2023-11-06
A0009599,C008808,Savings,Active,12950.15,2024-01-14
A0009600,C008809,Savings,Active,38986.71,2018-03-15
A0009601,C008811,Savings,Active,39247.91,2024-11-30
A0009602,C008812,Savings,Active,73021.27,2019-08-01
A0009603,C008813,Savings,Active,159116.22,2024-02-05
A0009604,C008814,Premium,Closed,108433.32,2021-01-18
A0009605,C008815,Salary,Active,61266.91,2017-02-02
A0009606,C008816,Savings,Active,133812.31,2019-04-19
A0009607,C008817,Current,Active,80986.8,2015-12-26
A0009608,C008819,Savings,Active,19150.11,2020-08-19
A0009609,C008819,Savings,Active,91621.13,2019-07-30
A0009610,C008820,Current,Active,21369.29,2021-04-26
A0009611,C008821,Current,Active,46568.01,2018-12-03
A0009612,C008822,Savings,Active,55672.18,2024-11-30
A0009613,C008822,Savings,Active,157437.74,2024-11-30
A0009614,C008823,Savings,Active,10673.72,2017-08-17
A0009615,C008825,Current,Active,65456.21,2021-10-08
A0009616,C008825,Salary,Active,45305.04,2023-01-08
A0009617,C008826,Savings,Active,30277.5,2023-01-16
A0009618,C008826,Premium,Closed,82188.47,2022-12-19
A0009619,C008827,Current,Active,42189.65,2022-05-24
A0009620,C008832,Current,Closed,16293.46,2023-09-30
A0009621,C008833,Salary,Active,33432.9,2023-06-24
A0009622,C008833,Savings,Active,25983.96,2023-09-14
A0009623,C008835,Current,Active,6592.31,2020-11-23
A0009624,C008836,Current,Active,57311.54,2015-11-05
A0009625,C008836,Salary,Active,252523.42,2016-12-20
A0009626,C008837,Savings,Active,13666.27,2022-02-01
A0009627,C008837,Savings,Active,14562.88,2023-12-27
A0009628,C008838,Savings,Active,22200.11,2024-11-30
A0009629,C008839,Savings,Active,44042.63,2021-02-04
A0009630,C008840,Savings,Active,125164.83,2019-09-10
A0009631,C008841,Savings,Active,14425.93,2024-02-09
A0009632,C008841,Current,Active,3039.36,2023-11-07
A0009633,C008842,Savings,Active,33653.7,2018-08-01
A0009634,C008843,Salary,Dormant,106382.55,2018-12-30
A0009635,C008844,Savings,Active,13546.67,2023-03-19
A0009636,C008845,Savings,Closed,23698.79,2019-03-28
A0009637,C008845,Current,Active,36659.78,2021-04-30
A0009638,C008846,Current,Active,45473.14,2024-11-30
A0009639,C008848,Salary,Active,7855.6,2024-11-30
A0009640,C008848,Savings,Active,15085.1,2024-07-15
A0009641,C008849,Current,Active,26844.66,2024-11-30
A0009642,C008852,Savings,Active,3627.18,2019-09-13
A0009643,C008853,Salary,Active,70264.73,2024-11-30
A0009644,C008854,Premium,Active,34334.06,2019-08-29
A0009645,C008854,Savings,Active,27511.82,2019-04-14
A0009646,C008856,Salary,Active,12978.07,2019-06-07
A0009647,C008857,Salary,Dormant,77403.14,2024-11-30
A0009648,C008858,Savings,Active,396276.19,2019-11-19
A0009649,C008858,Savings,Dormant,420317.75,2017-05-04
A0009650,C008860,Savings,Active,55046.13,2019-05-31
A0009651,C008860,Savings,Active,131258.9,2019-09-12
A0009652,C008862,Savings,Dormant,28629.97,2021-10-19
A0009653,C008863,Salary,Active,216170.93,2022-08-22
A0009654,C008864,Savings,Active,31309.15,2022-04-21
A0009655,C008864,Savings,Active,32283.95,2023-09-27
A0009656,C008865,Salary,Active,33965.41,2022-06-05
A0009657,C008866,Salary,Active,19311.86,2018-09-30
A0009658,C008867,Savings,Active,8944.91,2017-02-07
A0009659,C008867,Savings,Dormant,4832.84,2017-08-26
A0009660,C008868,Savings,Active,11130.92,2021-04-17
A0009661,C008869,Salary,Active,15238.57,2022-01-04
A0009662,C008870,Salary,Active,10280.51,2024-11-30
A0009663,C008871,Savings,Active,66057.84,2021-03-03
A0009664,C008872,Salary,Active,49610.14,2019-08-17
A0009665,C008874,Premium,Active,95697.89,2020-01-10
A0009666,C008874,Salary,Active,99430.63,2021-02-17
A0009667,C008875,Savings,Active,17411.88,2017-06-03
A0009668,C008876,Savings,Active,53640.7,2024-03-31
A0009669,C008877,Current,Active,9591.49,2023-07-07
A0009670,C008878,Savings,Active,55286.56,2021-09-13
A0009671,C008878,Current,Active,26950.65,2021-08-20
A0009672,C008879,Salary,Active,8455.17,2024-02-21
A0009673,C008880,Savings,Active,25168.89,2018-08-03
A0009674,C008881,Salary,Active,5767.79,2023-05-24
A0009675,C008883,Savings,Active,19404.5,2024-03-28
A0009676,C008883,Current,Active,14842.2,2023-02-11
A0009677,C008884,Current,Active,5270.26,2019-09-30
A0009678,C008885,Premium,Active,127799.53,2022-11-23
A0009679,C008886,Current,Active,143088.16,2020-11-09
A0009680,C008886,Savings,Active,91890.53,2020-11-17
A0009681,C008887,Savings,Active,43962.79,2018-08-03
A0009682,C008888,Current,Active,23294.48,2023-02-22
A0009683,C008889,Savings,Active,88814.84,2018-04-02
A0009684,C008889,Current,Active,64622.11,2018-10-06
A0009685,C008890,Current,Active,18506.26,2016-06-03
A0009686,C008891,Current,Active,15939.85,2024-11-30
A0009687,C008892,Current,Active,23318.63,2020-05-27
A0009688,C008892,Savings,Active,93433.38,2018-05-23
A0009689,C008893,Current,Dormant,36370.32,2018-01-29
A0009690,C008894,Current,Active,5211.34,2016-09-28
A0009691,C008895,Savings,Active,179582.87,2019-10-24
A0009692,C008895,Savings,Dormant,155921.93,2018-05-15
A0009693,C008897,Savings,Dormant,28593.51,2024-11-30
A0009694,C008897,Premium,Active,50116.13,2024-01-16
A0009695,C008898,Savings,Active,329736.27,2019-11-15
A0009696,C008899,Salary,Active,691621.31,2019-11-28
A0009697,C008899,Salary,Active,243654.35,2021-07-25
A0009698,C008900,Savings,Active,51051.78,2022-02-27
A0009699,C008901,Savings,Active,47201.98,2021-10-31
A0009700,C008902,Salary,Active,18115.31,2018-09-06
A0009701,C008902,Savings,Active,10682.67,2017-05-14
A0009702,C008903,Savings,Dormant,31101.07,2017-05-20
A0009703,C008903,Current,Active,28753.64,2018-07-01
A0009704,C008904,Savings,Active,46971.46,2024-11-30
A0009705,C008905,Savings,Active,48832.44,2017-05-14
A0009706,C008906,Salary,Active,159224.15,2024-11-30
A0009707,C008907,Current,Active,10684.15,2023-07-09
A0009708,C008907,Savings,Active,55103.02,2024-02-04
A0009709,C008908,Current,Active,15417.01,2023-07-28
A0009710,C008909,Savings,Active,29657.24,2020-12-02
A0009711,C008909,Savings,Active,42888.89,2018-12-07
A0009712,C008910,Savings,Active,31200.95,2024-11-16
A0009713,C008911,Savings,Active,18630.05,2022-09-04
A0009714,C008911,Savings,Active,91193.96,2023-02-12
A0009715,C008912,Savings,Dormant,53954.31,2024-11-30
A0009716,C008913,Savings,Active,281293.7,2024-11-30
A0009717,C008915,Current,Active,131610.76,2021-06-26
A0009718,C008915,Savings,Active,428338.49,2022-01-22
A0009719,C008916,Savings,Active,44810.53,2024-11-30
A0009720,C008917,Savings,Active,12071.43,2021-02-20
A0009721,C008917,Current,Active,3742.17,2024-01-21
A0009722,C008918,Savings,Active,33380.99,2024-11-30
A0009723,C008919,Savings,Active,7035.0,2023-10-25
A0009724,C008920,Savings,Active,15088.2,2022-03-27
A0009725,C008921,Current,Active,134643.9,2024-11-30
A0009726,C008922,Savings,Active,22725.4,2020-02-16
A0009727,C008923,Savings,Active,117168.47,2022-04-14
A0009728,C008925,Savings,Active,30092.95,2024-05-30
A0009729,C008926,Savings,Active,15846.63,2024-10-21
A0009730,C008926,Current,Active,10680.51,2024-03-06
A0009731,C008927,Savings,Active,112895.96,2016-08-16
A0009732,C008930,Salary,Active,17986.31,2022-10-14
A0009733,C008931,Current,Dormant,63507.71,2024-10-15
A0009734,C008933,Premium,Active,215803.03,2020-06-07
A0009735,C008934,Savings,Active,42305.04,2016-06-08
A0009736,C008935,Savings,Dormant,30247.61,2019-12-16
A0009737,C008936,Current,Active,104834.89,2021-06-23
A0009738,C008937,Savings,Active,25488.69,2019-12-17
A0009739,C008938,Current,Active,194931.19,2023-07-11
A0009740,C008940,Salary,Active,220631.49,2019-04-15
A0009741,C008941,Savings,Active,16089.18,2024-04-17
A0009742,C008941,Savings,Closed,32945.07,2024-03-18
A0009743,C008942,Salary,Active,81610.68,2018-11-16
A0009744,C008942,Savings,Active,20525.39,2018-08-07
A0009745,C008943,Current,Active,18090.16,2022-02-07
A0009746,C008945,Savings,Active,10268.05,2024-11-30
A0009747,C008946,Savings,Active,111374.66,2024-11-30
A0009748,C008946,Current,Active,35351.23,2024-11-30
A0009749,C008947,Savings,Active,29098.35,2022-11-26
A0009750,C008948,Current,Dormant,68285.77,2024-05-18
A0009751,C008950,Savings,Active,51072.7,2020-12-09
A0009752,C008951,Savings,Active,15149.8,2019-08-14
A0009753,C008953,Savings,Active,131342.2,2020-07-07
A0009754,C008954,Savings,Active,23519.13,2018-01-18
A0009755,C008954,Current,Active,22873.07,2017-05-16
A0009756,C008955,Savings,Active,67460.11,2017-08-08
A0009757,C008955,Savings,Active,115099.19,2018-03-05
A0009758,C008957,Savings,Dormant,61296.83,2017-08-25
A0009759,C008958,Salary,Active,79202.17,2022-11-14
A0009760,C008959,Savings,Active,98506.71,2019-03-10
A0009761,C008960,Savings,Active,13031.74,2021-04-04
A0009762,C008963,Premium,Active,88345.32,2022-06-07
A0009763,C008964,Savings,Active,30962.35,2024-09-03
A0009764,C008965,Savings,Active,18329.42,2017-12-05
A0009765,C008966,Salary,Dormant,7485.55,2023-03-08
A0009766,C008966,Salary,Active,8865.15,2022-10-08
A0009767,C008967,Savings,Dormant,49279.04,2024-11-22
A0009768,C008967,Current,Active,28953.15,2023-05-08
A0009769,C008968,Premium,Active,492716.09,2018-10-29
A0009770,C008969,Savings,Active,16908.39,2024-05-23
A0009771,C008970,Salary,Dormant,46588.44,2024-01-08
A0009772,C008971,Current,Closed,19627.13,2022-06-26
A0009773,C008972,Current,Active,53377.9,2024-11-30
A0009774,C008972,Savings,Dormant,41570.56,2024-11-30
A0009775,C008973,Current,Active,17746.63,2023-07-21
A0009776,C008974,Premium,Active,98053.63,2021-12-04
A0009777,C008975,Current,Active,32059.72,2022-03-06
A0009778,C008975,Salary,Active,25433.13,2022-03-27
A0009779,C008976,Current,Active,35647.61,2018-05-06
A0009780,C008976,Current,Active,27561.08,2018-12-28
A0009781,C008977,Savings,Active,32715.59,2020-03-09
A0009782,C008978,Savings,Dormant,31023.66,2024-05-14
A0009783,C008979,Current,Active,8541.61,2017-01-24
A0009784,C008979,Salary,Active,26100.0,2018-11-03
A0009785,C008980,Savings,Active,52234.71,2023-04-17
A0009786,C008981,Salary,Active,45318.28,2024-03-18
A0009787,C008982,Savings,Active,70440.88,2022-09-13
A0009788,C008983,Premium,Active,60833.51,2023-10-20
A0009789,C008985,Salary,Active,87057.84,2024-06-23
A0009790,C008986,Savings,Dormant,26918.41,2020-10-16
A0009791,C008987,Savings,Active,15056.07,2020-06-25
A0009792,C008988,Current,Active,14477.99,2022-05-17
A0009793,C008988,Current,Active,61517.93,2021-10-21
A0009794,C008989,Savings,Active,88094.94,2024-11-30
A0009795,C008990,Savings,Dormant,12786.3,2021-03-25
A0009796,C008991,Current,Active,98446.28,2021-08-29
A0009797,C008991,Current,Active,121373.06,2021-10-23
A0009798,C008992,Salary,Active,71285.23,2024-11-30
A0009799,C008994,Savings,Closed,73256.82,2019-08-30
A0009800,C008995,Current,Active,21071.91,2019-07-16
A0009801,C008996,Salary,Active,110051.48,2015-08-26
A0009802,C008997,Current,Dormant,33339.9,2024-11-30
A0009803,C008998,Savings,Active,5621.65,2020-01-14
A0009804,C008998,Savings,Active,10159.92,2022-06-20
A0009805,C008999,Savings,Active,48832.97,2017-02-03
A0009806,C009000,Current,Active,73231.52,2017-04-24
A0009807,C009001,Salary,Active,60621.08,2016-07-15
A0009808,C009002,Current,Active,903351.96,2021-03-02
A0009809,C009003,Current,Active,95900.58,2019-10-30
A0009810,C009004,Salary,Active,48198.77,2022-04-22
A0009811,C009005,Salary,Active,10795.62,2021-01-02
A0009812,C009005,Savings,Active,19052.46,2019-07-19
A0009813,C009006,Current,Active,38920.22,2020-11-11
A0009814,C009007,Salary,Closed,16057.82,2019-06-30
A0009815,C009008,Current,Active,5918.28,2021-06-06
A0009816,C009009,Salary,Active,52701.79,2019-01-20
A0009817,C009010,Current,Dormant,68570.05,2017-01-30
A0009818,C009011,Current,Closed,7793.61,2024-11-30
A0009819,C009011,Savings,Active,29088.94,2024-11-30
A0009820,C009012,Salary,Dormant,273115.98,2017-07-11
A0009821,C009013,Salary,Active,48726.52,2015-04-21
A0009822,C009013,Current,Active,101567.26,2017-06-26
A0009823,C009014,Savings,Active,31838.32,2021-01-31
A0009824,C009015,Current,Active,55833.16,2018-06-24
A0009825,C009017,Savings,Closed,67289.87,2021-06-08
A0009826,C009017,Current,Active,22835.7,2019-04-29
A0009827,C009018,Current,Active,35366.05,2024-11-30
A0009828,C009018,Savings,Active,61515.46,2023-05-11
A0009829,C009020,Salary,Active,54074.51,2020-10-11
A0009830,C009021,Current,Active,61078.3,2017-03-12
A0009831,C009022,Salary,Closed,17320.21,2019-11-26
A0009832,C009023,Savings,Active,142158.72,2018-11-09
A0009833,C009024,Savings,Active,85190.12,2022-03-10
A0009834,C009025,Savings,Active,94628.26,2020-04-29
A0009835,C009026,Current,Active,17811.11,2022-01-12
A0009836,C009028,Savings,Active,33011.32,2021-09-06
A0009837,C009029,Savings,Active,18799.73,2018-03-05
A0009838,C009030,Salary,Active,370681.8,2023-03-20
A0009839,C009030,Current,Active,94895.35,2024-05-30
A0009840,C009031,Current,Active,120812.69,2019-07-10
A0009841,C009032,Current,Active,12717.81,2021-04-21
A0009842,C009033,Salary,Active,61144.47,2021-01-06
A0009843,C009036,Salary,Active,61593.95,2019-09-27
A0009844,C009036,Current,Active,48204.59,2017-05-01
A0009845,C009037,Salary,Active,22194.1,2024-11-30
A0009846,C009038,Premium,Active,32444.39,2024-11-30
A0009847,C009039,Savings,Active,54889.01,2015-10-22
A0009848,C009040,Salary,Active,77355.83,2024-11-30
A0009849,C009041,Savings,Active,3768.85,2019-11-05
A0009850,C009041,Savings,Active,3199.56,2019-04-01
A0009851,C009042,Salary,Active,57990.54,2022-09-26
A0009852,C009043,Current,Dormant,26917.79,2018-08-04
A0009853,C009043,Salary,Active,53638.62,2018-10-14
A0009854,C009044,Salary,Active,11051.72,2019-10-08
A0009855,C009044,Savings,Dormant,30600.82,2020-05-24
A0009856,C009045,Savings,Active,152293.59,2024-11-23
A0009857,C009045,Savings,Active,69107.59,2022-03-02
A0009858,C009046,Current,Active,20848.46,2024-11-30
A0009859,C009047,Savings,Active,103517.63,2015-04-09
A0009860,C009048,Savings,Active,37088.45,2023-12-21
A0009861,C009048,Current,Active,65783.03,2024-11-30
A0009862,C009049,Savings,Active,28644.32,2020-11-03
A0009863,C009050,Savings,Active,198295.28,2024-05-15
A0009864,C009050,Current,Active,79683.26,2024-11-30
A0009865,C009051,Salary,Active,19940.46,2022-08-02
A0009866,C009052,Savings,Active,13125.8,2017-12-06
A0009867,C009053,Current,Active,39438.41,2024-11-30
A0009868,C009055,Salary,Active,27473.37,2019-07-12
A0009869,C009056,Savings,Active,220784.38,2024-02-15
A0009870,C009057,Salary,Active,4035.18,2021-06-01
A0009871,C009058,Salary,Active,28433.99,2020-11-25
A0009872,C009059,Salary,Active,9300.78,2022-10-28
A0009873,C009060,Current,Active,17447.41,2022-09-26
A0009874,C009061,Savings,Active,34079.25,2020-01-02
A0009875,C009061,Salary,Active,30380.57,2020-09-19
A0009876,C009062,Savings,Dormant,141363.26,2019-09-27
A0009877,C009063,Premium,Active,165587.55,2024-11-30
A0009878,C009064,Premium,Active,1656496.63,2021-09-18
A0009879,C009064,Savings,Active,403468.04,2021-03-09
A0009880,C009065,Savings,Dormant,17489.91,2019-01-27
A0009881,C009066,Savings,Active,55314.58,2020-01-03
A0009882,C009066,Current,Active,35192.11,2019-10-02
A0009883,C009067,Savings,Active,30809.76,2020-04-06
A0009884,C009068,Premium,Closed,47885.68,2024-11-02
A0009885,C009068,Salary,Active,58629.23,2024-11-30
A0009886,C009071,Current,Active,32318.08,2024-05-04
A0009887,C009072,Salary,Active,44376.05,2020-06-01
A0009888,C009073,Savings,Active,15675.7,2015-07-11
A0009889,C009073,Savings,Active,10279.79,2018-07-06
A0009890,C009074,Salary,Active,449750.02,2024-11-30
A0009891,C009077,Savings,Active,50183.11,2024-02-17
A0009892,C009078,Savings,Active,43215.64,2023-01-23
A0009893,C009079,Current,Dormant,29078.75,2023-04-05
A0009894,C009080,Salary,Active,28881.89,2017-07-14
A0009895,C009081,Savings,Active,91676.48,2021-12-19
A0009896,C009082,Salary,Active,13194.47,2021-09-24
A0009897,C009083,Salary,Active,75604.84,2021-05-29
A0009898,C009083,Savings,Active,141736.42,2021-02-03
A0009899,C009084,Savings,Active,11895.67,2020-10-19
A0009900,C009084,Current,Active,10940.18,2020-11-05
A0009901,C009086,Salary,Active,20224.44,2024-11-30
A0009902,C009087,Savings,Active,43228.36,2024-11-30
A0009903,C009088,Savings,Active,48514.27,2021-04-12
A0009904,C009089,Premium,Active,38394.52,2020-11-18
A0009905,C009090,Current,Closed,6648.62,2023-10-16
A0009906,C009091,Current,Closed,44222.35,2018-12-03
A0009907,C009092,Salary,Active,98466.18,2017-06-25
A0009908,C009092,Current,Active,31132.85,2019-04-09
A0009909,C009093,Salary,Active,22991.8,2020-10-27
A0009910,C009094,Savings,Active,40505.32,2024-11-30
A0009911,C009095,Savings,Active,6298.73,2018-07-07
A0009912,C009096,Current,Active,140796.49,2022-03-21
A0009913,C009097,Savings,Active,62321.74,2019-05-11
A0009914,C009097,Savings,Active,69030.76,2019-09-14
A0009915,C009099,Savings,Active,3952.81,2019-07-26
A0009916,C009100,Savings,Active,28560.55,2024-04-09
A0009917,C009101,Savings,Active,10996.68,2015-11-17
A0009918,C009101,Savings,Active,51699.6,2016-08-21
A0009919,C009102,Savings,Active,117032.24,2018-08-31
A0009920,C009103,Premium,Dormant,57598.45,2021-09-30
A0009921,C009104,Salary,Active,173817.54,2018-08-31
A0009922,C009105,Salary,Active,56250.08,2020-02-03
A0009923,C009106,Current,Active,32036.07,2018-02-14
A0009924,C009108,Salary,Active,15516.24,2021-01-24
A0009925,C009111,Current,Active,8113.8,2019-07-04
A0009926,C009112,Savings,Active,43042.83,2024-09-09
A0009927,C009113,Current,Active,19643.15,2024-11-30
A0009928,C009114,Savings,Active,46093.77,2024-07-31
A0009929,C009115,Current,Active,8437.63,2024-07-25
A0009930,C009116,Salary,Active,28839.51,2022-04-06
A0009931,C009117,Salary,Active,83383.08,2024-11-30
A0009932,C009118,Savings,Dormant,41424.39,2021-10-23
A0009933,C009119,Salary,Active,11928.98,2024-11-30
A0009934,C009120,Savings,Active,6256.25,2019-02-20
A0009935,C009120,Salary,Closed,13905.14,2022-12-29
A0009936,C009121,Salary,Closed,27395.2,2024-07-14
A0009937,C009122,Salary,Active,44449.71,2018-12-17
A0009938,C009123,Savings,Active,7780.33,2020-10-29
A0009939,C009123,Savings,Active,29419.08,2021-09-10
A0009940,C009124,Savings,Closed,35980.63,2023-01-19
A0009941,C009124,Premium,Active,47516.73,2023-12-31
A0009942,C009125,Salary,Active,38721.18,2020-01-01
A0009943,C009126,Current,Active,67353.39,2022-03-31
A0009944,C009127,Salary,Active,20064.92,2024-11-30
A0009945,C009128,Savings,Active,40573.73,2020-10-01
A0009946,C009129,Current,Active,8539.52,2021-08-24
A0009947,C009131,Current,Active,11038.61,2024-11-30
A0009948,C009132,Premium,Active,168594.48,2024-11-30
A0009949,C009133,Current,Active,44903.86,2019-05-15
A0009950,C009133,Salary,Active,39950.25,2017-03-07
A0009951,C009134,Salary,Closed,138338.84,2023-07-17
A0009952,C009135,Savings,Active,51089.13,2024-11-30
A0009953,C009136,Current,Active,20595.99,2021-10-05
A0009954,C009136,Salary,Active,162251.11,2023-06-06
A0009955,C009137,Savings,Active,100507.96,2023-12-06
A0009956,C009138,Current,Active,4385.73,2021-11-08
A0009957,C009138,Current,Active,4013.37,2020-06-11
A0009958,C009140,Current,Active,108964.47,2024-11-30
A0009959,C009142,Savings,Active,22585.7,2024-02-05
A0009960,C009142,Current,Active,6758.95,2024-11-30
A0009961,C009143,Savings,Active,86055.71,2023-11-07
A0009962,C009143,Salary,Active,46599.25,2022-11-09
A0009963,C009144,Savings,Active,164813.61,2019-09-13
A0009964,C009145,Savings,Active,52700.61,2020-06-23
A0009965,C009146,Current,Active,125278.87,2019-01-25
A0009966,C009147,Savings,Active,105086.49,2024-02-29
A0009967,C009148,Salary,Active,164529.73,2019-11-12
A0009968,C009149,Current,Active,8045.56,2024-04-30
A0009969,C009149,Premium,Active,61670.89,2024-08-19
A0009970,C009150,Savings,Active,12687.0,2022-11-13
A0009971,C009152,Savings,Active,39716.4,2019-10-18
A0009972,C009153,Current,Dormant,32709.58,2019-05-21
A0009973,C009153,Current,Active,64532.77,2019-11-25
A0009974,C009154,Salary,Active,196302.73,2024-08-19
A0009975,C009155,Savings,Dormant,586074.2,2024-11-30
A0009976,C009156,Savings,Closed,176056.22,2015-09-21
A0009977,C009157,Savings,Active,81926.88,2021-05-02
A0009978,C009157,Current,Active,116549.04,2022-02-18
A0009979,C009159,Current,Active,26562.09,2023-03-21
A0009980,C009160,Salary,Active,33053.29,2024-11-30
A0009981,C009161,Salary,Active,92676.65,2024-05-30
A0009982,C009162,Current,Active,8031.45,2022-04-16
A0009983,C009162,Savings,Active,8881.14,2023-05-08
A0009984,C009163,Savings,Active,14555.7,2024-11-30
A0009985,C009163,Savings,Active,22204.34,2024-11-30
A0009986,C009164,Savings,Active,237769.42,2019-03-22
A0009987,C009165,Salary,Active,33908.76,2020-06-13
A0009988,C009166,Savings,Active,135955.86,2024-11-30
A0009989,C009166,Current,Active,66411.21,2024-11-30
A0009990,C009167,Savings,Active,101461.0,2024-10-18
A0009991,C009168,Salary,Active,4181.23,2022-12-07
A0009992,C009169,Savings,Active,221667.37,2020-08-02
A0009993,C009169,Savings,Active,91533.73,2019-12-03
A0009994,C009170,Salary,Active,15737.32,2024-11-30
A0009995,C009171,Current,Dormant,31550.25,2017-09-29
A0009996,C009172,Current,Active,23048.18,2018-04-21
A0009997,C009172,Current,Active,24450.91,2020-06-13
A0009998,C009174,Premium,Active,44330.96,2017-04-01
A0009999,C009174,Salary,Active,12770.59,2019-02-14
A0010000,C009175,Savings,Active,43842.18,2015-04-08
A0010001,C009176,Savings,Active,54161.5,2020-03-20
A0010002,C009176,Current,Active,41474.28,2020-10-26
A0010003,C009177,Savings,Active,83401.17,2024-11-30
A0010004,C009177,Savings,Closed,76321.02,2024-05-16
A0010005,C009178,Premium,Active,79771.22,2016-01-20
A0010006,C009178,Current,Active,15712.05,2017-03-30
A0010007,C009180,Savings,Active,20617.59,2022-02-13
A0010008,C009181,Savings,Active,82212.26,2024-11-30
A0010009,C009182,Salary,Active,86081.59,2020-02-26
A0010010,C009182,Current,Active,42257.15,2022-10-15
A0010011,C009184,Salary,Active,27798.4,2016-04-01
A0010012,C009186,Savings,Active,15131.39,2020-06-16
A0010013,C009186,Current,Active,32663.46,2021-10-20
A0010014,C009187,Current,Active,179380.87,2019-04-10
A0010015,C009188,Premium,Dormant,662687.49,2017-03-26
A0010016,C009189,Savings,Active,40201.18,2022-07-10
A0010017,C009189,Savings,Active,38986.82,2022-12-09
A0010018,C009191,Current,Active,34249.29,2019-12-14
A0010019,C009192,Savings,Active,344220.74,2020-11-25
A0010020,C009193,Savings,Active,13215.61,2023-06-19
A0010021,C009194,Salary,Active,125850.79,2020-08-13
A0010022,C009196,Salary,Active,10151.41,2019-03-06
A0010023,C009197,Current,Active,10897.29,2022-05-12
A0010024,C009198,Salary,Active,44990.4,2024-11-30
A0010025,C009199,Current,Active,62734.44,2024-11-30
A0010026,C009200,Savings,Active,27116.76,2021-12-20
A0010027,C009202,Savings,Active,3798.64,2016-11-10
A0010028,C009203,Salary,Active,12543.09,2022-02-04
A0010029,C009203,Premium,Active,44177.4,2022-05-15
A0010030,C009204,Savings,Active,123581.66,2019-06-04
A0010031,C009205,Savings,Active,16125.49,2021-11-12
A0010032,C009207,Savings,Active,44654.56,2021-08-11
A0010033,C009207,Savings,Active,31846.47,2024-01-03
A0010034,C009208,Current,Active,97053.36,2022-12-05
A0010035,C009210,Savings,Active,34519.16,2024-11-30
A0010036,C009210,Savings,Active,126999.02,2024-08-29
A0010037,C009211,Premium,Active,147711.83,2019-10-01
A0010038,C009212,Current,Active,19227.27,2017-03-21
A0010039,C009213,Savings,Active,355985.6,2017-09-15
A0010040,C009215,Savings,Active,128372.94,2024-11-30
A0010041,C009216,Savings,Dormant,57243.71,2024-04-01
A0010042,C009216,Savings,Active,68199.74,2024-01-21
A0010043,C009217,Savings,Active,17347.74,2024-11-30
A0010044,C009218,Savings,Active,91453.38,2023-04-29
A0010045,C009219,Current,Active,486623.57,2020-08-17
A0010046,C009220,Salary,Active,18547.7,2022-12-05
A0010047,C009221,Premium,Dormant,387849.33,2020-07-02
A0010048,C009222,Savings,Dormant,16926.11,2017-04-12
A0010049,C009223,Current,Active,42939.77,2024-11-30
A0010050,C009226,Salary,Dormant,17680.47,2017-09-24
A0010051,C009226,Savings,Active,7091.31,2017-10-27
A0010052,C009227,Savings,Closed,12665.78,2020-02-14
A0010053,C009228,Salary,Active,37949.73,2021-12-22
A0010054,C009229,Savings,Active,29973.67,2022-10-07
A0010055,C009230,Current,Active,23334.81,2024-11-30
A0010056,C009231,Savings,Active,69281.6,2019-11-28
A0010057,C009232,Current,Active,93221.36,2024-11-30
A0010058,C009233,Savings,Active,15412.28,2018-09-28
A0010059,C009234,Savings,Active,38508.69,2017-11-10
A0010060,C009235,Savings,Active,150979.05,2022-04-01
A0010061,C009236,Savings,Dormant,13869.48,2019-03-10
A0010062,C009237,Savings,Active,24908.41,2023-11-15
A0010063,C009238,Premium,Active,69974.63,2018-09-27
A0010064,C009239,Savings,Active,25072.73,2019-03-25
A0010065,C009241,Current,Active,58977.14,2020-08-21
A0010066,C009242,Savings,Active,6842.65,2018-06-11
A0010067,C009243,Current,Active,93158.49,2019-04-08
A0010068,C009244,Premium,Active,164063.07,2020-02-03
A0010069,C009246,Savings,Active,44841.83,2019-01-24
A0010070,C009247,Current,Active,37798.25,2024-11-30
A0010071,C009248,Savings,Active,109152.82,2017-03-24
A0010072,C009248,Salary,Active,52478.78,2018-04-01
A0010073,C009249,Savings,Active,54753.43,2019-01-27
A0010074,C009250,Savings,Active,96135.99,2018-09-22
A0010075,C009251,Current,Active,20677.48,2022-01-28
A0010076,C009251,Salary,Active,48675.29,2020-07-19
A0010077,C009252,Salary,Active,23326.04,2021-10-21
A0010078,C009254,Premium,Active,94755.19,2022-04-21
A0010079,C009255,Current,Active,17569.61,2019-05-05
A0010080,C009256,Savings,Active,14216.32,2023-05-23
A0010081,C009256,Savings,Active,12101.73,2023-05-23
A0010082,C009257,Salary,Active,110332.96,2022-11-03
A0010083,C009257,Salary,Active,65110.91,2021-11-24
A0010084,C009258,Current,Active,83533.69,2018-02-15
A0010085,C009259,Salary,Active,37771.45,2017-09-22
A0010086,C009260,Savings,Active,87664.98,2023-08-09
A0010087,C009262,Salary,Active,101337.31,2019-12-05
A0010088,C009263,Savings,Closed,7412.48,2017-06-09
A0010089,C009264,Salary,Active,23196.29,2017-09-17
A0010090,C009266,Salary,Active,72345.76,2016-08-06
A0010091,C009267,Savings,Active,72436.6,2024-11-30
A0010092,C009268,Current,Active,8481.86,2018-11-09
A0010093,C009268,Premium,Active,16799.71,2017-02-09
A0010094,C009269,Premium,Active,87848.95,2024-11-30
A0010095,C009270,Premium,Active,23488.54,2023-01-22
A0010096,C009270,Current,Active,7786.75,2024-03-07
A0010097,C009272,Salary,Active,15261.1,2022-03-31
A0010098,C009273,Savings,Closed,65236.23,2021-01-23
A0010099,C009274,Current,Dormant,18243.1,2020-04-18
A0010100,C009274,Savings,Active,69162.29,2021-03-21
A0010101,C009276,Savings,Active,9854.46,2022-05-04
A0010102,C009276,Savings,Active,8589.88,2024-11-30
A0010103,C009277,Savings,Closed,6481.46,2017-05-10
A0010104,C009278,Salary,Active,17905.73,2021-02-13
A0010105,C009279,Savings,Active,69165.46,2019-08-13
A0010106,C009279,Salary,Active,52462.33,2016-08-24
A0010107,C009280,Current,Active,40550.57,2020-01-22
A0010108,C009281,Savings,Dormant,28296.33,2024-06-04
A0010109,C009281,Savings,Active,23051.14,2024-10-30
A0010110,C009282,Current,Closed,77034.83,2016-11-16
A0010111,C009283,Salary,Active,78996.39,2024-11-30
A0010112,C009284,Savings,Active,27263.55,2019-01-22
A0010113,C009285,Premium,Active,263795.71,2018-04-10
A0010114,C009285,Savings,Active,38286.16,2019-10-06
A0010115,C009286,Current,Dormant,169073.8,2024-02-23
A0010116,C009287,Savings,Active,109833.96,2021-05-15
A0010117,C009288,Savings,Active,13545.9,2019-07-23
A0010118,C009288,Salary,Active,48519.47,2017-11-27
A0010119,C009289,Current,Active,122938.85,2018-09-30
A0010120,C009290,Savings,Dormant,12684.1,2024-11-30
A0010121,C009290,Savings,Active,10465.65,2024-09-21
A0010122,C009291,Salary,Active,91805.08,2021-06-25
A0010123,C009293,Savings,Active,6277.56,2024-03-13
A0010124,C009294,Savings,Closed,32675.12,2024-11-30
A0010125,C009295,Salary,Active,10732.5,2018-03-21
A0010126,C009296,Current,Active,25476.28,2022-12-31
A0010127,C009297,Savings,Active,67735.34,2020-12-30
A0010128,C009298,Savings,Closed,77330.12,2024-11-30
A0010129,C009301,Current,Active,60993.97,2024-11-30
A0010130,C009302,Salary,Active,31103.91,2018-05-29
A0010131,C009302,Savings,Closed,82070.18,2020-03-15
A0010132,C009303,Current,Active,233581.75,2018-08-06
A0010133,C009304,Current,Active,284315.74,2017-05-24
A0010134,C009305,Savings,Active,117760.19,2021-04-15
A0010135,C009306,Savings,Active,16163.06,2024-11-30
A0010136,C009307,Savings,Active,15735.2,2024-11-30
A0010137,C009308,Savings,Active,13979.05,2023-01-14
A0010138,C009309,Current,Active,29580.93,2020-06-14
A0010139,C009310,Savings,Active,37692.75,2023-12-24
A0010140,C009311,Salary,Active,26292.0,2023-01-17
A0010141,C009311,Savings,Active,10216.81,2022-11-16
A0010142,C009312,Savings,Active,162484.18,2021-09-15
A0010143,C009313,Current,Active,157980.75,2019-09-20
A0010144,C009314,Current,Active,34627.86,2018-11-29
A0010145,C009316,Salary,Active,54643.32,2023-07-26
A0010146,C009316,Savings,Active,38767.97,2023-07-30
A0010147,C009317,Current,Active,11936.12,2021-04-23
A0010148,C009318,Current,Active,35824.59,2023-08-06
A0010149,C009319,Salary,Dormant,239136.53,2021-01-29
A0010150,C009320,Salary,Active,11488.4,2020-03-30
A0010151,C009321,Savings,Active,9603.98,2024-11-04
A0010152,C009322,Current,Active,25744.38,2019-11-03
A0010153,C009323,Savings,Closed,42610.44,2018-09-23
A0010154,C009324,Current,Active,14430.77,2017-05-20
A0010155,C009324,Current,Active,11585.9,2018-10-07
A0010156,C009325,Current,Active,5078.24,2018-12-09
A0010157,C009325,Salary,Active,8430.62,2016-06-04
A0010158,C009326,Savings,Active,14902.52,2024-11-30
A0010159,C009326,Savings,Active,27335.05,2024-11-30
A0010160,C009327,Savings,Active,13451.25,2015-09-25
A0010161,C009328,Current,Active,2260.94,2022-04-02
A0010162,C009329,Savings,Active,23763.75,2024-11-30
A0010163,C009330,Current,Active,170735.13,2021-10-10
A0010164,C009331,Current,Active,42146.78,2020-12-26
A0010165,C009332,Savings,Active,55459.2,2017-10-05
A0010166,C009333,Current,Dormant,31277.95,2019-07-24
A0010167,C009334,Salary,Dormant,21361.74,2019-01-07
A0010168,C009334,Savings,Active,9550.26,2022-04-23
A0010169,C009335,Savings,Active,44323.99,2023-04-27
A0010170,C009339,Savings,Active,188095.78,2020-03-10
A0010171,C009340,Savings,Active,13764.62,2021-05-22
A0010172,C009341,Savings,Active,56187.75,2024-05-13
A0010173,C009344,Current,Active,51383.96,2023-05-06
A0010174,C009345,Savings,Active,115542.17,2023-03-31
A0010175,C009346,Savings,Dormant,14618.47,2020-04-25
A0010176,C009347,Current,Active,71951.56,2024-10-24
A0010177,C009349,Current,Active,22676.01,2019-09-27
A0010178,C009351,Savings,Active,21918.34,2021-02-22
A0010179,C009352,Savings,Active,72983.84,2020-02-20
A0010180,C009353,Savings,Dormant,65902.13,2020-02-04
A0010181,C009354,Current,Active,11110.16,2024-11-30
A0010182,C009356,Current,Active,16392.96,2024-11-30
A0010183,C009357,Savings,Active,5419.2,2021-10-02
A0010184,C009358,Premium,Active,72386.1,2019-08-13
A0010185,C009359,Savings,Active,39865.15,2018-09-27
A0010186,C009361,Salary,Active,147169.38,2024-11-30
A0010187,C009362,Savings,Active,463151.9,2020-06-18
A0010188,C009363,Savings,Active,59602.48,2024-11-30
A0010189,C009363,Salary,Active,56809.54,2024-08-08
A0010190,C009364,Savings,Active,76381.61,2022-07-19
A0010191,C009365,Current,Active,23525.7,2018-01-26
A0010192,C009365,Savings,Active,14264.48,2018-05-23
A0010193,C009367,Savings,Closed,11571.06,2018-04-17
A0010194,C009368,Salary,Active,153388.93,2019-10-16
A0010195,C009369,Salary,Dormant,242463.51,2019-07-27
A0010196,C009370,Savings,Active,84107.16,2018-02-27
A0010197,C009370,Salary,Active,163851.36,2016-04-04
A0010198,C009372,Savings,Active,213638.29,2018-01-30
A0010199,C009372,Savings,Active,192905.06,2021-04-18
A0010200,C009373,Salary,Active,92120.17,2024-11-30
A0010201,C009374,Savings,Active,59027.46,2020-09-12
A0010202,C009375,Savings,Dormant,9020.69,2023-03-08
A0010203,C009375,Current,Active,9675.16,2024-11-30
A0010204,C009376,Salary,Active,40757.47,2017-07-05
A0010205,C009376,Savings,Active,39032.72,2018-01-03
A0010206,C009377,Salary,Active,19585.52,2023-12-25
A0010207,C009378,Savings,Active,169232.13,2022-03-12
A0010208,C009380,Salary,Active,84735.2,2017-01-26
A0010209,C009381,Savings,Dormant,31544.19,2019-03-02
A0010210,C009381,Premium,Active,123279.23,2021-07-24
A0010211,C009382,Savings,Active,13619.85,2020-05-09
A0010212,C009383,Savings,Dormant,19602.57,2024-11-30
A0010213,C009384,Current,Active,46206.34,2024-11-30
A0010214,C009385,Salary,Active,60729.64,2020-09-17
A0010215,C009386,Current,Active,8136.15,2023-04-06
A0010216,C009386,Premium,Dormant,45271.74,2022-05-08
A0010217,C009388,Salary,Active,47673.43,2024-11-30
A0010218,C009388,Salary,Active,33814.33,2024-11-30
A0010219,C009389,Premium,Active,117142.74,2024-03-18
A0010220,C009390,Savings,Closed,18875.09,2021-08-30
A0010221,C009390,Salary,Dormant,24467.61,2021-08-26
A0010222,C009391,Current,Dormant,16633.91,2023-12-03
A0010223,C009392,Current,Active,15043.85,2017-01-11
A0010224,C009393,Savings,Active,5982.36,2019-06-20
A0010225,C009394,Current,Active,15237.55,2022-07-27
A0010226,C009394,Savings,Active,28254.98,2022-08-22
A0010227,C009395,Savings,Closed,4454.75,2020-10-06
A0010228,C009396,Savings,Active,20046.72,2021-01-01
A0010229,C009397,Savings,Active,16432.13,2023-08-08
A0010230,C009398,Current,Active,1692.1,2018-09-01
A0010231,C009399,Salary,Active,26229.89,2019-03-09
A0010232,C009401,Savings,Dormant,104919.64,2021-12-28
A0010233,C009402,Savings,Active,84076.12,2022-05-12
A0010234,C009403,Savings,Active,32136.77,2017-07-31
A0010235,C009404,Savings,Active,50563.61,2020-09-21
A0010236,C009405,Current,Active,22137.33,2022-06-25
A0010237,C009405,Savings,Active,20294.33,2024-06-18
A0010238,C009406,Current,Active,5103.06,2020-05-15
A0010239,C009407,Savings,Active,10835.36,2017-06-14
A0010240,C009408,Current,Active,28254.4,2021-11-09
A0010241,C009409,Salary,Active,80322.19,2020-07-11
A0010242,C009410,Savings,Active,154753.11,2023-09-01
A0010243,C009411,Current,Active,49696.24,2024-11-30
A0010244,C009412,Salary,Dormant,20073.72,2020-11-04
A0010245,C009412,Salary,Active,54385.99,2017-08-20
A0010246,C009414,Premium,Active,85152.02,2020-05-18
A0010247,C009415,Savings,Active,107818.61,2021-03-06
A0010248,C009417,Savings,Active,52318.68,2024-11-30
A0010249,C009418,Current,Active,18524.06,2016-09-14
A0010250,C009419,Current,Active,23113.63,2017-08-17
A0010251,C009420,Savings,Active,173945.2,2023-10-09
A0010252,C009421,Current,Active,196613.69,2021-08-11
A0010253,C009421,Salary,Active,131346.81,2021-05-13
A0010254,C009422,Savings,Active,153466.43,2023-12-14
A0010255,C009423,Current,Active,43709.33,2019-10-19
A0010256,C009424,Savings,Active,103344.64,2019-08-15
A0010257,C009426,Salary,Active,18393.76,2024-11-30
A0010258,C009427,Current,Dormant,58623.44,2023-09-20
A0010259,C009428,Savings,Closed,22006.56,2024-03-06
A0010260,C009429,Savings,Active,74072.09,2019-05-10
A0010261,C009430,Savings,Active,268394.68,2022-04-21
A0010262,C009431,Savings,Dormant,23110.9,2019-01-11
A0010263,C009431,Salary,Active,39611.18,2019-03-20
A0010264,C009433,Current,Active,37947.1,2021-06-01
A0010265,C009434,Salary,Closed,23432.91,2024-01-06
A0010266,C009435,Current,Active,87089.19,2020-08-09
A0010267,C009439,Savings,Dormant,5926.25,2020-02-19
A0010268,C009440,Current,Active,25528.49,2022-08-06
A0010269,C009440,Current,Active,22358.34,2019-12-31
A0010270,C009441,Salary,Dormant,12395.44,2023-05-29
A0010271,C009441,Savings,Active,27421.93,2021-08-01
A0010272,C009442,Premium,Active,48843.71,2018-12-06
A0010273,C009443,Salary,Dormant,87993.23,2024-11-30
A0010274,C009443,Current,Active,34918.96,2023-02-22
A0010275,C009444,Savings,Active,100463.67,2015-07-14
A0010276,C009444,Current,Active,114683.41,2016-02-19
A0010277,C009445,Savings,Active,11126.43,2020-06-18
A0010278,C009446,Savings,Active,30940.94,2024-11-30
A0010279,C009446,Current,Active,9757.64,2024-10-26
A0010280,C009447,Salary,Active,35371.04,2024-11-22
A0010281,C009449,Salary,Active,119878.62,2024-11-30
A0010282,C009451,Current,Active,34586.96,2023-04-15
A0010283,C009451,Salary,Active,45301.38,2024-02-09
A0010284,C009452,Current,Active,12873.27,2018-05-20
A0010285,C009452,Current,Active,27832.75,2020-05-05
A0010286,C009453,Premium,Active,83417.6,2024-11-30
A0010287,C009453,Savings,Active,148763.62,2024-11-30
A0010288,C009454,Premium,Closed,51522.89,2020-12-23
A0010289,C009454,Savings,Active,24803.79,2018-06-23
A0010290,C009455,Salary,Active,65888.28,2018-05-26
A0010291,C009456,Savings,Active,74844.89,2019-02-09
A0010292,C009457,Savings,Active,136787.74,2018-07-07
A0010293,C009458,Savings,Active,57304.98,2018-05-23
A0010294,C009459,Salary,Active,40174.84,2016-08-12
A0010295,C009460,Savings,Active,20331.67,2022-06-09
A0010296,C009461,Salary,Dormant,24022.36,2022-08-13
A0010297,C009462,Savings,Active,4048.19,2019-02-08
A0010298,C009463,Current,Active,7291.2,2016-01-11
A0010299,C009463,Savings,Active,2245.7,2019-06-01
A0010300,C009464,Current,Active,20851.23,2024-10-09
A0010301,C009465,Current,Active,10190.84,2018-12-10
A0010302,C009466,Salary,Active,1102792.86,2024-11-30
A0010303,C009467,Savings,Active,57609.8,2020-07-26
A0010304,C009467,Savings,Active,54382.87,2019-06-10
A0010305,C009468,Savings,Active,276628.71,2017-04-03
A0010306,C009470,Savings,Active,47226.69,2021-07-02
A0010307,C009471,Savings,Active,10929.77,2024-11-30
A0010308,C009472,Savings,Active,45847.04,2017-04-03
A0010309,C009474,Current,Active,8572.94,2020-07-01
A0010310,C009474,Savings,Dormant,15944.83,2020-07-14
A0010311,C009475,Savings,Active,19069.28,2019-06-27
A0010312,C009477,Current,Active,24260.41,2020-02-17
A0010313,C009477,Savings,Active,41196.65,2017-06-15
A0010314,C009478,Savings,Active,20639.9,2020-01-07
A0010315,C009480,Savings,Active,42222.41,2019-05-22
A0010316,C009481,Savings,Active,52752.18,2023-06-12
A0010317,C009482,Salary,Active,24765.47,2024-11-30
A0010318,C009483,Salary,Closed,533975.87,2015-11-30
A0010319,C009484,Savings,Active,15301.56,2019-03-03
A0010320,C009485,Savings,Active,43261.01,2022-04-14
A0010321,C009485,Savings,Active,31274.43,2023-05-26
A0010322,C009486,Savings,Active,127599.84,2017-10-16
A0010323,C009487,Current,Active,210334.55,2021-07-09
A0010324,C009487,Salary,Dormant,106623.24,2021-11-06
A0010325,C009488,Current,Active,15217.13,2018-06-12
A0010326,C009490,Current,Active,238416.78,2018-03-07
A0010327,C009491,Savings,Active,9015.53,2017-09-08
A0010328,C009491,Savings,Active,27625.86,2018-09-03
A0010329,C009492,Savings,Active,36738.52,2022-10-09
A0010330,C009492,Current,Active,24819.44,2021-01-04
A0010331,C009493,Savings,Dormant,28721.01,2022-08-16
A0010332,C009495,Current,Active,67652.19,2024-11-30
A0010333,C009496,Savings,Active,23616.95,2023-04-15
A0010334,C009498,Current,Active,43584.26,2023-08-19
A0010335,C009498,Current,Active,115014.19,2021-07-27
A0010336,C009500,Savings,Active,130314.69,2021-10-25
A0010337,C009501,Savings,Active,133947.23,2023-03-06
A0010338,C009502,Savings,Active,97677.0,2016-08-02
A0010339,C009503,Current,Closed,17993.23,2024-11-30
A0010340,C009505,Salary,Active,200963.47,2016-04-04
A0010341,C009506,Savings,Active,58426.7,2024-11-30
A0010342,C009507,Savings,Closed,83725.55,2019-02-17
A0010343,C009508,Premium,Dormant,88681.04,2017-12-19
A0010344,C009509,Savings,Active,19508.83,2024-01-31
A0010345,C009510,Current,Active,44632.55,2021-02-26
A0010346,C009511,Salary,Active,30549.39,2023-01-26
A0010347,C009512,Savings,Active,26530.94,2022-12-13
A0010348,C009514,Savings,Active,465234.32,2024-11-30
A0010349,C009515,Savings,Active,47412.03,2024-11-30
A0010350,C009516,Premium,Dormant,34648.05,2021-11-06
A0010351,C009518,Current,Dormant,11321.23,2021-04-12
A0010352,C009519,Current,Closed,173561.31,2019-07-15
A0010353,C009519,Premium,Active,1052570.0,2020-01-07
A0010354,C009520,Salary,Active,41821.52,2021-12-04
A0010355,C009521,Savings,Active,29908.53,2018-06-01
A0010356,C009521,Savings,Active,13351.54,2017-07-27
A0010357,C009522,Savings,Active,100737.23,2020-12-02
A0010358,C009523,Savings,Active,25072.57,2016-07-30
A0010359,C009523,Current,Active,10509.22,2016-01-29
A0010360,C009524,Current,Active,52865.74,2024-05-07
A0010361,C009525,Savings,Active,32270.91,2017-05-17
A0010362,C009525,Savings,Dormant,192096.86,2018-05-20
A0010363,C009526,Salary,Active,15542.56,2023-01-20
A0010364,C009527,Savings,Active,6468.83,2017-05-25
A0010365,C009527,Savings,Active,7510.76,2020-02-28
A0010366,C009528,Salary,Active,570570.42,2024-11-30
A0010367,C009529,Current,Active,36712.84,2017-11-10
A0010368,C009531,Savings,Active,17365.23,2020-03-12
A0010369,C009534,Savings,Active,134055.96,2024-11-30
A0010370,C009534,Current,Active,52546.89,2023-08-31
A0010371,C009535,Savings,Active,72316.23,2022-04-21
A0010372,C009536,Salary,Active,113819.4,2019-06-02
A0010373,C009537,Savings,Dormant,65267.41,2023-01-22
A0010374,C009538,Current,Active,15464.8,2021-03-12
A0010375,C009539,Premium,Active,59357.06,2023-09-22
A0010376,C009539,Salary,Active,77986.19,2021-06-04
A0010377,C009540,Savings,Active,55514.62,2022-09-25
A0010378,C009541,Savings,Active,14499.21,2019-10-30
A0010379,C009542,Salary,Active,59010.41,2021-05-15
A0010380,C009543,Savings,Dormant,91086.76,2024-11-30
A0010381,C009543,Savings,Active,42125.78,2022-02-18
A0010382,C009544,Savings,Active,86621.12,2021-06-11
A0010383,C009545,Current,Active,22338.68,2021-12-19
A0010384,C009545,Current,Active,41105.63,2018-08-01
A0010385,C009546,Salary,Dormant,91753.49,2020-05-26
A0010386,C009547,Savings,Active,149616.87,2023-09-13
A0010387,C009548,Premium,Active,113986.39,2017-03-22
A0010388,C009548,Savings,Active,12215.11,2019-06-07
A0010389,C009549,Current,Active,36199.38,2023-07-06
A0010390,C009550,Savings,Active,32032.52,2024-11-30
A0010391,C009551,Savings,Active,8095.82,2018-06-07
A0010392,C009554,Savings,Active,9378.46,2021-03-29
A0010393,C009555,Savings,Active,9043.48,2016-05-22
A0010394,C009557,Current,Active,3129.65,2016-10-14
A0010395,C009558,Savings,Closed,87299.34,2020-04-17
A0010396,C009558,Savings,Active,199094.54,2021-10-20
A0010397,C009559,Premium,Active,390303.57,2018-02-02
A0010398,C009561,Savings,Active,98445.03,2024-11-30
A0010399,C009561,Salary,Closed,20289.79,2024-11-30
A0010400,C009562,Savings,Active,70614.89,2016-07-26
A0010401,C009563,Savings,Active,5991.61,2022-04-25
A0010402,C009564,Savings,Active,26814.91,2022-03-30
A0010403,C009565,Salary,Active,28572.12,2019-11-30
A0010404,C009566,Savings,Active,13857.99,2021-06-08
A0010405,C009569,Savings,Active,24884.36,2017-10-18
A0010406,C009569,Current,Active,6192.09,2018-09-19
A0010407,C009570,Current,Active,80411.1,2024-09-22
A0010408,C009570,Salary,Active,111779.12,2024-01-23
A0010409,C009571,Savings,Active,462072.79,2015-07-19
A0010410,C009572,Savings,Active,147153.58,2021-08-01
A0010411,C009572,Savings,Active,75962.43,2021-01-27
A0010412,C009573,Salary,Active,192730.09,2024-11-30
A0010413,C009574,Premium,Active,372929.33,2024-03-23
A0010414,C009575,Salary,Active,25432.95,2019-03-30
A0010415,C009575,Savings,Active,52781.37,2017-10-25
A0010416,C009576,Savings,Active,19160.69,2018-03-30
A0010417,C009577,Premium,Active,45901.79,2020-10-28
A0010418,C009578,Savings,Active,43406.42,2021-04-24
A0010419,C009579,Premium,Active,52908.71,2019-08-23
A0010420,C009580,Current,Active,6822.73,2020-10-05
A0010421,C009581,Salary,Closed,18228.98,2023-10-06
A0010422,C009581,Current,Active,19233.97,2024-11-30
A0010423,C009584,Salary,Active,10840.05,2024-04-08
A0010424,C009585,Current,Active,34382.28,2019-01-26
A0010425,C009586,Current,Dormant,44561.5,2024-10-03
A0010426,C009587,Savings,Active,36915.96,2022-08-03
A0010427,C009588,Savings,Active,22218.59,2024-11-25
A0010428,C009588,Premium,Dormant,228705.17,2022-02-10
A0010429,C009589,Savings,Active,28617.5,2022-12-13
A0010430,C009589,Current,Active,23361.98,2022-12-23
A0010431,C009591,Current,Closed,6927.05,2022-07-21
A0010432,C009592,Savings,Dormant,96273.17,2018-08-11
A0010433,C009593,Current,Active,15329.72,2024-11-30
A0010434,C009594,Savings,Active,8229.11,2018-02-16
A0010435,C009595,Savings,Active,52369.16,2023-02-15
A0010436,C009596,Current,Active,78302.21,2022-02-02
A0010437,C009596,Savings,Closed,187784.98,2024-09-24
A0010438,C009597,Premium,Active,43161.56,2023-07-24
A0010439,C009598,Salary,Active,81017.57,2016-11-10
A0010440,C009599,Savings,Active,140726.57,2021-06-15
A0010441,C009600,Savings,Active,6382.52,2022-09-26
A0010442,C009601,Salary,Active,177241.88,2024-04-18
A0010443,C009606,Premium,Active,210086.02,2024-05-31
A0010444,C009608,Savings,Closed,120386.88,2018-03-02
A0010445,C009609,Savings,Active,19397.34,2017-01-14
A0010446,C009610,Current,Active,10863.45,2021-06-25
A0010447,C009611,Savings,Active,31260.48,2024-01-13
A0010448,C009612,Savings,Active,85304.39,2021-01-27
A0010449,C009612,Savings,Active,38892.62,2022-12-03
A0010450,C009614,Savings,Active,9154.69,2018-04-03
A0010451,C009615,Savings,Active,55635.26,2018-10-11
A0010452,C009616,Salary,Active,23290.96,2022-09-16
A0010453,C009617,Current,Active,140436.29,2018-01-26
A0010454,C009618,Salary,Active,114534.81,2021-08-28
A0010455,C009619,Savings,Active,10367.18,2017-04-05
A0010456,C009620,Salary,Active,201501.87,2019-11-08
A0010457,C009621,Current,Active,46979.42,2020-09-28
A0010458,C009622,Premium,Dormant,133406.31,2021-05-16
A0010459,C009622,Current,Active,10822.98,2022-10-23
A0010460,C009623,Current,Active,41644.43,2024-01-31
A0010461,C009624,Savings,Active,44562.93,2022-08-29
A0010462,C009625,Savings,Active,24957.3,2016-09-17
A0010463,C009626,Savings,Active,7032.16,2019-01-25
A0010464,C009627,Savings,Active,41086.11,2018-07-09
A0010465,C009627,Salary,Active,162822.96,2019-11-12
A0010466,C009628,Savings,Active,129122.32,2024-11-30
A0010467,C009628,Savings,Active,78126.15,2024-08-14
A0010468,C009629,Savings,Active,30675.85,2019-03-21
A0010469,C009630,Savings,Active,11333.32,2021-11-10
A0010470,C009631,Savings,Active,22671.55,2018-06-08
A0010471,C009634,Salary,Active,49674.9,2017-03-03
A0010472,C009635,Savings,Active,67019.28,2020-06-29
A0010473,C009636,Savings,Active,32793.79,2024-11-30
A0010474,C009637,Savings,Active,26798.38,2016-03-24
A0010475,C009639,Current,Active,16864.13,2018-04-20
A0010476,C009640,Current,Active,39522.94,2022-08-10
A0010477,C009641,Savings,Active,18808.24,2019-06-12
A0010478,C009642,Salary,Active,50859.59,2018-02-02
A0010479,C009645,Salary,Active,129025.25,2018-11-24
A0010480,C009647,Savings,Active,109698.97,2022-06-11
A0010481,C009648,Savings,Dormant,18115.13,2018-08-30
A0010482,C009648,Current,Active,45360.66,2019-06-12
A0010483,C009649,Savings,Active,34341.32,2024-11-30
A0010484,C009650,Savings,Active,23524.02,2018-01-18
A0010485,C009651,Savings,Active,24971.88,2019-04-27
A0010486,C009652,Salary,Dormant,17100.79,2017-07-01
A0010487,C009653,Savings,Active,11220.73,2020-01-24
A0010488,C009654,Savings,Active,100177.53,2023-11-21
A0010489,C009654,Savings,Active,82633.9,2024-11-30
A0010490,C009656,Current,Active,68550.15,2023-08-27
A0010491,C009656,Current,Active,78327.96,2020-11-12
A0010492,C009657,Savings,Active,37657.31,2018-11-12
A0010493,C009657,Salary,Active,43390.41,2019-04-22
A0010494,C009658,Salary,Active,35379.19,2024-11-30
A0010495,C009658,Savings,Active,66551.06,2024-11-30
A0010496,C009659,Savings,Active,23917.09,2024-11-30
A0010497,C009660,Savings,Active,85976.23,2022-11-13
A0010498,C009661,Current,Active,31612.89,2024-11-30
A0010499,C009662,Savings,Active,108775.82,2021-10-20
A0010500,C009662,Savings,Active,157735.73,2019-05-26
A0010501,C009663,Savings,Dormant,47227.18,2024-11-30
A0010502,C009666,Salary,Active,36607.13,2019-09-12
A0010503,C009667,Savings,Active,12356.96,2019-09-25
A0010504,C009667,Current,Active,8309.41,2016-07-22
A0010505,C009668,Salary,Active,10473.24,2024-11-30
A0010506,C009669,Current,Dormant,62787.41,2017-12-21
A0010507,C009670,Salary,Active,23513.42,2021-07-18
A0010508,C009671,Salary,Active,8530.56,2021-07-14
A0010509,C009672,Savings,Active,31676.43,2017-01-21
A0010510,C009673,Savings,Active,10094.89,2024-03-11
A0010511,C009673,Current,Active,12030.66,2023-12-15
A0010512,C009675,Salary,Active,23642.35,2024-11-30
A0010513,C009676,Current,Active,19819.93,2020-09-30
A0010514,C009676,Savings,Active,48869.99,2020-11-05
A0010515,C009677,Savings,Active,34573.25,2023-07-11
A0010516,C009679,Premium,Active,44932.58,2016-01-16
A0010517,C009680,Current,Active,15048.9,2024-11-19
A0010518,C009681,Current,Active,22644.04,2024-08-18
A0010519,C009682,Current,Active,439825.35,2020-10-17
A0010520,C009682,Current,Active,80725.05,2023-12-20
A0010521,C009684,Savings,Active,22988.54,2019-04-23
A0010522,C009685,Current,Closed,3569.42,2019-04-19
A0010523,C009686,Savings,Active,50129.86,2022-05-08
A0010524,C009688,Savings,Active,18959.54,2020-05-02
A0010525,C009689,Current,Closed,17072.46,2020-09-14
A0010526,C009691,Savings,Active,226919.42,2021-11-17
A0010527,C009692,Savings,Active,168885.23,2024-02-11
A0010528,C009693,Salary,Active,72978.84,2024-06-27
A0010529,C009694,Savings,Active,11304.64,2018-02-20
A0010530,C009694,Salary,Active,13467.55,2019-09-26
A0010531,C009695,Current,Active,12124.42,2019-01-07
A0010532,C009695,Current,Active,42730.77,2019-02-06
A0010533,C009696,Current,Active,156718.39,2021-12-18
A0010534,C009696,Savings,Active,37589.6,2024-11-30
A0010535,C009697,Salary,Active,37527.03,2024-11-30
A0010536,C009698,Premium,Active,75565.68,2022-04-01
A0010537,C009699,Premium,Active,77790.35,2019-09-18
A0010538,C009699,Savings,Active,15786.99,2022-05-30
A0010539,C009700,Savings,Active,27126.56,2017-12-22
A0010540,C009700,Savings,Active,17091.41,2020-01-11
A0010541,C009702,Salary,Active,18400.38,2019-01-25
A0010542,C009702,Salary,Dormant,37527.37,2021-11-23
A0010543,C009703,Savings,Active,66661.0,2020-08-05
A0010544,C009704,Savings,Active,17348.44,2024-11-30
A0010545,C009704,Salary,Active,44460.44,2024-11-30
A0010546,C009705,Current,Active,44873.72,2016-08-17
A0010547,C009705,Salary,Active,22491.45,2016-06-17
A0010548,C009706,Current,Active,63558.55,2024-10-27
A0010549,C009707,Savings,Active,9554.29,2019-05-15
A0010550,C009708,Salary,Closed,37228.2,2017-10-20
A0010551,C009709,Savings,Active,29836.52,2018-01-06
A0010552,C009710,Savings,Active,4397.36,2015-11-18
A0010553,C009711,Savings,Active,11105.2,2016-06-08
A0010554,C009712,Current,Closed,7926.79,2024-11-30
A0010555,C009713,Savings,Active,83984.66,2022-02-12
A0010556,C009714,Savings,Active,8987.87,2022-10-17
A0010557,C009714,Savings,Active,46093.95,2021-05-01
A0010558,C009715,Salary,Active,79322.23,2020-12-25
A0010559,C009716,Salary,Dormant,81822.06,2019-12-03
A0010560,C009716,Premium,Active,78127.42,2017-03-20
A0010561,C009717,Salary,Active,168765.59,2022-03-10
A0010562,C009718,Current,Active,34483.47,2022-08-06
A0010563,C009718,Savings,Active,73261.5,2022-04-04
A0010564,C009719,Salary,Active,406328.0,2016-11-25
A0010565,C009720,Salary,Active,3784.54,2024-11-30
A0010566,C009721,Premium,Dormant,45227.08,2018-09-29
A0010567,C009721,Savings,Active,70464.46,2017-07-09
A0010568,C009722,Savings,Active,94954.44,2019-05-29
A0010569,C009724,Current,Active,22976.14,2018-05-16
A0010570,C009724,Savings,Active,17164.52,2016-07-08
A0010571,C009725,Savings,Active,21821.98,2019-07-05
A0010572,C009726,Salary,Active,102633.24,2020-11-06
A0010573,C009727,Salary,Active,69809.75,2019-08-14
A0010574,C009728,Savings,Active,29941.49,2022-11-02
A0010575,C009729,Savings,Active,12242.98,2018-07-05
A0010576,C009734,Current,Active,54345.76,2024-11-30
A0010577,C009735,Salary,Active,70531.88,2022-08-21
A0010578,C009736,Salary,Active,54509.05,2022-02-14
A0010579,C009736,Current,Dormant,34909.45,2023-03-24
A0010580,C009737,Savings,Active,44408.28,2020-06-26
A0010581,C009738,Savings,Active,117140.52,2017-11-29
A0010582,C009738,Salary,Dormant,198465.33,2019-08-02
A0010583,C009739,Savings,Active,18967.32,2017-10-09
A0010584,C009740,Savings,Active,6329.43,2023-12-04
A0010585,C009740,Salary,Active,35833.96,2021-10-10
A0010586,C009741,Savings,Active,14724.72,2017-04-12
A0010587,C009741,Premium,Active,22211.91,2015-03-31
A0010588,C009743,Savings,Active,22040.41,2022-07-26
A0010589,C009743,Salary,Active,27611.64,2024-11-19
A0010590,C009744,Current,Active,40847.1,2024-11-30
A0010591,C009745,Current,Active,19260.46,2024-11-30
A0010592,C009746,Savings,Active,24497.59,2024-11-30
A0010593,C009748,Savings,Active,56000.66,2019-07-06
A0010594,C009749,Savings,Active,51100.9,2019-03-23
A0010595,C009749,Savings,Closed,54836.12,2018-10-27
A0010596,C009750,Savings,Active,182679.46,2024-10-18
A0010597,C009751,Current,Active,15702.34,2022-01-31
A0010598,C009752,Savings,Active,44353.73,2023-07-04
A0010599,C009752,Savings,Active,10588.65,2024-11-30
A0010600,C009753,Salary,Active,27484.09,2022-08-20
A0010601,C009753,Savings,Active,77652.17,2021-03-04
A0010602,C009756,Current,Active,13394.21,2023-09-25
A0010603,C009757,Savings,Active,16908.24,2019-08-19
A0010604,C009758,Current,Active,20322.74,2020-01-24
A0010605,C009759,Savings,Active,5549.14,2022-03-17
A0010606,C009761,Savings,Active,53362.4,2019-08-04
A0010607,C009762,Salary,Active,31893.96,2022-03-13
A0010608,C009764,Salary,Active,127493.91,2020-09-26
A0010609,C009766,Savings,Closed,196430.29,2024-06-23
A0010610,C009767,Current,Active,21516.32,2024-03-30
A0010611,C009769,Savings,Active,45791.37,2024-11-30
A0010612,C009770,Current,Active,50758.88,2022-08-27
A0010613,C009770,Savings,Active,26596.03,2022-07-21
A0010614,C009771,Savings,Active,21370.23,2022-02-04
A0010615,C009772,Salary,Active,40100.59,2022-12-01
A0010616,C009773,Savings,Active,9550.21,2018-10-05
A0010617,C009774,Savings,Active,21876.68,2024-08-05
A0010618,C009775,Savings,Active,16373.94,2020-01-28
A0010619,C009777,Current,Active,10362.86,2019-04-03
A0010620,C009778,Salary,Active,19067.57,2019-03-07
A0010621,C009779,Savings,Dormant,68689.41,2023-04-06
A0010622,C009780,Current,Closed,5024.18,2017-11-25
A0010623,C009781,Salary,Active,95084.16,2018-10-15
A0010624,C009782,Salary,Active,137771.35,2019-11-15
A0010625,C009783,Savings,Closed,23115.83,2023-02-05
A0010626,C009784,Savings,Active,16806.38,2024-11-30
A0010627,C009785,Savings,Active,64387.26,2018-12-10
A0010628,C009786,Savings,Closed,18382.73,2020-04-29
A0010629,C009786,Savings,Closed,63063.29,2020-12-21
A0010630,C009787,Salary,Active,27015.87,2022-08-14
A0010631,C009788,Salary,Active,250063.44,2024-11-30
A0010632,C009789,Savings,Active,30537.85,2016-12-16
A0010633,C009790,Salary,Active,29488.07,2023-06-15
A0010634,C009793,Current,Active,77394.88,2022-05-15
A0010635,C009794,Savings,Dormant,36106.14,2024-10-11
A0010636,C009795,Salary,Dormant,430447.82,2022-07-28
A0010637,C009796,Savings,Active,5860.91,2018-04-11
A0010638,C009796,Savings,Active,22073.5,2016-11-03
A0010639,C009797,Premium,Active,111835.83,2018-11-11
A0010640,C009797,Current,Active,38618.78,2020-05-29
A0010641,C009798,Current,Active,31101.89,2023-09-13
A0010642,C009798,Salary,Active,25500.34,2022-04-05
A0010643,C009800,Savings,Active,18361.01,2023-01-12
A0010644,C009801,Savings,Active,25031.19,2016-07-05
A0010645,C009802,Savings,Active,17002.75,2021-03-16
A0010646,C009803,Savings,Active,47512.29,2020-06-08
A0010647,C009805,Savings,Active,44669.22,2019-04-22
A0010648,C009806,Current,Active,25022.66,2022-08-01
A0010649,C009808,Salary,Dormant,91650.1,2024-01-08
A0010650,C009809,Savings,Active,23790.26,2024-11-30
A0010651,C009810,Savings,Active,47420.74,2019-08-29
A0010652,C009811,Savings,Active,25562.52,2022-10-15
A0010653,C009812,Savings,Active,590363.46,2021-01-24
A0010654,C009812,Savings,Active,273144.61,2019-07-19
A0010655,C009813,Savings,Active,3249.92,2022-06-24
A0010656,C009814,Savings,Active,90927.89,2024-05-10
A0010657,C009815,Salary,Active,49951.94,2023-10-09
A0010658,C009815,Savings,Active,43010.46,2024-11-30
A0010659,C009816,Salary,Active,37193.68,2020-01-26
A0010660,C009817,Salary,Dormant,62618.6,2021-09-11
A0010661,C009817,Current,Active,20088.44,2020-01-06
A0010662,C009818,Savings,Active,118106.06,2020-07-19
A0010663,C009819,Savings,Active,130013.26,2019-08-31
A0010664,C009820,Savings,Active,158746.52,2017-07-23
A0010665,C009821,Savings,Active,328720.5,2018-10-19
A0010666,C009823,Savings,Active,12956.71,2024-11-30
A0010667,C009825,Current,Active,79328.99,2017-06-01
A0010668,C009825,Savings,Active,82368.24,2018-07-18
A0010669,C009826,Salary,Active,30827.51,2019-07-17
A0010670,C009828,Savings,Dormant,7265.02,2024-11-30
A0010671,C009828,Current,Closed,21393.32,2024-11-30
A0010672,C009829,Savings,Active,30113.12,2018-10-21
A0010673,C009829,Current,Active,43173.12,2018-09-29
A0010674,C009830,Salary,Dormant,119771.06,2018-11-24
A0010675,C009831,Savings,Active,68011.03,2023-08-20
A0010676,C009832,Current,Active,9793.31,2020-01-16
A0010677,C009833,Premium,Active,101924.68,2024-05-28
A0010678,C009834,Savings,Active,54756.84,2022-01-30
A0010679,C009835,Current,Active,9858.55,2023-05-19
A0010680,C009836,Savings,Active,118679.53,2022-02-04
A0010681,C009837,Current,Active,31186.42,2023-05-01
A0010682,C009838,Savings,Active,74711.48,2019-09-12
A0010683,C009838,Current,Active,63108.15,2020-09-10
A0010684,C009839,Savings,Closed,32982.73,2021-08-20
A0010685,C009840,Savings,Active,66257.16,2018-08-10
A0010686,C009840,Savings,Dormant,6526.27,2018-06-02
A0010687,C009841,Salary,Closed,60258.43,2023-12-03
A0010688,C009842,Salary,Active,358177.9,2021-02-28
A0010689,C009843,Current,Active,7686.94,2024-11-30
A0010690,C009844,Savings,Active,70186.48,2024-01-12
A0010691,C009844,Savings,Active,29555.71,2024-11-30
A0010692,C009845,Current,Dormant,189740.05,2019-12-12
A0010693,C009846,Savings,Active,17569.92,2024-11-30
A0010694,C009847,Salary,Dormant,225771.42,2022-07-18
A0010695,C009848,Savings,Active,71301.64,2024-11-30
A0010696,C009849,Savings,Active,13095.05,2016-04-25
A0010697,C009852,Current,Active,82584.35,2021-11-06
A0010698,C009852,Savings,Active,76018.68,2023-09-05
A0010699,C009853,Savings,Active,32379.72,2019-07-07
A0010700,C009853,Current,Active,19403.4,2017-08-20
A0010701,C009854,Savings,Active,13694.08,2022-03-13
A0010702,C009854,Savings,Active,11483.0,2024-05-27
A0010703,C009855,Salary,Active,52731.53,2022-07-01
A0010704,C009856,Savings,Active,25832.39,2020-12-24
A0010705,C009857,Premium,Active,34502.61,2023-11-23
A0010706,C009858,Savings,Active,79290.06,2024-11-30
A0010707,C009859,Salary,Active,212957.39,2020-02-01
A0010708,C009860,Salary,Active,19094.8,2024-08-08
A0010709,C009861,Current,Active,33749.72,2024-01-08
A0010710,C009863,Savings,Dormant,65403.34,2024-11-30
A0010711,C009864,Salary,Active,860618.61,2020-08-02
A0010712,C009866,Current,Active,64650.87,2021-11-19
A0010713,C009866,Savings,Active,22810.48,2021-12-26
A0010714,C009867,Salary,Active,157368.74,2016-03-18
A0010715,C009868,Savings,Active,19914.65,2022-04-26
A0010716,C009870,Salary,Active,17487.15,2018-11-26
A0010717,C009871,Salary,Active,91308.02,2024-11-30
A0010718,C009872,Savings,Active,184420.64,2024-11-30
A0010719,C009873,Savings,Active,63069.81,2018-12-28
A0010720,C009873,Salary,Active,65169.51,2019-07-29
A0010721,C009874,Premium,Active,115905.69,2020-12-17
A0010722,C009877,Savings,Active,57027.54,2019-11-20
A0010723,C009877,Current,Active,26146.38,2021-07-17
A0010724,C009878,Savings,Active,79948.72,2021-09-19
A0010725,C009880,Salary,Active,54842.97,2019-11-27
A0010726,C009882,Salary,Active,16602.67,2022-01-10
A0010727,C009883,Current,Active,31864.78,2024-01-22
A0010728,C009884,Savings,Active,4933.04,2017-05-12
A0010729,C009885,Savings,Closed,34788.65,2019-04-04
A0010730,C009886,Current,Active,36440.64,2019-05-30
A0010731,C009886,Savings,Active,57876.98,2016-02-15
A0010732,C009887,Savings,Active,17410.87,2021-03-08
A0010733,C009888,Savings,Active,72214.41,2017-04-08
A0010734,C009888,Savings,Active,139486.16,2019-12-06
A0010735,C009889,Savings,Active,12067.47,2019-06-17
A0010736,C009890,Current,Active,6201.64,2024-11-30
A0010737,C009891,Savings,Active,236848.79,2022-05-17
A0010738,C009891,Savings,Active,243066.29,2022-09-20
A0010739,C009892,Current,Dormant,17724.34,2020-01-14
A0010740,C009893,Current,Active,92153.61,2019-01-07
A0010741,C009894,Savings,Active,34482.01,2021-01-31
A0010742,C009894,Salary,Active,26604.12,2022-08-26
A0010743,C009895,Savings,Active,144723.74,2018-04-30
A0010744,C009895,Salary,Active,81088.47,2017-07-11
A0010745,C009896,Premium,Active,399343.54,2020-03-27
A0010746,C009896,Savings,Dormant,518613.79,2018-11-09
A0010747,C009897,Savings,Active,130905.11,2024-11-30
A0010748,C009898,Current,Dormant,37987.77,2019-05-29
A0010749,C009899,Current,Dormant,27506.75,2024-09-16
A0010750,C009900,Current,Active,18887.89,2019-11-08
A0010751,C009901,Savings,Active,35984.4,2021-10-01
A0010752,C009901,Current,Active,33578.03,2022-05-26
A0010753,C009902,Premium,Active,55952.39,2020-10-11
A0010754,C009903,Savings,Active,57949.44,2018-09-15
A0010755,C009903,Savings,Active,71591.61,2021-11-09
A0010756,C009904,Current,Active,14119.63,2024-09-05
A0010757,C009905,Current,Active,19731.51,2020-09-22
A0010758,C009906,Savings,Active,255091.43,2022-08-26
A0010759,C009909,Savings,Active,431508.46,2017-07-08
A0010760,C009911,Salary,Active,20216.74,2024-07-10
A0010761,C009912,Savings,Active,13554.1,2024-11-19
A0010762,C009913,Salary,Closed,31656.63,2017-09-17
A0010763,C009914,Savings,Active,58638.44,2019-06-23
A0010764,C009915,Savings,Active,30672.13,2019-06-30
A0010765,C009916,Salary,Active,23354.68,2020-11-15
A0010766,C009917,Savings,Active,9736.72,2024-11-30
A0010767,C009917,Premium,Active,30852.13,2024-11-30
A0010768,C009918,Savings,Active,234575.23,2022-05-16
A0010769,C009919,Savings,Active,28897.47,2024-09-19
A0010770,C009920,Savings,Active,154343.49,2022-07-07
A0010771,C009921,Premium,Active,47152.01,2020-01-23
A0010772,C009922,Savings,Active,71931.82,2021-09-20
A0010773,C009923,Savings,Active,359250.43,2020-07-10
A0010774,C009924,Current,Active,6703.02,2024-11-30
A0010775,C009925,Savings,Active,33248.58,2022-01-15
A0010776,C009926,Savings,Active,26407.12,2019-06-08
A0010777,C009926,Savings,Active,66009.31,2016-03-26
A0010778,C009927,Savings,Active,73451.87,2022-10-16
A0010779,C009927,Savings,Active,56196.7,2023-02-23
A0010780,C009928,Salary,Active,129001.46,2024-06-04
A0010781,C009929,Current,Active,103295.42,2024-11-30
A0010782,C009929,Salary,Active,225112.36,2022-09-13
A0010783,C009930,Salary,Closed,19512.33,2019-02-10
A0010784,C009931,Premium,Active,1689916.48,2020-01-15
A0010785,C009932,Savings,Active,44284.34,2023-01-01
A0010786,C009933,Savings,Active,24157.13,2023-04-08
A0010787,C009934,Savings,Active,102422.93,2019-08-14
A0010788,C009935,Savings,Dormant,32816.76,2022-01-14
A0010789,C009935,Current,Active,42368.76,2022-02-04
A0010790,C009936,Salary,Active,480907.45,2024-11-30
A0010791,C009936,Savings,Active,179633.31,2024-09-07
A0010792,C009937,Savings,Active,32907.42,2023-10-22
A0010793,C009938,Savings,Active,77933.08,2017-06-12
A0010794,C009939,Savings,Active,13124.19,2021-07-02
A0010795,C009940,Salary,Active,33536.87,2015-07-04
A0010796,C009941,Current,Active,59205.96,2022-04-14
A0010797,C009943,Savings,Active,63280.4,2024-04-25
A0010798,C009944,Current,Active,5633.44,2024-04-21
A0010799,C009945,Salary,Active,35577.7,2018-12-24
A0010800,C009945,Savings,Active,19087.48,2021-09-21
A0010801,C009947,Savings,Active,41067.18,2022-04-05
A0010802,C009947,Premium,Active,120806.77,2019-12-11
A0010803,C009949,Salary,Active,31511.95,2023-02-17
A0010804,C009952,Savings,Active,83625.46,2018-04-18
A0010805,C009953,Savings,Active,41757.89,2021-09-24
A0010806,C009954,Savings,Active,585053.61,2021-07-31
A0010807,C009955,Premium,Active,144924.99,2023-11-11
A0010808,C009957,Current,Active,10154.45,2019-02-23
A0010809,C009959,Salary,Active,26909.04,2023-03-14
A0010810,C009959,Salary,Active,60855.31,2022-01-11
A0010811,C009960,Savings,Active,16291.5,2023-12-17
A0010812,C009960,Current,Active,36486.05,2024-08-16
A0010813,C009961,Savings,Active,109458.22,2018-05-27
A0010814,C009961,Savings,Active,72300.12,2018-01-08
A0010815,C009962,Salary,Active,25715.13,2017-11-26
A0010816,C009964,Salary,Active,112829.63,2024-11-30
A0010817,C009966,Salary,Active,42999.68,2019-09-27
A0010818,C009966,Salary,Active,150792.83,2021-04-02
A0010819,C009967,Salary,Active,59717.74,2019-05-30
A0010820,C009967,Current,Active,27997.96,2017-09-17
A0010821,C009968,Salary,Active,51613.2,2024-02-08
A0010822,C009969,Current,Active,90565.81,2020-01-28
A0010823,C009970,Current,Active,9163.59,2023-09-01
A0010824,C009971,Savings,Active,107621.81,2020-06-08
A0010825,C009972,Savings,Active,90128.77,2020-10-04
A0010826,C009973,Current,Active,95743.25,2023-07-15
A0010827,C009974,Savings,Active,97408.71,2018-02-09
A0010828,C009974,Savings,Active,127260.44,2019-11-19
A0010829,C009975,Current,Active,23441.94,2024-11-30
A0010830,C009975,Savings,Active,27541.07,2024-11-30
A0010831,C009976,Savings,Active,22069.4,2022-02-27
A0010832,C009977,Savings,Dormant,47710.64,2022-02-27
A0010833,C009977,Savings,Active,103999.26,2022-02-04
A0010834,C009978,Savings,Active,14343.26,2016-07-28
A0010835,C009979,Current,Active,61656.31,2020-12-08
A0010836,C009979,Current,Active,38076.99,2021-05-19
A0010837,C009980,Savings,Dormant,15537.42,2022-10-10
A0010838,C009980,Salary,Active,52303.45,2024-03-11
A0010839,C009981,Current,Active,42690.0,2019-06-19
A0010840,C009982,Savings,Active,17335.4,2022-09-14
A0010841,C009983,Salary,Active,90774.25,2018-07-11
A0010842,C009984,Salary,Dormant,41160.1,2024-04-17
A0010843,C009985,Savings,Active,14657.8,2022-08-01
A0010844,C009986,Salary,Active,62575.18,2020-09-22
A0010845,C009987,Savings,Closed,113449.61,2018-06-10
A0010846,C009988,Savings,Dormant,71617.82,2022-01-17
A0010847,C009989,Current,Active,8451.29,2023-07-22
A0010848,C009989,Savings,Closed,29457.51,2024-05-24
A0010849,C009990,Premium,Active,114213.4,2016-07-29
A0010850,C009991,Savings,Active,16322.17,2020-01-28
A0010851,C009991,Salary,Dormant,48123.89,2019-11-27
A0010852,C009992,Current,Active,21479.72,2024-01-15
A0010853,C009993,Current,Active,116036.69,2021-07-23
A0010854,C009995,Premium,Active,31565.49,2022-06-28
A0010855,C009996,Salary,Active,79591.81,2020-02-08
A0010856,C009997,Savings,Active,62441.61,2018-11-24
A0010857,C009998,Current,Active,238610.16,2016-10-29
A0010858,C009998,Salary,Closed,131752.48,2016-10-12
A0010859,C009999,Current,Active,5282.26,2021-06-28
A0010860,C010000,Savings,Active,31767.73,2024-11-30
