customer_id,age,gender,employment_status,annual_income,customer_segment,city,region,customer_since
C000001,30,Male,Business Owner,63199.21,Mass Affluent,Peshawar,Khyber Pakhtunkhwa,2020-07-04
C000002,38,Male,Unemployed,10013.59,Mass Affluent,Sukkur,Sindh,2021-11-11
C000003,44,Male,Salaried,41121.66,Mass Market,Abbottabad,Khyber Pakhtunkhwa,2023-02-19
C000004,43,Female,Salaried,46508.45,Mass Market,Sukkur,Sindh,2016-04-14
C000005,48,Female,Self-Employed,67242.16,Mass Market,Faisalabad,Punjab,2022-12-20
C000006,46,Male,Salaried,73695.23,Mass Market,Islamabad,Islamabad Capital,2016-07-20
C000007,61,Female,Self-Employed,40925.65,Mass Market,Peshawar,Khyber Pakhtunkhwa,2021-03-27
C000008,47,Female,Self-Employed,462977.46,Premium,Peshawar,Khyber Pakhtunkhwa,2015-01-29
C000009,38,Male,Business Owner,90565.96,Mass Market,Rawalpindi,Punjab,2019-09-01
C000010,33,Male,Salaried,114704.12,Mass Market,Sukkur,Sindh,2022-10-07
C000011,33,Male,Salaried,209512.39,Mass Affluent,Multan,Punjab,2016-07-02
C000012,53,Female,Student,52630.04,Mass Market,Turbat,Balochistan,2022-08-05
C000013,58,Female,Salaried,94284.73,Mass Market,Hyderabad,Sindh,2015-10-01
C000014,50,Female,Self-Employed,121358.18,Mass Market,Swat,Khyber Pakhtunkhwa,2018-07-08
C000015,21,Female,Salaried,146984.76,Affluent,Larkana,Sindh,2016-08-24
C000016,21,Male,Salaried,90538.1,Mass Market,Rawalpindi,Punjab,2015-01-11
C000017,39,Male,Salaried,141615.66,Mass Affluent,Hyderabad,Sindh,2017-06-29
C000018,37,Male,Salaried,114803.52,Mass Affluent,Gujranwala,Punjab,2023-05-25
C000019,39,Female,Business Owner,62470.47,Mass Market,Swat,Khyber Pakhtunkhwa,2023-01-25
C000020,53,Male,Self-Employed,153849.29,Mass Affluent,Hyderabad,Sindh,2016-07-17
C000021,52,Female,Student,29575.29,Mass Market,Peshawar,Khyber Pakhtunkhwa,2019-12-14
C000022,41,Male,Student,40055.35,Mass Market,Multan,Punjab,2016-05-04
C000023,22,Male,Salaried,33842.32,Mass Market,Islamabad,Islamabad Capital,2023-02-14
C000024,25,Female,Salaried,488459.32,Premium,Gwadar,Balochistan,2016-11-24
C000025,40,Female,Student,56509.62,Mass Market,Peshawar,Khyber Pakhtunkhwa,2022-12-20
C000026,44,Female,Salaried,109047.95,Mass Market,Rawalpindi,Punjab,2017-04-25
C000027,26,Male,Salaried,99319.59,Affluent,Sukkur,Sindh,2016-04-17
C000028,46,Male,Salaried,47571.18,Mass Market,Gujranwala,Punjab,2023-05-19
C000029,21,Female,Business Owner,156677.75,Affluent,Lahore,Punjab,2016-04-01
C000030,21,Male,Salaried,77259.58,Mass Affluent,Sukkur,Sindh,2020-08-25
C000031,29,Male,Salaried,189069.33,Mass Affluent,Mardan,Khyber Pakhtunkhwa,2020-09-06
C000032,54,Male,Self-Employed,106209.96,Mass Affluent,Islamabad,Islamabad Capital,2018-01-25
C000033,56,Female,Business Owner,53556.07,Mass Affluent,Gujranwala,Punjab,2021-05-23
C000034,21,Male,Salaried,56494.19,Mass Market,Lahore,Punjab,2021-11-15
C000035,22,Male,Business Owner,1354758.18,Premium,Karachi,Sindh,2020-07-19
C000036,47,Female,Salaried,140927.69,Affluent,Rawalpindi,Punjab,2021-12-14
C000037,34,Male,Salaried,342854.38,Affluent,Sialkot,Punjab,2017-06-22
C000038,54,Male,Salaried,235865.54,Mass Affluent,Karachi,Sindh,2017-03-20
C000039,47,Male,Salaried,127581.3,Mass Affluent,Lahore,Punjab,2019-06-11
C000040,49,Male,Salaried,270473.62,Mass Affluent,Hyderabad,Sindh,2016-07-26
C000041,30,Female,Student,13451.84,Mass Market,Sukkur,Sindh,2016-01-05
C000042,44,Male,Salaried,103938.75,Mass Market,Peshawar,Khyber Pakhtunkhwa,2016-05-16
C000043,61,Male,Retired,146002.18,Mass Affluent,Sukkur,Sindh,2015-04-07
C000044,41,Male,Salaried,128402.78,Mass Affluent,Lahore,Punjab,2018-03-17
C000045,39,Male,Salaried,34096.92,Mass Market,Swat,Khyber Pakhtunkhwa,2017-08-19
C000046,34,Male,Self-Employed,41004.72,Mass Market,Mardan,Khyber Pakhtunkhwa,2015-04-03
C000047,21,Male,Student,37208.61,Mass Affluent,Sialkot,Punjab,2021-01-19
C000048,27,Male,Salaried,75197.77,Mass Market,Multan,Punjab,2018-12-20
C000049,29,Female,Salaried,748436.11,Premium,Karachi,Sindh,2017-09-16
C000050,21,Male,Self-Employed,133972.84,Mass Affluent,Gujranwala,Punjab,2016-10-22
C000051,22,Male,Salaried,57266.36,Mass Market,Sialkot,Punjab,2019-04-26
C000052,21,Male,Self-Employed,100507.21,Mass Market,Faisalabad,Punjab,2021-11-26
C000053,30,Male,Student,49475.84,Mass Affluent,Peshawar,Khyber Pakhtunkhwa,2015-04-10
C000054,46,Male,Salaried,48597.86,Mass Market,Sukkur,Sindh,2017-12-19
C000055,36,Male,Student,34706.15,Affluent,Sukkur,Sindh,2018-09-22
C000056,36,Male,Salaried,130633.61,Mass Market,Swat,Khyber Pakhtunkhwa,2022-06-18
C000057,47,Male,Student,51163.57,Mass Market,Karachi,Sindh,2021-02-20
C000058,58,Male,Unemployed,40580.68,Mass Market,Sukkur,Sindh,2020-07-26
C000059,64,Male,Self-Employed,127821.52,Mass Affluent,Faisalabad,Punjab,2022-02-26
C000060,41,Male,Unemployed,22121.94,Premium,Rawalpindi,Punjab,2020-09-13
C000061,36,Male,Student,46686.35,Affluent,Larkana,Sindh,2019-04-11
C000062,34,Female,Salaried,49437.91,Mass Market,Sukkur,Sindh,2021-01-04
C000063,46,Female,Salaried,129441.9,Mass Affluent,Larkana,Sindh,2018-08-06
C000064,37,Female,Salaried,106868.47,Mass Market,Peshawar,Khyber Pakhtunkhwa,2023-01-15
C000065,37,Male,Salaried,175581.89,Mass Affluent,Hyderabad,Sindh,2017-04-25
C000066,38,Female,Self-Employed,239647.39,Affluent,Larkana,Sindh,2020-10-04
C000067,29,Female,Salaried,83476.86,Mass Market,Hyderabad,Sindh,2015-02-01
C000068,21,Male,Business Owner,627039.51,Premium,Faisalabad,Punjab,2021-07-17
C000069,32,Female,Salaried,68394.21,Mass Market,Multan,Punjab,2016-06-01
C000070,55,Female,Salaried,66070.45,Mass Market,Karachi,Sindh,2020-03-25
C000071,55,Male,Salaried,58302.02,Mass Affluent,Gujranwala,Punjab,2016-12-30
C000072,49,Male,Unemployed,44948.87,Affluent,Faisalabad,Punjab,2015-04-24
C000073,34,Male,Salaried,65395.97,Mass Market,Swat,Khyber Pakhtunkhwa,2020-12-03
C000074,30,Male,Salaried,94014.33,Mass Affluent,Lahore,Punjab,2021-03-05
C000075,57,Female,Salaried,32182.56,Mass Market,Rawalpindi,Punjab,2022-02-12
C000076,27,Male,Unemployed,36013.87,Mass Affluent,Rawalpindi,Punjab,2021-11-04
C000077,39,Male,Salaried,184730.61,Mass Affluent,Rawalpindi,Punjab,2019-02-16
C000078,58,Male,Self-Employed,68739.11,Mass Market,Hyderabad,Sindh,2023-05-15
C000079,40,Female,Salaried,174304.49,Mass Affluent,Sukkur,Sindh,2022-05-24
C000080,36,Male,Salaried,154425.34,Mass Affluent,Abbottabad,Khyber Pakhtunkhwa,2015-06-30
C000081,52,Male,Business Owner,42316.98,Mass Market,Hyderabad,Sindh,2018-05-13
C000082,40,Female,Self-Employed,80594.6,Mass Market,Sialkot,Punjab,2021-01-31
C000083,41,Female,Business Owner,74957.83,Mass Market,Swat,Khyber Pakhtunkhwa,2020-11-20
C000084,56,Female,Salaried,267774.7,Affluent,Rawalpindi,Punjab,2022-10-09
C000085,21,Female,Unemployed,43404.55,Mass Affluent,Lahore,Punjab,2020-01-05
C000086,43,Female,Self-Employed,175681.29,Mass Affluent,Multan,Punjab,2018-09-10
C000087,31,Female,Unemployed,35254.84,Mass Affluent,Peshawar,Khyber Pakhtunkhwa,2016-05-08
C000088,37,Female,Salaried,423344.02,Affluent,Sukkur,Sindh,2023-09-30
C000089,40,Male,Salaried,74372.06,Mass Market,Rawalpindi,Punjab,2019-02-27
C000090,32,Female,Salaried,60051.5,Mass Market,Karachi,Sindh,2022-05-27
C000091,42,Female,Business Owner,232619.55,Mass Affluent,Multan,Punjab,2023-09-15
C000092,43,Male,Business Owner,36689.79,Mass Market,Larkana,Sindh,2021-01-12
C000093,41,Female,Salaried,50373.96,Mass Market,Hyderabad,Sindh,2016-05-07
C000094,40,Female,Salaried,100311.38,Mass Affluent,Faisalabad,Punjab,2019-09-26
C000095,38,Male,Salaried,320814.86,Affluent,Lahore,Punjab,2018-08-26
C000096,38,Male,Salaried,203741.37,Mass Affluent,Larkana,Sindh,2020-07-04
C000097,40,Male,Student,27834.57,Mass Market,Sialkot,Punjab,2017-12-28
C000098,29,Female,Salaried,1500000.0,Premium,Lahore,Punjab,2016-04-23
C000099,53,Female,Salaried,46641.8,Mass Market,Multan,Punjab,2021-09-18
C000100,38,Male,Salaried,68813.8,Mass Market,Islamabad,Islamabad Capital,2023-02-05
C000101,35,Female,Salaried,625638.32,Premium,Turbat,Balochistan,2015-05-07
C000102,43,Female,Unemployed,38604.61,Mass Affluent,Larkana,Sindh,2016-12-13
C000103,38,Female,Salaried,207197.66,Affluent,Faisalabad,Punjab,2019-01-28
C000104,53,Female,Retired,108292.6,Mass Affluent,Islamabad,Islamabad Capital,2021-06-06
C000105,49,Female,Business Owner,93976.46,Mass Affluent,Peshawar,Khyber Pakhtunkhwa,2017-05-19
C000106,40,Male,Self-Employed,30635.26,Mass Market,Mardan,Khyber Pakhtunkhwa,2020-02-26
C000107,49,Male,Salaried,39172.91,Mass Market,Hyderabad,Sindh,2017-09-05
C000108,42,Male,Business Owner,484932.42,Affluent,Faisalabad,Punjab,2018-03-14
C000109,26,Male,Business Owner,450324.43,Affluent,Gujranwala,Punjab,2018-08-31
C000110,49,Female,Salaried,27982.94,Mass Market,Gwadar,Balochistan,2018-05-22
C000111,21,Female,Retired,29133.5,Mass Market,Karachi,Sindh,2017-08-16
C000112,21,Male,Salaried,28253.29,Mass Market,Gujranwala,Punjab,2016-06-27
C000113,47,Female,Salaried,59382.41,Mass Market,Sialkot,Punjab,2020-02-09
C000114,44,Male,Salaried,176945.9,Affluent,Karachi,Sindh,2021-12-12
C000115,43,Male,Business Owner,84170.25,Mass Market,Sialkot,Punjab,2017-08-01
C000116,54,Male,Salaried,74077.79,Mass Market,Peshawar,Khyber Pakhtunkhwa,2017-09-18
C000117,39,Male,Salaried,406274.78,Affluent,Mardan,Khyber Pakhtunkhwa,2023-04-03
C000118,35,Female,Salaried,116203.54,Mass Affluent,Peshawar,Khyber Pakhtunkhwa,2017-09-24
C000119,48,Male,Salaried,55792.51,Mass Market,Larkana,Sindh,2019-01-10
C000120,31,Male,Salaried,33941.25,Mass Market,Larkana,Sindh,2018-01-28
C000121,36,Male,Student,20276.83,Mass Market,Larkana,Sindh,2016-05-24
C000122,42,Female,Salaried,86037.85,Mass Market,Karachi,Sindh,2018-05-29
C000123,43,Male,Unemployed,17667.1,Mass Market,Gujranwala,Punjab,2017-08-08
C000124,35,Female,Business Owner,62426.62,Mass Market,Multan,Punjab,2017-12-15
C000125,34,Male,Business Owner,96926.0,Mass Market,Lahore,Punjab,2022-03-04
C000126,27,Male,Retired,117945.48,Mass Market,Larkana,Sindh,2023-02-03
C000127,30,Male,Salaried,78885.76,Mass Market,Lahore,Punjab,2015-12-24
C000128,59,Female,Self-Employed,178879.09,Affluent,Lahore,Punjab,2016-07-25
C000129,36,Female,Salaried,105207.71,Mass Market,Rawalpindi,Punjab,2018-06-01
C000130,41,Male,Salaried,73791.59,Mass Market,Larkana,Sindh,2019-11-07
C000131,23,Male,Salaried,403953.64,Affluent,Multan,Punjab,2023-07-15
C000132,67,Male,Business Owner,45957.58,Mass Market,Gwadar,Balochistan,2022-06-14
C000133,30,Female,Student,50262.37,Mass Market,Sukkur,Sindh,2015-01-04
C000134,26,Female,Salaried,598389.33,Affluent,Lahore,Punjab,2021-05-09
C000135,38,Male,Business Owner,153098.04,Mass Affluent,Larkana,Sindh,2023-09-27
C000136,29,Male,Salaried,93779.29,Mass Market,Lahore,Punjab,2016-08-17
C000137,43,Male,Salaried,115910.4,Mass Affluent,Islamabad,Islamabad Capital,2018-03-25
C000138,22,Female,Salaried,80279.28,Mass Affluent,Sukkur,Sindh,2017-04-29
C000139,52,Male,Self-Employed,81186.17,Mass Market,Abbottabad,Khyber Pakhtunkhwa,2016-11-24
C000140,49,Male,Salaried,42309.29,Mass Market,Multan,Punjab,2018-08-02
C000141,38,Female,Salaried,98714.14,Mass Market,Karachi,Sindh,2022-06-05
C000142,21,Male,Salaried,416953.91,Affluent,Hyderabad,Sindh,2015-09-06
C000143,30,Female,Self-Employed,65610.07,Mass Market,Gwadar,Balochistan,2019-03-23
C000144,40,Male,Business Owner,64230.42,Mass Market,Sukkur,Sindh,2023-03-21
C000145,26,Female,Salaried,87380.68,Mass Market,Karachi,Sindh,2015-12-14
C000146,27,Male,Business Owner,310792.02,Affluent,Lahore,Punjab,2021-12-17
C000147,51,Male,Self-Employed,51451.99,Mass Market,Faisalabad,Punjab,2020-12-31
C000148,41,Female,Salaried,33744.99,Mass Market,Sukkur,Sindh,2016-11-03
C000149,40,Female,Salaried,86377.43,Mass Market,Sukkur,Sindh,2021-12-31
C000150,45,Male,Retired,128360.68,Mass Affluent,Faisalabad,Punjab,2016-12-31
C000151,37,Female,Salaried,170971.25,Mass Market,Mardan,Khyber Pakhtunkhwa,2019-01-21
C000152,38,Male,Salaried,269978.78,Affluent,Gwadar,Balochistan,2023-01-30
C000153,44,Male,Student,15226.31,Mass Market,Gujranwala,Punjab,2021-06-05
C000154,48,Male,Student,15463.52,Mass Market,Sukkur,Sindh,2019-05-22
C000155,44,Male,Business Owner,76832.83,Mass Market,Rawalpindi,Punjab,2015-12-19
C000156,55,Male,Student,26373.27,Mass Market,Karachi,Sindh,2015-11-23
C000157,39,Female,Salaried,58265.07,Mass Market,Rawalpindi,Punjab,2015-04-15
C000158,24,Female,Business Owner,178046.55,Mass Affluent,Larkana,Sindh,2015-07-19
C000159,51,Male,Salaried,52873.09,Mass Market,Swat,Khyber Pakhtunkhwa,2016-12-20
C000160,36,Female,Student,44699.68,Mass Affluent,Mardan,Khyber Pakhtunkhwa,2019-08-08
C000161,31,Male,Salaried,62246.15,Mass Market,Sialkot,Punjab,2023-10-29
C000162,47,Male,Salaried,151448.47,Mass Affluent,Gwadar,Balochistan,2022-08-10
C000163,43,Male,Salaried,92923.48,Mass Market,Multan,Punjab,2016-07-30
C000164,25,Male,Business Owner,119240.13,Mass Affluent,Gujranwala,Punjab,2022-10-16
C000165,46,Female,Self-Employed,34558.07,Mass Market,Karachi,Sindh,2023-04-11
C000166,60,Male,Business Owner,253048.31,Affluent,Rawalpindi,Punjab,2020-04-05
C000167,43,Female,Salaried,204604.46,Affluent,Mardan,Khyber Pakhtunkhwa,2017-09-03
C000168,36,Male,Salaried,124837.13,Affluent,Mardan,Khyber Pakhtunkhwa,2018-02-26
C000169,21,Male,Self-Employed,268876.07,Affluent,Multan,Punjab,2019-06-04
C000170,62,Male,Salaried,64713.91,Mass Market,Islamabad,Islamabad Capital,2017-02-21
C000171,33,Female,Business Owner,88432.0,Mass Market,Rawalpindi,Punjab,2021-05-03
C000172,24,Male,Unemployed,39160.84,Mass Market,Karachi,Sindh,2020-12-27
C000173,40,Male,Self-Employed,289579.39,Affluent,Sialkot,Punjab,2016-07-12
C000174,50,Male,Salaried,92113.29,Mass Market,Gwadar,Balochistan,2015-04-25
C000175,53,Female,Self-Employed,48229.87,Mass Market,Multan,Punjab,2016-10-18
C000176,32,Male,Retired,133671.96,Mass Affluent,Lahore,Punjab,2018-06-07
C000177,38,Female,Business Owner,110109.73,Mass Market,Larkana,Sindh,2017-04-11
C000178,39,Male,Business Owner,64059.8,Mass Affluent,Islamabad,Islamabad Capital,2020-01-22
C000179,50,Male,Salaried,66549.98,Mass Market,Turbat,Balochistan,2019-04-17
C000180,46,Female,Business Owner,202235.45,Mass Affluent,Mardan,Khyber Pakhtunkhwa,2018-07-08
C000181,42,Male,Salaried,245063.83,Affluent,Quetta,Balochistan,2018-02-11
C000182,49,Male,Business Owner,220192.74,Mass Affluent,Quetta,Balochistan,2021-07-10
C000183,24,Female,Student,21960.74,Mass Market,Karachi,Sindh,2015-10-10
C000184,44,Male,Retired,120926.91,Mass Market,Gujranwala,Punjab,2018-03-01
C000185,41,Male,Salaried,74864.6,Mass Market,Swat,Khyber Pakhtunkhwa,2017-05-28
C000186,38,Male,Student,42757.2,Mass Market,Sukkur,Sindh,2021-12-15
C000187,36,Female,Salaried,145697.78,Mass Affluent,Faisalabad,Punjab,2022-06-11
C000188,40,Female,Salaried,35679.71,Mass Market,Gujranwala,Punjab,2022-08-06
C000189,33,Female,Business Owner,47208.05,Mass Market,Mardan,Khyber Pakhtunkhwa,2019-08-25
C000190,69,Female,Salaried,88351.46,Mass Market,Multan,Punjab,2023-04-09
C000191,54,Female,Salaried,409235.86,Affluent,Quetta,Balochistan,2023-07-11
C000192,51,Male,Business Owner,53320.24,Mass Market,Gujranwala,Punjab,2023-03-09
C000193,33,Female,Self-Employed,119101.83,Mass Market,Sialkot,Punjab,2017-06-30
C000194,28,Female,Self-Employed,52448.77,Mass Market,Mardan,Khyber Pakhtunkhwa,2018-04-11
C000195,37,Male,Self-Employed,71514.18,Mass Market,Faisalabad,Punjab,2017-05-11
C000196,40,Female,Business Owner,330239.2,Affluent,Gujranwala,Punjab,2020-12-02
C000197,23,Male,Salaried,36189.39,Mass Market,Sukkur,Sindh,2018-10-30
C000198,44,Male,Salaried,124654.7,Mass Affluent,Quetta,Balochistan,2020-09-30
C000199,51,Female,Self-Employed,321198.62,Mass Affluent,Rawalpindi,Punjab,2015-09-18
C000200,21,Male,Business Owner,91567.19,Mass Affluent,Gujranwala,Punjab,2016-03-20
C000201,29,Male,Salaried,164859.62,Mass Affluent,Peshawar,Khyber Pakhtunkhwa,2017-11-05
C000202,53,Male,Salaried,83836.55,Mass Affluent,Islamabad,Islamabad Capital,2023-10-12
C000203,43,Female,Retired,140841.25,Mass Market,Hyderabad,Sindh,2018-03-30
C000204,29,Female,Student,49097.33,Mass Market,Multan,Punjab,2017-06-14
C000205,47,Female,Self-Employed,185887.46,Mass Affluent,Gujranwala,Punjab,2020-08-04
C000206,32,Female,Business Owner,93354.79,Mass Affluent,Multan,Punjab,2016-04-11
C000207,36,Female,Unemployed,27558.99,Mass Market,Lahore,Punjab,2018-05-07
C000208,26,Male,Self-Employed,49030.52,Mass Market,Hyderabad,Sindh,2022-12-30
C000209,39,Male,Salaried,62990.52,Mass Market,Sialkot,Punjab,2023-08-01
C000210,50,Female,Self-Employed,70152.35,Mass Market,Sukkur,Sindh,2022-11-19
C000211,34,Female,Retired,122899.29,Mass Market,Larkana,Sindh,2018-03-17
C000212,46,Female,Business Owner,64827.59,Mass Market,Hyderabad,Sindh,2019-10-07
C000213,38,Female,Salaried,68532.34,Mass Market,Lahore,Punjab,2022-11-11
C000214,51,Male,Retired,63534.71,Mass Affluent,Abbottabad,Khyber Pakhtunkhwa,2018-10-14
C000215,34,Female,Business Owner,90280.65,Mass Affluent,Swat,Khyber Pakhtunkhwa,2022-12-26
C000216,56,Male,Salaried,95303.46,Mass Affluent,Peshawar,Khyber Pakhtunkhwa,2021-04-14
C000217,46,Male,Unemployed,37087.37,Mass Affluent,Sialkot,Punjab,2016-09-12
C000218,42,Female,Business Owner,102622.12,Mass Market,Gujranwala,Punjab,2016-11-01
C000219,42,Female,Student,49496.09,Mass Market,Turbat,Balochistan,2020-03-31
C000220,34,Male,Retired,131901.07,Mass Affluent,Sialkot,Punjab,2020-01-28
C000221,33,Female,Salaried,115258.54,Mass Affluent,Sialkot,Punjab,2022-11-27
C000222,42,Female,Business Owner,88453.03,Mass Affluent,Sukkur,Sindh,2017-08-01
C000223,26,Male,Salaried,151213.28,Mass Affluent,Sukkur,Sindh,2021-06-25
C000224,32,Male,Student,23635.01,Mass Affluent,Islamabad,Islamabad Capital,2023-04-21
C000225,29,Male,Student,52752.04,Mass Affluent,Lahore,Punjab,2021-05-15
C000226,45,Male,Student,20114.41,Mass Affluent,Quetta,Balochistan,2019-04-28
C000227,45,Male,Business Owner,190393.39,Mass Affluent,Sialkot,Punjab,2023-07-08
C000228,53,Male,Business Owner,23890.65,Mass Market,Karachi,Sindh,2019-07-21
C000229,35,Male,Salaried,30760.99,Mass Market,Karachi,Sindh,2018-11-13
C000230,30,Male,Salaried,98058.1,Mass Market,Lahore,Punjab,2021-11-10
C000231,23,Male,Salaried,98900.72,Mass Affluent,Lahore,Punjab,2016-04-28
C000232,42,Female,Student,49051.18,Mass Affluent,Faisalabad,Punjab,2022-01-21
C000233,54,Male,Self-Employed,55551.98,Mass Market,Islamabad,Islamabad Capital,2017-02-19
C000234,38,Male,Self-Employed,65787.9,Mass Market,Karachi,Sindh,2017-02-12
C000235,39,Male,Salaried,122423.82,Mass Affluent,Quetta,Balochistan,2015-12-28
C000236,39,Female,Self-Employed,71678.44,Mass Market,Swat,Khyber Pakhtunkhwa,2020-06-26
C000237,42,Male,Salaried,317710.21,Affluent,Karachi,Sindh,2016-03-02
C000238,50,Female,Unemployed,42406.95,Mass Market,Peshawar,Khyber Pakhtunkhwa,2022-10-16
C000239,60,Male,Student,13718.31,Mass Market,Gujranwala,Punjab,2015-07-26
C000240,44,Male,Self-Employed,59677.56,Mass Market,Rawalpindi,Punjab,2018-09-19
C000241,45,Male,Business Owner,59014.55,Mass Market,Abbottabad,Khyber Pakhtunkhwa,2018-10-30
C000242,36,Female,Salaried,81403.07,Mass Market,Abbottabad,Khyber Pakhtunkhwa,2016-01-01
C000243,38,Female,Salaried,74021.47,Mass Market,Rawalpindi,Punjab,2023-02-13
C000244,38,Male,Self-Employed,42574.63,Mass Market,Sukkur,Sindh,2022-10-24
C000245,35,Female,Business Owner,57936.14,Mass Market,Sukkur,Sindh,2023-08-17
C000246,40,Male,Salaried,153555.41,Mass Affluent,Peshawar,Khyber Pakhtunkhwa,2023-01-22
C000247,46,Male,Salaried,48007.15,Mass Market,Sukkur,Sindh,2016-01-02
C000248,40,Female,Self-Employed,48884.38,Mass Market,Rawalpindi,Punjab,2016-05-18
C000249,36,Male,Salaried,35360.32,Mass Market,Gujranwala,Punjab,2023-05-31
C000250,40,Female,Salaried,93628.37,Affluent,Gujranwala,Punjab,2016-12-07
C000251,28,Male,Salaried,112773.86,Mass Affluent,Hyderabad,Sindh,2020-09-30
C000252,48,Male,Retired,103251.58,Premium,Mardan,Khyber Pakhtunkhwa,2017-02-24
C000253,34,Male,Salaried,184662.94,Affluent,Larkana,Sindh,2021-08-10
C000254,26,Female,Salaried,101284.76,Mass Market,Multan,Punjab,2022-07-06
C000255,44,Female,Salaried,87338.24,Mass Affluent,Lahore,Punjab,2016-03-04
C000256,45,Female,Salaried,84868.77,Mass Market,Mardan,Khyber Pakhtunkhwa,2023-08-07
C000257,30,Female,Business Owner,328285.68,Affluent,Abbottabad,Khyber Pakhtunkhwa,2018-04-12
C000258,46,Female,Salaried,137187.97,Mass Market,Sialkot,Punjab,2018-07-21
C000259,46,Male,Salaried,73661.74,Mass Market,Faisalabad,Punjab,2023-11-04
C000260,61,Female,Retired,107448.97,Affluent,Karachi,Sindh,2023-05-29
C000261,36,Male,Business Owner,417986.41,Affluent,Multan,Punjab,2020-12-24
C000262,38,Male,Salaried,1191338.5,Premium,Abbottabad,Khyber Pakhtunkhwa,2015-03-09
C000263,32,Female,Salaried,30597.06,Mass Market,Rawalpindi,Punjab,2018-01-18
C000264,44,Male,Student,51126.86,Mass Market,Gujranwala,Punjab,2018-07-26
C000265,39,Male,Business Owner,83201.4,Mass Market,Turbat,Balochistan,2023-02-17
C000266,50,Female,Retired,37852.92,Mass Market,Rawalpindi,Punjab,2016-01-17
C000267,34,Female,Salaried,23902.95,Mass Market,Lahore,Punjab,2022-12-17
C000268,44,Male,Business Owner,53617.77,Mass Market,Faisalabad,Punjab,2023-11-13
C000269,36,Male,Salaried,104243.36,Mass Affluent,Faisalabad,Punjab,2017-01-31
C000270,21,Female,Salaried,107303.3,Mass Market,Rawalpindi,Punjab,2016-10-07
C000271,46,Male,Business Owner,125696.44,Mass Affluent,Gujranwala,Punjab,2023-11-13
C000272,21,Male,Business Owner,239394.15,Affluent,Lahore,Punjab,2023-05-28
C000273,37,Female,Salaried,104027.96,Mass Affluent,Faisalabad,Punjab,2018-10-24
C000274,37,Male,Salaried,67906.29,Mass Market,Karachi,Sindh,2021-12-26
C000275,39,Male,Business Owner,61310.71,Mass Market,Larkana,Sindh,2023-10-03
C000276,40,Male,Salaried,44441.13,Mass Market,Gujranwala,Punjab,2023-01-06
C000277,39,Female,Salaried,143719.33,Mass Affluent,Gujranwala,Punjab,2017-11-19
C000278,43,Female,Salaried,48549.68,Mass Market,Sukkur,Sindh,2015-11-04
C000279,38,Female,Salaried,22405.04,Mass Market,Turbat,Balochistan,2019-08-09
C000280,68,Female,Student,55652.67,Premium,Mardan,Khyber Pakhtunkhwa,2015-05-25
C000281,35,Male,Salaried,161635.6,Mass Affluent,Sialkot,Punjab,2016-04-29
C000282,26,Male,Self-Employed,302079.57,Affluent,Gujranwala,Punjab,2018-07-19
C000283,23,Male,Business Owner,50714.24,Mass Market,Lahore,Punjab,2016-02-15
C000284,46,Male,Salaried,272436.82,Affluent,Faisalabad,Punjab,2017-07-04
C000285,21,Male,Self-Employed,81914.17,Mass Market,Hyderabad,Sindh,2020-12-11
C000286,26,Female,Salaried,47193.5,Mass Market,Sialkot,Punjab,2023-07-25
C000287,24,Male,Student,59701.78,Affluent,Faisalabad,Punjab,2017-06-21
C000288,44,Male,Business Owner,159867.84,Affluent,Sialkot,Punjab,2020-09-21
C000289,54,Male,Business Owner,63959.26,Mass Market,Larkana,Sindh,2019-04-10
C000290,29,Male,Salaried,60590.15,Mass Market,Faisalabad,Punjab,2020-12-01
C000291,44,Male,Student,44261.05,Mass Market,Swat,Khyber Pakhtunkhwa,2016-02-08
C000292,21,Female,Self-Employed,91683.39,Mass Affluent,Faisalabad,Punjab,2021-07-20
C000293,31,Male,Salaried,205832.3,Affluent,Gwadar,Balochistan,2020-04-20
C000294,46,Female,Salaried,35319.55,Mass Market,Lahore,Punjab,2020-03-21
C000295,36,Female,Salaried,48375.11,Mass Market,Peshawar,Khyber Pakhtunkhwa,2015-09-13
C000296,50,Male,Salaried,143250.28,Mass Affluent,Gwadar,Balochistan,2023-09-10
C000297,21,Male,Salaried,65651.07,Mass Affluent,Islamabad,Islamabad Capital,2016-07-26
C000298,31,Male,Retired,78741.62,Mass Market,Swat,Khyber Pakhtunkhwa,2015-02-16
C000299,44,Female,Unemployed,31495.57,Mass Affluent,Swat,Khyber Pakhtunkhwa,2016-04-27
C000300,44,Female,Salaried,601037.59,Premium,Larkana,Sindh,2021-02-16
C000301,45,Male,Retired,31838.26,Mass Market,Abbottabad,Khyber Pakhtunkhwa,2016-03-28
C000302,41,Male,Business Owner,73348.11,Mass Affluent,Rawalpindi,Punjab,2023-06-16
C000303,26,Female,Salaried,125150.51,Mass Affluent,Hyderabad,Sindh,2020-08-16
C000304,30,Male,Retired,119129.27,Mass Affluent,Karachi,Sindh,2017-11-13
C000305,64,Male,Business Owner,263110.0,Affluent,Mardan,Khyber Pakhtunkhwa,2015-05-01
C000306,25,Female,Self-Employed,137771.86,Mass Affluent,Karachi,Sindh,2015-11-13
C000307,23,Female,Salaried,53350.16,Mass Market,Multan,Punjab,2021-01-21
C000308,46,Female,Salaried,50453.41,Mass Market,Karachi,Sindh,2019-05-07
C000309,27,Female,Retired,33745.82,Mass Affluent,Faisalabad,Punjab,2021-01-23
C000310,59,Female,Salaried,86889.74,Mass Market,Rawalpindi,Punjab,2018-07-12
C000311,69,Male,Salaried,37645.54,Mass Market,Sukkur,Sindh,2016-10-17
C000312,36,Male,Salaried,63711.46,Mass Market,Multan,Punjab,2019-04-04
C000313,42,Male,Salaried,258927.82,Mass Affluent,Faisalabad,Punjab,2023-05-01
C000314,21,Female,Salaried,949843.24,Premium,Rawalpindi,Punjab,2016-08-01
C000315,50,Female,Retired,65323.87,Mass Affluent,Sialkot,Punjab,2020-06-07
C000316,21,Female,Salaried,307874.31,Affluent,Sialkot,Punjab,2017-09-06
C000317,24,Male,Student,18691.14,Mass Market,Sialkot,Punjab,2017-08-23
C000318,40,Male,Self-Employed,42599.04,Mass Market,Hyderabad,Sindh,2021-12-31
C000319,45,Male,Self-Employed,567531.2,Premium,Lahore,Punjab,2015-03-06
C000320,23,Female,Salaried,74649.01,Mass Market,Islamabad,Islamabad Capital,2019-07-23
C000321,33,Female,Salaried,150750.5,Mass Affluent,Turbat,Balochistan,2019-03-18
C000322,21,Female,Student,46849.98,Mass Affluent,Karachi,Sindh,2023-09-06
C000323,36,Male,Business Owner,95375.32,Mass Market,Rawalpindi,Punjab,2015-05-30
C000324,30,Male,Salaried,122403.23,Mass Affluent,Larkana,Sindh,2023-06-10
C000325,32,Male,Retired,99303.53,Mass Market,Peshawar,Khyber Pakhtunkhwa,2023-11-07
C000326,46,Male,Business Owner,29157.07,Mass Market,Larkana,Sindh,2016-12-13
C000327,42,Male,Salaried,141415.13,Mass Market,Peshawar,Khyber Pakhtunkhwa,2020-07-17
C000328,45,Female,Self-Employed,51268.78,Mass Market,Hyderabad,Sindh,2022-04-25
C000329,38,Female,Business Owner,76860.16,Mass Market,Sukkur,Sindh,2023-11-13
C000330,47,Female,Business Owner,239192.64,Affluent,Multan,Punjab,2018-01-29
C000331,39,Male,Salaried,50805.33,Mass Market,Mardan,Khyber Pakhtunkhwa,2017-06-21
C000332,34,Male,Salaried,255885.19,Affluent,Gujranwala,Punjab,2018-06-13
C000333,45,Male,Salaried,80995.16,Mass Affluent,Sukkur,Sindh,2017-08-21
C000334,34,Male,Salaried,23379.6,Mass Market,Abbottabad,Khyber Pakhtunkhwa,2020-05-11
C000335,35,Male,Salaried,93226.01,Mass Market,Faisalabad,Punjab,2023-05-22
C000336,51,Male,Self-Employed,344521.53,Affluent,Karachi,Sindh,2019-07-16
C000337,50,Female,Self-Employed,91790.57,Mass Affluent,Gujranwala,Punjab,2022-04-20
C000338,36,Female,Salaried,332458.68,Affluent,Abbottabad,Khyber Pakhtunkhwa,2023-06-01
C000339,49,Female,Self-Employed,82059.08,Mass Market,Sialkot,Punjab,2023-10-02
C000340,25,Male,Salaried,99901.7,Mass Affluent,Turbat,Balochistan,2023-02-23
C000341,36,Male,Salaried,152023.74,Mass Affluent,Lahore,Punjab,2018-04-05
C000342,31,Male,Business Owner,916293.66,Premium,Islamabad,Islamabad Capital,2019-01-11
C000343,39,Female,Student,45561.78,Mass Market,Mardan,Khyber Pakhtunkhwa,2017-05-19
C000344,47,Male,Salaried,342916.11,Affluent,Karachi,Sindh,2022-06-09
C000345,45,Male,Student,15099.17,Mass Market,Abbottabad,Khyber Pakhtunkhwa,2020-05-30
C000346,44,Male,Student,29779.5,Affluent,Abbottabad,Khyber Pakhtunkhwa,2023-03-23
C000347,41,Male,Self-Employed,160646.75,Mass Affluent,Islamabad,Islamabad Capital,2023-01-05
C000348,37,Male,Unemployed,23028.28,Mass Affluent,Rawalpindi,Punjab,2021-07-06
C000349,52,Male,Salaried,53633.44,Mass Market,Larkana,Sindh,2023-10-20
C000350,22,Male,Salaried,604063.43,Affluent,Lahore,Punjab,2021-04-12
C000351,32,Female,Student,40915.13,Mass Market,Larkana,Sindh,2016-06-07
C000352,44,Male,Salaried,74969.4,Mass Market,Sialkot,Punjab,2020-01-28
C000353,56,Male,Salaried,118741.62,Mass Affluent,Sukkur,Sindh,2021-07-03
C000354,35,Female,Salaried,196058.68,Mass Affluent,Larkana,Sindh,2021-03-24
C000355,36,Female,Salaried,92203.6,Mass Market,Karachi,Sindh,2018-08-19
C000356,25,Male,Salaried,128885.02,Mass Affluent,Sukkur,Sindh,2016-05-02
C000357,33,Female,Salaried,51407.05,Mass Market,Swat,Khyber Pakhtunkhwa,2019-03-01
C000358,47,Male,Unemployed,11786.24,Mass Affluent,Abbottabad,Khyber Pakhtunkhwa,2016-11-08
C000359,56,Female,Salaried,67435.77,Mass Affluent,Karachi,Sindh,2022-02-06
C000360,36,Female,Business Owner,135063.74,Mass Affluent,Hyderabad,Sindh,2018-04-23
C000361,30,Male,Salaried,288686.17,Affluent,Quetta,Balochistan,2023-11-21
C000362,40,Male,Salaried,95335.7,Mass Affluent,Gujranwala,Punjab,2023-06-28
C000363,21,Female,Retired,105904.62,Mass Market,Lahore,Punjab,2022-04-16
C000364,53,Female,Salaried,140600.56,Mass Affluent,Rawalpindi,Punjab,2017-09-08
C000365,25,Female,Salaried,68083.94,Mass Market,Larkana,Sindh,2018-01-29
C000366,42,Male,Student,30945.53,Mass Market,Lahore,Punjab,2016-02-27
C000367,42,Male,Salaried,89242.54,Mass Affluent,Mardan,Khyber Pakhtunkhwa,2015-10-25
C000368,46,Female,Salaried,69764.02,Mass Market,Karachi,Sindh,2019-03-02
C000369,42,Male,Unemployed,41519.04,Mass Market,Lahore,Punjab,2017-12-13
C000370,39,Male,Salaried,868056.72,Premium,Gwadar,Balochistan,2018-01-19
C000371,44,Male,Self-Employed,41426.16,Mass Market,Abbottabad,Khyber Pakhtunkhwa,2021-07-02
C000372,48,Male,Salaried,92890.54,Mass Market,Multan,Punjab,2023-11-29
C000373,59,Male,Salaried,106499.4,Mass Market,Sialkot,Punjab,2015-02-23
C000374,27,Female,Salaried,62705.83,Mass Market,Multan,Punjab,2018-06-26
C000375,21,Male,Business Owner,151552.27,Mass Affluent,Multan,Punjab,2017-02-19
C000376,22,Male,Salaried,175109.87,Mass Affluent,Gujranwala,Punjab,2020-01-25
C000377,21,Female,Student,33590.84,Mass Affluent,Quetta,Balochistan,2016-09-06
C000378,26,Male,Business Owner,49877.2,Mass Market,Hyderabad,Sindh,2023-09-08
C000379,24,Female,Self-Employed,139426.81,Mass Affluent,Sialkot,Punjab,2020-08-02
C000380,34,Female,Salaried,129614.48,Mass Market,Mardan,Khyber Pakhtunkhwa,2023-01-06
C000381,48,Male,Self-Employed,82517.8,Mass Affluent,Sukkur,Sindh,2020-09-12
C000382,46,Female,Business Owner,242225.66,Mass Affluent,Gwadar,Balochistan,2023-02-14
C000383,32,Female,Salaried,55752.29,Mass Market,Mardan,Khyber Pakhtunkhwa,2018-02-05
C000384,33,Male,Student,16899.44,Mass Affluent,Karachi,Sindh,2022-02-16
C000385,61,Female,Salaried,206518.77,Mass Affluent,Gujranwala,Punjab,2018-05-01
C000386,46,Male,Retired,37925.25,Mass Market,Islamabad,Islamabad Capital,2018-04-05
C000387,41,Female,Retired,56786.95,Mass Affluent,Peshawar,Khyber Pakhtunkhwa,2018-08-25
C000388,40,Female,Salaried,202378.22,Mass Affluent,Islamabad,Islamabad Capital,2021-12-18
C000389,36,Female,Salaried,42293.26,Mass Market,Multan,Punjab,2022-02-20
C000390,61,Male,Self-Employed,49065.03,Mass Market,Swat,Khyber Pakhtunkhwa,2020-05-20
C000391,37,Female,Self-Employed,77758.23,Mass Affluent,Hyderabad,Sindh,2017-04-25
C000392,41,Male,Student,23510.96,Affluent,Rawalpindi,Punjab,2018-04-07
C000393,21,Female,Salaried,161148.08,Mass Affluent,Karachi,Sindh,2019-11-05
C000394,32,Male,Self-Employed,140913.99,Mass Affluent,Hyderabad,Sindh,2019-10-12
C000395,33,Male,Retired,124585.78,Mass Affluent,Gujranwala,Punjab,2019-03-12
C000396,44,Female,Unemployed,34728.38,Mass Market,Karachi,Sindh,2022-10-11
C000397,30,Male,Salaried,56967.04,Mass Market,Abbottabad,Khyber Pakhtunkhwa,2015-03-01
C000398,40,Female,Unemployed,10836.89,Mass Market,Multan,Punjab,2015-08-04
C000399,32,Male,Salaried,435111.9,Affluent,Larkana,Sindh,2016-12-06
C000400,27,Male,Self-Employed,210174.77,Mass Affluent,Karachi,Sindh,2023-02-01
C000401,26,Female,Salaried,331114.39,Affluent,Sialkot,Punjab,2016-07-08
C000402,37,Female,Self-Employed,78449.71,Mass Market,Turbat,Balochistan,2021-05-22
C000403,40,Male,Salaried,73922.89,Mass Market,Mardan,Khyber Pakhtunkhwa,2023-08-16
C000404,37,Female,Salaried,89282.63,Mass Affluent,Multan,Punjab,2017-12-10
C000405,30,Male,Salaried,37761.4,Mass Market,Islamabad,Islamabad Capital,2022-09-08
C000406,37,Female,Retired,131429.26,Mass Market,Gwadar,Balochistan,2018-08-15
C000407,35,Female,Self-Employed,120444.2,Mass Affluent,Faisalabad,Punjab,2019-06-05
C000408,28,Male,Business Owner,144426.84,Mass Affluent,Mardan,Khyber Pakhtunkhwa,2018-11-20
C000409,40,Male,Business Owner,123676.47,Mass Affluent,Sialkot,Punjab,2017-09-01
C000410,59,Male,Salaried,31409.3,Mass Market,Islamabad,Islamabad Capital,2018-11-24
C000411,37,Female,Salaried,26888.83,Mass Market,Karachi,Sindh,2016-05-23
C000412,23,Male,Salaried,79405.54,Mass Market,Sukkur,Sindh,2015-03-09
C000413,55,Male,Salaried,46641.2,Mass Market,Faisalabad,Punjab,2017-10-15
C000414,53,Male,Retired,37016.26,Mass Market,Turbat,Balochistan,2016-08-17
C000415,55,Female,Salaried,48536.41,Mass Market,Gujranwala,Punjab,2018-09-05
C000416,39,Female,Business Owner,441771.59,Premium,Lahore,Punjab,2018-12-03
C000417,30,Male,Student,49710.14,Mass Market,Gujranwala,Punjab,2020-03-26
C000418,29,Male,Retired,38952.14,Mass Market,Swat,Khyber Pakhtunkhwa,2015-10-26
C000419,52,Male,Salaried,54787.79,Mass Market,Multan,Punjab,2021-06-14
C000420,57,Female,Retired,72044.79,Mass Affluent,Turbat,Balochistan,2016-04-06
C000421,29,Female,Self-Employed,80366.45,Mass Market,Karachi,Sindh,2017-01-29
C000422,21,Female,Self-Employed,67669.73,Mass Market,Sialkot,Punjab,2023-05-10
C000423,39,Male,Business Owner,81379.31,Mass Market,Gujranwala,Punjab,2022-08-25
C000424,29,Male,Salaried,60327.14,Mass Market,Multan,Punjab,2020-02-04
C000425,31,Male,Business Owner,218281.23,Mass Affluent,Larkana,Sindh,2017-02-23
C000426,36,Female,Self-Employed,82042.94,Mass Market,Swat,Khyber Pakhtunkhwa,2023-02-19
C000427,44,Female,Business Owner,86296.84,Mass Market,Gujranwala,Punjab,2023-11-25
C000428,30,Male,Student,48044.67,Mass Affluent,Mardan,Khyber Pakhtunkhwa,2020-11-04
C000429,40,Male,Self-Employed,66312.42,Mass Market,Lahore,Punjab,2017-04-26
C000430,38,Male,Salaried,64730.06,Mass Affluent,Peshawar,Khyber Pakhtunkhwa,2018-03-15
C000431,21,Male,Salaried,102179.73,Mass Market,Gwadar,Balochistan,2015-02-12
C000432,45,Female,Student,24174.48,Mass Affluent,Swat,Khyber Pakhtunkhwa,2022-04-19
C000433,34,Male,Self-Employed,49906.83,Mass Market,Larkana,Sindh,2023-08-29
C000434,25,Female,Student,17439.84,Mass Market,Swat,Khyber Pakhtunkhwa,2020-03-14
C000435,31,Female,Salaried,59178.68,Mass Market,Lahore,Punjab,2019-11-20
C000436,41,Male,Self-Employed,564429.68,Premium,Faisalabad,Punjab,2019-09-26
C000437,40,Male,Student,49785.37,Mass Market,Gujranwala,Punjab,2017-07-07
C000438,46,Male,Business Owner,388113.98,Affluent,Sukkur,Sindh,2015-10-29
C000439,44,Female,Salaried,230263.01,Affluent,Abbottabad,Khyber Pakhtunkhwa,2017-09-19
C000440,26,Male,Salaried,31854.42,Mass Market,Larkana,Sindh,2016-11-05
C000441,21,Female,Student,45166.83,Mass Market,Peshawar,Khyber Pakhtunkhwa,2021-12-18
C000442,40,Female,Business Owner,40624.38,Mass Market,Sialkot,Punjab,2015-05-14
C000443,46,Female,Salaried,376865.88,Premium,Abbottabad,Khyber Pakhtunkhwa,2022-10-07
C000444,37,Female,Self-Employed,148414.28,Mass Affluent,Gujranwala,Punjab,2015-10-08
C000445,46,Male,Salaried,123033.24,Mass Affluent,Faisalabad,Punjab,2019-09-15
C000446,28,Female,Salaried,60396.34,Mass Market,Hyderabad,Sindh,2023-01-07
C000447,35,Female,Salaried,195234.09,Affluent,Islamabad,Islamabad Capital,2017-06-20
C000448,29,Male,Salaried,63568.42,Mass Market,Sukkur,Sindh,2022-02-12
C000449,47,Male,Student,54780.86,Mass Market,Gujranwala,Punjab,2015-11-12
C000450,29,Male,Salaried,58020.16,Mass Market,Sukkur,Sindh,2016-12-29
C000451,62,Male,Business Owner,82256.18,Mass Market,Lahore,Punjab,2023-03-06
C000452,33,Male,Salaried,243696.88,Affluent,Quetta,Balochistan,2017-03-06
C000453,48,Male,Salaried,153871.69,Mass Affluent,Hyderabad,Sindh,2020-12-09
C000454,34,Female,Salaried,28307.76,Mass Market,Rawalpindi,Punjab,2019-05-30
C000455,54,Male,Salaried,27457.86,Mass Market,Multan,Punjab,2016-08-03
C000456,53,Male,Business Owner,147214.8,Mass Affluent,Gujranwala,Punjab,2017-12-21
C000457,35,Male,Retired,105194.07,Mass Affluent,Islamabad,Islamabad Capital,2020-05-25
C000458,42,Male,Business Owner,54806.88,Mass Market,Karachi,Sindh,2019-12-29
C000459,53,Female,Business Owner,135574.83,Mass Market,Peshawar,Khyber Pakhtunkhwa,2022-06-13
C000460,42,Male,Student,15549.63,Mass Affluent,Larkana,Sindh,2016-12-13
C000461,29,Male,Business Owner,482681.88,Premium,Sukkur,Sindh,2019-04-07
C000462,40,Male,Self-Employed,137108.05,Mass Affluent,Sialkot,Punjab,2018-08-31
C000463,31,Male,Business Owner,71579.38,Mass Market,Islamabad,Islamabad Capital,2016-08-01
C000464,41,Female,Salaried,104131.18,Mass Affluent,Gujranwala,Punjab,2023-03-30
C000465,30,Male,Salaried,40117.95,Mass Market,Hyderabad,Sindh,2017-08-21
C000466,43,Female,Business Owner,354422.42,Affluent,Hyderabad,Sindh,2019-02-18
C000467,21,Male,Business Owner,63116.11,Mass Market,Larkana,Sindh,2020-11-02
C000468,27,Female,Salaried,52635.38,Mass Market,Islamabad,Islamabad Capital,2016-06-29
C000469,30,Male,Retired,104829.33,Mass Market,Sialkot,Punjab,2019-10-13
C000470,37,Male,Salaried,56970.43,Mass Market,Hyderabad,Sindh,2015-07-19
C000471,22,Male,Business Owner,56897.0,Mass Market,Faisalabad,Punjab,2018-11-03
C000472,29,Male,Unemployed,38432.76,Mass Affluent,Hyderabad,Sindh,2023-10-06
C000473,48,Male,Salaried,95157.41,Mass Affluent,Sialkot,Punjab,2019-08-05
C000474,49,Female,Retired,35459.82,Affluent,Lahore,Punjab,2023-09-30
C000475,21,Female,Student,18513.28,Mass Market,Rawalpindi,Punjab,2021-09-01
C000476,33,Female,Business Owner,60735.69,Mass Market,Multan,Punjab,2017-08-05
C000477,53,Male,Retired,109695.91,Mass Market,Sialkot,Punjab,2023-12-26
C000478,43,Male,Self-Employed,85914.06,Mass Market,Hyderabad,Sindh,2021-05-18
C000479,43,Female,Salaried,60421.94,Mass Market,Sukkur,Sindh,2015-04-08
C000480,45,Male,Business Owner,186803.18,Affluent,Rawalpindi,Punjab,2022-02-06
C000481,28,Male,Salaried,1155233.56,Premium,Sialkot,Punjab,2019-08-26
C000482,41,Female,Salaried,60960.47,Mass Market,Lahore,Punjab,2023-10-10
C000483,44,Male,Salaried,78271.06,Mass Affluent,Sukkur,Sindh,2021-01-17
C000484,40,Female,Salaried,236225.86,Mass Affluent,Gujranwala,Punjab,2016-02-19
C000485,35,Male,Business Owner,100403.24,Mass Market,Sialkot,Punjab,2018-08-22
C000486,38,Female,Retired,123916.31,Mass Affluent,Gujranwala,Punjab,2021-11-27
C000487,26,Male,Unemployed,21066.59,Mass Market,Hyderabad,Sindh,2020-02-22
C000488,46,Female,Salaried,50423.71,Mass Market,Faisalabad,Punjab,2015-04-25
C000489,23,Male,Self-Employed,304829.78,Premium,Sukkur,Sindh,2015-06-25
C000490,30,Male,Self-Employed,147071.04,Mass Affluent,Larkana,Sindh,2017-07-14
C000491,46,Female,Salaried,82723.18,Mass Market,Karachi,Sindh,2017-07-10
C000492,42,Male,Self-Employed,77012.08,Mass Market,Sukkur,Sindh,2020-02-04
C000493,34,Male,Salaried,283506.78,Affluent,Sukkur,Sindh,2018-05-24
C000494,21,Male,Retired,116907.7,Mass Market,Rawalpindi,Punjab,2017-07-19
C000495,38,Male,Salaried,181882.01,Affluent,Abbottabad,Khyber Pakhtunkhwa,2018-08-27
C000496,32,Female,Student,20033.68,Affluent,Sukkur,Sindh,2016-09-05
C000497,44,Female,Student,33312.26,Mass Market,Larkana,Sindh,2021-02-17
C000498,33,Male,Business Owner,101124.41,Mass Affluent,Larkana,Sindh,2015-05-30
C000499,21,Male,Salaried,104475.49,Mass Affluent,Faisalabad,Punjab,2023-02-13
C000500,24,Male,Salaried,101619.83,Mass Affluent,Sukkur,Sindh,2021-11-19
C000501,34,Female,Unemployed,35675.04,Mass Market,Mardan,Khyber Pakhtunkhwa,2015-07-20
C000502,40,Male,Salaried,54948.45,Mass Market,Turbat,Balochistan,2020-11-14
C000503,26,Male,Salaried,63029.81,Mass Market,Turbat,Balochistan,2019-01-16
C000504,31,Male,Unemployed,15362.49,Mass Affluent,Karachi,Sindh,2020-04-05
C000505,48,Female,Business Owner,138496.37,Mass Affluent,Larkana,Sindh,2018-07-31
C000506,51,Female,Business Owner,85898.99,Mass Affluent,Peshawar,Khyber Pakhtunkhwa,2017-09-07
C000507,42,Female,Salaried,171721.65,Mass Affluent,Sialkot,Punjab,2023-09-06
C000508,36,Female,Salaried,78883.43,Mass Market,Abbottabad,Khyber Pakhtunkhwa,2016-08-20
C000509,32,Female,Student,28747.02,Mass Market,Karachi,Sindh,2021-05-08
C000510,45,Female,Salaried,101559.98,Mass Affluent,Lahore,Punjab,2019-07-20
C000511,36,Male,Salaried,146315.48,Mass Affluent,Sialkot,Punjab,2023-08-04
C000512,49,Male,Salaried,92779.76,Mass Affluent,Mardan,Khyber Pakhtunkhwa,2019-04-13
C000513,50,Male,Self-Employed,60792.71,Mass Market,Faisalabad,Punjab,2019-07-12
C000514,44,Female,Salaried,56636.56,Mass Market,Sialkot,Punjab,2022-12-14
C000515,34,Male,Student,42195.16,Affluent,Sialkot,Punjab,2020-08-24
C000516,34,Male,Salaried,37639.9,Mass Market,Rawalpindi,Punjab,2019-01-18
C000517,21,Female,Salaried,21775.09,Mass Market,Gujranwala,Punjab,2022-09-08
C000518,38,Male,Unemployed,20801.82,Mass Affluent,Mardan,Khyber Pakhtunkhwa,2022-08-05
C000519,38,Female,Unemployed,40343.86,Mass Affluent,Multan,Punjab,2015-05-01
C000520,24,Female,Business Owner,212437.02,Affluent,Mardan,Khyber Pakhtunkhwa,2017-01-29
C000521,65,Female,Retired,144590.76,Affluent,Abbottabad,Khyber Pakhtunkhwa,2023-04-29
C000522,45,Female,Salaried,92187.47,Mass Affluent,Rawalpindi,Punjab,2023-03-25
C000523,30,Male,Salaried,40031.99,Mass Market,Rawalpindi,Punjab,2019-04-14
C000524,62,Male,Salaried,86510.53,Mass Market,Hyderabad,Sindh,2018-04-24
C000525,34,Male,Salaried,274883.78,Affluent,Gujranwala,Punjab,2023-08-26
C000526,48,Male,Business Owner,90289.09,Mass Market,Sialkot,Punjab,2015-05-15
C000527,40,Female,Student,42829.9,Premium,Islamabad,Islamabad Capital,2015-01-31
C000528,34,Female,Salaried,185007.92,Mass Affluent,Islamabad,Islamabad Capital,2020-09-22
C000529,35,Female,Salaried,53491.86,Mass Market,Peshawar,Khyber Pakhtunkhwa,2015-11-05
C000530,55,Female,Unemployed,36948.81,Mass Market,Faisalabad,Punjab,2016-10-09
C000531,49,Female,Self-Employed,155477.71,Mass Affluent,Sukkur,Sindh,2015-09-03
C000532,38,Female,Salaried,44612.43,Mass Market,Hyderabad,Sindh,2023-05-25
C000533,21,Male,Salaried,75915.54,Mass Market,Lahore,Punjab,2015-07-04
C000534,42,Male,Salaried,131345.58,Mass Affluent,Sukkur,Sindh,2023-03-26
C000535,25,Male,Salaried,55556.01,Mass Market,Rawalpindi,Punjab,2016-03-15
C000536,45,Female,Salaried,62229.72,Mass Market,Multan,Punjab,2023-01-23
C000537,31,Female,Self-Employed,172951.18,Mass Affluent,Hyderabad,Sindh,2017-12-30
C000538,32,Female,Salaried,58141.5,Mass Affluent,Multan,Punjab,2018-10-31
C000539,32,Male,Self-Employed,52509.14,Mass Market,Rawalpindi,Punjab,2016-03-16
C000540,50,Female,Salaried,362928.0,Affluent,Mardan,Khyber Pakhtunkhwa,2017-07-09
C000541,21,Female,Salaried,307697.13,Affluent,Islamabad,Islamabad Capital,2016-04-21
C000542,47,Male,Salaried,39107.72,Mass Market,Karachi,Sindh,2016-11-21
C000543,43,Male,Student,55521.43,Mass Market,Abbottabad,Khyber Pakhtunkhwa,2019-01-18
C000544,38,Female,Business Owner,248113.57,Mass Affluent,Islamabad,Islamabad Capital,2019-05-17
C000545,34,Male,Salaried,55882.62,Mass Market,Multan,Punjab,2020-08-21
C000546,44,Female,Salaried,497765.17,Affluent,Hyderabad,Sindh,2023-04-02
C000547,34,Male,Self-Employed,175848.05,Mass Affluent,Faisalabad,Punjab,2015-05-28
C000548,34,Male,Salaried,44379.22,Mass Market,Faisalabad,Punjab,2017-06-16
C000549,40,Male,Business Owner,50248.95,Mass Affluent,Abbottabad,Khyber Pakhtunkhwa,2020-03-02
C000550,58,Male,Unemployed,33968.8,Mass Affluent,Sukkur,Sindh,2019-03-26
C000551,22,Female,Salaried,276065.32,Affluent,Hyderabad,Sindh,2020-03-27
C000552,45,Male,Self-Employed,71207.3,Mass Market,Gujranwala,Punjab,2017-08-23
C000553,37,Male,Self-Employed,183580.95,Affluent,Multan,Punjab,2017-11-20
C000554,37,Female,Self-Employed,64198.96,Mass Market,Turbat,Balochistan,2021-05-24
C000555,22,Male,Salaried,139078.48,Mass Affluent,Rawalpindi,Punjab,2016-09-11
C000556,21,Male,Self-Employed,407260.0,Affluent,Multan,Punjab,2015-10-05
C000557,43,Female,Salaried,53397.18,Mass Market,Multan,Punjab,2020-09-09
C000558,25,Female,Business Owner,70993.84,Mass Market,Sukkur,Sindh,2020-02-07
C000559,50,Female,Self-Employed,145058.99,Mass Affluent,Sukkur,Sindh,2022-01-11
C000560,28,Male,Salaried,390533.03,Affluent,Hyderabad,Sindh,2020-11-23
C000561,45,Male,Unemployed,36612.62,Mass Market,Lahore,Punjab,2017-07-22
C000562,33,Female,Student,15850.52,Mass Market,Gujranwala,Punjab,2019-04-08
C000563,32,Female,Self-Employed,118810.11,Mass Affluent,Swat,Khyber Pakhtunkhwa,2019-08-03
C000564,29,Female,Unemployed,38479.22,Mass Market,Hyderabad,Sindh,2015-11-27
C000565,44,Male,Student,25179.1,Mass Affluent,Sukkur,Sindh,2015-11-21
C000566,47,Female,Salaried,33827.75,Mass Market,Sukkur,Sindh,2023-09-20
C000567,36,Female,Self-Employed,48228.89,Mass Market,Swat,Khyber Pakhtunkhwa,2022-01-13
C000568,46,Female,Self-Employed,268040.01,Affluent,Faisalabad,Punjab,2022-05-24
C000569,39,Male,Self-Employed,62215.69,Mass Market,Rawalpindi,Punjab,2020-12-17
C000570,24,Male,Retired,33850.57,Affluent,Sukkur,Sindh,2022-08-27
C000571,43,Male,Salaried,66765.69,Mass Affluent,Multan,Punjab,2018-11-08
C000572,36,Female,Salaried,92164.56,Mass Market,Mardan,Khyber Pakhtunkhwa,2016-06-18
C000573,21,Female,Salaried,55829.0,Mass Market,Sukkur,Sindh,2020-06-11
C000574,35,Male,Business Owner,59944.54,Mass Market,Swat,Khyber Pakhtunkhwa,2015-06-22
C000575,21,Male,Salaried,78327.36,Mass Affluent,Abbottabad,Khyber Pakhtunkhwa,2023-08-05
C000576,25,Female,Salaried,129782.64,Mass Affluent,Hyderabad,Sindh,2020-06-28
C000577,36,Male,Salaried,112705.64,Mass Affluent,Turbat,Balochistan,2020-01-21
C000578,38,Female,Business Owner,47432.25,Mass Market,Karachi,Sindh,2021-05-09
C000579,30,Male,Salaried,34427.22,Mass Market,Swat,Khyber Pakhtunkhwa,2018-11-04
C000580,45,Female,Salaried,43134.34,Mass Market,Rawalpindi,Punjab,2020-09-23
C000581,38,Male,Salaried,275035.75,Mass Affluent,Sukkur,Sindh,2019-01-27
C000582,34,Female,Salaried,52538.47,Mass Market,Larkana,Sindh,2016-12-30
C000583,39,Male,Salaried,80996.02,Mass Market,Sialkot,Punjab,2016-08-20
C000584,52,Male,Salaried,55685.14,Mass Market,Gujranwala,Punjab,2016-04-17
C000585,21,Male,Business Owner,53289.56,Mass Market,Quetta,Balochistan,2023-03-10
C000586,53,Male,Salaried,102089.86,Mass Affluent,Hyderabad,Sindh,2018-04-08
C000587,32,Male,Salaried,216778.18,Mass Affluent,Multan,Punjab,2019-12-16
C000588,30,Female,Self-Employed,720192.81,Premium,Gujranwala,Punjab,2016-10-03
C000589,35,Male,Salaried,44446.81,Mass Market,Rawalpindi,Punjab,2018-07-21
C000590,29,Female,Salaried,111918.69,Mass Affluent,Gujranwala,Punjab,2019-04-21
C000591,28,Male,Salaried,90304.67,Mass Market,Turbat,Balochistan,2023-06-04
C000592,48,Male,Salaried,44207.3,Mass Affluent,Karachi,Sindh,2023-01-31
C000593,41,Male,Self-Employed,146280.4,Mass Affluent,Gujranwala,Punjab,2019-12-16
C000594,21,Female,Unemployed,29810.45,Mass Market,Sukkur,Sindh,2017-10-18
C000595,46,Male,Salaried,97771.27,Mass Affluent,Sialkot,Punjab,2016-04-25
C000596,45,Male,Self-Employed,63630.34,Mass Market,Rawalpindi,Punjab,2023-07-23
C000597,23,Male,Retired,53348.37,Mass Market,Karachi,Sindh,2021-03-28
C000598,41,Male,Salaried,37581.39,Mass Market,Hyderabad,Sindh,2018-01-26
C000599,46,Male,Business Owner,82622.33,Mass Market,Islamabad,Islamabad Capital,2023-09-13
C000600,21,Male,Self-Employed,313493.57,Affluent,Hyderabad,Sindh,2021-03-02
C000601,42,Female,Self-Employed,122658.55,Mass Affluent,Larkana,Sindh,2022-06-09
C000602,32,Male,Retired,34980.86,Mass Affluent,Swat,Khyber Pakhtunkhwa,2017-05-21
C000603,45,Male,Salaried,366325.66,Affluent,Gwadar,Balochistan,2018-06-04
C000604,29,Female,Retired,101195.18,Mass Affluent,Abbottabad,Khyber Pakhtunkhwa,2018-08-27
C000605,50,Male,Salaried,75650.51,Mass Market,Islamabad,Islamabad Capital,2022-04-11
C000606,36,Male,Self-Employed,81643.8,Mass Market,Peshawar,Khyber Pakhtunkhwa,2022-09-10
C000607,32,Female,Salaried,64578.71,Mass Market,Peshawar,Khyber Pakhtunkhwa,2019-05-01
C000608,31,Male,Salaried,576754.73,Affluent,Gujranwala,Punjab,2020-05-30
C000609,49,Female,Salaried,160406.64,Affluent,Mardan,Khyber Pakhtunkhwa,2018-08-22
C000610,31,Female,Retired,37319.04,Mass Affluent,Larkana,Sindh,2018-07-28
C000611,51,Female,Self-Employed,63592.59,Mass Market,Karachi,Sindh,2019-12-31
C000612,41,Male,Student,54586.92,Mass Market,Karachi,Sindh,2023-02-11
C000613,24,Female,Salaried,105260.23,Affluent,Islamabad,Islamabad Capital,2015-09-10
C000614,39,Male,Salaried,59921.72,Mass Market,Islamabad,Islamabad Capital,2017-07-18
C000615,40,Female,Salaried,121382.7,Mass Affluent,Gujranwala,Punjab,2017-05-18
C000616,23,Male,Salaried,79608.8,Mass Market,Peshawar,Khyber Pakhtunkhwa,2020-04-05
C000617,39,Female,Salaried,70616.52,Mass Market,Swat,Khyber Pakhtunkhwa,2020-03-18
C000618,45,Male,Retired,146159.06,Mass Affluent,Faisalabad,Punjab,2023-02-24
C000619,51,Male,Student,47433.23,Affluent,Gujranwala,Punjab,2016-01-21
C000620,51,Male,Salaried,95674.75,Mass Affluent,Multan,Punjab,2021-05-27
C000621,65,Female,Salaried,79451.26,Mass Market,Mardan,Khyber Pakhtunkhwa,2018-09-10
C000622,39,Female,Self-Employed,69179.88,Mass Market,Karachi,Sindh,2015-08-07
C000623,45,Female,Self-Employed,221166.15,Affluent,Islamabad,Islamabad Capital,2022-06-12
C000624,32,Female,Business Owner,137340.38,Mass Affluent,Karachi,Sindh,2015-01-19
C000625,60,Male,Self-Employed,40137.14,Mass Market,Islamabad,Islamabad Capital,2023-01-16
C000626,29,Male,Salaried,283269.05,Mass Affluent,Faisalabad,Punjab,2017-06-03
C000627,59,Female,Salaried,74634.31,Mass Market,Peshawar,Khyber Pakhtunkhwa,2016-08-23
C000628,58,Female,Unemployed,18643.54,Mass Market,Gujranwala,Punjab,2017-09-30
C000629,30,Female,Business Owner,472471.67,Affluent,Karachi,Sindh,2023-07-02
C000630,50,Male,Retired,95317.63,Mass Affluent,Peshawar,Khyber Pakhtunkhwa,2022-03-29
C000631,44,Female,Salaried,60723.12,Mass Market,Turbat,Balochistan,2019-03-15
C000632,34,Female,Self-Employed,55927.59,Mass Market,Peshawar,Khyber Pakhtunkhwa,2018-01-27
C000633,38,Male,Salaried,1019736.69,Premium,Lahore,Punjab,2016-05-14
C000634,42,Male,Retired,28923.21,Mass Affluent,Faisalabad,Punjab,2019-10-11
C000635,43,Male,Salaried,97798.35,Mass Affluent,Sialkot,Punjab,2021-10-02
C000636,55,Male,Business Owner,126680.09,Mass Market,Rawalpindi,Punjab,2015-12-18
C000637,45,Female,Salaried,437947.51,Premium,Hyderabad,Sindh,2015-10-08
C000638,31,Male,Salaried,144835.94,Affluent,Swat,Khyber Pakhtunkhwa,2021-12-08
C000639,47,Female,Salaried,189575.9,Mass Affluent,Swat,Khyber Pakhtunkhwa,2021-08-01
C000640,21,Female,Self-Employed,45443.55,Mass Market,Abbottabad,Khyber Pakhtunkhwa,2018-11-20
C000641,35,Male,Student,41827.18,Mass Affluent,Peshawar,Khyber Pakhtunkhwa,2021-04-13
C000642,36,Female,Unemployed,17762.11,Affluent,Peshawar,Khyber Pakhtunkhwa,2019-08-01
C000643,46,Male,Self-Employed,77099.19,Mass Affluent,Multan,Punjab,2020-09-25
C000644,58,Male,Self-Employed,615357.75,Premium,Faisalabad,Punjab,2016-09-30
C000645,41,Male,Business Owner,228430.03,Mass Affluent,Larkana,Sindh,2022-06-13
C000646,35,Female,Salaried,77747.11,Mass Market,Abbottabad,Khyber Pakhtunkhwa,2022-02-28
C000647,31,Male,Business Owner,56037.02,Mass Market,Faisalabad,Punjab,2022-05-28
C000648,48,Male,Business Owner,322305.12,Mass Affluent,Sukkur,Sindh,2016-07-03
C000649,37,Female,Self-Employed,57865.65,Mass Market,Larkana,Sindh,2018-12-19
C000650,33,Female,Salaried,69766.7,Mass Market,Multan,Punjab,2017-08-21
C000651,49,Female,Salaried,243298.52,Mass Affluent,Rawalpindi,Punjab,2019-08-24
C000652,52,Male,Salaried,87101.38,Mass Market,Quetta,Balochistan,2018-11-06
C000653,28,Female,Retired,81878.04,Mass Affluent,Karachi,Sindh,2018-10-04
C000654,23,Female,Self-Employed,42628.35,Mass Market,Gujranwala,Punjab,2023-03-11
C000655,38,Male,Self-Employed,95683.99,Mass Market,Swat,Khyber Pakhtunkhwa,2020-07-08
C000656,26,Male,Salaried,63994.01,Mass Market,Rawalpindi,Punjab,2023-08-30
C000657,25,Male,Business Owner,97918.79,Mass Affluent,Abbottabad,Khyber Pakhtunkhwa,2019-09-14
C000658,28,Female,Salaried,141439.67,Mass Affluent,Sialkot,Punjab,2021-09-25
C000659,51,Female,Salaried,64498.25,Mass Market,Karachi,Sindh,2017-09-01
C000660,46,Male,Business Owner,122024.05,Mass Market,Rawalpindi,Punjab,2019-03-29
C000661,66,Male,Salaried,69354.91,Mass Market,Faisalabad,Punjab,2018-10-22
C000662,32,Female,Salaried,96624.14,Mass Affluent,Turbat,Balochistan,2021-11-21
C000663,54,Female,Salaried,425561.37,Premium,Sialkot,Punjab,2020-01-30
C000664,44,Female,Salaried,127679.53,Mass Affluent,Sialkot,Punjab,2017-11-24
C000665,33,Male,Retired,47358.51,Mass Market,Sialkot,Punjab,2022-03-14
C000666,37,Female,Student,59354.48,Mass Affluent,Peshawar,Khyber Pakhtunkhwa,2022-02-21
C000667,33,Male,Unemployed,15674.71,Mass Market,Peshawar,Khyber Pakhtunkhwa,2016-03-19
C000668,42,Male,Unemployed,23426.6,Mass Market,Islamabad,Islamabad Capital,2018-08-03
C000669,50,Female,Salaried,79088.66,Mass Market,Sialkot,Punjab,2020-01-22
C000670,35,Male,Salaried,45330.05,Mass Market,Faisalabad,Punjab,2023-01-07
C000671,48,Female,Business Owner,23470.67,Mass Market,Lahore,Punjab,2023-06-11
C000672,53,Male,Salaried,68507.33,Mass Affluent,Sukkur,Sindh,2017-03-30
C000673,55,Female,Unemployed,17420.23,Mass Market,Islamabad,Islamabad Capital,2018-09-04
C000674,26,Male,Salaried,104016.47,Mass Affluent,Larkana,Sindh,2016-04-21
C000675,38,Male,Self-Employed,175011.97,Affluent,Larkana,Sindh,2015-08-14
C000676,47,Male,Self-Employed,273621.55,Mass Affluent,Faisalabad,Punjab,2018-01-09
C000677,27,Female,Retired,92698.45,Mass Market,Quetta,Balochistan,2022-08-23
C000678,25,Female,Self-Employed,127145.5,Mass Affluent,Larkana,Sindh,2018-08-12
C000679,39,Female,Self-Employed,65562.08,Mass Market,Lahore,Punjab,2016-11-28
C000680,34,Female,Salaried,54249.35,Mass Market,Lahore,Punjab,2017-03-06
C000681,37,Female,Self-Employed,37259.05,Mass Market,Multan,Punjab,2021-04-10
C000682,34,Male,Business Owner,414247.37,Affluent,Rawalpindi,Punjab,2019-12-13
C000683,63,Male,Self-Employed,179655.28,Mass Affluent,Lahore,Punjab,2019-02-26
C000684,34,Female,Business Owner,132079.34,Affluent,Larkana,Sindh,2018-04-13
C000685,45,Male,Salaried,141681.11,Mass Affluent,Sukkur,Sindh,2023-06-19
C000686,45,Male,Salaried,147751.34,Mass Affluent,Multan,Punjab,2016-04-09
C000687,21,Male,Retired,138167.77,Affluent,Multan,Punjab,2021-12-17
C000688,55,Female,Salaried,621260.47,Affluent,Islamabad,Islamabad Capital,2023-12-18
C000689,46,Male,Self-Employed,127749.02,Mass Market,Swat,Khyber Pakhtunkhwa,2022-03-20
C000690,41,Male,Self-Employed,541475.93,Premium,Sukkur,Sindh,2019-11-10
C000691,51,Female,Retired,45423.56,Affluent,Multan,Punjab,2020-05-28
C000692,38,Female,Salaried,52722.47,Mass Market,Gwadar,Balochistan,2022-09-11
C000693,49,Male,Salaried,47562.2,Mass Market,Lahore,Punjab,2016-04-03
C000694,21,Female,Student,18759.02,Mass Market,Multan,Punjab,2022-04-11
C000695,48,Male,Self-Employed,157612.6,Mass Affluent,Gwadar,Balochistan,2016-07-10
C000696,41,Male,Self-Employed,126430.44,Mass Market,Sukkur,Sindh,2016-04-22
C000697,41,Female,Salaried,108134.48,Mass Market,Abbottabad,Khyber Pakhtunkhwa,2015-05-26
C000698,30,Female,Salaried,175461.86,Mass Affluent,Larkana,Sindh,2015-12-05
C000699,37,Female,Retired,34258.14,Affluent,Larkana,Sindh,2020-08-30
C000700,36,Male,Business Owner,137863.05,Affluent,Gujranwala,Punjab,2015-10-28
C000701,26,Male,Retired,98668.91,Mass Affluent,Rawalpindi,Punjab,2021-03-18
C000702,43,Male,Unemployed,30276.85,Mass Market,Faisalabad,Punjab,2015-11-04
C000703,56,Male,Self-Employed,74051.72,Mass Market,Rawalpindi,Punjab,2016-11-07
C000704,23,Male,Self-Employed,115747.83,Mass Affluent,Gwadar,Balochistan,2018-04-10
C000705,44,Male,Self-Employed,100305.34,Mass Market,Lahore,Punjab,2022-09-23
C000706,34,Male,Student,51426.74,Mass Affluent,Hyderabad,Sindh,2016-05-20
C000707,33,Male,Self-Employed,962930.13,Premium,Swat,Khyber Pakhtunkhwa,2018-03-07
C000708,40,Male,Salaried,64202.25,Mass Affluent,Peshawar,Khyber Pakhtunkhwa,2015-12-22
C000709,40,Male,Retired,129495.17,Mass Affluent,Hyderabad,Sindh,2016-12-21
C000710,41,Male,Self-Employed,255155.07,Mass Affluent,Hyderabad,Sindh,2019-10-27
C000711,27,Male,Student,16893.24,Affluent,Islamabad,Islamabad Capital,2021-10-03
C000712,51,Male,Salaried,86028.41,Mass Market,Larkana,Sindh,2019-09-23
C000713,40,Male,Salaried,60835.06,Mass Market,Swat,Khyber Pakhtunkhwa,2020-08-20
C000714,46,Male,Business Owner,62467.92,Mass Market,Turbat,Balochistan,2018-03-08
C000715,52,Male,Business Owner,221516.02,Mass Affluent,Mardan,Khyber Pakhtunkhwa,2016-10-18
C000716,21,Female,Salaried,46517.33,Mass Market,Faisalabad,Punjab,2020-12-08
C000717,46,Male,Salaried,44819.43,Mass Market,Sukkur,Sindh,2022-06-29
C000718,37,Female,Business Owner,108398.38,Mass Affluent,Lahore,Punjab,2020-05-28
C000719,50,Female,Unemployed,41689.44,Mass Market,Sukkur,Sindh,2015-12-11
C000720,30,Male,Salaried,70506.2,Mass Affluent,Islamabad,Islamabad Capital,2023-12-18
C000721,49,Female,Salaried,79213.52,Mass Market,Hyderabad,Sindh,2016-09-16
C000722,27,Male,Salaried,56369.64,Mass Market,Hyderabad,Sindh,2019-12-03
C000723,43,Male,Salaried,82992.19,Mass Market,Gujranwala,Punjab,2021-11-26
C000724,42,Male,Salaried,26818.66,Mass Market,Islamabad,Islamabad Capital,2023-10-29
C000725,37,Male,Self-Employed,865762.31,Premium,Faisalabad,Punjab,2019-11-12
C000726,28,Male,Self-Employed,1038748.32,Premium,Rawalpindi,Punjab,2023-04-04
C000727,35,Male,Salaried,153574.01,Mass Affluent,Rawalpindi,Punjab,2018-11-23
C000728,49,Male,Salaried,131491.43,Mass Affluent,Faisalabad,Punjab,2015-09-19
C000729,55,Female,Unemployed,38687.17,Mass Affluent,Karachi,Sindh,2016-05-14
C000730,60,Male,Salaried,453925.16,Affluent,Larkana,Sindh,2023-03-31
C000731,45,Male,Business Owner,73189.84,Mass Market,Sialkot,Punjab,2015-10-22
C000732,42,Female,Salaried,75297.6,Mass Market,Multan,Punjab,2023-04-20
C000733,44,Female,Student,43067.86,Mass Affluent,Rawalpindi,Punjab,2018-11-30
C000734,60,Male,Student,28658.89,Premium,Multan,Punjab,2023-08-02
C000735,45,Female,Salaried,44267.29,Mass Market,Gujranwala,Punjab,2023-11-08
C000736,40,Male,Self-Employed,97092.92,Mass Market,Hyderabad,Sindh,2015-09-15
C000737,36,Female,Business Owner,57244.44,Mass Market,Faisalabad,Punjab,2020-08-06
C000738,37,Female,Salaried,60763.67,Mass Market,Lahore,Punjab,2015-04-07
C000739,43,Male,Business Owner,135388.58,Mass Affluent,Lahore,Punjab,2017-11-10
C000740,31,Female,Salaried,86705.24,Mass Market,Faisalabad,Punjab,2023-07-12
C000741,32,Male,Salaried,544220.07,Affluent,Lahore,Punjab,2023-12-28
C000742,38,Male,Unemployed,35586.68,Mass Affluent,Sialkot,Punjab,2016-03-28
C000743,34,Male,Salaried,115841.65,Mass Market,Swat,Khyber Pakhtunkhwa,2023-12-23
C000744,46,Female,Salaried,138390.31,Mass Affluent,Rawalpindi,Punjab,2016-08-23
C000745,46,Female,Salaried,221485.75,Mass Affluent,Hyderabad,Sindh,2018-01-14
C000746,42,Male,Unemployed,30964.93,Mass Market,Larkana,Sindh,2019-09-05
C000747,44,Female,Salaried,49760.6,Mass Market,Rawalpindi,Punjab,2016-12-15
C000748,40,Female,Salaried,581253.66,Affluent,Larkana,Sindh,2015-07-26
C000749,21,Male,Business Owner,47987.87,Mass Market,Peshawar,Khyber Pakhtunkhwa,2016-09-29
C000750,29,Female,Business Owner,46782.87,Mass Market,Mardan,Khyber Pakhtunkhwa,2015-07-28
C000751,47,Female,Self-Employed,37227.56,Mass Market,Lahore,Punjab,2020-04-15
C000752,30,Male,Unemployed,21062.72,Mass Market,Multan,Punjab,2020-10-05
C000753,48,Male,Salaried,230176.04,Mass Affluent,Multan,Punjab,2017-10-29
C000754,49,Female,Self-Employed,69140.03,Mass Market,Hyderabad,Sindh,2022-07-12
C000755,36,Female,Self-Employed,89448.47,Mass Affluent,Larkana,Sindh,2022-01-06
C000756,33,Male,Salaried,59845.64,Mass Market,Gujranwala,Punjab,2018-01-12
C000757,39,Male,Student,12636.27,Affluent,Rawalpindi,Punjab,2018-03-10
C000758,39,Female,Self-Employed,40559.36,Mass Market,Gwadar,Balochistan,2018-08-01
C000759,46,Male,Salaried,232528.04,Affluent,Faisalabad,Punjab,2020-06-24
C000760,21,Female,Salaried,339328.66,Affluent,Sukkur,Sindh,2022-07-29
C000761,31,Male,Salaried,47673.73,Mass Market,Mardan,Khyber Pakhtunkhwa,2017-03-28
C000762,28,Male,Student,40438.13,Mass Affluent,Multan,Punjab,2017-12-29
C000763,21,Female,Salaried,30549.31,Mass Market,Rawalpindi,Punjab,2019-04-30
C000764,34,Male,Retired,97061.38,Affluent,Lahore,Punjab,2017-04-10
C000765,23,Male,Salaried,112033.51,Mass Affluent,Gwadar,Balochistan,2020-12-02
C000766,35,Male,Unemployed,13719.39,Mass Market,Lahore,Punjab,2015-09-22
C000767,34,Female,Student,55503.66,Mass Market,Faisalabad,Punjab,2023-11-30
C000768,44,Male,Salaried,69915.95,Mass Market,Faisalabad,Punjab,2017-07-12
C000769,36,Female,Salaried,84553.15,Mass Affluent,Gujranwala,Punjab,2017-09-26
C000770,21,Female,Business Owner,97370.38,Mass Affluent,Sukkur,Sindh,2017-06-11
C000771,43,Female,Salaried,45329.6,Mass Market,Sialkot,Punjab,2021-10-16
C000772,66,Male,Salaried,60580.71,Mass Market,Karachi,Sindh,2016-07-10
C000773,51,Male,Business Owner,99313.72,Mass Market,Hyderabad,Sindh,2020-06-12
C000774,46,Male,Retired,44909.55,Mass Affluent,Swat,Khyber Pakhtunkhwa,2021-01-09
C000775,37,Male,Business Owner,42615.38,Mass Market,Rawalpindi,Punjab,2021-10-16
C000776,34,Male,Student,25780.62,Mass Market,Swat,Khyber Pakhtunkhwa,2019-10-08
C000777,33,Male,Self-Employed,271550.67,Affluent,Sukkur,Sindh,2020-07-06
C000778,42,Female,Business Owner,52510.64,Mass Market,Faisalabad,Punjab,2019-02-07
C000779,27,Female,Salaried,129240.65,Mass Affluent,Peshawar,Khyber Pakhtunkhwa,2015-12-22
C000780,41,Female,Business Owner,80202.53,Mass Market,Mardan,Khyber Pakhtunkhwa,2015-02-17
C000781,32,Male,Business Owner,45639.45,Mass Market,Lahore,Punjab,2017-02-20
C000782,21,Male,Self-Employed,113988.31,Mass Affluent,Quetta,Balochistan,2021-05-29
C000783,32,Female,Unemployed,21763.56,Mass Market,Hyderabad,Sindh,2021-05-30
C000784,53,Female,Salaried,71704.28,Mass Market,Karachi,Sindh,2020-05-19
C000785,41,Male,Self-Employed,1016188.5,Premium,Islamabad,Islamabad Capital,2021-09-04
C000786,21,Male,Self-Employed,483191.23,Affluent,Lahore,Punjab,2022-03-17
C000787,32,Female,Salaried,77519.45,Mass Affluent,Swat,Khyber Pakhtunkhwa,2020-08-30
C000788,49,Male,Salaried,66946.76,Mass Market,Faisalabad,Punjab,2019-04-15
C000789,36,Male,Unemployed,33269.73,Mass Market,Peshawar,Khyber Pakhtunkhwa,2016-10-11
C000790,45,Male,Salaried,38047.35,Mass Market,Hyderabad,Sindh,2016-01-20
C000791,35,Male,Business Owner,207451.2,Affluent,Gujranwala,Punjab,2015-12-20
C000792,41,Male,Self-Employed,115959.67,Mass Affluent,Sialkot,Punjab,2015-12-20
C000793,39,Male,Student,15918.73,Mass Affluent,Faisalabad,Punjab,2021-08-16
C000794,32,Male,Business Owner,496276.86,Premium,Rawalpindi,Punjab,2021-02-14
C000795,45,Female,Salaried,59689.78,Mass Market,Faisalabad,Punjab,2020-09-25
C000796,56,Female,Salaried,329395.78,Mass Affluent,Multan,Punjab,2019-07-29
C000797,43,Male,Business Owner,31148.36,Mass Market,Lahore,Punjab,2020-01-10
C000798,40,Male,Salaried,92431.87,Mass Market,Gujranwala,Punjab,2017-04-20
C000799,30,Male,Self-Employed,278051.78,Affluent,Abbottabad,Khyber Pakhtunkhwa,2015-03-04
C000800,49,Female,Salaried,237079.53,Affluent,Larkana,Sindh,2022-06-28
C000801,33,Male,Salaried,27866.49,Mass Market,Abbottabad,Khyber Pakhtunkhwa,2020-07-28
C000802,45,Female,Unemployed,33987.85,Mass Market,Gujranwala,Punjab,2023-07-12
C000803,47,Female,Retired,76809.72,Mass Affluent,Turbat,Balochistan,2022-01-03
C000804,50,Female,Business Owner,82182.65,Mass Market,Larkana,Sindh,2018-06-20
C000805,50,Male,Salaried,251952.4,Mass Affluent,Lahore,Punjab,2019-03-06
C000806,50,Female,Unemployed,14769.01,Mass Affluent,Faisalabad,Punjab,2018-06-20
C000807,25,Male,Self-Employed,93533.68,Mass Market,Karachi,Sindh,2015-06-17
C000808,30,Female,Unemployed,12146.98,Mass Market,Lahore,Punjab,2016-11-09
C000809,24,Female,Salaried,27073.27,Mass Market,Hyderabad,Sindh,2017-08-10
C000810,23,Female,Salaried,177143.33,Affluent,Islamabad,Islamabad Capital,2022-12-28
C000811,56,Female,Business Owner,64204.33,Mass Market,Faisalabad,Punjab,2016-07-26
C000812,28,Female,Retired,76542.0,Mass Affluent,Multan,Punjab,2015-06-10
C000813,27,Male,Salaried,32906.88,Mass Market,Islamabad,Islamabad Capital,2020-07-25
C000814,38,Male,Salaried,131575.7,Mass Affluent,Sukkur,Sindh,2017-09-20
C000815,31,Male,Self-Employed,82047.29,Mass Market,Sialkot,Punjab,2016-02-05
C000816,64,Male,Unemployed,24501.36,Mass Market,Quetta,Balochistan,2018-06-18
C000817,36,Male,Business Owner,111125.12,Mass Affluent,Gwadar,Balochistan,2015-05-15
C000818,44,Male,Retired,42162.69,Mass Affluent,Karachi,Sindh,2019-01-03
C000819,30,Male,Business Owner,90185.62,Mass Market,Hyderabad,Sindh,2022-05-12
C000820,21,Male,Student,35158.36,Mass Market,Lahore,Punjab,2020-01-28
C000821,31,Male,Self-Employed,392892.39,Affluent,Sialkot,Punjab,2023-04-18
C000822,31,Female,Salaried,62644.57,Mass Market,Sukkur,Sindh,2023-12-12
C000823,31,Male,Business Owner,57883.24,Mass Market,Lahore,Punjab,2022-08-05
C000824,21,Female,Self-Employed,66536.3,Mass Market,Hyderabad,Sindh,2021-11-28
C000825,40,Male,Salaried,44885.39,Mass Market,Swat,Khyber Pakhtunkhwa,2020-04-01
C000826,35,Male,Salaried,198369.32,Mass Affluent,Multan,Punjab,2015-10-07
C000827,22,Female,Business Owner,72673.78,Mass Affluent,Sukkur,Sindh,2018-03-17
C000828,40,Female,Student,36117.05,Mass Affluent,Gujranwala,Punjab,2023-03-16
C000829,47,Male,Salaried,128221.88,Mass Affluent,Turbat,Balochistan,2015-09-21
C000830,52,Male,Retired,147626.31,Mass Market,Sialkot,Punjab,2021-12-28
C000831,21,Female,Salaried,166900.08,Mass Affluent,Hyderabad,Sindh,2018-07-06
C000832,31,Female,Salaried,105652.91,Mass Market,Larkana,Sindh,2023-05-10
C000833,24,Female,Salaried,61799.2,Mass Market,Multan,Punjab,2016-08-26
C000834,32,Male,Salaried,98958.43,Mass Affluent,Karachi,Sindh,2018-11-05
C000835,54,Male,Salaried,56782.64,Mass Market,Mardan,Khyber Pakhtunkhwa,2022-04-09
C000836,31,Male,Business Owner,53142.31,Mass Market,Karachi,Sindh,2018-09-23
C000837,34,Female,Business Owner,73106.65,Mass Market,Swat,Khyber Pakhtunkhwa,2022-07-02
C000838,30,Male,Self-Employed,86667.14,Mass Affluent,Islamabad,Islamabad Capital,2018-04-05
C000839,57,Male,Student,46238.61,Mass Market,Rawalpindi,Punjab,2019-03-24
C000840,21,Female,Retired,26521.12,Mass Affluent,Hyderabad,Sindh,2021-05-27
C000841,33,Male,Salaried,139195.34,Mass Affluent,Sialkot,Punjab,2017-10-07
C000842,29,Male,Salaried,87131.63,Mass Affluent,Swat,Khyber Pakhtunkhwa,2022-04-13
C000843,21,Female,Salaried,52732.21,Mass Market,Karachi,Sindh,2021-04-16
C000844,51,Female,Self-Employed,55645.48,Mass Affluent,Sialkot,Punjab,2022-11-10
C000845,21,Female,Salaried,58672.89,Mass Market,Faisalabad,Punjab,2020-08-23
C000846,34,Male,Business Owner,523694.51,Affluent,Gwadar,Balochistan,2022-09-30
C000847,38,Female,Self-Employed,82816.33,Mass Affluent,Lahore,Punjab,2020-03-23
C000848,31,Female,Self-Employed,34503.02,Mass Market,Karachi,Sindh,2019-02-21
C000849,21,Female,Salaried,101422.57,Mass Affluent,Faisalabad,Punjab,2023-04-30
C000850,37,Male,Salaried,85152.59,Mass Market,Islamabad,Islamabad Capital,2018-11-24
C000851,31,Female,Salaried,114675.55,Mass Market,Faisalabad,Punjab,2017-07-08
C000852,48,Male,Student,34889.67,Mass Market,Lahore,Punjab,2022-04-23
C000853,45,Male,Business Owner,79749.36,Mass Affluent,Peshawar,Khyber Pakhtunkhwa,2017-12-23
C000854,60,Male,Self-Employed,128906.71,Mass Affluent,Turbat,Balochistan,2015-03-28
C000855,40,Male,Business Owner,552675.64,Affluent,Gujranwala,Punjab,2015-06-29
C000856,45,Female,Self-Employed,53314.18,Mass Market,Sukkur,Sindh,2021-07-18
C000857,35,Male,Salaried,137127.89,Mass Affluent,Mardan,Khyber Pakhtunkhwa,2016-12-23
C000858,58,Male,Salaried,142443.74,Mass Affluent,Turbat,Balochistan,2018-06-14
C000859,39,Male,Salaried,72248.14,Mass Affluent,Faisalabad,Punjab,2019-03-23
C000860,38,Female,Salaried,87668.65,Mass Market,Larkana,Sindh,2018-06-18
C000861,45,Male,Salaried,82994.47,Mass Market,Abbottabad,Khyber Pakhtunkhwa,2022-05-20
C000862,32,Female,Business Owner,60946.05,Mass Affluent,Swat,Khyber Pakhtunkhwa,2022-07-30
C000863,34,Female,Salaried,36186.89,Mass Market,Mardan,Khyber Pakhtunkhwa,2016-09-13
C000864,45,Female,Salaried,41506.85,Mass Market,Hyderabad,Sindh,2015-07-22
C000865,47,Male,Salaried,172760.66,Mass Affluent,Lahore,Punjab,2019-09-15
C000866,46,Male,Salaried,45101.79,Mass Market,Quetta,Balochistan,2022-08-18
C000867,38,Male,Salaried,69885.49,Mass Market,Mardan,Khyber Pakhtunkhwa,2017-10-12
C000868,42,Male,Salaried,55995.43,Mass Market,Peshawar,Khyber Pakhtunkhwa,2018-08-02
C000869,50,Male,Salaried,133563.86,Mass Affluent,Gujranwala,Punjab,2022-01-25
C000870,27,Female,Unemployed,8798.82,Premium,Multan,Punjab,2018-11-17
C000871,39,Female,Salaried,66541.88,Mass Market,Mardan,Khyber Pakhtunkhwa,2020-09-27
C000872,21,Male,Salaried,59569.0,Mass Market,Lahore,Punjab,2022-12-16
C000873,47,Female,Salaried,147204.83,Mass Affluent,Islamabad,Islamabad Capital,2015-06-30
C000874,30,Female,Salaried,65156.62,Mass Market,Lahore,Punjab,2015-06-19
C000875,31,Male,Self-Employed,577136.15,Premium,Abbottabad,Khyber Pakhtunkhwa,2016-06-18
C000876,38,Female,Salaried,110350.87,Mass Affluent,Gwadar,Balochistan,2019-09-15
C000877,46,Male,Student,36538.22,Mass Market,Lahore,Punjab,2021-11-14
C000878,65,Male,Retired,67242.14,Mass Market,Faisalabad,Punjab,2016-02-14
C000879,22,Female,Business Owner,100866.98,Mass Market,Karachi,Sindh,2021-02-07
C000880,30,Male,Salaried,100201.72,Mass Affluent,Karachi,Sindh,2015-09-29
C000881,42,Female,Salaried,81631.15,Mass Market,Faisalabad,Punjab,2016-01-18
C000882,31,Female,Salaried,551486.7,Affluent,Sukkur,Sindh,2023-05-14
C000883,48,Male,Business Owner,114352.07,Mass Affluent,Gwadar,Balochistan,2017-09-19
C000884,37,Male,Salaried,217278.64,Affluent,Sukkur,Sindh,2018-09-27
C000885,49,Male,Self-Employed,237860.02,Affluent,Rawalpindi,Punjab,2017-06-12
C000886,36,Male,Salaried,59560.04,Mass Market,Lahore,Punjab,2018-01-25
C000887,45,Female,Salaried,146913.73,Mass Affluent,Sialkot,Punjab,2019-03-30
C000888,28,Female,Salaried,275776.48,Affluent,Faisalabad,Punjab,2016-11-07
C000889,60,Female,Salaried,51149.38,Mass Market,Gujranwala,Punjab,2015-03-27
C000890,21,Male,Business Owner,126099.4,Mass Market,Sukkur,Sindh,2021-04-20
C000891,31,Male,Self-Employed,55599.7,Mass Market,Rawalpindi,Punjab,2019-10-09
C000892,23,Male,Salaried,47403.97,Mass Market,Islamabad,Islamabad Capital,2019-11-15
C000893,48,Female,Salaried,383900.67,Affluent,Lahore,Punjab,2016-06-30
C000894,45,Male,Student,55368.33,Mass Market,Sialkot,Punjab,2021-06-19
C000895,26,Male,Salaried,222356.16,Mass Affluent,Mardan,Khyber Pakhtunkhwa,2021-08-10
C000896,50,Male,Self-Employed,1300286.47,Premium,Gwadar,Balochistan,2019-05-04
C000897,31,Female,Salaried,68437.98,Mass Market,Sialkot,Punjab,2019-12-06
C000898,43,Male,Self-Employed,116512.42,Mass Affluent,Faisalabad,Punjab,2018-06-01
C000899,46,Male,Self-Employed,29122.02,Mass Market,Lahore,Punjab,2022-01-30
C000900,36,Female,Salaried,42012.24,Mass Market,Larkana,Sindh,2023-04-03
C000901,49,Female,Self-Employed,64948.72,Mass Market,Larkana,Sindh,2020-08-31
C000902,37,Male,Self-Employed,38305.24,Mass Market,Faisalabad,Punjab,2015-12-04
C000903,43,Female,Salaried,32851.53,Mass Market,Rawalpindi,Punjab,2023-03-08
C000904,36,Female,Business Owner,61519.81,Mass Market,Larkana,Sindh,2019-12-05
C000905,21,Female,Salaried,80601.16,Mass Market,Islamabad,Islamabad Capital,2023-08-04
C000906,38,Female,Salaried,54635.45,Mass Market,Karachi,Sindh,2021-07-19
C000907,29,Female,Business Owner,182785.57,Mass Affluent,Karachi,Sindh,2020-08-07
C000908,54,Female,Student,35677.87,Mass Market,Sialkot,Punjab,2017-11-07
C000909,24,Male,Salaried,201188.67,Mass Affluent,Rawalpindi,Punjab,2020-08-23
C000910,52,Male,Business Owner,639506.14,Affluent,Multan,Punjab,2017-01-16
C000911,37,Female,Salaried,351027.5,Mass Affluent,Mardan,Khyber Pakhtunkhwa,2018-03-13
C000912,43,Male,Business Owner,171669.22,Mass Affluent,Turbat,Balochistan,2020-10-16
C000913,24,Male,Salaried,109157.45,Mass Affluent,Turbat,Balochistan,2023-05-27
C000914,36,Male,Business Owner,133090.86,Mass Affluent,Islamabad,Islamabad Capital,2019-11-07
C000915,32,Male,Salaried,509090.78,Affluent,Islamabad,Islamabad Capital,2022-05-01
C000916,62,Female,Salaried,445112.1,Premium,Islamabad,Islamabad Capital,2018-12-08
C000917,31,Male,Student,52795.4,Mass Market,Faisalabad,Punjab,2017-03-30
C000918,52,Male,Salaried,121871.02,Mass Affluent,Multan,Punjab,2015-11-05
C000919,52,Female,Salaried,141718.45,Mass Affluent,Lahore,Punjab,2017-05-16
C000920,52,Male,Salaried,44142.51,Mass Market,Larkana,Sindh,2016-01-08
C000921,32,Female,Self-Employed,78611.57,Mass Affluent,Sialkot,Punjab,2021-09-03
C000922,59,Male,Salaried,116930.15,Mass Affluent,Abbottabad,Khyber Pakhtunkhwa,2015-12-05
C000923,61,Male,Self-Employed,213295.58,Mass Affluent,Sukkur,Sindh,2018-02-27
C000924,43,Male,Salaried,45952.1,Mass Market,Larkana,Sindh,2022-11-30
C000925,34,Female,Self-Employed,110730.86,Mass Market,Rawalpindi,Punjab,2022-05-27
C000926,30,Female,Retired,97984.05,Mass Market,Lahore,Punjab,2022-07-03
C000927,44,Female,Salaried,86626.7,Mass Affluent,Sialkot,Punjab,2023-04-01
C000928,40,Female,Self-Employed,308330.32,Affluent,Peshawar,Khyber Pakhtunkhwa,2019-08-03
C000929,41,Male,Salaried,362432.03,Affluent,Karachi,Sindh,2016-01-15
C000930,24,Male,Salaried,64445.38,Mass Market,Abbottabad,Khyber Pakhtunkhwa,2016-12-28
C000931,39,Male,Business Owner,63542.37,Mass Market,Faisalabad,Punjab,2019-09-08
C000932,52,Female,Student,31032.63,Mass Affluent,Rawalpindi,Punjab,2016-10-17
C000933,48,Male,Business Owner,134774.36,Mass Affluent,Sialkot,Punjab,2022-12-27
C000934,34,Male,Retired,53713.37,Mass Market,Peshawar,Khyber Pakhtunkhwa,2018-11-22
C000935,38,Female,Salaried,39009.93,Mass Market,Swat,Khyber Pakhtunkhwa,2019-12-18
C000936,23,Male,Self-Employed,97351.3,Mass Market,Gujranwala,Punjab,2016-01-09
C000937,32,Female,Salaried,110584.15,Mass Affluent,Islamabad,Islamabad Capital,2016-04-23
C000938,35,Male,Unemployed,14776.81,Mass Affluent,Rawalpindi,Punjab,2022-03-10
C000939,46,Male,Self-Employed,89483.9,Mass Market,Gwadar,Balochistan,2022-02-13
C000940,31,Male,Salaried,611164.26,Affluent,Lahore,Punjab,2020-06-06
C000941,28,Female,Business Owner,143028.02,Mass Affluent,Sialkot,Punjab,2016-11-05
C000942,47,Male,Self-Employed,265796.31,Affluent,Mardan,Khyber Pakhtunkhwa,2019-03-03
C000943,34,Male,Retired,124318.29,Mass Market,Sialkot,Punjab,2019-06-16
C000944,30,Male,Business Owner,50462.98,Mass Market,Lahore,Punjab,2017-04-19
C000945,48,Female,Student,54383.35,Affluent,Larkana,Sindh,2023-09-16
C000946,44,Male,Self-Employed,245084.66,Affluent,Multan,Punjab,2018-11-22
C000947,37,Female,Self-Employed,883444.37,Premium,Mardan,Khyber Pakhtunkhwa,2023-01-02
C000948,35,Male,Business Owner,125716.53,Mass Affluent,Mardan,Khyber Pakhtunkhwa,2019-09-12
C000949,43,Female,Salaried,100572.94,Mass Market,Quetta,Balochistan,2020-06-25
C000950,45,Male,Salaried,57406.6,Mass Market,Gujranwala,Punjab,2023-10-07
C000951,41,Male,Unemployed,19991.15,Mass Market,Larkana,Sindh,2016-05-30
C000952,40,Female,Retired,86826.57,Affluent,Multan,Punjab,2020-04-03
C000953,32,Male,Retired,60937.7,Mass Market,Faisalabad,Punjab,2018-06-22
C000954,33,Female,Salaried,123901.81,Mass Affluent,Gujranwala,Punjab,2016-09-28
C000955,37,Female,Salaried,283593.72,Affluent,Islamabad,Islamabad Capital,2017-02-18
C000956,28,Male,Retired,81911.8,Premium,Gwadar,Balochistan,2016-09-04
C000957,27,Female,Salaried,314536.19,Affluent,Abbottabad,Khyber Pakhtunkhwa,2021-01-30
C000958,38,Male,Salaried,209000.86,Mass Affluent,Sukkur,Sindh,2020-09-03
C000959,50,Male,Salaried,54882.1,Mass Market,Hyderabad,Sindh,2021-11-06
C000960,21,Male,Student,53735.59,Premium,Sukkur,Sindh,2022-04-12
C000961,35,Female,Self-Employed,65671.48,Mass Market,Larkana,Sindh,2020-08-13
C000962,42,Male,Salaried,83908.2,Mass Market,Karachi,Sindh,2017-11-18
C000963,51,Male,Self-Employed,902417.45,Premium,Faisalabad,Punjab,2020-06-21
C000964,59,Female,Salaried,90896.28,Mass Affluent,Rawalpindi,Punjab,2020-07-04
C000965,36,Male,Business Owner,133603.75,Mass Affluent,Islamabad,Islamabad Capital,2017-10-25
C000966,61,Male,Self-Employed,86321.59,Mass Market,Karachi,Sindh,2022-12-18
C000967,44,Male,Self-Employed,91707.94,Mass Market,Islamabad,Islamabad Capital,2019-01-27
C000968,48,Male,Salaried,450831.97,Affluent,Lahore,Punjab,2019-05-13
C000969,27,Male,Salaried,135277.87,Mass Affluent,Hyderabad,Sindh,2023-11-03
C000970,44,Male,Salaried,107729.58,Mass Market,Lahore,Punjab,2019-02-20
C000971,49,Female,Retired,42246.82,Mass Affluent,Multan,Punjab,2023-03-07
C000972,31,Female,Salaried,158662.43,Affluent,Faisalabad,Punjab,2018-03-11
C000973,21,Female,Salaried,251966.83,Affluent,Rawalpindi,Punjab,2021-05-31
C000974,41,Female,Salaried,94515.57,Mass Market,Turbat,Balochistan,2023-07-22
C000975,37,Female,Unemployed,18784.98,Mass Affluent,Gujranwala,Punjab,2022-10-21
C000976,54,Male,Business Owner,34322.41,Mass Market,Larkana,Sindh,2016-07-31
C000977,33,Male,Salaried,31204.15,Mass Market,Larkana,Sindh,2021-05-15
C000978,31,Male,Self-Employed,79360.71,Mass Market,Rawalpindi,Punjab,2016-11-26
C000979,26,Male,Salaried,74996.74,Mass Affluent,Sukkur,Sindh,2020-09-30
C000980,32,Female,Business Owner,160158.82,Mass Affluent,Lahore,Punjab,2021-09-16
C000981,68,Male,Unemployed,33725.05,Mass Market,Islamabad,Islamabad Capital,2021-10-23
C000982,22,Female,Business Owner,44769.06,Mass Market,Mardan,Khyber Pakhtunkhwa,2022-10-12
C000983,24,Male,Student,26910.04,Mass Market,Swat,Khyber Pakhtunkhwa,2017-03-22
C000984,38,Female,Self-Employed,64892.7,Mass Market,Karachi,Sindh,2016-05-04
C000985,61,Female,Salaried,97607.51,Mass Affluent,Multan,Punjab,2023-09-03
C000986,47,Male,Self-Employed,59886.73,Mass Market,Quetta,Balochistan,2020-11-20
C000987,56,Female,Business Owner,69886.95,Mass Market,Gujranwala,Punjab,2018-11-27
C000988,35,Female,Salaried,788839.53,Premium,Lahore,Punjab,2018-11-01
C000989,24,Male,Self-Employed,85574.41,Mass Market,Sialkot,Punjab,2015-05-25
C000990,34,Male,Salaried,298087.29,Affluent,Abbottabad,Khyber Pakhtunkhwa,2023-11-14
C000991,38,Female,Salaried,87225.81,Mass Affluent,Larkana,Sindh,2016-09-08
C000992,39,Female,Student,15895.5,Mass Affluent,Swat,Khyber Pakhtunkhwa,2021-04-24
C000993,37,Male,Salaried,166816.07,Mass Affluent,Peshawar,Khyber Pakhtunkhwa,2020-12-15
C000994,45,Female,Business Owner,56000.02,Mass Market,Gujranwala,Punjab,2023-08-30
C000995,31,Male,Salaried,250983.3,Affluent,Gwadar,Balochistan,2020-12-24
C000996,29,Male,Self-Employed,717201.63,Affluent,Hyderabad,Sindh,2023-05-03
C000997,26,Male,Retired,71800.66,Mass Market,Sukkur,Sindh,2019-11-17
C000998,41,Male,Business Owner,156825.03,Mass Affluent,Faisalabad,Punjab,2019-10-08
C000999,40,Male,Student,44466.82,Mass Affluent,Islamabad,Islamabad Capital,2019-07-08
C001000,51,Female,Salaried,245945.22,Affluent,Sialkot,Punjab,2023-05-12
C001001,56,Female,Salaried,121936.22,Mass Affluent,Gujranwala,Punjab,2020-09-13
C001002,26,Female,Business Owner,51510.58,Mass Market,Hyderabad,Sindh,2023-03-16
C001003,39,Male,Business Owner,280023.66,Affluent,Sialkot,Punjab,2021-06-28
C001004,37,Female,Business Owner,879680.54,Premium,Multan,Punjab,2019-12-19
C001005,22,Female,Business Owner,120568.18,Mass Affluent,Hyderabad,Sindh,2016-10-25
C001006,33,Male,Salaried,195658.26,Mass Market,Faisalabad,Punjab,2020-11-24
C001007,56,Male,Salaried,109452.88,Mass Affluent,Quetta,Balochistan,2016-11-06
C001008,32,Male,Retired,148000.62,Mass Affluent,Faisalabad,Punjab,2021-08-17
C001009,30,Male,Self-Employed,73776.19,Mass Market,Mardan,Khyber Pakhtunkhwa,2015-04-29
C001010,38,Female,Business Owner,291782.71,Affluent,Sukkur,Sindh,2018-10-16
C001011,49,Male,Self-Employed,227334.76,Mass Affluent,Larkana,Sindh,2020-06-07
C001012,36,Male,Retired,136517.87,Affluent,Karachi,Sindh,2018-04-15
C001013,40,Female,Student,38970.14,Mass Affluent,Hyderabad,Sindh,2018-05-11
C001014,21,Female,Salaried,45701.0,Mass Market,Islamabad,Islamabad Capital,2015-06-28
C001015,45,Male,Student,49311.99,Premium,Multan,Punjab,2023-06-05
C001016,41,Female,Salaried,108201.32,Mass Affluent,Multan,Punjab,2015-04-30
C001017,49,Male,Salaried,41599.63,Mass Market,Hyderabad,Sindh,2018-01-06
C001018,21,Male,Student,39426.63,Mass Market,Swat,Khyber Pakhtunkhwa,2023-01-22
C001019,36,Male,Salaried,69552.55,Mass Market,Sialkot,Punjab,2020-01-31
C001020,50,Female,Salaried,126786.41,Mass Affluent,Hyderabad,Sindh,2019-05-25
C001021,33,Male,Self-Employed,53523.45,Mass Market,Turbat,Balochistan,2018-02-10
C001022,40,Male,Unemployed,26274.19,Affluent,Peshawar,Khyber Pakhtunkhwa,2015-07-21
C001023,34,Female,Salaried,742102.14,Premium,Islamabad,Islamabad Capital,2018-03-16
C001024,35,Female,Business Owner,117464.55,Mass Affluent,Sukkur,Sindh,2019-11-03
C001025,52,Male,Self-Employed,191271.82,Mass Market,Karachi,Sindh,2018-04-07
C001026,23,Male,Salaried,191400.9,Mass Affluent,Multan,Punjab,2019-04-02
C001027,38,Male,Business Owner,151922.24,Mass Market,Islamabad,Islamabad Capital,2020-06-28
C001028,42,Male,Self-Employed,239153.77,Affluent,Faisalabad,Punjab,2018-12-29
C001029,49,Male,Business Owner,65971.99,Mass Market,Swat,Khyber Pakhtunkhwa,2018-04-19
C001030,38,Female,Business Owner,174905.75,Affluent,Sialkot,Punjab,2022-10-09
C001031,50,Male,Unemployed,14313.41,Mass Market,Hyderabad,Sindh,2016-04-30
C001032,38,Male,Business Owner,48059.51,Mass Market,Peshawar,Khyber Pakhtunkhwa,2019-10-12
C001033,40,Female,Salaried,1500000.0,Premium,Sukkur,Sindh,2016-06-26
C001034,40,Male,Business Owner,99922.32,Mass Affluent,Turbat,Balochistan,2016-03-25
C001035,46,Male,Self-Employed,256173.96,Affluent,Sialkot,Punjab,2019-09-29
C001036,45,Female,Salaried,161159.55,Affluent,Karachi,Sindh,2015-05-20
C001037,27,Male,Self-Employed,73490.74,Mass Market,Lahore,Punjab,2018-11-27
C001038,41,Female,Business Owner,42617.24,Mass Market,Lahore,Punjab,2017-08-06
C001039,45,Male,Salaried,184303.13,Mass Affluent,Hyderabad,Sindh,2022-11-08
C001040,55,Male,Salaried,141914.71,Affluent,Rawalpindi,Punjab,2016-11-18
C001041,28,Male,Self-Employed,596771.8,Premium,Lahore,Punjab,2015-05-19
C001042,45,Female,Salaried,29753.32,Mass Market,Karachi,Sindh,2015-08-08
C001043,35,Male,Student,26024.14,Mass Affluent,Hyderabad,Sindh,2017-05-20
C001044,41,Female,Salaried,53796.25,Mass Market,Karachi,Sindh,2015-02-27
C001045,27,Female,Business Owner,103534.25,Mass Affluent,Multan,Punjab,2021-03-24
C001046,39,Male,Business Owner,107495.85,Mass Affluent,Sialkot,Punjab,2015-05-12
C001047,43,Male,Salaried,404978.32,Affluent,Rawalpindi,Punjab,2021-02-26
C001048,28,Male,Self-Employed,137089.94,Mass Market,Mardan,Khyber Pakhtunkhwa,2017-03-03
C001049,55,Female,Salaried,68257.09,Mass Market,Peshawar,Khyber Pakhtunkhwa,2015-09-09
C001050,22,Male,Salaried,43272.96,Mass Market,Lahore,Punjab,2018-06-27
C001051,45,Male,Self-Employed,61478.9,Mass Market,Hyderabad,Sindh,2017-03-22
C001052,21,Male,Salaried,52442.76,Mass Market,Sialkot,Punjab,2019-08-22
C001053,36,Male,Business Owner,392587.28,Affluent,Multan,Punjab,2017-01-19
C001054,44,Male,Self-Employed,66935.66,Mass Market,Multan,Punjab,2023-05-21
C001055,47,Male,Salaried,32943.12,Mass Market,Lahore,Punjab,2023-08-19
C001056,38,Female,Salaried,197304.84,Mass Affluent,Karachi,Sindh,2018-02-09
C001057,36,Male,Student,33701.13,Mass Market,Gwadar,Balochistan,2023-04-14
C001058,45,Female,Salaried,105895.79,Mass Market,Faisalabad,Punjab,2023-10-07
C001059,49,Male,Business Owner,230106.46,Affluent,Sukkur,Sindh,2023-11-01
C001060,54,Male,Salaried,67270.02,Mass Market,Sukkur,Sindh,2017-11-15
C001061,25,Female,Retired,148200.46,Mass Market,Islamabad,Islamabad Capital,2016-04-26
C001062,37,Female,Salaried,127493.0,Mass Affluent,Sukkur,Sindh,2020-11-05
C001063,21,Female,Salaried,69769.64,Mass Market,Gujranwala,Punjab,2021-04-04
C001064,24,Male,Self-Employed,47117.45,Mass Market,Larkana,Sindh,2019-05-13
C001065,31,Female,Salaried,68335.8,Mass Market,Gujranwala,Punjab,2019-09-14
C001066,49,Female,Business Owner,63955.31,Mass Market,Islamabad,Islamabad Capital,2018-05-05
C001067,34,Female,Salaried,236004.71,Affluent,Multan,Punjab,2021-10-04
C001068,36,Female,Salaried,102041.92,Mass Market,Hyderabad,Sindh,2022-06-25
C001069,42,Male,Salaried,54885.89,Mass Market,Lahore,Punjab,2016-11-26
C001070,32,Female,Self-Employed,63106.71,Mass Market,Gujranwala,Punjab,2022-12-16
C001071,21,Male,Student,41210.99,Premium,Turbat,Balochistan,2015-04-08
C001072,31,Male,Salaried,73086.02,Mass Market,Larkana,Sindh,2021-01-06
C001073,38,Female,Student,57354.18,Affluent,Sukkur,Sindh,2016-01-08
C001074,44,Male,Business Owner,86322.02,Mass Market,Turbat,Balochistan,2016-10-10
C001075,37,Male,Salaried,170128.5,Affluent,Swat,Khyber Pakhtunkhwa,2019-07-20
C001076,44,Male,Salaried,70669.17,Mass Market,Sialkot,Punjab,2017-04-15
C001077,49,Male,Salaried,26184.38,Mass Market,Larkana,Sindh,2023-10-24
C001078,51,Female,Salaried,164278.69,Mass Affluent,Hyderabad,Sindh,2021-08-13
C001079,41,Female,Business Owner,56143.99,Mass Market,Karachi,Sindh,2015-04-26
C001080,26,Female,Self-Employed,151303.66,Mass Affluent,Faisalabad,Punjab,2017-11-02
C001081,25,Female,Salaried,103489.76,Mass Affluent,Rawalpindi,Punjab,2020-04-13
C001082,26,Male,Business Owner,90631.41,Mass Affluent,Quetta,Balochistan,2016-05-14
C001083,27,Female,Salaried,50867.97,Mass Market,Gwadar,Balochistan,2016-10-11
C001084,40,Male,Student,24416.78,Mass Affluent,Peshawar,Khyber Pakhtunkhwa,2015-04-28
C001085,60,Female,Self-Employed,74697.11,Mass Market,Islamabad,Islamabad Capital,2015-08-26
C001086,41,Female,Salaried,701493.92,Premium,Peshawar,Khyber Pakhtunkhwa,2023-08-11
C001087,38,Female,Self-Employed,91064.25,Mass Affluent,Peshawar,Khyber Pakhtunkhwa,2020-08-12
C001088,50,Female,Salaried,261347.94,Mass Affluent,Abbottabad,Khyber Pakhtunkhwa,2017-08-26
C001089,30,Male,Unemployed,10551.94,Affluent,Sukkur,Sindh,2018-05-16
C001090,50,Female,Salaried,102620.32,Mass Affluent,Larkana,Sindh,2019-09-30
C001091,50,Male,Student,58962.0,Mass Affluent,Gujranwala,Punjab,2021-09-08
C001092,40,Male,Unemployed,20196.1,Mass Market,Sukkur,Sindh,2017-08-15
C001093,62,Male,Self-Employed,121620.78,Mass Affluent,Rawalpindi,Punjab,2018-04-26
C001094,51,Male,Business Owner,53682.38,Mass Market,Rawalpindi,Punjab,2019-06-18
C001095,39,Female,Self-Employed,87234.13,Mass Market,Sukkur,Sindh,2015-11-25
C001096,37,Male,Salaried,250664.79,Mass Affluent,Rawalpindi,Punjab,2016-10-30
C001097,34,Male,Retired,91913.26,Mass Market,Lahore,Punjab,2021-08-04
C001098,38,Male,Salaried,207501.38,Mass Affluent,Swat,Khyber Pakhtunkhwa,2022-05-24
C001099,38,Male,Student,15414.86,Mass Market,Swat,Khyber Pakhtunkhwa,2020-11-16
C001100,35,Male,Self-Employed,65646.68,Mass Market,Sialkot,Punjab,2023-05-01
C001101,37,Female,Salaried,467974.44,Affluent,Multan,Punjab,2023-02-16
C001102,26,Female,Salaried,21878.78,Mass Market,Sialkot,Punjab,2020-11-21
C001103,33,Male,Salaried,177177.92,Mass Affluent,Swat,Khyber Pakhtunkhwa,2021-04-07
C001104,21,Male,Salaried,211639.28,Mass Affluent,Peshawar,Khyber Pakhtunkhwa,2017-12-28
C001105,44,Male,Business Owner,215533.26,Affluent,Faisalabad,Punjab,2015-02-12
C001106,40,Female,Salaried,35326.82,Mass Market,Peshawar,Khyber Pakhtunkhwa,2017-06-29
C001107,38,Male,Unemployed,39834.49,Mass Affluent,Rawalpindi,Punjab,2022-06-16
C001108,49,Male,Salaried,30781.56,Mass Market,Sialkot,Punjab,2021-09-16
C001109,30,Male,Salaried,70346.39,Mass Market,Islamabad,Islamabad Capital,2019-12-23
C001110,31,Male,Salaried,88510.9,Mass Market,Multan,Punjab,2020-01-10
C001111,23,Male,Salaried,69759.4,Mass Market,Sialkot,Punjab,2015-02-07
C001112,50,Female,Self-Employed,74359.02,Mass Market,Faisalabad,Punjab,2016-09-09
C001113,46,Male,Salaried,54251.85,Mass Market,Karachi,Sindh,2022-03-21
C001114,54,Female,Self-Employed,71534.4,Mass Market,Gwadar,Balochistan,2023-04-27
C001115,56,Male,Self-Employed,99316.96,Mass Affluent,Islamabad,Islamabad Capital,2021-12-07
C001116,34,Male,Salaried,48151.18,Mass Market,Rawalpindi,Punjab,2016-11-27
C001117,31,Male,Salaried,60815.94,Mass Market,Sialkot,Punjab,2023-12-29
C001118,21,Male,Salaried,33421.65,Mass Market,Mardan,Khyber Pakhtunkhwa,2019-06-28
C001119,27,Male,Salaried,74710.44,Mass Market,Lahore,Punjab,2019-05-06
C001120,35,Male,Business Owner,50645.68,Mass Affluent,Quetta,Balochistan,2018-09-30
C001121,21,Female,Salaried,321391.33,Affluent,Hyderabad,Sindh,2022-01-03
C001122,27,Female,Salaried,154647.11,Mass Affluent,Multan,Punjab,2021-05-01
C001123,38,Female,Self-Employed,96121.85,Mass Affluent,Swat,Khyber Pakhtunkhwa,2021-06-01
C001124,49,Male,Salaried,37541.14,Mass Market,Rawalpindi,Punjab,2015-01-05
C001125,31,Male,Retired,25085.01,Affluent,Multan,Punjab,2019-06-15
C001126,40,Male,Student,55488.57,Mass Market,Larkana,Sindh,2016-03-17
C001127,60,Male,Business Owner,68423.08,Mass Market,Larkana,Sindh,2016-07-25
C001128,21,Male,Self-Employed,39328.99,Mass Market,Hyderabad,Sindh,2021-07-29
C001129,51,Male,Salaried,62458.57,Mass Market,Hyderabad,Sindh,2018-12-30
C001130,43,Female,Salaried,143606.66,Mass Affluent,Islamabad,Islamabad Capital,2023-03-19
C001131,53,Male,Student,19937.8,Mass Market,Islamabad,Islamabad Capital,2016-05-28
C001132,50,Male,Salaried,41241.29,Mass Market,Karachi,Sindh,2023-07-22
C001133,32,Female,Salaried,63657.15,Mass Market,Gujranwala,Punjab,2017-09-28
C001134,39,Female,Self-Employed,885803.16,Premium,Abbottabad,Khyber Pakhtunkhwa,2020-10-12
C001135,23,Male,Business Owner,159426.01,Mass Affluent,Islamabad,Islamabad Capital,2022-11-07
C001136,33,Male,Self-Employed,327389.95,Affluent,Faisalabad,Punjab,2016-04-24
C001137,39,Male,Salaried,522700.68,Affluent,Karachi,Sindh,2017-04-12
C001138,42,Male,Retired,47934.78,Affluent,Sialkot,Punjab,2017-09-17
C001139,48,Male,Salaried,43572.19,Mass Market,Gujranwala,Punjab,2022-06-08
C001140,56,Female,Unemployed,38554.58,Mass Market,Karachi,Sindh,2023-04-15
C001141,34,Male,Salaried,64150.69,Mass Market,Lahore,Punjab,2015-04-17
C001142,52,Female,Retired,73278.8,Mass Market,Abbottabad,Khyber Pakhtunkhwa,2022-02-20
C001143,42,Male,Retired,57002.23,Mass Affluent,Peshawar,Khyber Pakhtunkhwa,2019-05-25
C001144,25,Female,Salaried,71573.9,Mass Market,Peshawar,Khyber Pakhtunkhwa,2021-04-23
C001145,37,Male,Business Owner,93632.7,Mass Market,Multan,Punjab,2021-08-31
C001146,40,Male,Salaried,72298.92,Mass Affluent,Lahore,Punjab,2020-12-18
C001147,30,Male,Salaried,62302.03,Mass Market,Mardan,Khyber Pakhtunkhwa,2022-10-15
C001148,28,Male,Salaried,58464.21,Mass Market,Swat,Khyber Pakhtunkhwa,2016-12-24
C001149,27,Female,Self-Employed,60861.25,Mass Market,Sukkur,Sindh,2015-03-24
C001150,33,Male,Salaried,137184.86,Mass Affluent,Quetta,Balochistan,2019-09-17
C001151,29,Male,Self-Employed,59282.32,Mass Market,Rawalpindi,Punjab,2022-03-01
C001152,53,Female,Unemployed,30068.32,Mass Market,Quetta,Balochistan,2016-12-01
C001153,21,Male,Student,24211.75,Mass Market,Sialkot,Punjab,2023-01-07
C001154,40,Female,Salaried,293531.32,Mass Affluent,Multan,Punjab,2016-02-11
C001155,45,Female,Self-Employed,59759.44,Mass Market,Larkana,Sindh,2016-05-19
C001156,28,Male,Salaried,51330.37,Mass Market,Lahore,Punjab,2015-06-21
C001157,36,Male,Salaried,193841.35,Affluent,Faisalabad,Punjab,2023-10-09
C001158,35,Male,Retired,60818.43,Affluent,Faisalabad,Punjab,2016-11-02
C001159,38,Female,Unemployed,9685.36,Mass Market,Larkana,Sindh,2016-06-22
C001160,46,Female,Salaried,83461.39,Mass Market,Peshawar,Khyber Pakhtunkhwa,2017-02-17
C001161,45,Female,Salaried,77559.1,Mass Market,Multan,Punjab,2022-06-15
C001162,32,Female,Salaried,100991.54,Mass Affluent,Hyderabad,Sindh,2016-09-17
C001163,22,Male,Salaried,46707.1,Mass Market,Swat,Khyber Pakhtunkhwa,2020-08-01
C001164,41,Female,Salaried,588893.85,Affluent,Rawalpindi,Punjab,2020-04-25
C001165,32,Female,Salaried,204104.53,Affluent,Sialkot,Punjab,2020-11-30
C001166,33,Male,Salaried,222697.38,Mass Affluent,Swat,Khyber Pakhtunkhwa,2017-04-11
C001167,41,Female,Salaried,69971.18,Mass Market,Abbottabad,Khyber Pakhtunkhwa,2022-02-10
C001168,34,Female,Student,37891.74,Affluent,Larkana,Sindh,2021-06-28
C001169,42,Female,Business Owner,82883.0,Mass Affluent,Abbottabad,Khyber Pakhtunkhwa,2020-10-22
C001170,67,Female,Self-Employed,100057.51,Mass Affluent,Gujranwala,Punjab,2019-08-20
C001171,47,Female,Salaried,70319.18,Mass Market,Sialkot,Punjab,2019-04-15
C001172,54,Female,Student,18212.12,Mass Affluent,Peshawar,Khyber Pakhtunkhwa,2019-02-08
C001173,45,Male,Salaried,234677.07,Mass Affluent,Faisalabad,Punjab,2022-11-12
C001174,40,Male,Student,52181.83,Affluent,Peshawar,Khyber Pakhtunkhwa,2022-10-23
C001175,45,Female,Salaried,169644.34,Mass Affluent,Sukkur,Sindh,2017-03-10
C001176,44,Female,Retired,118877.52,Mass Market,Abbottabad,Khyber Pakhtunkhwa,2020-05-11
C001177,48,Female,Salaried,111126.24,Mass Market,Karachi,Sindh,2021-08-13
C001178,40,Male,Business Owner,110068.81,Mass Affluent,Sialkot,Punjab,2017-05-18
C001179,25,Male,Salaried,291517.74,Affluent,Rawalpindi,Punjab,2016-08-26
C001180,23,Male,Business Owner,76325.31,Mass Affluent,Multan,Punjab,2015-10-21
C001181,44,Male,Self-Employed,62398.48,Mass Market,Peshawar,Khyber Pakhtunkhwa,2016-05-09
C001182,27,Female,Salaried,92531.48,Mass Market,Rawalpindi,Punjab,2019-11-06
C001183,47,Male,Business Owner,141306.84,Mass Affluent,Lahore,Punjab,2019-04-10
C001184,54,Male,Salaried,674252.07,Affluent,Multan,Punjab,2021-09-21
C001185,37,Female,Self-Employed,73100.44,Mass Market,Faisalabad,Punjab,2022-04-13
C001186,52,Female,Salaried,48861.41,Mass Market,Swat,Khyber Pakhtunkhwa,2021-01-24
C001187,42,Male,Business Owner,332945.96,Affluent,Gujranwala,Punjab,2019-01-06
C001188,39,Male,Student,25702.05,Mass Market,Islamabad,Islamabad Capital,2022-03-29
C001189,40,Female,Salaried,44288.8,Mass Market,Rawalpindi,Punjab,2023-01-12
C001190,30,Male,Business Owner,37783.82,Mass Market,Larkana,Sindh,2022-01-02
C001191,28,Female,Retired,91722.32,Mass Market,Larkana,Sindh,2020-10-20
C001192,21,Female,Business Owner,58635.82,Mass Market,Gujranwala,Punjab,2019-09-04
C001193,31,Female,Salaried,205506.18,Mass Affluent,Turbat,Balochistan,2017-08-19
C001194,63,Male,Salaried,125196.99,Mass Affluent,Islamabad,Islamabad Capital,2017-05-20
C001195,23,Female,Salaried,88816.9,Mass Affluent,Turbat,Balochistan,2023-03-16
C001196,26,Male,Salaried,235115.1,Mass Affluent,Lahore,Punjab,2022-06-02
C001197,30,Female,Salaried,19597.09,Mass Market,Rawalpindi,Punjab,2022-11-03
C001198,31,Male,Business Owner,60883.46,Mass Market,Larkana,Sindh,2018-12-15
C001199,42,Male,Self-Employed,65172.36,Mass Market,Multan,Punjab,2021-10-22
C001200,32,Female,Self-Employed,59765.9,Mass Market,Peshawar,Khyber Pakhtunkhwa,2016-04-01
C001201,37,Male,Salaried,157207.94,Mass Affluent,Karachi,Sindh,2023-02-08
C001202,30,Male,Salaried,62577.57,Mass Market,Sukkur,Sindh,2023-01-13
C001203,34,Male,Business Owner,157182.14,Mass Affluent,Abbottabad,Khyber Pakhtunkhwa,2020-07-15
C001204,38,Female,Self-Employed,47727.19,Mass Market,Peshawar,Khyber Pakhtunkhwa,2016-11-06
C001205,38,Male,Retired,97172.11,Mass Market,Faisalabad,Punjab,2022-02-03
C001206,61,Male,Self-Employed,58952.4,Mass Market,Rawalpindi,Punjab,2016-07-01
C001207,39,Male,Salaried,40620.19,Mass Market,Larkana,Sindh,2015-06-20
C001208,37,Male,Business Owner,98562.91,Mass Affluent,Larkana,Sindh,2016-09-19
C001209,21,Male,Business Owner,202127.22,Mass Affluent,Lahore,Punjab,2019-02-26
C001210,42,Male,Salaried,108460.25,Mass Market,Sialkot,Punjab,2016-11-14
C001211,21,Male,Business Owner,200690.27,Mass Affluent,Abbottabad,Khyber Pakhtunkhwa,2021-02-21
C001212,45,Female,Salaried,187043.17,Mass Affluent,Peshawar,Khyber Pakhtunkhwa,2017-06-28
C001213,41,Male,Salaried,61382.57,Mass Market,Karachi,Sindh,2021-12-30
C001214,48,Female,Salaried,88253.49,Mass Market,Faisalabad,Punjab,2020-02-04
C001215,32,Male,Self-Employed,68681.49,Mass Market,Faisalabad,Punjab,2020-08-22
C001216,39,Male,Business Owner,125761.96,Mass Market,Larkana,Sindh,2016-11-30
C001217,46,Male,Salaried,197534.09,Affluent,Rawalpindi,Punjab,2020-05-31
C001218,29,Female,Business Owner,77473.48,Mass Market,Sukkur,Sindh,2022-10-12
C001219,46,Male,Business Owner,80407.16,Mass Affluent,Karachi,Sindh,2020-01-13
C001220,45,Male,Salaried,168225.78,Mass Affluent,Multan,Punjab,2018-11-13
C001221,38,Male,Salaried,31220.79,Mass Market,Faisalabad,Punjab,2020-04-14
C001222,56,Male,Salaried,81972.86,Mass Affluent,Gujranwala,Punjab,2019-04-03
C001223,45,Male,Salaried,36853.39,Mass Market,Gwadar,Balochistan,2015-01-23
C001224,21,Male,Retired,108306.46,Mass Market,Sukkur,Sindh,2021-03-17
C001225,50,Female,Business Owner,68652.95,Mass Market,Gujranwala,Punjab,2019-06-29
C001226,32,Male,Salaried,152250.41,Mass Market,Gwadar,Balochistan,2015-07-05
C001227,48,Male,Self-Employed,57954.27,Mass Market,Larkana,Sindh,2022-11-10
C001228,42,Female,Salaried,174356.06,Mass Affluent,Karachi,Sindh,2017-11-02
C001229,21,Female,Salaried,138194.91,Mass Affluent,Turbat,Balochistan,2021-12-17
C001230,46,Female,Salaried,168901.5,Mass Affluent,Gujranwala,Punjab,2021-03-05
C001231,37,Male,Salaried,63366.59,Mass Market,Lahore,Punjab,2019-12-14
C001232,34,Male,Salaried,949187.22,Premium,Hyderabad,Sindh,2018-06-13
C001233,34,Male,Salaried,40218.56,Mass Market,Faisalabad,Punjab,2022-12-13
C001234,48,Female,Salaried,110470.64,Affluent,Karachi,Sindh,2015-11-01
C001235,29,Female,Salaried,152344.99,Mass Affluent,Sialkot,Punjab,2016-08-18
C001236,51,Male,Self-Employed,65470.85,Mass Affluent,Sialkot,Punjab,2019-06-01
C001237,22,Male,Salaried,98771.11,Mass Market,Gujranwala,Punjab,2015-02-15
C001238,42,Male,Salaried,105556.8,Mass Affluent,Lahore,Punjab,2016-12-15
C001239,47,Female,Salaried,87619.58,Mass Affluent,Faisalabad,Punjab,2016-02-04
C001240,47,Female,Unemployed,23500.07,Mass Market,Multan,Punjab,2022-12-07
C001241,41,Female,Salaried,129091.76,Mass Affluent,Abbottabad,Khyber Pakhtunkhwa,2015-05-17
C001242,37,Female,Self-Employed,55395.83,Mass Market,Gujranwala,Punjab,2016-01-27
C001243,33,Male,Salaried,79724.36,Mass Market,Sialkot,Punjab,2022-10-07
C001244,26,Female,Salaried,177223.35,Mass Affluent,Rawalpindi,Punjab,2015-09-07
C001245,31,Male,Self-Employed,431668.42,Affluent,Sialkot,Punjab,2017-06-18
C001246,28,Female,Business Owner,36154.98,Mass Market,Sialkot,Punjab,2020-01-15
C001247,27,Male,Unemployed,32143.69,Mass Market,Hyderabad,Sindh,2015-08-19
C001248,59,Male,Salaried,53674.28,Mass Market,Sialkot,Punjab,2016-10-21
C001249,21,Male,Salaried,42281.67,Mass Market,Quetta,Balochistan,2023-04-16
C001250,51,Male,Business Owner,132398.63,Mass Affluent,Turbat,Balochistan,2022-09-25
C001251,25,Female,Salaried,30146.61,Mass Market,Multan,Punjab,2020-11-01
C001252,28,Female,Self-Employed,184610.5,Mass Affluent,Sialkot,Punjab,2016-08-07
C001253,28,Female,Student,20130.7,Mass Market,Lahore,Punjab,2023-08-19
C001254,27,Female,Salaried,50043.58,Mass Market,Sukkur,Sindh,2019-04-07
C001255,49,Male,Self-Employed,56941.63,Mass Market,Sialkot,Punjab,2018-06-17
C001256,45,Male,Salaried,56299.64,Mass Market,Peshawar,Khyber Pakhtunkhwa,2021-10-06
C001257,36,Male,Salaried,92555.06,Mass Market,Peshawar,Khyber Pakhtunkhwa,2021-03-28
C001258,69,Male,Unemployed,25427.69,Mass Market,Peshawar,Khyber Pakhtunkhwa,2015-06-17
C001259,39,Male,Salaried,51888.97,Mass Market,Hyderabad,Sindh,2020-08-12
C001260,40,Male,Salaried,55260.2,Mass Market,Islamabad,Islamabad Capital,2023-12-29
C001261,31,Female,Self-Employed,86727.76,Mass Affluent,Gujranwala,Punjab,2021-02-09
C001262,30,Male,Salaried,297474.56,Affluent,Multan,Punjab,2021-11-25
C001263,33,Female,Salaried,98737.28,Mass Affluent,Faisalabad,Punjab,2021-01-25
C001264,48,Male,Salaried,35188.43,Mass Market,Islamabad,Islamabad Capital,2018-01-08
C001265,45,Male,Salaried,73281.7,Mass Market,Larkana,Sindh,2016-10-22
C001266,53,Female,Salaried,108019.21,Mass Market,Peshawar,Khyber Pakhtunkhwa,2019-03-29
C001267,31,Female,Business Owner,132414.13,Mass Affluent,Gujranwala,Punjab,2017-08-22
C001268,45,Female,Salaried,124996.53,Mass Affluent,Islamabad,Islamabad Capital,2016-05-26
C001269,42,Male,Retired,36750.78,Mass Market,Hyderabad,Sindh,2020-08-21
C001270,44,Male,Salaried,49317.71,Mass Market,Sukkur,Sindh,2018-07-17
C001271,29,Female,Salaried,93595.43,Mass Market,Islamabad,Islamabad Capital,2021-03-30
C001272,28,Male,Retired,142633.73,Mass Market,Gujranwala,Punjab,2017-10-30
C001273,45,Female,Student,31267.65,Affluent,Multan,Punjab,2016-11-28
C001274,49,Male,Salaried,94627.4,Mass Market,Sukkur,Sindh,2017-10-07
C001275,32,Female,Salaried,86211.35,Mass Market,Sialkot,Punjab,2015-01-26
C001276,46,Male,Student,41637.19,Mass Market,Faisalabad,Punjab,2021-12-07
C001277,52,Male,Salaried,21058.2,Mass Market,Lahore,Punjab,2021-03-02
C001278,35,Female,Salaried,59932.82,Mass Market,Lahore,Punjab,2022-03-18
C001279,23,Male,Self-Employed,84254.94,Mass Market,Mardan,Khyber Pakhtunkhwa,2021-01-18
C001280,25,Male,Student,35511.18,Mass Market,Karachi,Sindh,2018-04-17
C001281,32,Male,Self-Employed,64864.6,Mass Market,Multan,Punjab,2022-12-14
C001282,34,Male,Salaried,182697.04,Mass Affluent,Lahore,Punjab,2016-01-17
C001283,39,Male,Unemployed,8992.25,Mass Market,Larkana,Sindh,2020-09-07
C001284,39,Female,Salaried,94795.49,Mass Market,Larkana,Sindh,2015-05-23
C001285,36,Male,Business Owner,297750.88,Affluent,Gwadar,Balochistan,2021-09-11
C001286,46,Male,Salaried,61903.36,Mass Market,Turbat,Balochistan,2023-07-25
C001287,31,Female,Business Owner,877317.41,Premium,Sialkot,Punjab,2020-07-21
C001288,53,Male,Self-Employed,240645.9,Affluent,Multan,Punjab,2015-12-06
C001289,49,Male,Salaried,39543.15,Mass Market,Sukkur,Sindh,2015-09-23
C001290,49,Female,Self-Employed,60086.73,Mass Market,Karachi,Sindh,2020-11-17
C001291,32,Female,Student,15010.25,Affluent,Hyderabad,Sindh,2019-04-13
C001292,38,Male,Salaried,85283.61,Mass Market,Hyderabad,Sindh,2015-10-25
C001293,47,Male,Salaried,85463.24,Mass Market,Larkana,Sindh,2020-07-10
C001294,37,Female,Salaried,126652.63,Mass Affluent,Gujranwala,Punjab,2022-02-21
C001295,31,Female,Self-Employed,56217.27,Mass Market,Lahore,Punjab,2020-09-28
C001296,31,Female,Business Owner,223583.63,Affluent,Lahore,Punjab,2018-03-31
C001297,31,Male,Salaried,142948.92,Mass Affluent,Sialkot,Punjab,2023-11-15
C001298,26,Female,Salaried,150079.1,Affluent,Faisalabad,Punjab,2017-12-18
C001299,71,Female,Business Owner,131129.18,Mass Affluent,Mardan,Khyber Pakhtunkhwa,2023-12-13
C001300,21,Male,Salaried,383911.9,Mass Affluent,Sialkot,Punjab,2015-03-23
C001301,28,Female,Salaried,33881.75,Mass Market,Gujranwala,Punjab,2015-10-31
C001302,46,Male,Salaried,663380.8,Premium,Hyderabad,Sindh,2023-09-05
C001303,32,Male,Self-Employed,323230.99,Affluent,Swat,Khyber Pakhtunkhwa,2016-03-07
C001304,35,Female,Unemployed,17788.58,Affluent,Faisalabad,Punjab,2019-05-10
C001305,43,Male,Self-Employed,90036.05,Mass Affluent,Swat,Khyber Pakhtunkhwa,2021-01-08
C001306,50,Female,Salaried,158136.31,Mass Affluent,Quetta,Balochistan,2016-05-06
C001307,36,Female,Student,44396.88,Mass Market,Larkana,Sindh,2016-07-02
C001308,49,Female,Salaried,162765.07,Affluent,Karachi,Sindh,2016-02-23
C001309,21,Male,Retired,105179.33,Mass Market,Faisalabad,Punjab,2021-04-27
C001310,32,Female,Salaried,77238.51,Mass Market,Islamabad,Islamabad Capital,2021-02-17
C001311,44,Female,Retired,48493.12,Mass Market,Rawalpindi,Punjab,2021-08-17
C001312,61,Male,Student,35453.43,Mass Affluent,Turbat,Balochistan,2016-11-13
C001313,28,Female,Student,29618.94,Mass Affluent,Hyderabad,Sindh,2023-01-20
C001314,26,Male,Salaried,32129.75,Mass Market,Multan,Punjab,2019-06-17
C001315,43,Female,Student,39290.13,Mass Market,Gujranwala,Punjab,2017-05-10
C001316,40,Female,Business Owner,81313.62,Mass Market,Hyderabad,Sindh,2016-09-28
C001317,31,Female,Salaried,52876.18,Mass Market,Sukkur,Sindh,2018-08-14
C001318,26,Male,Salaried,59362.15,Mass Market,Rawalpindi,Punjab,2018-06-14
C001319,33,Female,Self-Employed,135791.37,Mass Affluent,Peshawar,Khyber Pakhtunkhwa,2022-07-04
C001320,45,Male,Retired,66835.79,Mass Market,Swat,Khyber Pakhtunkhwa,2021-11-21
C001321,35,Female,Business Owner,35955.55,Mass Market,Larkana,Sindh,2020-10-27
C001322,52,Female,Salaried,72237.08,Mass Market,Sukkur,Sindh,2015-04-02
C001323,38,Female,Self-Employed,38384.43,Mass Market,Sialkot,Punjab,2019-03-16
C001324,46,Female,Salaried,362749.38,Affluent,Peshawar,Khyber Pakhtunkhwa,2017-01-20
C001325,42,Female,Salaried,40032.44,Mass Market,Lahore,Punjab,2020-03-09
C001326,35,Male,Business Owner,36609.33,Mass Market,Turbat,Balochistan,2023-04-16
C001327,48,Female,Self-Employed,128622.25,Mass Affluent,Multan,Punjab,2023-01-22
C001328,26,Male,Business Owner,58859.46,Mass Market,Hyderabad,Sindh,2020-12-05
C001329,33,Female,Self-Employed,291259.12,Affluent,Sialkot,Punjab,2016-11-13
C001330,34,Female,Salaried,445194.86,Premium,Sialkot,Punjab,2022-12-12
C001331,43,Female,Business Owner,140415.4,Mass Affluent,Abbottabad,Khyber Pakhtunkhwa,2020-09-05
C001332,46,Male,Salaried,313452.06,Affluent,Karachi,Sindh,2015-03-21
C001333,30,Male,Unemployed,41159.33,Mass Market,Sukkur,Sindh,2015-04-21
C001334,28,Male,Retired,84052.32,Mass Market,Islamabad,Islamabad Capital,2022-11-24
C001335,40,Female,Student,32475.74,Mass Market,Islamabad,Islamabad Capital,2015-12-30
C001336,22,Male,Student,45759.66,Mass Market,Swat,Khyber Pakhtunkhwa,2022-01-11
C001337,50,Male,Self-Employed,33543.58,Mass Market,Gujranwala,Punjab,2015-03-20
C001338,37,Male,Salaried,67834.86,Mass Market,Hyderabad,Sindh,2016-02-18
C001339,26,Female,Student,49473.01,Mass Market,Quetta,Balochistan,2015-01-30
C001340,26,Male,Salaried,42779.58,Mass Market,Rawalpindi,Punjab,2018-12-25
C001341,42,Female,Student,33002.53,Mass Affluent,Multan,Punjab,2022-04-12
C001342,42,Female,Salaried,56156.45,Mass Market,Abbottabad,Khyber Pakhtunkhwa,2018-06-27
C001343,31,Female,Student,17230.09,Mass Market,Sukkur,Sindh,2017-12-05
C001344,38,Male,Self-Employed,83383.78,Mass Market,Sukkur,Sindh,2022-10-10
C001345,27,Female,Student,16084.27,Mass Affluent,Islamabad,Islamabad Capital,2020-01-12
C001346,36,Male,Salaried,88815.02,Mass Market,Hyderabad,Sindh,2020-12-17
C001347,55,Male,Self-Employed,143075.05,Mass Affluent,Rawalpindi,Punjab,2021-08-08
C001348,62,Male,Retired,65859.29,Mass Market,Multan,Punjab,2021-08-23
C001349,37,Female,Salaried,49552.3,Mass Market,Gujranwala,Punjab,2016-06-11
C001350,44,Female,Salaried,632585.67,Premium,Multan,Punjab,2023-03-23
C001351,43,Female,Salaried,49546.92,Mass Market,Mardan,Khyber Pakhtunkhwa,2020-09-24
C001352,21,Female,Self-Employed,42025.78,Mass Market,Peshawar,Khyber Pakhtunkhwa,2017-10-26
C001353,26,Male,Self-Employed,45850.29,Mass Market,Gujranwala,Punjab,2020-10-13
C001354,21,Male,Self-Employed,40410.23,Mass Market,Lahore,Punjab,2022-07-22
C001355,44,Female,Salaried,100087.08,Mass Market,Gwadar,Balochistan,2018-12-01
C001356,60,Male,Salaried,61288.27,Mass Market,Multan,Punjab,2015-07-14
C001357,51,Female,Student,47163.95,Mass Market,Hyderabad,Sindh,2023-06-15
C001358,39,Female,Business Owner,322401.81,Affluent,Larkana,Sindh,2018-12-02
C001359,38,Male,Salaried,75048.13,Mass Market,Sukkur,Sindh,2021-01-28
C001360,35,Male,Salaried,40082.29,Mass Market,Sialkot,Punjab,2021-09-30
C001361,51,Male,Salaried,257719.09,Affluent,Sukkur,Sindh,2015-04-30
C001362,41,Male,Business Owner,61680.46,Mass Market,Faisalabad,Punjab,2018-06-08
C001363,40,Male,Business Owner,219781.77,Affluent,Karachi,Sindh,2023-11-08
C001364,27,Male,Self-Employed,50285.67,Mass Market,Sialkot,Punjab,2019-12-13
C001365,46,Male,Self-Employed,152503.97,Mass Affluent,Sukkur,Sindh,2019-11-10
C001366,37,Male,Student,43374.66,Affluent,Larkana,Sindh,2023-09-19
C001367,43,Female,Salaried,36100.45,Mass Market,Rawalpindi,Punjab,2018-07-25
C001368,50,Female,Salaried,144800.36,Mass Affluent,Rawalpindi,Punjab,2019-01-31
C001369,21,Male,Salaried,160401.53,Mass Affluent,Faisalabad,Punjab,2019-06-14
C001370,36,Female,Unemployed,18646.21,Mass Affluent,Faisalabad,Punjab,2022-11-29
C001371,34,Female,Self-Employed,46127.87,Mass Market,Sialkot,Punjab,2019-10-31
C001372,33,Female,Self-Employed,70959.04,Mass Market,Islamabad,Islamabad Capital,2020-09-27
C001373,27,Female,Business Owner,22568.87,Mass Market,Rawalpindi,Punjab,2023-04-12
C001374,31,Female,Salaried,625495.26,Premium,Peshawar,Khyber Pakhtunkhwa,2016-10-01
C001375,27,Male,Salaried,111656.5,Mass Market,Islamabad,Islamabad Capital,2018-04-09
C001376,48,Female,Self-Employed,22370.16,Mass Market,Lahore,Punjab,2020-07-07
C001377,43,Female,Unemployed,8162.55,Affluent,Hyderabad,Sindh,2020-12-14
C001378,42,Male,Salaried,73790.14,Mass Market,Quetta,Balochistan,2016-10-17
C001379,21,Female,Salaried,75268.08,Mass Affluent,Karachi,Sindh,2016-01-12
C001380,60,Male,Retired,105334.07,Mass Market,Faisalabad,Punjab,2018-12-13
C001381,35,Female,Business Owner,190199.59,Mass Affluent,Hyderabad,Sindh,2018-10-25
C001382,58,Female,Self-Employed,38368.24,Mass Market,Faisalabad,Punjab,2017-11-11
C001383,47,Female,Salaried,45860.28,Mass Market,Larkana,Sindh,2023-05-11
C001384,36,Male,Salaried,131296.11,Mass Affluent,Islamabad,Islamabad Capital,2016-10-23
C001385,61,Male,Salaried,86995.75,Mass Market,Islamabad,Islamabad Capital,2021-11-12
C001386,45,Female,Salaried,48848.3,Mass Market,Sialkot,Punjab,2023-03-06
C001387,36,Male,Business Owner,59047.97,Mass Market,Sukkur,Sindh,2023-05-12
C001388,35,Female,Business Owner,100975.19,Mass Affluent,Sialkot,Punjab,2022-11-03
C001389,50,Male,Student,39091.22,Mass Market,Turbat,Balochistan,2016-02-28
C001390,33,Female,Salaried,89307.22,Mass Market,Lahore,Punjab,2021-08-23
C001391,35,Male,Salaried,62463.69,Mass Market,Gwadar,Balochistan,2019-03-13
C001392,32,Female,Business Owner,52379.23,Mass Market,Abbottabad,Khyber Pakhtunkhwa,2023-12-26
C001393,31,Female,Salaried,128391.85,Mass Affluent,Lahore,Punjab,2019-09-21
C001394,31,Female,Salaried,44261.13,Mass Market,Gujranwala,Punjab,2016-07-28
C001395,58,Male,Salaried,191889.68,Affluent,Mardan,Khyber Pakhtunkhwa,2015-11-06
C001396,50,Female,Salaried,205374.12,Mass Affluent,Gujranwala,Punjab,2021-03-09
C001397,42,Male,Salaried,521713.85,Affluent,Karachi,Sindh,2019-09-08
C001398,33,Male,Salaried,65809.23,Mass Affluent,Turbat,Balochistan,2017-12-31
C001399,33,Male,Student,49079.48,Mass Market,Hyderabad,Sindh,2018-06-01
C001400,35,Male,Salaried,866226.45,Premium,Rawalpindi,Punjab,2021-12-23
C001401,59,Female,Self-Employed,82030.74,Mass Affluent,Karachi,Sindh,2015-01-30
C001402,42,Male,Self-Employed,108664.75,Mass Affluent,Rawalpindi,Punjab,2016-07-30
C001403,47,Male,Self-Employed,48185.93,Mass Market,Islamabad,Islamabad Capital,2015-12-25
C001404,41,Male,Self-Employed,123557.22,Mass Market,Lahore,Punjab,2019-10-09
C001405,29,Male,Salaried,243584.9,Mass Affluent,Sialkot,Punjab,2019-05-25
C001406,40,Female,Salaried,42279.29,Mass Market,Rawalpindi,Punjab,2022-01-03
C001407,27,Female,Self-Employed,74665.65,Mass Affluent,Islamabad,Islamabad Capital,2015-12-23
C001408,52,Male,Unemployed,33388.14,Mass Market,Multan,Punjab,2019-05-19
C001409,31,Female,Salaried,73776.82,Mass Market,Abbottabad,Khyber Pakhtunkhwa,2018-08-05
C001410,33,Male,Salaried,96260.89,Mass Market,Karachi,Sindh,2021-11-23
C001411,48,Female,Unemployed,17135.31,Mass Market,Swat,Khyber Pakhtunkhwa,2023-11-19
C001412,31,Male,Business Owner,78987.54,Mass Market,Islamabad,Islamabad Capital,2016-10-15
C001413,37,Male,Business Owner,98441.84,Mass Affluent,Swat,Khyber Pakhtunkhwa,2018-12-15
C001414,21,Male,Self-Employed,164734.75,Mass Affluent,Islamabad,Islamabad Capital,2019-09-06
C001415,35,Male,Student,47179.17,Affluent,Multan,Punjab,2020-02-01
C001416,46,Female,Self-Employed,267673.86,Mass Affluent,Abbottabad,Khyber Pakhtunkhwa,2016-12-19
C001417,32,Male,Self-Employed,154091.11,Mass Affluent,Karachi,Sindh,2018-10-03
C001418,45,Male,Business Owner,53251.54,Mass Market,Larkana,Sindh,2021-07-17
C001419,39,Female,Salaried,136995.65,Mass Affluent,Turbat,Balochistan,2015-12-18
C001420,51,Female,Retired,85797.64,Affluent,Islamabad,Islamabad Capital,2021-08-24
C001421,31,Male,Unemployed,29266.74,Mass Affluent,Larkana,Sindh,2022-04-11
C001422,36,Male,Self-Employed,124686.62,Mass Market,Karachi,Sindh,2023-08-31
C001423,23,Female,Salaried,238661.91,Mass Affluent,Larkana,Sindh,2021-08-08
C001424,38,Female,Business Owner,56111.97,Mass Market,Lahore,Punjab,2017-04-17
C001425,34,Male,Salaried,78280.56,Mass Market,Lahore,Punjab,2018-12-31
C001426,50,Male,Self-Employed,283461.87,Mass Affluent,Multan,Punjab,2022-03-18
C001427,32,Male,Salaried,448007.6,Affluent,Multan,Punjab,2016-09-18
C001428,34,Male,Business Owner,53385.32,Mass Market,Faisalabad,Punjab,2021-08-29
C001429,32,Female,Retired,69624.15,Mass Market,Mardan,Khyber Pakhtunkhwa,2021-07-29
C001430,39,Female,Salaried,145784.06,Affluent,Hyderabad,Sindh,2015-09-04
C001431,61,Female,Business Owner,80540.31,Mass Market,Quetta,Balochistan,2017-12-18
C001432,21,Male,Student,49948.29,Mass Market,Hyderabad,Sindh,2017-11-10
C001433,38,Female,Salaried,209018.51,Mass Affluent,Sialkot,Punjab,2019-05-22
C001434,52,Male,Salaried,365470.26,Affluent,Gujranwala,Punjab,2021-09-09
C001435,33,Female,Salaried,68596.14,Mass Market,Multan,Punjab,2017-04-19
C001436,45,Male,Student,21412.21,Mass Affluent,Islamabad,Islamabad Capital,2015-07-04
C001437,52,Female,Salaried,67750.66,Mass Market,Gujranwala,Punjab,2018-10-17
C001438,36,Male,Salaried,47196.18,Mass Market,Sukkur,Sindh,2023-06-09
C001439,32,Male,Salaried,158713.81,Mass Affluent,Turbat,Balochistan,2023-03-15
C001440,49,Male,Salaried,209457.42,Affluent,Islamabad,Islamabad Capital,2018-10-18
C001441,44,Male,Salaried,73075.61,Mass Market,Lahore,Punjab,2017-09-08
C001442,38,Male,Self-Employed,99199.35,Mass Market,Lahore,Punjab,2018-05-05
C001443,46,Male,Salaried,69245.78,Mass Market,Lahore,Punjab,2018-06-27
C001444,50,Male,Business Owner,67976.28,Mass Market,Lahore,Punjab,2017-06-11
C001445,38,Female,Business Owner,84884.78,Mass Market,Multan,Punjab,2019-07-27
C001446,42,Male,Student,21817.89,Mass Market,Hyderabad,Sindh,2019-11-06
C001447,45,Female,Salaried,124806.74,Mass Affluent,Gwadar,Balochistan,2017-07-22
C001448,34,Male,Self-Employed,73136.89,Mass Market,Larkana,Sindh,2021-05-06
C001449,52,Female,Business Owner,230858.01,Mass Affluent,Hyderabad,Sindh,2023-09-19
C001450,28,Female,Self-Employed,167647.61,Mass Affluent,Multan,Punjab,2021-09-11
C001451,38,Female,Salaried,130828.36,Affluent,Mardan,Khyber Pakhtunkhwa,2015-12-10
C001452,47,Male,Salaried,476189.84,Premium,Karachi,Sindh,2018-11-24
C001453,27,Male,Self-Employed,79817.32,Mass Market,Abbottabad,Khyber Pakhtunkhwa,2016-02-08
C001454,49,Male,Salaried,51535.92,Mass Market,Islamabad,Islamabad Capital,2018-02-06
C001455,41,Female,Retired,54678.26,Mass Affluent,Rawalpindi,Punjab,2020-08-27
C001456,54,Male,Student,49898.5,Mass Market,Multan,Punjab,2023-06-11
C001457,46,Female,Business Owner,47944.85,Mass Market,Faisalabad,Punjab,2020-06-24
C001458,37,Male,Unemployed,34939.84,Mass Market,Sukkur,Sindh,2017-01-25
C001459,42,Male,Business Owner,244090.81,Affluent,Islamabad,Islamabad Capital,2017-07-24
C001460,42,Male,Salaried,51170.13,Mass Market,Sialkot,Punjab,2019-08-11
C001461,61,Male,Salaried,107561.0,Mass Market,Abbottabad,Khyber Pakhtunkhwa,2015-09-08
C001462,40,Male,Business Owner,40484.43,Mass Market,Larkana,Sindh,2016-12-21
C001463,37,Male,Salaried,172372.52,Mass Affluent,Rawalpindi,Punjab,2016-03-08
C001464,37,Male,Retired,58698.45,Mass Market,Lahore,Punjab,2023-12-16
C001465,41,Male,Salaried,382257.08,Affluent,Karachi,Sindh,2016-12-31
C001466,27,Female,Salaried,153451.94,Mass Affluent,Hyderabad,Sindh,2019-06-28
C001467,35,Male,Business Owner,56413.26,Mass Market,Karachi,Sindh,2018-08-07
C001468,28,Male,Student,18906.46,Mass Market,Faisalabad,Punjab,2021-07-14
C001469,29,Male,Student,13353.11,Mass Affluent,Abbottabad,Khyber Pakhtunkhwa,2020-01-15
C001470,48,Female,Salaried,186397.69,Mass Affluent,Rawalpindi,Punjab,2017-06-01
C001471,39,Male,Salaried,56487.83,Mass Market,Quetta,Balochistan,2020-07-29
C001472,31,Female,Self-Employed,29799.67,Mass Market,Faisalabad,Punjab,2022-06-09
C001473,37,Male,Retired,110478.07,Mass Market,Rawalpindi,Punjab,2021-04-04
C001474,36,Male,Salaried,56540.47,Mass Market,Sukkur,Sindh,2017-04-11
C001475,40,Male,Self-Employed,56818.07,Mass Market,Sukkur,Sindh,2015-06-09
C001476,22,Male,Salaried,46685.18,Mass Market,Sukkur,Sindh,2021-05-30
C001477,27,Male,Business Owner,76106.78,Mass Market,Larkana,Sindh,2019-12-02
C001478,23,Male,Salaried,370511.18,Affluent,Islamabad,Islamabad Capital,2015-08-15
C001479,29,Female,Unemployed,27938.3,Mass Affluent,Hyderabad,Sindh,2015-05-26
C001480,31,Female,Salaried,248486.3,Affluent,Karachi,Sindh,2016-03-28
C001481,28,Female,Business Owner,87205.98,Mass Affluent,Multan,Punjab,2020-11-10
C001482,47,Female,Business Owner,143192.82,Mass Affluent,Sialkot,Punjab,2017-04-12
C001483,59,Male,Salaried,101286.58,Mass Market,Hyderabad,Sindh,2017-11-13
C001484,48,Female,Salaried,219512.45,Mass Affluent,Multan,Punjab,2023-12-18
C001485,33,Male,Self-Employed,47782.9,Mass Market,Sukkur,Sindh,2020-06-20
C001486,41,Female,Self-Employed,127867.87,Mass Market,Lahore,Punjab,2015-09-22
C001487,38,Female,Business Owner,243999.08,Affluent,Islamabad,Islamabad Capital,2019-04-17
C001488,32,Female,Self-Employed,190324.88,Affluent,Karachi,Sindh,2018-01-13
C001489,54,Male,Salaried,35760.47,Mass Market,Turbat,Balochistan,2022-05-03
C001490,61,Male,Retired,112789.29,Mass Affluent,Hyderabad,Sindh,2020-01-13
C001491,23,Female,Salaried,68113.1,Mass Market,Rawalpindi,Punjab,2015-11-18
C001492,55,Male,Self-Employed,54407.84,Mass Market,Mardan,Khyber Pakhtunkhwa,2017-11-07
C001493,32,Male,Retired,113531.89,Mass Market,Sukkur,Sindh,2019-10-22
C001494,36,Male,Retired,130597.0,Mass Market,Swat,Khyber Pakhtunkhwa,2017-11-14
C001495,42,Female,Salaried,86039.79,Mass Affluent,Sialkot,Punjab,2017-10-21
C001496,56,Male,Salaried,42785.29,Mass Market,Karachi,Sindh,2023-11-25
C001497,42,Female,Self-Employed,88251.81,Mass Market,Abbottabad,Khyber Pakhtunkhwa,2015-02-11
C001498,44,Female,Salaried,1240189.57,Premium,Sukkur,Sindh,2017-11-06
C001499,48,Female,Business Owner,264091.43,Mass Affluent,Faisalabad,Punjab,2019-11-04
C001500,50,Male,Self-Employed,77900.91,Mass Market,Hyderabad,Sindh,2021-12-12
C001501,45,Male,Salaried,49763.39,Mass Market,Sukkur,Sindh,2022-01-14
C001502,50,Female,Salaried,46552.25,Mass Market,Islamabad,Islamabad Capital,2017-01-14
C001503,32,Male,Business Owner,79972.09,Mass Market,Multan,Punjab,2020-07-10
C001504,21,Male,Business Owner,118382.2,Mass Affluent,Sialkot,Punjab,2021-04-25
C001505,59,Female,Salaried,327444.28,Affluent,Peshawar,Khyber Pakhtunkhwa,2015-06-04
C001506,28,Female,Salaried,124949.67,Mass Market,Hyderabad,Sindh,2020-01-14
C001507,33,Female,Salaried,65153.07,Mass Market,Mardan,Khyber Pakhtunkhwa,2020-10-29
C001508,35,Male,Self-Employed,142583.55,Mass Market,Larkana,Sindh,2016-07-13
C001509,33,Male,Business Owner,182468.43,Affluent,Faisalabad,Punjab,2021-06-13
C001510,31,Female,Student,31966.38,Mass Market,Peshawar,Khyber Pakhtunkhwa,2018-08-25
C001511,44,Female,Unemployed,38609.14,Mass Market,Rawalpindi,Punjab,2015-08-25
C001512,44,Male,Self-Employed,430006.69,Premium,Sialkot,Punjab,2018-12-06
C001513,46,Male,Student,32916.84,Mass Affluent,Karachi,Sindh,2018-06-21
C001514,45,Male,Salaried,107345.47,Mass Market,Swat,Khyber Pakhtunkhwa,2021-08-30
C001515,34,Female,Self-Employed,138567.71,Mass Market,Gwadar,Balochistan,2017-09-08
C001516,34,Male,Self-Employed,70149.92,Mass Market,Rawalpindi,Punjab,2021-11-08
C001517,51,Male,Business Owner,303600.0,Premium,Faisalabad,Punjab,2021-09-29
C001518,33,Male,Business Owner,71923.33,Mass Market,Islamabad,Islamabad Capital,2020-08-17
C001519,33,Female,Salaried,79542.32,Mass Market,Faisalabad,Punjab,2018-04-25
C001520,49,Male,Student,45975.43,Mass Affluent,Sialkot,Punjab,2016-01-19
C001521,39,Male,Student,38454.81,Mass Market,Multan,Punjab,2016-11-14
C001522,33,Female,Retired,140178.09,Mass Market,Larkana,Sindh,2017-09-13
C001523,34,Female,Salaried,266130.1,Affluent,Quetta,Balochistan,2019-10-12
C001524,51,Male,Unemployed,21694.75,Mass Market,Peshawar,Khyber Pakhtunkhwa,2023-05-28
C001525,45,Male,Business Owner,474669.43,Affluent,Larkana,Sindh,2021-10-31
C001526,42,Male,Self-Employed,80211.35,Mass Affluent,Rawalpindi,Punjab,2022-11-23
C001527,26,Male,Salaried,49404.53,Mass Market,Rawalpindi,Punjab,2018-07-13
C001528,42,Male,Student,45111.7,Mass Affluent,Hyderabad,Sindh,2015-07-08
C001529,37,Male,Business Owner,261411.99,Mass Affluent,Gujranwala,Punjab,2023-01-24
C001530,29,Male,Self-Employed,180987.99,Mass Affluent,Multan,Punjab,2023-06-10
C001531,32,Female,Unemployed,30129.51,Mass Affluent,Rawalpindi,Punjab,2020-11-08
C001532,47,Male,Salaried,58546.5,Mass Market,Gujranwala,Punjab,2019-05-13
C001533,53,Female,Self-Employed,53873.04,Mass Market,Larkana,Sindh,2016-01-17
C001534,27,Male,Salaried,97541.47,Mass Affluent,Hyderabad,Sindh,2022-01-11
C001535,29,Male,Salaried,88954.94,Mass Market,Lahore,Punjab,2023-10-14
C001536,47,Female,Salaried,88184.53,Mass Market,Karachi,Sindh,2019-05-19
C001537,34,Female,Salaried,66469.03,Mass Market,Swat,Khyber Pakhtunkhwa,2021-07-05
C001538,45,Male,Salaried,47017.35,Mass Market,Abbottabad,Khyber Pakhtunkhwa,2015-11-04
C001539,34,Female,Salaried,102196.78,Mass Affluent,Mardan,Khyber Pakhtunkhwa,2017-02-14
C001540,45,Female,Salaried,132188.19,Mass Affluent,Hyderabad,Sindh,2020-08-08
C001541,24,Male,Business Owner,235350.95,Affluent,Swat,Khyber Pakhtunkhwa,2017-10-14
C001542,45,Female,Salaried,59867.42,Mass Market,Rawalpindi,Punjab,2015-12-01
C001543,21,Male,Salaried,74174.13,Mass Market,Lahore,Punjab,2019-03-31
C001544,49,Male,Salaried,156342.45,Affluent,Multan,Punjab,2021-07-02
C001545,39,Male,Salaried,44980.75,Mass Market,Sukkur,Sindh,2015-03-13
C001546,44,Male,Salaried,128346.18,Mass Affluent,Sialkot,Punjab,2018-03-29
C001547,42,Male,Retired,149835.33,Mass Affluent,Gujranwala,Punjab,2023-01-19
C001548,21,Male,Self-Employed,82729.09,Mass Market,Swat,Khyber Pakhtunkhwa,2015-06-08
C001549,54,Male,Salaried,59918.34,Mass Market,Gujranwala,Punjab,2015-09-22
C001550,43,Male,Self-Employed,151473.66,Mass Affluent,Lahore,Punjab,2023-04-17
C001551,47,Female,Salaried,57729.78,Mass Market,Faisalabad,Punjab,2016-07-16
C001552,30,Female,Business Owner,421632.73,Affluent,Larkana,Sindh,2019-11-30
C001553,42,Female,Unemployed,10858.69,Mass Affluent,Sialkot,Punjab,2019-10-28
C001554,25,Female,Salaried,97542.55,Mass Market,Faisalabad,Punjab,2020-05-29
C001555,41,Female,Salaried,77672.85,Mass Affluent,Sialkot,Punjab,2022-03-03
C001556,29,Male,Self-Employed,44167.63,Mass Market,Abbottabad,Khyber Pakhtunkhwa,2020-10-26
C001557,72,Male,Salaried,66598.47,Mass Market,Quetta,Balochistan,2023-06-11
C001558,46,Male,Salaried,753919.73,Premium,Larkana,Sindh,2020-10-01
C001559,54,Male,Business Owner,323650.12,Mass Affluent,Karachi,Sindh,2016-01-15
C001560,36,Male,Self-Employed,65404.48,Mass Affluent,Peshawar,Khyber Pakhtunkhwa,2020-05-21
C001561,43,Female,Salaried,276502.82,Affluent,Islamabad,Islamabad Capital,2015-02-20
C001562,49,Male,Student,40709.23,Mass Affluent,Karachi,Sindh,2018-06-08
C001563,27,Male,Salaried,65675.32,Mass Market,Quetta,Balochistan,2021-04-16
C001564,32,Female,Salaried,115929.66,Mass Market,Gwadar,Balochistan,2023-08-22
C001565,50,Female,Business Owner,83707.56,Mass Market,Swat,Khyber Pakhtunkhwa,2017-06-07
C001566,37,Female,Self-Employed,32616.53,Mass Market,Sukkur,Sindh,2016-03-10
C001567,31,Female,Self-Employed,107465.85,Mass Market,Lahore,Punjab,2018-08-25
C001568,32,Male,Business Owner,230387.44,Mass Affluent,Sialkot,Punjab,2015-01-15
C001569,26,Female,Self-Employed,66308.16,Mass Market,Hyderabad,Sindh,2017-11-18
C001570,21,Male,Student,23157.27,Mass Affluent,Hyderabad,Sindh,2023-09-03
C001571,21,Female,Self-Employed,264323.67,Affluent,Gujranwala,Punjab,2018-03-31
C001572,40,Male,Salaried,746852.93,Premium,Karachi,Sindh,2021-08-08
C001573,46,Male,Business Owner,87622.16,Mass Market,Larkana,Sindh,2016-05-14
C001574,67,Female,Salaried,142882.05,Affluent,Abbottabad,Khyber Pakhtunkhwa,2018-02-02
C001575,39,Female,Business Owner,97054.7,Mass Affluent,Rawalpindi,Punjab,2019-04-02
C001576,25,Male,Salaried,91066.57,Mass Market,Multan,Punjab,2020-05-18
C001577,39,Male,Salaried,106167.21,Mass Market,Abbottabad,Khyber Pakhtunkhwa,2019-11-11
C001578,47,Male,Business Owner,70664.62,Mass Market,Swat,Khyber Pakhtunkhwa,2023-01-04
C001579,50,Female,Self-Employed,201133.55,Mass Affluent,Islamabad,Islamabad Capital,2023-09-11
C001580,49,Female,Salaried,154553.66,Mass Affluent,Gwadar,Balochistan,2023-03-16
C001581,45,Male,Salaried,86514.91,Mass Market,Turbat,Balochistan,2021-09-30
C001582,40,Female,Business Owner,137370.4,Mass Affluent,Faisalabad,Punjab,2019-10-24
C001583,47,Male,Unemployed,40714.88,Mass Market,Gujranwala,Punjab,2021-02-13
C001584,26,Female,Salaried,37715.41,Mass Market,Gujranwala,Punjab,2023-06-12
C001585,21,Female,Salaried,368411.96,Affluent,Larkana,Sindh,2020-12-12
C001586,62,Female,Salaried,388330.81,Premium,Turbat,Balochistan,2021-10-26
C001587,38,Male,Salaried,170975.55,Mass Affluent,Faisalabad,Punjab,2020-09-18
C001588,45,Female,Salaried,50781.44,Mass Market,Sukkur,Sindh,2019-12-03
C001589,21,Female,Student,50135.95,Mass Market,Rawalpindi,Punjab,2018-09-24
C001590,56,Male,Self-Employed,41774.32,Mass Market,Sialkot,Punjab,2018-06-06
C001591,52,Female,Salaried,49549.56,Mass Market,Gujranwala,Punjab,2018-06-21
C001592,22,Female,Salaried,69004.62,Mass Market,Faisalabad,Punjab,2023-06-05
C001593,36,Female,Salaried,372946.74,Affluent,Islamabad,Islamabad Capital,2016-05-01
C001594,42,Female,Self-Employed,196994.36,Mass Affluent,Sialkot,Punjab,2016-10-01
C001595,25,Female,Salaried,38757.2,Mass Market,Swat,Khyber Pakhtunkhwa,2018-10-13
C001596,44,Male,Salaried,33916.92,Mass Market,Karachi,Sindh,2019-11-24
C001597,51,Male,Self-Employed,41418.52,Mass Market,Sialkot,Punjab,2016-03-07
C001598,43,Male,Salaried,40021.37,Mass Market,Rawalpindi,Punjab,2016-03-12
C001599,22,Female,Self-Employed,235787.14,Mass Affluent,Peshawar,Khyber Pakhtunkhwa,2017-12-08
C001600,28,Male,Student,43768.29,Mass Market,Faisalabad,Punjab,2016-03-14
C001601,38,Male,Salaried,191727.53,Affluent,Gwadar,Balochistan,2022-03-22
C001602,36,Male,Salaried,114922.96,Mass Market,Lahore,Punjab,2015-07-16
C001603,36,Female,Student,35056.73,Mass Market,Sukkur,Sindh,2022-07-10
C001604,36,Female,Salaried,336467.84,Premium,Abbottabad,Khyber Pakhtunkhwa,2017-10-15
C001605,21,Male,Salaried,40563.0,Mass Market,Gujranwala,Punjab,2020-10-15
C001606,48,Male,Business Owner,31938.94,Mass Market,Faisalabad,Punjab,2022-03-10
C001607,46,Female,Self-Employed,125792.46,Mass Affluent,Islamabad,Islamabad Capital,2018-04-11
C001608,45,Male,Retired,110161.46,Mass Market,Gujranwala,Punjab,2016-08-28
C001609,44,Female,Salaried,60355.36,Mass Market,Lahore,Punjab,2021-11-22
C001610,36,Female,Salaried,27776.44,Mass Market,Larkana,Sindh,2022-06-28
C001611,32,Female,Salaried,34882.8,Mass Market,Gujranwala,Punjab,2019-08-19
C001612,28,Male,Salaried,143508.36,Mass Affluent,Peshawar,Khyber Pakhtunkhwa,2023-12-10
C001613,56,Female,Self-Employed,76004.24,Mass Market,Peshawar,Khyber Pakhtunkhwa,2021-09-06
C001614,39,Female,Salaried,60340.66,Mass Affluent,Sialkot,Punjab,2019-09-23
C001615,21,Male,Salaried,172079.99,Affluent,Mardan,Khyber Pakhtunkhwa,2022-01-27
C001616,39,Female,Salaried,88487.52,Mass Market,Multan,Punjab,2022-02-01
C001617,21,Female,Salaried,37678.53,Mass Market,Faisalabad,Punjab,2021-03-18
C001618,42,Male,Salaried,59665.79,Mass Market,Hyderabad,Sindh,2021-01-04
C001619,41,Male,Self-Employed,36339.96,Mass Market,Islamabad,Islamabad Capital,2022-07-18
C001620,33,Male,Salaried,82294.78,Mass Market,Rawalpindi,Punjab,2019-02-19
C001621,29,Male,Business Owner,60405.56,Mass Affluent,Lahore,Punjab,2019-10-15
C001622,45,Male,Salaried,53444.84,Mass Market,Sukkur,Sindh,2017-07-25
C001623,38,Male,Salaried,85769.29,Mass Market,Mardan,Khyber Pakhtunkhwa,2018-02-20
C001624,21,Female,Retired,94292.2,Mass Affluent,Lahore,Punjab,2021-01-15
C001625,52,Female,Retired,60912.38,Affluent,Lahore,Punjab,2022-06-09
C001626,29,Female,Salaried,46009.38,Mass Market,Peshawar,Khyber Pakhtunkhwa,2017-01-27
C001627,25,Female,Salaried,54918.15,Mass Market,Faisalabad,Punjab,2023-11-19
C001628,54,Female,Student,51332.26,Premium,Gujranwala,Punjab,2018-04-26
C001629,51,Male,Self-Employed,57762.61,Mass Market,Gujranwala,Punjab,2021-02-27
C001630,34,Male,Salaried,125969.72,Mass Affluent,Sialkot,Punjab,2016-05-23
C001631,25,Female,Salaried,110909.41,Mass Affluent,Larkana,Sindh,2021-11-23
C001632,29,Female,Salaried,87748.67,Mass Market,Swat,Khyber Pakhtunkhwa,2020-03-13
C001633,34,Male,Business Owner,39947.29,Mass Market,Hyderabad,Sindh,2020-07-20
C001634,52,Female,Self-Employed,31395.9,Mass Market,Hyderabad,Sindh,2016-06-25
C001635,53,Female,Salaried,49142.45,Mass Market,Islamabad,Islamabad Capital,2020-01-27
C001636,41,Female,Salaried,62894.81,Mass Market,Multan,Punjab,2022-03-20
C001637,46,Female,Salaried,124833.11,Mass Affluent,Rawalpindi,Punjab,2017-05-29
C001638,37,Female,Business Owner,122743.02,Mass Affluent,Turbat,Balochistan,2019-04-12
C001639,29,Female,Student,36603.65,Affluent,Lahore,Punjab,2019-12-14
C001640,22,Male,Self-Employed,430258.61,Premium,Abbottabad,Khyber Pakhtunkhwa,2021-06-02
C001641,43,Female,Business Owner,107981.82,Mass Affluent,Swat,Khyber Pakhtunkhwa,2021-04-04
C001642,49,Female,Salaried,48366.6,Mass Market,Lahore,Punjab,2019-02-01
C001643,33,Male,Self-Employed,91068.97,Mass Market,Larkana,Sindh,2019-03-08
C001644,52,Female,Salaried,143713.61,Mass Affluent,Lahore,Punjab,2021-12-19
C001645,35,Male,Salaried,106182.61,Mass Affluent,Rawalpindi,Punjab,2015-02-15
C001646,40,Female,Salaried,90962.7,Mass Market,Hyderabad,Sindh,2022-12-18
C001647,37,Female,Student,24341.72,Mass Affluent,Gujranwala,Punjab,2018-05-30
C001648,53,Male,Salaried,35818.98,Mass Market,Abbottabad,Khyber Pakhtunkhwa,2019-03-19
C001649,44,Female,Salaried,18000.0,Mass Market,Gwadar,Balochistan,2016-04-08
C001650,38,Male,Student,43888.83,Affluent,Abbottabad,Khyber Pakhtunkhwa,2018-04-28
C001651,40,Female,Business Owner,75220.19,Mass Market,Faisalabad,Punjab,2019-04-04
C001652,26,Female,Salaried,182417.64,Mass Affluent,Faisalabad,Punjab,2021-06-21
C001653,21,Male,Salaried,69175.5,Mass Affluent,Rawalpindi,Punjab,2022-07-21
C001654,33,Female,Student,12894.81,Mass Affluent,Gujranwala,Punjab,2023-09-08
C001655,37,Male,Salaried,75961.43,Mass Market,Islamabad,Islamabad Capital,2023-03-28
C001656,45,Male,Salaried,220886.79,Mass Affluent,Faisalabad,Punjab,2016-08-01
C001657,37,Female,Salaried,86098.7,Mass Market,Rawalpindi,Punjab,2019-03-24
C001658,34,Male,Salaried,217293.68,Mass Affluent,Abbottabad,Khyber Pakhtunkhwa,2021-09-18
C001659,21,Male,Self-Employed,72234.92,Mass Market,Faisalabad,Punjab,2021-05-27
C001660,45,Female,Student,46564.29,Premium,Faisalabad,Punjab,2015-01-12
C001661,41,Male,Salaried,114361.71,Mass Affluent,Gujranwala,Punjab,2022-09-05
C001662,48,Male,Unemployed,25402.39,Mass Market,Hyderabad,Sindh,2023-10-30
C001663,39,Female,Self-Employed,36162.77,Mass Market,Mardan,Khyber Pakhtunkhwa,2023-10-07
C001664,52,Male,Self-Employed,56920.02,Mass Market,Faisalabad,Punjab,2022-03-03
C001665,33,Male,Salaried,159603.11,Mass Affluent,Turbat,Balochistan,2020-11-05
C001666,39,Male,Salaried,221995.27,Mass Affluent,Mardan,Khyber Pakhtunkhwa,2023-07-06
C001667,42,Male,Self-Employed,108409.74,Mass Affluent,Abbottabad,Khyber Pakhtunkhwa,2015-03-02
C001668,46,Female,Business Owner,404273.0,Affluent,Rawalpindi,Punjab,2015-12-18
C001669,44,Male,Salaried,55668.62,Mass Market,Faisalabad,Punjab,2020-12-20
C001670,44,Female,Salaried,189164.47,Mass Affluent,Abbottabad,Khyber Pakhtunkhwa,2015-06-18
C001671,42,Male,Salaried,44248.91,Mass Market,Gujranwala,Punjab,2017-11-13
C001672,37,Male,Salaried,171297.81,Mass Affluent,Karachi,Sindh,2018-12-06
C001673,49,Female,Salaried,57865.2,Mass Market,Swat,Khyber Pakhtunkhwa,2022-04-18
C001674,21,Male,Salaried,82863.61,Mass Affluent,Sialkot,Punjab,2015-07-14
C001675,32,Female,Salaried,56604.67,Mass Market,Mardan,Khyber Pakhtunkhwa,2022-08-15
C001676,57,Male,Student,42447.08,Mass Market,Gwadar,Balochistan,2015-06-28
C001677,32,Female,Business Owner,40733.33,Mass Market,Abbottabad,Khyber Pakhtunkhwa,2021-11-29
C001678,38,Male,Salaried,159293.59,Affluent,Sukkur,Sindh,2022-03-03
C001679,54,Male,Salaried,69816.25,Mass Market,Quetta,Balochistan,2015-07-22
C001680,38,Female,Salaried,31714.73,Mass Market,Karachi,Sindh,2023-04-30
C001681,30,Male,Salaried,108681.27,Mass Market,Mardan,Khyber Pakhtunkhwa,2015-11-17
C001682,52,Female,Student,19546.45,Mass Market,Peshawar,Khyber Pakhtunkhwa,2019-02-11
C001683,36,Female,Salaried,415439.14,Affluent,Swat,Khyber Pakhtunkhwa,2018-04-19
C001684,37,Female,Student,46476.1,Premium,Multan,Punjab,2018-08-09
C001685,21,Male,Salaried,527084.58,Affluent,Multan,Punjab,2019-07-07
C001686,38,Female,Unemployed,34761.22,Affluent,Sialkot,Punjab,2022-01-29
C001687,47,Male,Business Owner,49004.46,Mass Market,Hyderabad,Sindh,2015-12-07
C001688,34,Male,Business Owner,103658.54,Mass Market,Larkana,Sindh,2015-04-13
C001689,25,Male,Retired,117698.82,Mass Affluent,Karachi,Sindh,2020-10-06
C001690,34,Male,Salaried,120622.03,Mass Affluent,Multan,Punjab,2015-03-12
C001691,32,Male,Salaried,30350.96,Mass Market,Peshawar,Khyber Pakhtunkhwa,2020-06-21
C001692,36,Female,Salaried,137412.24,Mass Affluent,Quetta,Balochistan,2016-01-25
C001693,33,Male,Business Owner,53647.31,Mass Market,Multan,Punjab,2017-08-28
C001694,57,Male,Student,34425.59,Mass Market,Mardan,Khyber Pakhtunkhwa,2019-11-17
C001695,42,Male,Salaried,56339.51,Mass Market,Hyderabad,Sindh,2017-09-24
C001696,21,Male,Business Owner,224654.22,Affluent,Karachi,Sindh,2019-07-15
C001697,40,Female,Salaried,132075.09,Mass Affluent,Rawalpindi,Punjab,2023-11-10
C001698,39,Male,Salaried,211725.52,Mass Affluent,Abbottabad,Khyber Pakhtunkhwa,2018-10-25
C001699,52,Female,Self-Employed,86836.79,Mass Affluent,Islamabad,Islamabad Capital,2017-09-13
C001700,37,Female,Salaried,180421.34,Mass Affluent,Peshawar,Khyber Pakhtunkhwa,2016-07-07
C001701,37,Male,Salaried,65113.81,Mass Market,Turbat,Balochistan,2023-02-24
C001702,59,Female,Business Owner,149860.15,Mass Affluent,Islamabad,Islamabad Capital,2023-09-06
C001703,27,Female,Self-Employed,59303.91,Mass Market,Sialkot,Punjab,2016-11-02
C001704,48,Female,Self-Employed,45683.29,Mass Market,Hyderabad,Sindh,2016-02-28
C001705,40,Male,Salaried,71050.63,Mass Market,Hyderabad,Sindh,2016-08-12
C001706,33,Male,Salaried,73076.26,Mass Market,Islamabad,Islamabad Capital,2021-08-25
C001707,32,Female,Business Owner,95904.81,Mass Affluent,Rawalpindi,Punjab,2022-09-27
C001708,54,Male,Student,42744.31,Mass Market,Rawalpindi,Punjab,2015-03-26
C001709,44,Male,Salaried,61976.89,Mass Market,Quetta,Balochistan,2020-06-17
C001710,46,Male,Business Owner,173179.46,Mass Affluent,Faisalabad,Punjab,2019-10-04
C001711,49,Male,Business Owner,190465.04,Mass Affluent,Swat,Khyber Pakhtunkhwa,2021-11-21
C001712,43,Male,Business Owner,94784.64,Mass Market,Multan,Punjab,2021-08-30
C001713,27,Male,Self-Employed,69094.36,Mass Market,Islamabad,Islamabad Capital,2020-03-06
C001714,22,Female,Salaried,54289.11,Mass Market,Quetta,Balochistan,2018-10-27
C001715,56,Male,Business Owner,279770.86,Affluent,Faisalabad,Punjab,2023-10-03
C001716,41,Male,Salaried,174579.88,Affluent,Abbottabad,Khyber Pakhtunkhwa,2017-08-01
C001717,40,Female,Salaried,46290.62,Mass Market,Multan,Punjab,2015-04-06
C001718,59,Female,Salaried,127396.1,Mass Affluent,Sukkur,Sindh,2022-01-30
C001719,27,Male,Salaried,117473.37,Mass Affluent,Sukkur,Sindh,2016-05-08
C001720,21,Male,Self-Employed,647238.71,Premium,Peshawar,Khyber Pakhtunkhwa,2022-02-03
C001721,21,Female,Student,38364.25,Mass Market,Faisalabad,Punjab,2015-12-31
C001722,33,Female,Salaried,83929.41,Mass Affluent,Faisalabad,Punjab,2023-07-11
C001723,40,Female,Salaried,174558.52,Mass Affluent,Swat,Khyber Pakhtunkhwa,2021-01-14
C001724,54,Male,Unemployed,16623.95,Mass Market,Larkana,Sindh,2023-08-20
C001725,48,Female,Salaried,46404.45,Mass Market,Karachi,Sindh,2017-10-28
C001726,21,Male,Salaried,62206.42,Mass Market,Lahore,Punjab,2018-09-17
C001727,70,Female,Student,13105.1,Mass Market,Multan,Punjab,2022-01-28
C001728,34,Male,Retired,76697.1,Mass Affluent,Abbottabad,Khyber Pakhtunkhwa,2022-09-13
C001729,53,Male,Business Owner,80635.5,Mass Affluent,Gujranwala,Punjab,2016-02-12
C001730,45,Female,Salaried,60034.76,Mass Market,Faisalabad,Punjab,2019-05-01
C001731,39,Female,Self-Employed,210677.24,Affluent,Islamabad,Islamabad Capital,2017-01-26
C001732,36,Female,Student,51116.02,Mass Market,Rawalpindi,Punjab,2018-02-08
C001733,27,Male,Student,27467.4,Premium,Peshawar,Khyber Pakhtunkhwa,2015-08-05
C001734,25,Female,Salaried,59463.15,Mass Market,Faisalabad,Punjab,2019-10-09
C001735,37,Female,Student,47952.09,Affluent,Swat,Khyber Pakhtunkhwa,2023-12-08
C001736,24,Male,Self-Employed,215629.13,Affluent,Mardan,Khyber Pakhtunkhwa,2022-04-11
C001737,57,Female,Salaried,214948.15,Affluent,Quetta,Balochistan,2021-06-15
C001738,40,Male,Salaried,115294.78,Mass Affluent,Rawalpindi,Punjab,2015-01-15
C001739,62,Female,Salaried,105053.73,Mass Market,Sukkur,Sindh,2015-12-25
C001740,34,Male,Retired,104958.19,Mass Affluent,Mardan,Khyber Pakhtunkhwa,2021-01-04
C001741,33,Male,Salaried,207790.72,Mass Affluent,Sialkot,Punjab,2020-10-26
C001742,45,Male,Business Owner,56099.01,Mass Market,Gujranwala,Punjab,2016-01-13
C001743,36,Male,Salaried,982218.43,Premium,Sialkot,Punjab,2018-12-15
C001744,50,Male,Business Owner,70046.08,Mass Market,Islamabad,Islamabad Capital,2023-07-24
C001745,55,Male,Salaried,74075.13,Mass Market,Swat,Khyber Pakhtunkhwa,2023-03-30
C001746,51,Female,Retired,69158.0,Affluent,Larkana,Sindh,2021-01-22
C001747,54,Male,Self-Employed,32863.69,Mass Market,Peshawar,Khyber Pakhtunkhwa,2016-03-16
C001748,48,Male,Business Owner,90109.1,Mass Market,Hyderabad,Sindh,2017-03-14
C001749,33,Male,Self-Employed,89684.48,Mass Market,Hyderabad,Sindh,2015-04-02
C001750,52,Male,Self-Employed,326257.66,Mass Affluent,Karachi,Sindh,2016-03-30
C001751,47,Male,Retired,25071.95,Affluent,Sukkur,Sindh,2016-05-21
C001752,32,Female,Salaried,72164.51,Mass Market,Lahore,Punjab,2023-02-28
C001753,34,Male,Student,32688.3,Mass Affluent,Turbat,Balochistan,2023-06-08
C001754,38,Female,Salaried,98111.64,Mass Affluent,Abbottabad,Khyber Pakhtunkhwa,2022-02-07
C001755,51,Female,Self-Employed,107412.97,Mass Affluent,Faisalabad,Punjab,2023-05-12
C001756,40,Female,Retired,74106.28,Mass Affluent,Karachi,Sindh,2020-01-28
C001757,39,Male,Student,18659.65,Affluent,Rawalpindi,Punjab,2015-08-14
C001758,37,Female,Salaried,60772.29,Mass Market,Islamabad,Islamabad Capital,2022-02-11
C001759,35,Male,Salaried,82312.05,Mass Market,Gwadar,Balochistan,2019-09-16
C001760,26,Male,Business Owner,199569.85,Mass Affluent,Turbat,Balochistan,2016-02-29
C001761,48,Female,Salaried,78063.96,Mass Market,Lahore,Punjab,2021-02-27
C001762,28,Male,Retired,127340.96,Mass Market,Lahore,Punjab,2017-04-19
C001763,40,Male,Salaried,56856.11,Mass Market,Rawalpindi,Punjab,2015-01-15
C001764,35,Female,Salaried,48334.73,Mass Market,Multan,Punjab,2016-01-07
C001765,47,Male,Business Owner,343646.66,Affluent,Multan,Punjab,2015-02-23
C001766,35,Male,Salaried,40245.54,Mass Market,Multan,Punjab,2019-01-31
C001767,28,Female,Salaried,136020.19,Mass Affluent,Islamabad,Islamabad Capital,2015-08-07
C001768,50,Male,Salaried,86381.81,Mass Affluent,Multan,Punjab,2020-02-06
C001769,30,Female,Unemployed,43352.86,Mass Market,Rawalpindi,Punjab,2021-05-03
C001770,41,Male,Self-Employed,40202.72,Mass Market,Mardan,Khyber Pakhtunkhwa,2021-07-29
C001771,53,Female,Unemployed,12485.99,Mass Market,Hyderabad,Sindh,2023-06-17
C001772,31,Male,Salaried,46408.49,Mass Market,Mardan,Khyber Pakhtunkhwa,2023-08-24
C001773,38,Male,Salaried,44329.59,Mass Market,Sukkur,Sindh,2015-08-13
C001774,34,Male,Salaried,125755.4,Mass Affluent,Turbat,Balochistan,2018-02-08
C001775,40,Female,Salaried,23886.18,Mass Market,Larkana,Sindh,2016-04-17
C001776,38,Male,Salaried,30247.17,Mass Market,Larkana,Sindh,2017-09-20
C001777,49,Male,Salaried,81430.95,Mass Market,Swat,Khyber Pakhtunkhwa,2019-03-16
C001778,32,Male,Salaried,63458.52,Mass Market,Hyderabad,Sindh,2022-10-08
C001779,53,Male,Business Owner,45579.83,Mass Market,Faisalabad,Punjab,2018-12-25
C001780,57,Female,Salaried,405399.45,Affluent,Hyderabad,Sindh,2017-03-24
C001781,42,Female,Self-Employed,47061.59,Mass Market,Faisalabad,Punjab,2016-11-28
C001782,30,Male,Salaried,104297.88,Mass Affluent,Peshawar,Khyber Pakhtunkhwa,2021-10-13
C001783,39,Male,Self-Employed,96529.44,Mass Affluent,Faisalabad,Punjab,2016-10-20
C001784,38,Female,Business Owner,268284.93,Mass Affluent,Sialkot,Punjab,2021-06-21
C001785,58,Female,Business Owner,142148.62,Mass Affluent,Rawalpindi,Punjab,2016-04-03
C001786,38,Male,Student,23085.18,Mass Market,Swat,Khyber Pakhtunkhwa,2023-11-18
C001787,54,Female,Salaried,155208.1,Mass Affluent,Lahore,Punjab,2017-04-03
C001788,40,Male,Salaried,29675.3,Mass Market,Karachi,Sindh,2023-11-25
C001789,40,Male,Student,42359.85,Mass Affluent,Swat,Khyber Pakhtunkhwa,2022-07-27
C001790,35,Female,Retired,143857.75,Mass Market,Gujranwala,Punjab,2019-11-12
C001791,36,Male,Self-Employed,129797.2,Mass Affluent,Abbottabad,Khyber Pakhtunkhwa,2019-02-12
C001792,49,Male,Salaried,300543.82,Mass Affluent,Rawalpindi,Punjab,2017-07-17
C001793,31,Female,Business Owner,106076.62,Mass Affluent,Lahore,Punjab,2023-04-04
C001794,50,Female,Unemployed,42557.97,Mass Market,Karachi,Sindh,2023-06-18
C001795,55,Female,Salaried,176587.43,Mass Affluent,Quetta,Balochistan,2022-07-28
C001796,32,Female,Salaried,137250.32,Mass Affluent,Multan,Punjab,2022-07-24
C001797,52,Female,Student,56704.52,Mass Market,Larkana,Sindh,2019-10-04
C001798,51,Male,Business Owner,53735.21,Mass Market,Rawalpindi,Punjab,2019-09-18
C001799,49,Male,Salaried,28347.55,Mass Market,Karachi,Sindh,2022-06-01
C001800,32,Male,Salaried,68513.74,Mass Market,Larkana,Sindh,2019-12-24
C001801,38,Female,Self-Employed,152984.6,Mass Affluent,Sukkur,Sindh,2016-06-24
C001802,38,Male,Business Owner,74955.15,Mass Market,Hyderabad,Sindh,2015-04-10
C001803,62,Female,Business Owner,133154.63,Mass Affluent,Multan,Punjab,2020-10-06
C001804,39,Male,Salaried,187970.84,Mass Affluent,Sukkur,Sindh,2023-05-03
C001805,37,Male,Salaried,93546.46,Mass Affluent,Sukkur,Sindh,2023-06-18
C001806,26,Male,Business Owner,227129.82,Mass Affluent,Karachi,Sindh,2018-04-01
C001807,28,Male,Salaried,89311.18,Mass Affluent,Faisalabad,Punjab,2020-07-28
C001808,31,Male,Salaried,57590.96,Mass Market,Sukkur,Sindh,2020-06-17
C001809,43,Male,Self-Employed,77717.2,Mass Market,Gujranwala,Punjab,2019-06-01
C001810,23,Female,Salaried,230236.59,Affluent,Gujranwala,Punjab,2020-05-27
C001811,32,Male,Business Owner,830787.12,Premium,Rawalpindi,Punjab,2020-11-24
C001812,21,Male,Salaried,52672.11,Mass Market,Hyderabad,Sindh,2015-12-19
C001813,54,Male,Business Owner,292855.75,Affluent,Abbottabad,Khyber Pakhtunkhwa,2016-03-25
C001814,40,Male,Self-Employed,583429.02,Premium,Lahore,Punjab,2017-03-04
C001815,42,Female,Self-Employed,48190.14,Mass Market,Swat,Khyber Pakhtunkhwa,2017-08-25
C001816,27,Female,Student,33126.96,Mass Affluent,Sukkur,Sindh,2021-01-24
C001817,52,Male,Salaried,94483.99,Mass Affluent,Mardan,Khyber Pakhtunkhwa,2017-04-08
C001818,56,Male,Business Owner,25169.22,Mass Market,Larkana,Sindh,2021-07-30
C001819,40,Male,Salaried,44210.52,Mass Market,Hyderabad,Sindh,2016-01-24
C001820,34,Female,Unemployed,44478.4,Mass Market,Sukkur,Sindh,2020-01-24
C001821,45,Male,Salaried,112655.02,Mass Affluent,Turbat,Balochistan,2021-05-15
C001822,47,Female,Self-Employed,88358.58,Mass Market,Sukkur,Sindh,2021-12-27
C001823,49,Male,Salaried,188814.36,Mass Affluent,Sukkur,Sindh,2020-09-14
C001824,46,Female,Salaried,115185.73,Mass Affluent,Karachi,Sindh,2021-11-30
C001825,50,Male,Salaried,68599.68,Mass Affluent,Swat,Khyber Pakhtunkhwa,2022-11-07
C001826,31,Male,Salaried,36846.03,Mass Market,Gujranwala,Punjab,2020-02-13
C001827,49,Male,Salaried,59270.26,Mass Market,Larkana,Sindh,2021-04-12
C001828,34,Female,Salaried,33109.85,Mass Market,Karachi,Sindh,2016-11-06
C001829,21,Female,Business Owner,52174.04,Mass Market,Gwadar,Balochistan,2022-04-21
C001830,34,Female,Salaried,102970.2,Mass Market,Hyderabad,Sindh,2016-12-13
C001831,33,Male,Salaried,68348.61,Mass Market,Karachi,Sindh,2016-04-02
C001832,42,Female,Retired,70582.91,Mass Market,Islamabad,Islamabad Capital,2016-02-03
C001833,48,Male,Self-Employed,87535.19,Mass Affluent,Larkana,Sindh,2015-08-04
C001834,41,Female,Salaried,64290.05,Mass Market,Faisalabad,Punjab,2022-06-08
C001835,61,Female,Salaried,54385.93,Mass Market,Sialkot,Punjab,2018-05-02
C001836,33,Male,Salaried,306577.8,Affluent,Faisalabad,Punjab,2016-07-07
C001837,21,Female,Self-Employed,171371.14,Mass Affluent,Gujranwala,Punjab,2016-03-06
C001838,42,Female,Student,16161.57,Affluent,Sukkur,Sindh,2020-01-07
C001839,33,Female,Self-Employed,136525.7,Mass Affluent,Mardan,Khyber Pakhtunkhwa,2021-11-27
C001840,27,Male,Unemployed,34064.25,Mass Market,Mardan,Khyber Pakhtunkhwa,2015-08-27
C001841,36,Female,Business Owner,230496.79,Affluent,Multan,Punjab,2018-11-24
C001842,30,Male,Unemployed,28578.82,Affluent,Karachi,Sindh,2018-11-07
C001843,31,Male,Self-Employed,92798.22,Mass Affluent,Multan,Punjab,2023-06-11
C001844,56,Male,Business Owner,120144.66,Mass Affluent,Islamabad,Islamabad Capital,2015-01-23
C001845,40,Male,Business Owner,95991.47,Mass Market,Multan,Punjab,2015-10-17
C001846,36,Male,Business Owner,49964.5,Mass Market,Larkana,Sindh,2017-03-04
C001847,57,Female,Salaried,78103.58,Mass Affluent,Faisalabad,Punjab,2023-07-07
C001848,36,Male,Salaried,51329.18,Mass Market,Hyderabad,Sindh,2015-03-31
C001849,25,Male,Salaried,101819.7,Mass Market,Multan,Punjab,2021-07-18
C001850,24,Female,Salaried,25316.71,Mass Market,Mardan,Khyber Pakhtunkhwa,2019-02-16
C001851,38,Male,Retired,124930.81,Mass Market,Lahore,Punjab,2022-03-25
C001852,21,Female,Business Owner,47154.21,Mass Market,Turbat,Balochistan,2017-01-24
C001853,26,Female,Salaried,56297.13,Mass Market,Larkana,Sindh,2019-06-07
C001854,35,Male,Salaried,245265.89,Affluent,Mardan,Khyber Pakhtunkhwa,2019-05-09
C001855,51,Male,Salaried,86429.43,Mass Market,Mardan,Khyber Pakhtunkhwa,2018-04-11
C001856,53,Male,Student,41813.18,Mass Market,Islamabad,Islamabad Capital,2018-01-08
C001857,46,Female,Retired,127580.86,Mass Market,Gujranwala,Punjab,2021-07-08
C001858,39,Male,Salaried,211770.77,Mass Affluent,Faisalabad,Punjab,2016-05-11
C001859,33,Male,Salaried,131485.33,Mass Affluent,Multan,Punjab,2023-10-23
C001860,43,Female,Retired,67986.42,Mass Affluent,Lahore,Punjab,2023-01-10
C001861,59,Female,Self-Employed,323150.93,Affluent,Hyderabad,Sindh,2015-03-27
C001862,41,Female,Student,25820.97,Premium,Islamabad,Islamabad Capital,2023-01-18
C001863,34,Male,Salaried,180645.96,Affluent,Islamabad,Islamabad Capital,2020-05-16
C001864,37,Female,Salaried,142200.59,Mass Affluent,Larkana,Sindh,2023-04-16
C001865,36,Female,Business Owner,54488.62,Mass Market,Larkana,Sindh,2017-03-24
C001866,45,Male,Salaried,110808.34,Mass Affluent,Peshawar,Khyber Pakhtunkhwa,2022-08-20
C001867,31,Female,Student,48347.82,Mass Market,Quetta,Balochistan,2018-08-07
C001868,43,Male,Business Owner,102489.54,Mass Affluent,Lahore,Punjab,2019-05-17
C001869,45,Male,Salaried,96687.88,Mass Market,Larkana,Sindh,2020-03-02
C001870,43,Male,Salaried,52249.35,Mass Market,Swat,Khyber Pakhtunkhwa,2021-12-31
C001871,27,Male,Business Owner,92663.33,Mass Market,Gujranwala,Punjab,2016-12-13
C001872,37,Male,Retired,87214.84,Mass Affluent,Sukkur,Sindh,2015-03-26
C001873,33,Male,Salaried,84529.7,Mass Affluent,Islamabad,Islamabad Capital,2015-02-04
C001874,38,Male,Business Owner,64511.04,Mass Market,Islamabad,Islamabad Capital,2022-12-20
C001875,32,Female,Salaried,38203.81,Mass Market,Gwadar,Balochistan,2015-08-15
C001876,53,Male,Retired,47424.42,Mass Market,Swat,Khyber Pakhtunkhwa,2015-08-04
C001877,41,Female,Business Owner,120130.73,Mass Affluent,Sialkot,Punjab,2015-03-26
C001878,21,Male,Salaried,83039.27,Mass Market,Sialkot,Punjab,2017-12-21
C001879,24,Male,Business Owner,103450.37,Mass Market,Hyderabad,Sindh,2015-05-28
C001880,52,Male,Business Owner,67228.91,Mass Affluent,Hyderabad,Sindh,2019-03-08
C001881,37,Female,Business Owner,109103.74,Mass Affluent,Karachi,Sindh,2016-06-26
C001882,35,Female,Salaried,176831.06,Affluent,Larkana,Sindh,2017-06-23
C001883,51,Male,Business Owner,295206.09,Mass Affluent,Faisalabad,Punjab,2018-12-30
C001884,37,Male,Student,30000.92,Affluent,Peshawar,Khyber Pakhtunkhwa,2019-05-09
C001885,26,Male,Salaried,36401.21,Mass Market,Multan,Punjab,2019-01-26
C001886,27,Male,Salaried,140565.45,Mass Market,Sialkot,Punjab,2015-09-11
C001887,46,Male,Student,50431.57,Premium,Sialkot,Punjab,2015-02-09
C001888,61,Female,Self-Employed,32396.08,Mass Market,Gujranwala,Punjab,2021-12-01
C001889,48,Male,Salaried,83708.69,Mass Affluent,Swat,Khyber Pakhtunkhwa,2015-03-29
C001890,35,Female,Student,56348.26,Mass Market,Larkana,Sindh,2018-07-31
C001891,37,Male,Salaried,61052.16,Mass Market,Gujranwala,Punjab,2017-04-11
C001892,40,Male,Business Owner,43670.1,Mass Market,Mardan,Khyber Pakhtunkhwa,2015-05-02
C001893,21,Female,Salaried,108117.25,Mass Affluent,Hyderabad,Sindh,2015-06-12
C001894,39,Male,Salaried,132648.83,Mass Affluent,Gujranwala,Punjab,2015-12-20
C001895,45,Female,Unemployed,36131.92,Mass Market,Sialkot,Punjab,2016-11-05
C001896,59,Male,Business Owner,68100.91,Mass Market,Sialkot,Punjab,2021-11-16
C001897,51,Male,Salaried,48440.76,Mass Market,Larkana,Sindh,2015-04-26
C001898,60,Female,Retired,114765.66,Mass Market,Rawalpindi,Punjab,2022-04-19
C001899,57,Male,Retired,126455.99,Mass Market,Multan,Punjab,2015-10-12
C001900,54,Male,Business Owner,530179.18,Affluent,Faisalabad,Punjab,2016-08-02
C001901,39,Male,Salaried,39432.62,Mass Market,Karachi,Sindh,2020-12-10
C001902,43,Male,Salaried,91625.19,Mass Market,Sialkot,Punjab,2023-07-11
C001903,21,Male,Business Owner,53276.15,Mass Market,Abbottabad,Khyber Pakhtunkhwa,2016-03-18
C001904,40,Female,Retired,50066.28,Mass Market,Sialkot,Punjab,2020-12-29
C001905,45,Male,Salaried,30020.95,Mass Market,Sukkur,Sindh,2019-01-05
C001906,36,Female,Salaried,215836.42,Mass Affluent,Sukkur,Sindh,2022-02-14
C001907,22,Female,Salaried,225836.26,Mass Affluent,Sukkur,Sindh,2022-04-07
C001908,56,Female,Salaried,104719.26,Mass Affluent,Faisalabad,Punjab,2021-07-06
C001909,43,Female,Self-Employed,55352.93,Mass Market,Swat,Khyber Pakhtunkhwa,2015-07-10
C001910,58,Female,Salaried,66038.51,Mass Affluent,Quetta,Balochistan,2017-09-29
C001911,47,Male,Self-Employed,374040.9,Affluent,Lahore,Punjab,2017-06-07
C001912,54,Male,Self-Employed,276996.54,Affluent,Gujranwala,Punjab,2021-06-24
C001913,52,Female,Salaried,155232.54,Affluent,Turbat,Balochistan,2020-08-17
C001914,32,Male,Student,39819.9,Mass Market,Larkana,Sindh,2019-08-11
C001915,33,Male,Salaried,368619.91,Premium,Multan,Punjab,2016-07-24
C001916,34,Female,Salaried,160674.92,Mass Affluent,Lahore,Punjab,2016-03-24
C001917,28,Male,Salaried,86148.11,Mass Affluent,Karachi,Sindh,2019-09-05
C001918,58,Male,Self-Employed,147764.64,Mass Affluent,Abbottabad,Khyber Pakhtunkhwa,2023-12-06
C001919,39,Male,Salaried,487650.67,Premium,Sukkur,Sindh,2021-03-27
C001920,44,Male,Unemployed,29984.87,Mass Market,Islamabad,Islamabad Capital,2016-07-07
C001921,24,Male,Salaried,189819.9,Mass Affluent,Karachi,Sindh,2023-07-16
C001922,48,Female,Salaried,193812.17,Mass Affluent,Faisalabad,Punjab,2017-06-23
C001923,34,Male,Business Owner,106618.47,Mass Affluent,Hyderabad,Sindh,2023-10-07
C001924,53,Male,Retired,143241.62,Mass Affluent,Lahore,Punjab,2022-03-22
C001925,31,Male,Self-Employed,70870.35,Mass Market,Gujranwala,Punjab,2016-06-20
C001926,54,Male,Salaried,71745.89,Mass Market,Rawalpindi,Punjab,2015-07-18
C001927,49,Male,Salaried,115592.61,Mass Market,Lahore,Punjab,2022-11-18
C001928,34,Male,Salaried,152309.97,Mass Affluent,Abbottabad,Khyber Pakhtunkhwa,2015-02-05
C001929,55,Female,Self-Employed,113479.79,Mass Affluent,Faisalabad,Punjab,2015-06-22
C001930,52,Male,Business Owner,329441.15,Affluent,Karachi,Sindh,2019-05-05
C001931,44,Male,Salaried,110404.87,Mass Affluent,Karachi,Sindh,2019-01-19
C001932,28,Female,Self-Employed,86714.74,Mass Affluent,Karachi,Sindh,2018-11-18
C001933,48,Male,Business Owner,95377.8,Mass Market,Swat,Khyber Pakhtunkhwa,2019-03-24
C001934,40,Male,Salaried,159256.39,Mass Affluent,Swat,Khyber Pakhtunkhwa,2016-12-29
C001935,40,Male,Salaried,138016.63,Affluent,Mardan,Khyber Pakhtunkhwa,2015-10-04
C001936,40,Male,Business Owner,100257.47,Mass Affluent,Rawalpindi,Punjab,2018-07-14
C001937,39,Male,Salaried,373416.04,Affluent,Sukkur,Sindh,2017-11-04
C001938,29,Male,Salaried,344984.09,Premium,Larkana,Sindh,2018-09-01
C001939,22,Male,Salaried,45070.59,Mass Market,Sialkot,Punjab,2021-12-29
C001940,21,Male,Self-Employed,357418.76,Mass Affluent,Multan,Punjab,2015-01-11
C001941,42,Male,Self-Employed,114631.49,Mass Affluent,Lahore,Punjab,2016-12-04
C001942,21,Female,Self-Employed,90537.87,Mass Market,Hyderabad,Sindh,2023-03-20
C001943,47,Male,Salaried,106114.85,Mass Market,Sialkot,Punjab,2020-08-09
C001944,45,Male,Self-Employed,42483.49,Mass Market,Multan,Punjab,2019-08-01
C001945,36,Female,Salaried,66391.12,Mass Market,Peshawar,Khyber Pakhtunkhwa,2023-09-01
C001946,50,Female,Student,12734.62,Mass Affluent,Turbat,Balochistan,2018-09-11
C001947,36,Male,Unemployed,43909.35,Mass Market,Faisalabad,Punjab,2015-06-23
C001948,44,Male,Self-Employed,147413.51,Mass Market,Quetta,Balochistan,2023-07-21
C001949,21,Female,Salaried,102055.38,Mass Affluent,Lahore,Punjab,2015-02-18
C001950,21,Female,Business Owner,118776.25,Mass Market,Gwadar,Balochistan,2022-01-17
C001951,36,Female,Salaried,281779.74,Affluent,Islamabad,Islamabad Capital,2017-05-22
C001952,44,Male,Salaried,52979.35,Mass Market,Sialkot,Punjab,2021-12-23
C001953,49,Female,Retired,115759.24,Mass Market,Mardan,Khyber Pakhtunkhwa,2015-11-15
C001954,37,Male,Salaried,599081.37,Premium,Islamabad,Islamabad Capital,2017-09-19
C001955,42,Female,Salaried,271144.93,Affluent,Gwadar,Balochistan,2015-10-03
C001956,48,Male,Self-Employed,156320.38,Mass Affluent,Islamabad,Islamabad Capital,2020-05-01
C001957,38,Male,Self-Employed,65404.79,Mass Affluent,Sukkur,Sindh,2018-09-14
C001958,45,Male,Self-Employed,44294.27,Mass Market,Rawalpindi,Punjab,2016-12-23
C001959,27,Female,Salaried,171081.29,Mass Affluent,Peshawar,Khyber Pakhtunkhwa,2020-11-12
C001960,21,Male,Business Owner,87455.15,Mass Market,Hyderabad,Sindh,2015-01-10
C001961,33,Male,Salaried,68723.49,Mass Market,Karachi,Sindh,2021-09-05
C001962,48,Female,Retired,27804.8,Mass Market,Sialkot,Punjab,2015-11-11
C001963,31,Male,Salaried,151475.59,Mass Affluent,Hyderabad,Sindh,2015-12-24
C001964,46,Male,Salaried,86341.29,Mass Market,Rawalpindi,Punjab,2017-07-26
C001965,28,Male,Self-Employed,34896.2,Mass Market,Abbottabad,Khyber Pakhtunkhwa,2020-02-20
C001966,33,Male,Salaried,49439.24,Mass Market,Faisalabad,Punjab,2022-08-18
C001967,42,Male,Self-Employed,126374.71,Mass Affluent,Mardan,Khyber Pakhtunkhwa,2021-06-13
C001968,32,Female,Salaried,64634.26,Mass Market,Peshawar,Khyber Pakhtunkhwa,2018-01-15
C001969,34,Female,Salaried,26914.95,Mass Market,Larkana,Sindh,2020-07-17
C001970,21,Male,Salaried,37208.42,Mass Market,Karachi,Sindh,2022-06-05
C001971,48,Male,Salaried,129179.57,Mass Affluent,Gujranwala,Punjab,2019-03-07
C001972,38,Male,Salaried,88176.28,Mass Market,Islamabad,Islamabad Capital,2021-08-30
C001973,29,Male,Salaried,238782.82,Affluent,Swat,Khyber Pakhtunkhwa,2018-12-20
C001974,59,Female,Salaried,46568.59,Mass Market,Lahore,Punjab,2018-11-02
C001975,30,Male,Business Owner,73349.71,Mass Market,Faisalabad,Punjab,2022-01-04
C001976,33,Male,Business Owner,52967.45,Mass Market,Gujranwala,Punjab,2022-02-06
C001977,28,Male,Salaried,83854.74,Mass Market,Karachi,Sindh,2017-01-28
C001978,51,Female,Salaried,55160.15,Mass Market,Islamabad,Islamabad Capital,2015-12-30
C001979,55,Male,Salaried,39273.99,Mass Market,Mardan,Khyber Pakhtunkhwa,2016-09-02
C001980,54,Male,Salaried,480398.61,Affluent,Multan,Punjab,2023-03-17
C001981,54,Male,Salaried,96014.93,Mass Market,Peshawar,Khyber Pakhtunkhwa,2015-07-16
C001982,32,Female,Salaried,41731.76,Mass Market,Sialkot,Punjab,2022-04-10
C001983,57,Male,Unemployed,27196.06,Mass Market,Abbottabad,Khyber Pakhtunkhwa,2018-08-15
C001984,37,Male,Business Owner,52995.67,Mass Market,Sialkot,Punjab,2022-10-15
C001985,22,Female,Salaried,75913.07,Mass Market,Hyderabad,Sindh,2020-12-23
C001986,34,Female,Salaried,43016.47,Mass Market,Quetta,Balochistan,2021-05-18
C001987,43,Male,Salaried,83566.66,Mass Market,Gujranwala,Punjab,2019-09-19
C001988,32,Male,Salaried,94483.59,Mass Market,Hyderabad,Sindh,2018-10-28
C001989,41,Male,Self-Employed,195351.28,Affluent,Islamabad,Islamabad Capital,2015-10-06
C001990,45,Female,Salaried,133387.78,Mass Affluent,Gujranwala,Punjab,2017-10-20
C001991,44,Male,Salaried,444458.33,Affluent,Sialkot,Punjab,2023-12-06
C001992,46,Female,Salaried,41010.44,Mass Market,Larkana,Sindh,2018-10-01
C001993,37,Male,Self-Employed,217160.23,Affluent,Lahore,Punjab,2018-05-05
C001994,31,Male,Salaried,77154.12,Mass Market,Lahore,Punjab,2023-12-19
C001995,23,Female,Unemployed,10582.02,Mass Market,Hyderabad,Sindh,2015-01-10
C001996,38,Female,Salaried,71445.15,Mass Affluent,Peshawar,Khyber Pakhtunkhwa,2020-09-08
C001997,33,Female,Salaried,53125.72,Mass Market,Sialkot,Punjab,2020-06-13
C001998,38,Male,Salaried,116511.73,Mass Market,Gujranwala,Punjab,2021-04-16
C001999,21,Male,Self-Employed,284698.87,Mass Affluent,Peshawar,Khyber Pakhtunkhwa,2015-01-25
C002000,22,Male,Salaried,102047.83,Mass Affluent,Sukkur,Sindh,2022-04-05
C002001,45,Male,Salaried,42406.0,Mass Market,Mardan,Khyber Pakhtunkhwa,2023-02-10
C002002,21,Male,Salaried,50415.57,Mass Market,Larkana,Sindh,2020-11-24
C002003,37,Male,Salaried,118993.24,Mass Market,Islamabad,Islamabad Capital,2020-05-27
C002004,30,Female,Salaried,860701.07,Premium,Larkana,Sindh,2019-10-22
C002005,29,Female,Business Owner,104657.9,Mass Market,Gujranwala,Punjab,2017-12-17
C002006,40,Female,Self-Employed,87693.14,Mass Market,Gwadar,Balochistan,2023-03-09
C002007,39,Female,Self-Employed,36342.44,Mass Market,Karachi,Sindh,2018-01-07
C002008,45,Male,Retired,100424.35,Affluent,Sialkot,Punjab,2022-02-06
C002009,27,Female,Salaried,99782.08,Mass Affluent,Multan,Punjab,2015-12-07
C002010,29,Male,Student,33677.15,Mass Market,Larkana,Sindh,2016-02-15
C002011,51,Male,Salaried,216379.31,Affluent,Sialkot,Punjab,2018-10-14
C002012,37,Male,Salaried,48462.87,Mass Market,Multan,Punjab,2015-03-18
C002013,43,Male,Self-Employed,357157.17,Affluent,Faisalabad,Punjab,2019-07-07
C002014,34,Female,Salaried,63177.43,Mass Market,Sukkur,Sindh,2020-03-18
C002015,44,Male,Salaried,95379.17,Mass Market,Sialkot,Punjab,2016-05-13
C002016,21,Female,Self-Employed,66025.64,Mass Market,Karachi,Sindh,2020-05-31
C002017,52,Female,Salaried,483362.36,Premium,Lahore,Punjab,2021-02-07
C002018,34,Female,Salaried,300787.83,Affluent,Faisalabad,Punjab,2016-09-30
C002019,25,Male,Business Owner,73203.01,Mass Affluent,Sukkur,Sindh,2017-11-13
C002020,27,Female,Salaried,24924.38,Mass Market,Sialkot,Punjab,2022-04-18
C002021,36,Male,Salaried,76612.88,Mass Market,Hyderabad,Sindh,2015-08-12
C002022,38,Male,Salaried,88349.66,Mass Market,Rawalpindi,Punjab,2020-12-10
C002023,41,Male,Retired,121553.28,Mass Market,Rawalpindi,Punjab,2017-03-24
C002024,26,Male,Retired,97428.61,Mass Market,Rawalpindi,Punjab,2021-05-16
C002025,49,Male,Self-Employed,78071.4,Mass Affluent,Karachi,Sindh,2015-04-29
C002026,33,Male,Salaried,202545.79,Mass Affluent,Gujranwala,Punjab,2022-06-05
C002027,33,Male,Salaried,337630.15,Affluent,Swat,Khyber Pakhtunkhwa,2023-03-09
C002028,37,Female,Salaried,67019.96,Mass Market,Faisalabad,Punjab,2020-04-24
C002029,46,Female,Business Owner,59890.12,Mass Market,Hyderabad,Sindh,2019-02-21
C002030,39,Female,Self-Employed,50194.61,Mass Market,Larkana,Sindh,2021-04-28
C002031,33,Male,Business Owner,39302.85,Mass Market,Lahore,Punjab,2023-08-20
C002032,35,Female,Salaried,143102.62,Mass Affluent,Larkana,Sindh,2020-12-23
C002033,52,Female,Student,49746.26,Mass Affluent,Rawalpindi,Punjab,2020-07-12
C002034,51,Male,Salaried,51072.15,Mass Market,Lahore,Punjab,2019-08-10
C002035,43,Male,Salaried,115252.57,Mass Market,Gujranwala,Punjab,2015-05-20
C002036,41,Male,Salaried,274931.01,Affluent,Peshawar,Khyber Pakhtunkhwa,2016-02-13
C002037,64,Male,Self-Employed,23623.02,Mass Market,Islamabad,Islamabad Capital,2016-07-20
C002038,44,Female,Student,29701.73,Mass Affluent,Faisalabad,Punjab,2015-07-27
C002039,41,Male,Salaried,88852.95,Mass Affluent,Larkana,Sindh,2019-10-14
C002040,37,Male,Retired,132110.88,Mass Affluent,Mardan,Khyber Pakhtunkhwa,2018-07-18
C002041,43,Female,Salaried,34920.02,Mass Market,Lahore,Punjab,2015-01-28
C002042,21,Female,Salaried,153287.38,Mass Affluent,Mardan,Khyber Pakhtunkhwa,2020-07-04
C002043,50,Female,Salaried,250205.94,Affluent,Karachi,Sindh,2016-10-24
C002044,25,Male,Salaried,50077.6,Mass Market,Quetta,Balochistan,2022-11-11
C002045,31,Female,Student,53582.7,Mass Market,Islamabad,Islamabad Capital,2017-10-28
C002046,24,Male,Salaried,126267.77,Mass Affluent,Faisalabad,Punjab,2017-11-13
C002047,31,Female,Salaried,123512.78,Mass Affluent,Hyderabad,Sindh,2023-04-11
C002048,35,Female,Salaried,55100.22,Mass Market,Hyderabad,Sindh,2022-07-21
C002049,49,Female,Business Owner,129000.34,Mass Affluent,Gujranwala,Punjab,2018-06-11
C002050,53,Male,Retired,106929.84,Mass Affluent,Gujranwala,Punjab,2023-04-26
C002051,60,Female,Business Owner,65181.34,Mass Market,Islamabad,Islamabad Capital,2020-05-17
C002052,40,Male,Salaried,92070.89,Mass Market,Lahore,Punjab,2017-04-14
C002053,37,Male,Salaried,48744.99,Mass Market,Hyderabad,Sindh,2019-02-05
C002054,48,Female,Salaried,65682.49,Mass Market,Abbottabad,Khyber Pakhtunkhwa,2019-03-31
C002055,30,Male,Retired,57964.67,Affluent,Gujranwala,Punjab,2015-05-08
C002056,28,Male,Salaried,127992.55,Mass Affluent,Hyderabad,Sindh,2017-10-27
C002057,35,Male,Retired,148928.86,Mass Market,Islamabad,Islamabad Capital,2020-12-06
C002058,39,Male,Business Owner,173244.32,Affluent,Sukkur,Sindh,2020-06-05
C002059,21,Male,Business Owner,45756.08,Mass Market,Multan,Punjab,2015-01-31
C002060,51,Female,Business Owner,57623.21,Mass Market,Lahore,Punjab,2017-01-12
C002061,42,Female,Salaried,73483.21,Mass Market,Islamabad,Islamabad Capital,2017-01-27
C002062,48,Female,Salaried,166370.37,Mass Affluent,Gujranwala,Punjab,2020-10-19
C002063,22,Female,Salaried,147159.72,Mass Affluent,Hyderabad,Sindh,2022-02-19
C002064,32,Female,Salaried,176459.55,Mass Affluent,Rawalpindi,Punjab,2018-08-10
C002065,31,Male,Business Owner,41041.93,Mass Market,Lahore,Punjab,2023-02-03
C002066,37,Male,Salaried,72250.04,Mass Market,Gwadar,Balochistan,2023-10-14
C002067,39,Female,Student,51251.21,Mass Market,Larkana,Sindh,2017-08-22
C002068,49,Female,Student,52879.28,Premium,Islamabad,Islamabad Capital,2018-09-20
C002069,40,Female,Salaried,52282.59,Mass Market,Lahore,Punjab,2015-04-28
C002070,31,Female,Salaried,90502.99,Mass Affluent,Karachi,Sindh,2018-03-23
C002071,63,Female,Salaried,81922.72,Mass Affluent,Peshawar,Khyber Pakhtunkhwa,2021-10-03
C002072,36,Male,Salaried,67775.44,Mass Market,Larkana,Sindh,2022-04-08
C002073,29,Male,Business Owner,72495.77,Mass Market,Rawalpindi,Punjab,2021-04-26
C002074,21,Male,Business Owner,57117.35,Mass Market,Swat,Khyber Pakhtunkhwa,2019-02-20
C002075,40,Female,Business Owner,129270.27,Mass Affluent,Rawalpindi,Punjab,2017-07-20
C002076,47,Male,Salaried,475359.6,Premium,Sukkur,Sindh,2019-07-10
C002077,26,Male,Student,12554.46,Mass Market,Islamabad,Islamabad Capital,2022-04-29
C002078,46,Male,Self-Employed,639565.71,Premium,Faisalabad,Punjab,2023-02-19
C002079,40,Male,Unemployed,38567.35,Mass Market,Sialkot,Punjab,2021-10-26
C002080,21,Male,Business Owner,83383.98,Mass Market,Rawalpindi,Punjab,2018-12-29
C002081,46,Female,Business Owner,357772.39,Affluent,Faisalabad,Punjab,2015-11-01
C002082,36,Female,Salaried,156203.46,Affluent,Faisalabad,Punjab,2021-09-18
C002083,27,Male,Student,22452.51,Mass Market,Hyderabad,Sindh,2019-05-20
C002084,50,Male,Salaried,90324.13,Mass Affluent,Rawalpindi,Punjab,2015-06-20
C002085,49,Male,Salaried,295245.68,Affluent,Karachi,Sindh,2016-07-03
C002086,26,Male,Salaried,39245.35,Mass Affluent,Gujranwala,Punjab,2023-12-21
C002087,42,Female,Salaried,140112.99,Mass Affluent,Multan,Punjab,2016-07-06
C002088,41,Female,Salaried,78641.41,Mass Market,Rawalpindi,Punjab,2018-10-11
C002089,38,Male,Salaried,57526.39,Mass Market,Abbottabad,Khyber Pakhtunkhwa,2018-05-15
C002090,33,Female,Business Owner,83507.92,Mass Affluent,Sukkur,Sindh,2019-05-22
C002091,37,Female,Self-Employed,126187.04,Mass Market,Sialkot,Punjab,2016-06-04
C002092,49,Male,Retired,88532.03,Mass Market,Peshawar,Khyber Pakhtunkhwa,2018-05-21
C002093,44,Female,Student,45805.71,Mass Market,Larkana,Sindh,2022-06-19
C002094,21,Male,Salaried,54334.29,Mass Market,Faisalabad,Punjab,2015-12-09
C002095,21,Male,Business Owner,28262.98,Mass Market,Gwadar,Balochistan,2018-12-30
C002096,21,Male,Self-Employed,71825.3,Mass Market,Lahore,Punjab,2022-04-30
C002097,24,Male,Salaried,35660.15,Mass Market,Faisalabad,Punjab,2022-11-03
C002098,31,Male,Unemployed,23180.81,Mass Market,Hyderabad,Sindh,2022-11-24
C002099,34,Male,Retired,55452.92,Affluent,Rawalpindi,Punjab,2019-12-05
C002100,38,Male,Salaried,126574.9,Mass Affluent,Sialkot,Punjab,2015-05-03
C002101,39,Female,Student,36008.73,Mass Market,Peshawar,Khyber Pakhtunkhwa,2020-05-27
C002102,38,Male,Salaried,96444.81,Mass Market,Rawalpindi,Punjab,2023-06-09
C002103,52,Male,Retired,62470.78,Mass Market,Peshawar,Khyber Pakhtunkhwa,2020-02-16
C002104,21,Male,Self-Employed,134687.88,Mass Affluent,Turbat,Balochistan,2021-02-02
C002105,43,Female,Salaried,91245.31,Mass Affluent,Sukkur,Sindh,2016-08-29
C002106,43,Female,Business Owner,139895.39,Mass Affluent,Abbottabad,Khyber Pakhtunkhwa,2021-07-17
C002107,25,Male,Self-Employed,120352.83,Mass Affluent,Peshawar,Khyber Pakhtunkhwa,2016-03-24
C002108,45,Female,Salaried,36216.66,Mass Market,Islamabad,Islamabad Capital,2018-05-01
C002109,43,Male,Business Owner,99837.28,Mass Market,Faisalabad,Punjab,2017-09-10
C002110,39,Female,Business Owner,117074.69,Mass Market,Sialkot,Punjab,2015-04-12
C002111,21,Male,Salaried,88346.05,Mass Market,Hyderabad,Sindh,2021-01-12
C002112,50,Female,Business Owner,83471.16,Mass Market,Larkana,Sindh,2016-01-19
C002113,41,Male,Salaried,254238.81,Mass Affluent,Lahore,Punjab,2022-10-13
C002114,43,Female,Salaried,40297.74,Mass Market,Hyderabad,Sindh,2022-08-10
C002115,21,Female,Business Owner,86914.35,Mass Affluent,Lahore,Punjab,2016-05-21
C002116,33,Male,Salaried,51258.16,Mass Market,Gwadar,Balochistan,2019-06-18
C002117,23,Male,Salaried,67190.32,Mass Market,Lahore,Punjab,2015-09-30
C002118,53,Male,Retired,101915.09,Mass Affluent,Faisalabad,Punjab,2016-10-10
C002119,27,Male,Student,17265.93,Mass Market,Lahore,Punjab,2022-08-14
C002120,55,Male,Self-Employed,60129.1,Mass Market,Gujranwala,Punjab,2018-01-14
C002121,49,Male,Self-Employed,57886.27,Mass Market,Rawalpindi,Punjab,2018-03-24
C002122,41,Male,Student,31599.24,Mass Affluent,Multan,Punjab,2023-02-21
C002123,51,Male,Student,40396.93,Mass Market,Faisalabad,Punjab,2017-04-09
C002124,29,Male,Salaried,135782.78,Affluent,Gujranwala,Punjab,2016-10-31
C002125,31,Male,Salaried,723593.32,Premium,Rawalpindi,Punjab,2015-01-28
C002126,49,Male,Salaried,237131.04,Mass Affluent,Gujranwala,Punjab,2022-03-20
C002127,29,Male,Salaried,60663.18,Mass Market,Lahore,Punjab,2016-10-21
C002128,24,Male,Salaried,189157.26,Mass Affluent,Lahore,Punjab,2018-11-19
C002129,35,Female,Self-Employed,49521.04,Mass Market,Multan,Punjab,2015-05-20
C002130,29,Female,Business Owner,347156.0,Affluent,Rawalpindi,Punjab,2019-08-21
C002131,60,Female,Retired,148815.18,Mass Market,Multan,Punjab,2021-03-25
C002132,48,Male,Salaried,54635.01,Mass Market,Swat,Khyber Pakhtunkhwa,2017-12-06
C002133,33,Male,Salaried,54798.68,Mass Market,Islamabad,Islamabad Capital,2015-08-14
C002134,28,Male,Salaried,155816.13,Mass Affluent,Quetta,Balochistan,2016-12-03
C002135,43,Male,Salaried,204713.21,Affluent,Larkana,Sindh,2021-10-05
C002136,52,Female,Salaried,34387.34,Mass Market,Larkana,Sindh,2022-11-23
C002137,42,Female,Unemployed,26331.94,Mass Market,Gujranwala,Punjab,2021-03-04
C002138,29,Female,Salaried,153222.96,Mass Affluent,Abbottabad,Khyber Pakhtunkhwa,2023-04-19
C002139,23,Female,Business Owner,292228.05,Affluent,Peshawar,Khyber Pakhtunkhwa,2015-04-20
C002140,35,Male,Salaried,185310.36,Mass Affluent,Peshawar,Khyber Pakhtunkhwa,2021-12-31
C002141,42,Male,Self-Employed,55553.25,Mass Market,Gwadar,Balochistan,2023-12-06
C002142,34,Male,Student,32442.53,Mass Affluent,Karachi,Sindh,2022-12-05
C002143,50,Female,Retired,148651.57,Affluent,Abbottabad,Khyber Pakhtunkhwa,2023-10-23
C002144,45,Male,Salaried,54384.12,Mass Market,Mardan,Khyber Pakhtunkhwa,2019-08-02
C002145,42,Male,Retired,140673.12,Mass Market,Gujranwala,Punjab,2023-07-11
C002146,45,Female,Salaried,141975.74,Mass Market,Quetta,Balochistan,2018-12-21
C002147,24,Female,Business Owner,79552.54,Mass Market,Rawalpindi,Punjab,2017-03-18
C002148,34,Female,Salaried,160133.2,Mass Affluent,Islamabad,Islamabad Capital,2022-09-25
C002149,28,Male,Self-Employed,80499.55,Mass Market,Peshawar,Khyber Pakhtunkhwa,2021-01-04
C002150,43,Female,Business Owner,53270.3,Mass Affluent,Sialkot,Punjab,2021-03-05
C002151,28,Female,Student,44302.4,Mass Market,Larkana,Sindh,2019-01-12
C002152,40,Male,Student,38149.12,Affluent,Sialkot,Punjab,2023-12-15
C002153,37,Male,Salaried,289128.64,Affluent,Swat,Khyber Pakhtunkhwa,2018-01-01
C002154,46,Male,Student,25002.98,Mass Affluent,Swat,Khyber Pakhtunkhwa,2020-07-05
C002155,26,Male,Salaried,90954.34,Mass Affluent,Hyderabad,Sindh,2018-10-27
C002156,44,Female,Salaried,50889.09,Mass Market,Swat,Khyber Pakhtunkhwa,2018-01-04
C002157,27,Female,Salaried,203988.03,Affluent,Lahore,Punjab,2021-04-05
C002158,28,Female,Salaried,190061.38,Mass Affluent,Lahore,Punjab,2016-03-12
C002159,37,Male,Salaried,106163.28,Mass Market,Rawalpindi,Punjab,2015-12-23
C002160,52,Female,Business Owner,1303850.07,Premium,Rawalpindi,Punjab,2020-10-29
C002161,30,Male,Salaried,43438.52,Mass Market,Larkana,Sindh,2018-12-31
C002162,21,Male,Self-Employed,100840.26,Mass Affluent,Multan,Punjab,2016-04-13
C002163,29,Female,Salaried,45126.08,Mass Market,Lahore,Punjab,2023-06-05
C002164,35,Female,Business Owner,88277.31,Mass Affluent,Faisalabad,Punjab,2023-06-05
C002165,60,Female,Salaried,40994.0,Mass Market,Quetta,Balochistan,2020-06-30
C002166,43,Male,Salaried,49326.26,Mass Market,Sialkot,Punjab,2018-05-14
C002167,31,Female,Self-Employed,83650.38,Mass Market,Turbat,Balochistan,2023-04-03
C002168,37,Male,Retired,102981.6,Premium,Lahore,Punjab,2016-10-20
C002169,56,Female,Unemployed,38857.02,Mass Market,Multan,Punjab,2015-03-26
C002170,36,Male,Salaried,218584.41,Mass Affluent,Hyderabad,Sindh,2020-06-19
C002171,36,Male,Retired,147698.33,Mass Market,Rawalpindi,Punjab,2020-02-10
C002172,35,Female,Self-Employed,446687.54,Affluent,Gujranwala,Punjab,2017-07-05
C002173,47,Male,Retired,46371.35,Mass Market,Karachi,Sindh,2021-04-10
C002174,33,Female,Salaried,105153.75,Mass Affluent,Faisalabad,Punjab,2017-02-01
C002175,49,Male,Salaried,300896.96,Affluent,Sialkot,Punjab,2018-01-16
C002176,51,Female,Salaried,65311.85,Mass Market,Hyderabad,Sindh,2016-04-09
C002177,46,Female,Business Owner,103280.95,Mass Market,Lahore,Punjab,2016-02-10
C002178,37,Male,Salaried,191565.23,Affluent,Mardan,Khyber Pakhtunkhwa,2015-12-26
C002179,24,Male,Salaried,48925.63,Mass Market,Lahore,Punjab,2015-10-23
C002180,37,Female,Self-Employed,58093.34,Mass Market,Islamabad,Islamabad Capital,2016-10-15
C002181,32,Male,Retired,59257.07,Mass Market,Swat,Khyber Pakhtunkhwa,2019-11-10
C002182,30,Male,Self-Employed,87473.55,Mass Affluent,Islamabad,Islamabad Capital,2018-07-11
C002183,36,Male,Business Owner,233621.07,Affluent,Mardan,Khyber Pakhtunkhwa,2016-09-24
C002184,44,Male,Salaried,118419.62,Mass Affluent,Faisalabad,Punjab,2016-02-06
C002185,32,Male,Retired,135553.23,Mass Affluent,Sukkur,Sindh,2015-06-14
C002186,24,Male,Salaried,40717.44,Mass Market,Lahore,Punjab,2020-08-29
C002187,28,Male,Salaried,81786.7,Mass Market,Mardan,Khyber Pakhtunkhwa,2017-03-13
C002188,58,Female,Salaried,97295.82,Mass Market,Larkana,Sindh,2022-03-29
C002189,45,Male,Salaried,49380.65,Mass Market,Sialkot,Punjab,2021-06-19
C002190,28,Male,Self-Employed,66228.04,Mass Market,Turbat,Balochistan,2021-09-20
C002191,53,Female,Business Owner,161804.73,Mass Affluent,Rawalpindi,Punjab,2017-08-11
C002192,36,Female,Salaried,70142.32,Mass Market,Sukkur,Sindh,2019-12-05
C002193,64,Male,Salaried,61902.4,Mass Market,Abbottabad,Khyber Pakhtunkhwa,2020-02-02
C002194,42,Male,Salaried,46357.85,Mass Market,Gujranwala,Punjab,2019-08-24
C002195,45,Male,Salaried,77175.19,Mass Market,Larkana,Sindh,2021-09-12
C002196,48,Female,Retired,132620.64,Mass Market,Abbottabad,Khyber Pakhtunkhwa,2019-12-11
C002197,55,Female,Self-Employed,60656.81,Mass Market,Multan,Punjab,2020-03-13
C002198,34,Male,Salaried,64145.6,Mass Market,Karachi,Sindh,2021-12-14
C002199,54,Male,Salaried,179973.63,Mass Affluent,Multan,Punjab,2017-04-18
C002200,32,Female,Business Owner,270467.54,Mass Affluent,Larkana,Sindh,2020-12-10
C002201,35,Female,Business Owner,211543.63,Affluent,Multan,Punjab,2021-02-16
C002202,39,Male,Retired,114582.35,Mass Affluent,Gwadar,Balochistan,2016-04-18
C002203,49,Female,Salaried,73954.94,Mass Affluent,Turbat,Balochistan,2021-06-25
C002204,35,Female,Self-Employed,491635.47,Affluent,Sialkot,Punjab,2018-02-17
C002205,57,Male,Salaried,61008.14,Mass Market,Lahore,Punjab,2021-03-31
C002206,54,Male,Business Owner,116007.75,Mass Affluent,Larkana,Sindh,2021-02-23
C002207,39,Male,Salaried,61202.65,Mass Market,Abbottabad,Khyber Pakhtunkhwa,2017-05-27
C002208,28,Female,Business Owner,62389.36,Mass Market,Hyderabad,Sindh,2019-12-16
C002209,50,Male,Salaried,45433.31,Mass Market,Lahore,Punjab,2019-08-06
C002210,21,Female,Business Owner,94233.26,Mass Market,Rawalpindi,Punjab,2023-05-19
C002211,47,Female,Salaried,166090.95,Mass Affluent,Islamabad,Islamabad Capital,2016-07-26
C002212,30,Female,Student,16979.1,Mass Market,Sukkur,Sindh,2017-07-04
C002213,53,Male,Salaried,100396.85,Mass Affluent,Turbat,Balochistan,2018-09-02
C002214,24,Male,Business Owner,211838.96,Affluent,Sukkur,Sindh,2021-07-01
C002215,32,Male,Salaried,57466.1,Mass Market,Turbat,Balochistan,2017-02-02
C002216,44,Male,Self-Employed,81314.84,Mass Market,Multan,Punjab,2021-05-25
C002217,46,Female,Business Owner,72601.75,Mass Market,Lahore,Punjab,2016-05-01
C002218,32,Male,Salaried,44648.66,Mass Market,Gwadar,Balochistan,2021-10-19
C002219,35,Male,Salaried,805530.33,Premium,Islamabad,Islamabad Capital,2021-11-02
C002220,49,Female,Salaried,89848.82,Mass Affluent,Gujranwala,Punjab,2020-10-11
C002221,50,Male,Salaried,101100.92,Mass Affluent,Lahore,Punjab,2023-11-07
C002222,35,Female,Self-Employed,63706.04,Mass Market,Hyderabad,Sindh,2022-12-28
C002223,32,Female,Salaried,83293.84,Mass Affluent,Rawalpindi,Punjab,2021-02-25
C002224,24,Male,Salaried,90142.67,Mass Affluent,Lahore,Punjab,2022-01-10
C002225,42,Female,Salaried,108218.33,Mass Market,Gwadar,Balochistan,2020-11-22
C002226,48,Male,Salaried,100839.05,Mass Market,Faisalabad,Punjab,2022-05-04
C002227,41,Male,Salaried,143227.83,Mass Market,Sukkur,Sindh,2022-04-10
C002228,29,Male,Business Owner,71204.94,Mass Market,Lahore,Punjab,2019-01-05
C002229,59,Male,Salaried,357737.71,Affluent,Sialkot,Punjab,2016-04-22
C002230,21,Female,Retired,113281.92,Mass Affluent,Hyderabad,Sindh,2015-08-18
C002231,49,Female,Business Owner,52519.07,Mass Market,Gujranwala,Punjab,2017-08-05
C002232,41,Female,Salaried,389988.6,Affluent,Sukkur,Sindh,2019-12-03
C002233,44,Male,Student,34514.84,Mass Market,Lahore,Punjab,2017-08-08
C002234,30,Male,Self-Employed,80904.78,Mass Market,Islamabad,Islamabad Capital,2019-04-25
C002235,37,Male,Self-Employed,203498.85,Affluent,Peshawar,Khyber Pakhtunkhwa,2016-10-29
C002236,42,Male,Salaried,324929.01,Affluent,Turbat,Balochistan,2023-05-10
C002237,38,Female,Self-Employed,97016.13,Mass Affluent,Faisalabad,Punjab,2018-11-11
C002238,21,Male,Salaried,53039.38,Mass Market,Rawalpindi,Punjab,2021-02-04
C002239,58,Male,Self-Employed,1163883.78,Premium,Multan,Punjab,2019-12-31
C002240,46,Female,Salaried,82408.92,Mass Affluent,Larkana,Sindh,2022-02-13
C002241,39,Female,Salaried,296379.03,Mass Affluent,Multan,Punjab,2020-02-13
C002242,40,Female,Self-Employed,73933.62,Mass Market,Faisalabad,Punjab,2021-04-14
C002243,58,Female,Salaried,50260.61,Mass Market,Faisalabad,Punjab,2022-07-16
C002244,31,Male,Salaried,287353.09,Affluent,Multan,Punjab,2020-09-21
C002245,28,Female,Business Owner,215832.6,Affluent,Gujranwala,Punjab,2020-09-26
C002246,48,Female,Salaried,105605.15,Mass Affluent,Faisalabad,Punjab,2023-03-22
C002247,44,Female,Salaried,133671.71,Mass Affluent,Rawalpindi,Punjab,2021-06-01
C002248,28,Female,Salaried,114725.75,Mass Affluent,Larkana,Sindh,2015-08-09
C002249,51,Female,Retired,71406.39,Mass Affluent,Sialkot,Punjab,2022-03-17
C002250,42,Male,Business Owner,55158.37,Mass Market,Rawalpindi,Punjab,2022-11-11
C002251,29,Female,Self-Employed,36408.09,Mass Market,Karachi,Sindh,2020-05-12
C002252,44,Male,Student,24032.95,Mass Market,Swat,Khyber Pakhtunkhwa,2022-03-26
C002253,43,Female,Self-Employed,79866.3,Mass Affluent,Lahore,Punjab,2015-10-01
C002254,38,Male,Business Owner,113233.03,Mass Market,Karachi,Sindh,2023-12-08
C002255,43,Male,Self-Employed,69999.05,Mass Market,Islamabad,Islamabad Capital,2022-10-25
C002256,46,Female,Student,27263.07,Affluent,Karachi,Sindh,2016-03-22
C002257,49,Male,Self-Employed,130557.48,Mass Affluent,Turbat,Balochistan,2020-11-27
C002258,40,Male,Salaried,72728.39,Mass Market,Peshawar,Khyber Pakhtunkhwa,2022-08-01
C002259,36,Female,Salaried,93800.11,Mass Market,Rawalpindi,Punjab,2021-08-14
C002260,42,Male,Salaried,151791.19,Mass Affluent,Gujranwala,Punjab,2017-03-13
C002261,52,Female,Self-Employed,111907.2,Mass Market,Karachi,Sindh,2017-01-29
C002262,46,Female,Unemployed,27824.34,Mass Market,Islamabad,Islamabad Capital,2015-07-23
C002263,35,Male,Business Owner,75333.98,Mass Market,Larkana,Sindh,2019-11-15
C002264,40,Female,Business Owner,78403.58,Mass Market,Multan,Punjab,2017-04-05
C002265,57,Male,Self-Employed,91227.58,Mass Affluent,Sukkur,Sindh,2020-02-23
C002266,47,Female,Retired,45243.73,Mass Market,Gujranwala,Punjab,2016-05-04
C002267,41,Male,Business Owner,29802.86,Mass Market,Abbottabad,Khyber Pakhtunkhwa,2018-09-16
C002268,52,Male,Salaried,57110.74,Mass Market,Sukkur,Sindh,2017-07-31
C002269,33,Female,Salaried,53961.99,Mass Market,Swat,Khyber Pakhtunkhwa,2016-03-28
C002270,43,Male,Salaried,52748.96,Mass Market,Mardan,Khyber Pakhtunkhwa,2023-03-26
C002271,60,Female,Salaried,239830.95,Affluent,Hyderabad,Sindh,2015-12-29
C002272,46,Male,Salaried,72885.87,Mass Market,Hyderabad,Sindh,2020-11-24
C002273,57,Female,Salaried,42850.99,Mass Market,Mardan,Khyber Pakhtunkhwa,2018-12-18
C002274,38,Female,Salaried,121649.12,Mass Market,Swat,Khyber Pakhtunkhwa,2020-02-20
C002275,34,Female,Salaried,161285.69,Mass Affluent,Abbottabad,Khyber Pakhtunkhwa,2017-06-15
C002276,52,Male,Retired,88663.18,Mass Market,Gujranwala,Punjab,2022-11-05
C002277,21,Female,Salaried,358071.16,Affluent,Sukkur,Sindh,2018-03-02
C002278,41,Male,Student,14313.76,Mass Affluent,Faisalabad,Punjab,2023-02-01
C002279,50,Female,Salaried,149575.17,Mass Affluent,Peshawar,Khyber Pakhtunkhwa,2018-06-02
C002280,45,Female,Unemployed,23193.57,Mass Affluent,Hyderabad,Sindh,2023-09-02
C002281,21,Female,Business Owner,140402.55,Mass Market,Sialkot,Punjab,2021-08-03
C002282,24,Male,Retired,145003.31,Affluent,Sialkot,Punjab,2022-11-21
C002283,38,Female,Self-Employed,174288.05,Affluent,Rawalpindi,Punjab,2016-01-26
C002284,44,Female,Self-Employed,64962.38,Mass Market,Sukkur,Sindh,2022-05-12
C002285,45,Female,Salaried,119559.46,Mass Affluent,Gujranwala,Punjab,2015-04-16
C002286,39,Female,Salaried,60146.72,Mass Market,Sialkot,Punjab,2015-07-15
C002287,47,Male,Business Owner,82592.77,Mass Affluent,Quetta,Balochistan,2020-01-06
C002288,44,Male,Salaried,132711.62,Mass Affluent,Abbottabad,Khyber Pakhtunkhwa,2020-09-29
C002289,38,Male,Salaried,204161.95,Affluent,Faisalabad,Punjab,2018-07-12
C002290,45,Female,Student,47470.81,Mass Market,Gujranwala,Punjab,2023-04-23
C002291,32,Male,Salaried,150620.46,Mass Affluent,Islamabad,Islamabad Capital,2015-07-26
C002292,46,Female,Business Owner,108463.54,Mass Affluent,Larkana,Sindh,2018-02-27
C002293,30,Male,Salaried,53730.69,Mass Market,Hyderabad,Sindh,2015-10-26
C002294,44,Female,Salaried,177544.71,Mass Affluent,Gujranwala,Punjab,2023-12-04
C002295,44,Male,Salaried,92746.28,Mass Affluent,Sialkot,Punjab,2018-11-09
C002296,36,Male,Salaried,101609.24,Mass Affluent,Rawalpindi,Punjab,2015-04-06
C002297,46,Male,Student,15292.9,Premium,Mardan,Khyber Pakhtunkhwa,2023-07-05
C002298,56,Female,Student,45016.14,Mass Market,Gujranwala,Punjab,2021-08-06
C002299,28,Male,Salaried,63017.46,Mass Market,Multan,Punjab,2019-02-02
C002300,49,Female,Salaried,76503.83,Mass Market,Swat,Khyber Pakhtunkhwa,2020-05-04
C002301,51,Male,Student,21413.43,Mass Market,Islamabad,Islamabad Capital,2021-12-15
C002302,37,Female,Salaried,75646.66,Mass Market,Abbottabad,Khyber Pakhtunkhwa,2017-04-10
C002303,48,Male,Salaried,291421.72,Affluent,Karachi,Sindh,2016-11-28
C002304,36,Male,Salaried,35479.52,Mass Market,Karachi,Sindh,2022-08-17
C002305,53,Female,Business Owner,138915.72,Mass Affluent,Karachi,Sindh,2017-02-14
C002306,21,Female,Salaried,94462.25,Mass Market,Faisalabad,Punjab,2020-12-19
C002307,55,Male,Salaried,29234.02,Mass Market,Hyderabad,Sindh,2022-08-01
C002308,27,Male,Unemployed,25544.08,Affluent,Karachi,Sindh,2015-07-12
C002309,40,Female,Retired,61771.06,Mass Affluent,Hyderabad,Sindh,2017-08-11
C002310,30,Female,Self-Employed,32062.41,Mass Market,Turbat,Balochistan,2015-06-10
C002311,55,Male,Business Owner,295122.51,Affluent,Islamabad,Islamabad Capital,2020-11-03
C002312,36,Female,Retired,141770.13,Mass Market,Lahore,Punjab,2016-09-29
C002313,33,Male,Self-Employed,53935.01,Mass Market,Rawalpindi,Punjab,2015-01-09
C002314,51,Male,Business Owner,67542.18,Mass Market,Multan,Punjab,2022-04-21
C002315,47,Male,Salaried,290915.96,Mass Affluent,Rawalpindi,Punjab,2015-04-02
C002316,35,Female,Salaried,64876.99,Mass Market,Gujranwala,Punjab,2020-01-11
C002317,28,Female,Student,14613.13,Affluent,Multan,Punjab,2019-04-10
C002318,27,Female,Business Owner,210207.28,Mass Affluent,Abbottabad,Khyber Pakhtunkhwa,2017-09-23
C002319,53,Male,Salaried,61186.59,Mass Market,Karachi,Sindh,2020-04-21
C002320,44,Male,Self-Employed,312803.05,Affluent,Quetta,Balochistan,2020-06-12
C002321,41,Male,Business Owner,53141.56,Mass Market,Gujranwala,Punjab,2015-09-16
C002322,44,Male,Salaried,65968.95,Mass Market,Rawalpindi,Punjab,2015-10-13
C002323,21,Male,Business Owner,74272.19,Mass Market,Sialkot,Punjab,2022-02-01
C002324,35,Female,Salaried,51458.08,Mass Market,Lahore,Punjab,2016-06-28
C002325,36,Male,Self-Employed,35515.01,Mass Market,Faisalabad,Punjab,2015-08-03
C002326,50,Female,Unemployed,40595.45,Mass Market,Islamabad,Islamabad Capital,2016-09-10
C002327,23,Female,Student,45666.18,Mass Affluent,Sialkot,Punjab,2020-12-05
C002328,51,Male,Student,29413.88,Mass Market,Multan,Punjab,2016-08-20
C002329,59,Female,Business Owner,64028.04,Mass Market,Karachi,Sindh,2021-01-24
C002330,21,Male,Salaried,192062.73,Mass Affluent,Hyderabad,Sindh,2023-07-18
C002331,39,Male,Business Owner,85230.68,Mass Market,Karachi,Sindh,2018-12-14
C002332,44,Female,Salaried,99865.65,Mass Affluent,Sialkot,Punjab,2023-10-18
C002333,49,Female,Self-Employed,188809.55,Mass Affluent,Swat,Khyber Pakhtunkhwa,2019-02-28
C002334,21,Male,Self-Employed,60345.21,Mass Market,Rawalpindi,Punjab,2023-01-11
C002335,43,Male,Self-Employed,69549.72,Mass Market,Faisalabad,Punjab,2015-01-08
C002336,37,Female,Salaried,42306.37,Mass Market,Hyderabad,Sindh,2021-06-06
C002337,36,Male,Salaried,18000.0,Mass Market,Swat,Khyber Pakhtunkhwa,2019-10-22
C002338,62,Female,Salaried,44654.71,Mass Market,Lahore,Punjab,2022-09-16
C002339,37,Male,Salaried,159402.71,Mass Affluent,Sukkur,Sindh,2017-09-20
C002340,44,Female,Salaried,120237.65,Mass Affluent,Multan,Punjab,2022-12-03
C002341,38,Male,Salaried,76816.32,Mass Market,Sialkot,Punjab,2017-01-15
C002342,42,Female,Retired,134955.32,Affluent,Faisalabad,Punjab,2019-03-20
C002343,45,Female,Salaried,52918.17,Mass Market,Abbottabad,Khyber Pakhtunkhwa,2015-12-21
C002344,49,Female,Student,31502.54,Affluent,Gujranwala,Punjab,2016-09-05
C002345,30,Male,Salaried,56629.44,Mass Affluent,Mardan,Khyber Pakhtunkhwa,2020-07-08
C002346,41,Male,Student,45521.76,Mass Market,Sialkot,Punjab,2018-03-12
C002347,41,Male,Business Owner,36059.54,Mass Market,Peshawar,Khyber Pakhtunkhwa,2022-09-13
C002348,21,Female,Retired,123483.18,Mass Market,Abbottabad,Khyber Pakhtunkhwa,2023-04-09
C002349,29,Male,Student,25746.77,Affluent,Faisalabad,Punjab,2016-02-15
C002350,49,Male,Business Owner,48976.25,Mass Market,Gujranwala,Punjab,2022-03-22
C002351,34,Male,Salaried,218823.67,Affluent,Lahore,Punjab,2021-07-23
C002352,68,Female,Self-Employed,44626.68,Mass Market,Peshawar,Khyber Pakhtunkhwa,2020-10-09
C002353,50,Female,Salaried,85222.01,Mass Market,Faisalabad,Punjab,2019-04-27
C002354,44,Male,Student,15468.28,Mass Affluent,Karachi,Sindh,2020-11-21
C002355,56,Female,Student,53670.04,Mass Market,Faisalabad,Punjab,2015-02-02
C002356,47,Male,Salaried,26071.89,Mass Market,Peshawar,Khyber Pakhtunkhwa,2017-02-23
C002357,41,Female,Business Owner,342827.82,Affluent,Karachi,Sindh,2019-05-28
C002358,23,Female,Salaried,49924.07,Mass Market,Hyderabad,Sindh,2022-07-30
C002359,46,Male,Business Owner,251597.33,Affluent,Islamabad,Islamabad Capital,2022-08-11
C002360,54,Male,Self-Employed,1045055.85,Premium,Lahore,Punjab,2019-12-20
C002361,32,Female,Self-Employed,51738.47,Mass Market,Mardan,Khyber Pakhtunkhwa,2023-08-14
C002362,21,Female,Student,23101.79,Mass Affluent,Gujranwala,Punjab,2023-05-23
C002363,27,Female,Salaried,40752.83,Mass Market,Karachi,Sindh,2019-03-14
C002364,58,Male,Business Owner,131796.14,Mass Affluent,Turbat,Balochistan,2015-08-24
C002365,40,Male,Business Owner,341407.88,Premium,Hyderabad,Sindh,2019-01-18
C002366,55,Male,Salaried,273968.03,Affluent,Sukkur,Sindh,2021-04-01
C002367,39,Male,Salaried,324162.47,Affluent,Sialkot,Punjab,2018-02-03
C002368,34,Female,Salaried,91356.26,Mass Market,Multan,Punjab,2023-02-18
C002369,62,Female,Self-Employed,95271.89,Mass Affluent,Rawalpindi,Punjab,2018-05-29
C002370,35,Male,Student,56726.74,Mass Market,Hyderabad,Sindh,2022-05-18
C002371,36,Male,Salaried,219208.52,Affluent,Hyderabad,Sindh,2019-04-14
C002372,44,Female,Salaried,54479.29,Mass Market,Faisalabad,Punjab,2018-11-03
C002373,36,Male,Salaried,41598.34,Mass Market,Sialkot,Punjab,2015-09-19
C002374,48,Female,Salaried,26432.69,Mass Market,Multan,Punjab,2017-07-20
C002375,44,Female,Salaried,40371.09,Mass Market,Gujranwala,Punjab,2020-10-30
C002376,44,Female,Self-Employed,58893.99,Mass Market,Rawalpindi,Punjab,2019-03-22
C002377,32,Male,Salaried,56716.56,Mass Market,Gwadar,Balochistan,2018-03-18
C002378,21,Female,Student,27121.9,Affluent,Sukkur,Sindh,2015-12-01
C002379,30,Female,Salaried,179032.65,Mass Affluent,Multan,Punjab,2020-12-10
C002380,31,Female,Self-Employed,50577.9,Mass Market,Karachi,Sindh,2020-05-27
C002381,42,Female,Salaried,71161.61,Mass Affluent,Swat,Khyber Pakhtunkhwa,2020-09-09
C002382,30,Female,Salaried,69935.12,Mass Market,Gujranwala,Punjab,2015-11-22
C002383,23,Male,Salaried,129516.33,Mass Affluent,Faisalabad,Punjab,2022-12-22
C002384,26,Male,Business Owner,54387.6,Mass Market,Multan,Punjab,2016-11-21
C002385,43,Male,Retired,76861.98,Mass Affluent,Gujranwala,Punjab,2017-07-13
C002386,47,Female,Salaried,71204.27,Mass Market,Abbottabad,Khyber Pakhtunkhwa,2016-12-19
C002387,33,Male,Self-Employed,62868.57,Mass Market,Islamabad,Islamabad Capital,2023-06-02
C002388,35,Male,Self-Employed,138353.28,Mass Affluent,Sialkot,Punjab,2019-06-23
C002389,46,Male,Salaried,179544.45,Mass Affluent,Swat,Khyber Pakhtunkhwa,2020-12-06
C002390,41,Female,Student,32654.89,Mass Affluent,Sialkot,Punjab,2021-06-11
C002391,52,Female,Salaried,42942.46,Mass Market,Karachi,Sindh,2020-08-04
C002392,37,Male,Student,34458.68,Mass Market,Swat,Khyber Pakhtunkhwa,2021-08-01
C002393,30,Male,Self-Employed,83089.54,Mass Affluent,Rawalpindi,Punjab,2019-12-29
C002394,51,Male,Salaried,58973.33,Mass Market,Faisalabad,Punjab,2020-09-20
C002395,36,Female,Business Owner,62251.71,Mass Market,Sukkur,Sindh,2016-11-02
C002396,30,Female,Salaried,58451.65,Mass Market,Islamabad,Islamabad Capital,2018-11-09
C002397,49,Female,Business Owner,52300.5,Mass Market,Faisalabad,Punjab,2015-01-24
C002398,55,Male,Business Owner,112447.73,Mass Market,Multan,Punjab,2020-01-07
C002399,41,Female,Self-Employed,85780.85,Mass Market,Gujranwala,Punjab,2019-09-20
C002400,28,Male,Salaried,125288.78,Mass Affluent,Karachi,Sindh,2023-03-26
C002401,56,Female,Salaried,134677.77,Mass Affluent,Karachi,Sindh,2019-06-11
C002402,43,Male,Self-Employed,219322.96,Mass Affluent,Peshawar,Khyber Pakhtunkhwa,2022-08-16
C002403,41,Male,Self-Employed,104105.39,Mass Affluent,Abbottabad,Khyber Pakhtunkhwa,2019-11-08
C002404,35,Male,Self-Employed,41571.6,Mass Market,Gwadar,Balochistan,2015-09-11
C002405,51,Male,Salaried,305213.2,Affluent,Swat,Khyber Pakhtunkhwa,2015-06-04
C002406,27,Female,Business Owner,152142.66,Mass Affluent,Faisalabad,Punjab,2017-10-18
C002407,26,Female,Business Owner,156517.3,Mass Affluent,Karachi,Sindh,2022-01-19
C002408,60,Female,Business Owner,82179.01,Mass Market,Gujranwala,Punjab,2019-04-20
C002409,30,Female,Salaried,98411.24,Mass Affluent,Faisalabad,Punjab,2018-04-18
C002410,50,Male,Salaried,76120.95,Mass Affluent,Turbat,Balochistan,2019-05-24
C002411,54,Male,Salaried,104104.88,Mass Affluent,Karachi,Sindh,2023-06-28
C002412,41,Female,Business Owner,162168.21,Mass Affluent,Islamabad,Islamabad Capital,2016-08-31
C002413,29,Male,Business Owner,197249.39,Affluent,Rawalpindi,Punjab,2020-05-16
C002414,46,Male,Student,58212.6,Affluent,Sukkur,Sindh,2021-02-20
C002415,54,Male,Salaried,137325.89,Mass Affluent,Karachi,Sindh,2022-06-11
C002416,43,Female,Business Owner,503840.49,Premium,Gujranwala,Punjab,2019-05-12
C002417,31,Female,Student,23764.17,Affluent,Multan,Punjab,2023-05-30
C002418,42,Male,Salaried,61721.73,Mass Market,Karachi,Sindh,2022-09-25
C002419,24,Female,Salaried,112252.5,Mass Affluent,Gujranwala,Punjab,2015-11-23
C002420,28,Female,Salaried,113433.64,Mass Market,Turbat,Balochistan,2017-04-04
C002421,36,Female,Self-Employed,62060.22,Mass Market,Gujranwala,Punjab,2017-03-28
C002422,40,Male,Salaried,74967.65,Mass Market,Rawalpindi,Punjab,2023-03-08
C002423,26,Female,Salaried,59608.44,Mass Market,Swat,Khyber Pakhtunkhwa,2016-01-24
C002424,42,Male,Self-Employed,47812.31,Mass Market,Lahore,Punjab,2022-06-04
C002425,45,Male,Business Owner,49851.64,Mass Market,Turbat,Balochistan,2023-09-16
C002426,37,Female,Student,41197.15,Mass Market,Swat,Khyber Pakhtunkhwa,2018-09-23
C002427,21,Female,Business Owner,172723.88,Mass Affluent,Lahore,Punjab,2016-04-10
C002428,40,Male,Student,26118.3,Affluent,Hyderabad,Sindh,2022-04-14
C002429,59,Male,Self-Employed,388884.08,Premium,Larkana,Sindh,2018-11-27
C002430,44,Male,Student,18284.65,Mass Market,Mardan,Khyber Pakhtunkhwa,2020-09-16
C002431,39,Male,Salaried,89763.86,Mass Market,Mardan,Khyber Pakhtunkhwa,2017-08-28
C002432,35,Female,Student,25861.06,Affluent,Mardan,Khyber Pakhtunkhwa,2019-01-29
C002433,45,Male,Student,38515.4,Mass Market,Larkana,Sindh,2018-07-11
C002434,41,Male,Business Owner,727146.12,Premium,Multan,Punjab,2015-02-21
C002435,47,Female,Salaried,137458.69,Mass Affluent,Sukkur,Sindh,2019-12-08
C002436,27,Female,Salaried,50129.36,Mass Market,Islamabad,Islamabad Capital,2017-07-15
C002437,40,Female,Salaried,94256.43,Mass Market,Hyderabad,Sindh,2017-01-17
C002438,34,Male,Salaried,62643.66,Mass Market,Larkana,Sindh,2023-04-29
C002439,43,Female,Salaried,75093.58,Mass Affluent,Sukkur,Sindh,2016-05-18
C002440,21,Male,Salaried,37865.56,Mass Market,Swat,Khyber Pakhtunkhwa,2022-06-29
C002441,35,Male,Salaried,149872.01,Affluent,Islamabad,Islamabad Capital,2022-01-29
C002442,45,Male,Student,41135.52,Mass Affluent,Sialkot,Punjab,2018-06-26
C002443,47,Female,Self-Employed,103085.78,Mass Market,Rawalpindi,Punjab,2015-10-13
C002444,39,Male,Student,24658.62,Mass Market,Sukkur,Sindh,2020-12-17
C002445,21,Female,Salaried,56823.73,Mass Market,Sukkur,Sindh,2021-03-13
C002446,46,Female,Salaried,34894.2,Mass Market,Karachi,Sindh,2016-10-14
C002447,56,Female,Salaried,87095.93,Mass Affluent,Gujranwala,Punjab,2022-11-28
C002448,30,Male,Student,59391.09,Mass Affluent,Sialkot,Punjab,2017-11-25
C002449,34,Male,Salaried,127762.25,Mass Affluent,Sukkur,Sindh,2018-12-05
C002450,48,Male,Business Owner,101653.79,Mass Market,Sukkur,Sindh,2023-06-06
C002451,48,Male,Salaried,101502.29,Mass Market,Karachi,Sindh,2021-12-21
C002452,51,Male,Salaried,232577.12,Affluent,Abbottabad,Khyber Pakhtunkhwa,2018-12-24
C002453,50,Female,Salaried,55569.93,Mass Affluent,Karachi,Sindh,2022-10-10
C002454,22,Female,Salaried,83435.85,Mass Affluent,Abbottabad,Khyber Pakhtunkhwa,2018-01-04
C002455,34,Female,Salaried,204221.01,Mass Affluent,Hyderabad,Sindh,2017-07-19
C002456,46,Male,Student,29411.64,Affluent,Karachi,Sindh,2021-03-04
C002457,38,Male,Salaried,52415.32,Mass Market,Hyderabad,Sindh,2017-04-02
C002458,43,Male,Salaried,51044.9,Mass Market,Gujranwala,Punjab,2019-12-21
C002459,38,Female,Salaried,97730.24,Mass Affluent,Gujranwala,Punjab,2019-10-13
C002460,34,Male,Unemployed,38785.4,Mass Market,Hyderabad,Sindh,2019-08-24
C002461,36,Male,Self-Employed,285693.21,Mass Affluent,Gwadar,Balochistan,2023-03-03
C002462,27,Male,Self-Employed,115280.49,Mass Market,Sukkur,Sindh,2018-05-30
C002463,31,Female,Self-Employed,43905.31,Mass Market,Lahore,Punjab,2021-04-01
C002464,38,Male,Student,13681.63,Mass Market,Hyderabad,Sindh,2018-09-16
C002465,38,Female,Salaried,298573.63,Affluent,Multan,Punjab,2016-08-26
C002466,45,Female,Business Owner,122915.43,Mass Affluent,Mardan,Khyber Pakhtunkhwa,2018-04-03
C002467,36,Female,Business Owner,76175.4,Mass Market,Mardan,Khyber Pakhtunkhwa,2018-08-07
C002468,57,Male,Salaried,83021.13,Mass Market,Hyderabad,Sindh,2016-07-26
C002469,53,Female,Salaried,38464.46,Mass Market,Larkana,Sindh,2020-03-19
C002470,33,Male,Self-Employed,97595.11,Mass Market,Faisalabad,Punjab,2023-12-15
C002471,41,Male,Salaried,113673.79,Mass Affluent,Larkana,Sindh,2018-05-06
C002472,52,Male,Salaried,75591.99,Mass Market,Peshawar,Khyber Pakhtunkhwa,2019-12-30
C002473,32,Female,Salaried,54325.17,Mass Market,Swat,Khyber Pakhtunkhwa,2016-09-24
C002474,31,Male,Salaried,85190.58,Mass Market,Hyderabad,Sindh,2017-09-20
C002475,53,Male,Business Owner,52977.24,Mass Affluent,Gujranwala,Punjab,2022-04-20
C002476,47,Female,Salaried,172104.38,Mass Affluent,Lahore,Punjab,2016-05-25
C002477,51,Male,Self-Employed,94765.46,Mass Affluent,Faisalabad,Punjab,2021-03-15
C002478,42,Male,Salaried,133680.27,Mass Affluent,Multan,Punjab,2023-07-25
C002479,36,Female,Salaried,1002987.95,Premium,Gujranwala,Punjab,2022-01-26
C002480,24,Female,Salaried,44218.69,Mass Market,Islamabad,Islamabad Capital,2021-11-18
C002481,41,Male,Student,45370.47,Affluent,Hyderabad,Sindh,2016-06-16
C002482,53,Male,Salaried,112863.89,Mass Affluent,Rawalpindi,Punjab,2015-09-12
C002483,53,Male,Self-Employed,50857.0,Mass Market,Rawalpindi,Punjab,2016-05-18
C002484,51,Male,Student,26566.2,Mass Affluent,Sialkot,Punjab,2022-06-03
C002485,48,Male,Self-Employed,135357.27,Mass Affluent,Abbottabad,Khyber Pakhtunkhwa,2015-11-11
C002486,63,Male,Salaried,138053.22,Mass Affluent,Gujranwala,Punjab,2016-03-30
C002487,22,Female,Salaried,71541.68,Mass Market,Peshawar,Khyber Pakhtunkhwa,2020-11-23
C002488,42,Male,Self-Employed,43943.63,Mass Market,Mardan,Khyber Pakhtunkhwa,2015-07-15
C002489,29,Male,Business Owner,195599.4,Affluent,Gujranwala,Punjab,2023-02-14
C002490,56,Male,Business Owner,57356.02,Mass Market,Sukkur,Sindh,2021-03-16
C002491,33,Male,Business Owner,54665.2,Mass Market,Islamabad,Islamabad Capital,2022-09-05
C002492,50,Female,Salaried,55065.63,Mass Market,Sialkot,Punjab,2021-03-17
C002493,34,Female,Business Owner,45860.18,Mass Market,Multan,Punjab,2017-05-01
C002494,44,Female,Self-Employed,317413.32,Affluent,Quetta,Balochistan,2020-08-17
C002495,38,Male,Unemployed,27864.9,Mass Affluent,Turbat,Balochistan,2018-01-10
C002496,39,Male,Business Owner,267297.74,Affluent,Karachi,Sindh,2023-07-02
C002497,43,Female,Salaried,53406.08,Mass Market,Karachi,Sindh,2019-04-27
C002498,49,Male,Business Owner,59241.98,Mass Market,Sialkot,Punjab,2020-06-22
C002499,38,Male,Self-Employed,94136.62,Mass Market,Abbottabad,Khyber Pakhtunkhwa,2015-03-05
C002500,49,Female,Salaried,36409.68,Mass Market,Hyderabad,Sindh,2016-04-21
C002501,50,Male,Self-Employed,52396.02,Mass Affluent,Sialkot,Punjab,2021-01-19
C002502,34,Male,Salaried,47873.01,Mass Market,Sukkur,Sindh,2023-06-01
C002503,60,Male,Salaried,38739.06,Mass Market,Islamabad,Islamabad Capital,2016-12-15
C002504,47,Male,Business Owner,89125.57,Affluent,Swat,Khyber Pakhtunkhwa,2023-07-17
C002505,34,Male,Salaried,252433.46,Mass Affluent,Sialkot,Punjab,2022-04-29
C002506,46,Male,Business Owner,74220.06,Mass Market,Rawalpindi,Punjab,2021-05-07
C002507,50,Female,Salaried,167511.86,Mass Affluent,Islamabad,Islamabad Capital,2019-08-23
C002508,45,Male,Business Owner,53831.93,Mass Market,Quetta,Balochistan,2015-01-10
C002509,41,Male,Business Owner,328553.67,Affluent,Hyderabad,Sindh,2016-05-24
C002510,21,Male,Business Owner,110711.87,Mass Affluent,Karachi,Sindh,2016-01-05
C002511,28,Male,Salaried,81759.87,Mass Market,Hyderabad,Sindh,2021-09-29
C002512,46,Male,Unemployed,38954.33,Mass Market,Gujranwala,Punjab,2017-06-09
C002513,28,Female,Salaried,59172.97,Mass Market,Sialkot,Punjab,2022-04-10
C002514,45,Male,Business Owner,131937.34,Mass Affluent,Rawalpindi,Punjab,2021-09-17
C002515,49,Female,Salaried,104712.17,Mass Market,Sialkot,Punjab,2022-09-11
C002516,38,Female,Salaried,138534.61,Mass Affluent,Peshawar,Khyber Pakhtunkhwa,2022-11-02
C002517,21,Male,Self-Employed,40572.6,Mass Market,Lahore,Punjab,2015-12-14
C002518,31,Male,Salaried,68176.31,Mass Market,Sialkot,Punjab,2020-12-20
C002519,47,Male,Salaried,72253.45,Mass Market,Hyderabad,Sindh,2019-03-25
C002520,53,Female,Salaried,56789.69,Mass Market,Rawalpindi,Punjab,2021-12-04
C002521,21,Female,Salaried,58823.74,Mass Market,Lahore,Punjab,2015-06-20
C002522,40,Female,Unemployed,34819.25,Mass Affluent,Sukkur,Sindh,2018-12-20
C002523,23,Female,Self-Employed,290521.72,Affluent,Rawalpindi,Punjab,2023-08-16
C002524,40,Female,Salaried,37820.14,Mass Market,Sukkur,Sindh,2015-01-29
C002525,37,Male,Business Owner,118183.65,Mass Affluent,Gwadar,Balochistan,2019-03-15
C002526,65,Female,Self-Employed,46525.56,Mass Market,Rawalpindi,Punjab,2017-09-29
C002527,33,Male,Business Owner,188866.2,Mass Affluent,Gwadar,Balochistan,2021-11-12
C002528,51,Male,Self-Employed,108128.79,Mass Market,Quetta,Balochistan,2018-09-29
C002529,50,Female,Salaried,84157.6,Mass Affluent,Swat,Khyber Pakhtunkhwa,2017-04-01
C002530,37,Female,Salaried,59894.75,Mass Market,Sukkur,Sindh,2016-11-21
C002531,40,Male,Business Owner,53325.15,Mass Market,Karachi,Sindh,2019-08-07
C002532,39,Male,Business Owner,155092.4,Mass Affluent,Larkana,Sindh,2019-05-02
C002533,31,Male,Business Owner,62234.93,Mass Market,Hyderabad,Sindh,2023-12-14
C002534,30,Male,Salaried,51787.14,Mass Market,Sialkot,Punjab,2020-06-20
C002535,34,Male,Business Owner,62176.04,Mass Market,Islamabad,Islamabad Capital,2023-04-13
C002536,26,Male,Salaried,258067.74,Affluent,Sukkur,Sindh,2017-06-14
C002537,33,Male,Business Owner,109751.17,Mass Market,Swat,Khyber Pakhtunkhwa,2015-05-19
C002538,37,Male,Salaried,96153.82,Mass Affluent,Faisalabad,Punjab,2018-02-18
C002539,41,Male,Business Owner,308781.7,Affluent,Multan,Punjab,2019-01-21
C002540,44,Female,Unemployed,21306.44,Mass Affluent,Hyderabad,Sindh,2018-09-26
C002541,37,Female,Salaried,70878.41,Mass Market,Sukkur,Sindh,2015-01-21
C002542,31,Male,Business Owner,116086.6,Mass Affluent,Karachi,Sindh,2015-02-03
C002543,44,Female,Self-Employed,100916.02,Mass Market,Lahore,Punjab,2019-12-24
C002544,48,Male,Salaried,58777.47,Mass Affluent,Multan,Punjab,2017-02-28
C002545,34,Male,Salaried,39592.86,Mass Market,Karachi,Sindh,2018-03-20
C002546,28,Female,Business Owner,167283.68,Mass Affluent,Rawalpindi,Punjab,2021-12-15
C002547,34,Male,Salaried,200406.68,Affluent,Islamabad,Islamabad Capital,2018-06-16
C002548,37,Male,Salaried,42001.73,Mass Market,Faisalabad,Punjab,2022-04-25
C002549,52,Female,Student,47159.01,Mass Market,Multan,Punjab,2019-06-06
C002550,47,Male,Self-Employed,44513.84,Mass Market,Gujranwala,Punjab,2021-08-16
C002551,39,Female,Business Owner,165608.78,Mass Affluent,Larkana,Sindh,2017-07-30
C002552,60,Female,Self-Employed,84607.12,Mass Market,Sukkur,Sindh,2016-04-03
C002553,39,Male,Self-Employed,134436.81,Mass Affluent,Karachi,Sindh,2017-05-04
C002554,55,Female,Business Owner,89577.36,Mass Market,Islamabad,Islamabad Capital,2016-04-11
C002555,52,Female,Salaried,165330.17,Affluent,Multan,Punjab,2019-04-11
C002556,52,Female,Salaried,61755.43,Mass Market,Sukkur,Sindh,2017-10-17
C002557,43,Male,Self-Employed,100139.77,Mass Market,Sialkot,Punjab,2017-05-21
C002558,40,Male,Retired,76749.69,Mass Market,Multan,Punjab,2016-12-04
C002559,39,Male,Salaried,224376.67,Mass Affluent,Sukkur,Sindh,2018-09-03
C002560,48,Male,Unemployed,10349.0,Mass Market,Gujranwala,Punjab,2015-03-16
C002561,30,Male,Business Owner,85019.16,Mass Market,Hyderabad,Sindh,2018-05-31
C002562,36,Male,Salaried,51017.55,Mass Market,Hyderabad,Sindh,2016-12-28
C002563,57,Male,Salaried,162990.6,Mass Affluent,Swat,Khyber Pakhtunkhwa,2019-10-25
C002564,46,Male,Salaried,460780.96,Affluent,Karachi,Sindh,2019-05-14
C002565,49,Male,Self-Employed,44371.57,Mass Market,Larkana,Sindh,2019-02-11
C002566,26,Male,Salaried,29640.88,Mass Market,Multan,Punjab,2020-06-20
C002567,34,Male,Salaried,121076.11,Mass Market,Gujranwala,Punjab,2015-07-04
C002568,43,Female,Salaried,72228.37,Mass Market,Rawalpindi,Punjab,2015-10-22
C002569,39,Male,Retired,108198.11,Premium,Sukkur,Sindh,2019-04-26
C002570,26,Male,Salaried,56417.64,Mass Market,Islamabad,Islamabad Capital,2018-05-19
C002571,47,Male,Salaried,58614.47,Mass Affluent,Multan,Punjab,2017-09-09
C002572,51,Male,Salaried,303113.54,Affluent,Sukkur,Sindh,2018-05-22
C002573,36,Male,Salaried,106263.27,Mass Affluent,Swat,Khyber Pakhtunkhwa,2017-03-16
C002574,48,Female,Salaried,61208.43,Mass Market,Mardan,Khyber Pakhtunkhwa,2016-03-13
C002575,61,Female,Business Owner,131505.12,Mass Affluent,Larkana,Sindh,2017-01-12
C002576,56,Male,Self-Employed,18000.0,Mass Market,Hyderabad,Sindh,2023-07-12
C002577,36,Female,Salaried,72278.83,Mass Market,Larkana,Sindh,2016-01-20
C002578,27,Female,Student,56967.18,Premium,Peshawar,Khyber Pakhtunkhwa,2023-12-10
C002579,42,Female,Salaried,67842.39,Mass Market,Sialkot,Punjab,2021-01-27
C002580,65,Male,Student,16015.31,Mass Market,Turbat,Balochistan,2016-01-07
C002581,54,Male,Salaried,61125.89,Mass Market,Sialkot,Punjab,2022-02-18
C002582,39,Female,Student,45006.01,Mass Market,Swat,Khyber Pakhtunkhwa,2017-06-16
C002583,56,Female,Retired,129966.75,Mass Affluent,Faisalabad,Punjab,2019-05-23
C002584,52,Female,Business Owner,155750.79,Mass Affluent,Gujranwala,Punjab,2015-02-08
C002585,21,Male,Salaried,144746.55,Mass Affluent,Rawalpindi,Punjab,2015-02-27
C002586,51,Male,Self-Employed,121175.69,Mass Market,Larkana,Sindh,2022-02-07
C002587,40,Female,Student,40638.36,Mass Market,Rawalpindi,Punjab,2020-04-15
C002588,29,Male,Self-Employed,52032.15,Mass Market,Rawalpindi,Punjab,2018-10-08
C002589,40,Female,Salaried,114167.65,Mass Market,Hyderabad,Sindh,2023-06-11
C002590,44,Male,Salaried,122582.65,Mass Affluent,Faisalabad,Punjab,2023-10-31
C002591,30,Male,Salaried,185222.32,Mass Affluent,Abbottabad,Khyber Pakhtunkhwa,2023-09-09
C002592,38,Female,Salaried,294795.37,Affluent,Turbat,Balochistan,2019-06-16
C002593,35,Female,Salaried,119219.45,Mass Affluent,Larkana,Sindh,2022-06-16
C002594,48,Male,Self-Employed,87279.79,Mass Market,Rawalpindi,Punjab,2015-08-13
C002595,36,Male,Salaried,158306.82,Mass Affluent,Sialkot,Punjab,2021-07-28
C002596,21,Male,Salaried,72574.29,Mass Affluent,Quetta,Balochistan,2022-05-20
C002597,34,Female,Salaried,299081.77,Affluent,Faisalabad,Punjab,2015-01-10
C002598,29,Male,Retired,85675.28,Mass Market,Sialkot,Punjab,2022-01-19
C002599,25,Male,Self-Employed,210728.89,Mass Affluent,Islamabad,Islamabad Capital,2022-12-24
C002600,52,Male,Self-Employed,116828.7,Mass Market,Islamabad,Islamabad Capital,2016-10-23
C002601,48,Female,Business Owner,264977.23,Mass Affluent,Multan,Punjab,2023-04-14
C002602,28,Male,Self-Employed,320744.46,Affluent,Hyderabad,Sindh,2016-08-19
C002603,25,Male,Salaried,234954.97,Affluent,Sukkur,Sindh,2023-07-04
C002604,38,Male,Self-Employed,67803.43,Mass Market,Swat,Khyber Pakhtunkhwa,2023-05-26
C002605,24,Male,Salaried,41982.35,Mass Market,Gujranwala,Punjab,2019-05-24
C002606,36,Male,Self-Employed,316975.34,Mass Affluent,Rawalpindi,Punjab,2023-12-16
C002607,40,Female,Salaried,204668.2,Mass Affluent,Larkana,Sindh,2019-10-03
C002608,42,Male,Retired,54651.49,Affluent,Faisalabad,Punjab,2021-06-11
C002609,43,Female,Self-Employed,87638.75,Mass Market,Larkana,Sindh,2019-01-24
C002610,30,Male,Salaried,232277.89,Affluent,Gujranwala,Punjab,2016-07-15
C002611,40,Male,Self-Employed,85328.66,Mass Affluent,Turbat,Balochistan,2017-10-30
C002612,53,Male,Salaried,25875.8,Mass Market,Swat,Khyber Pakhtunkhwa,2016-10-11
C002613,21,Female,Salaried,61923.9,Mass Market,Sukkur,Sindh,2016-10-03
C002614,43,Male,Student,21304.87,Mass Affluent,Abbottabad,Khyber Pakhtunkhwa,2020-12-29
C002615,26,Male,Business Owner,73088.75,Mass Market,Rawalpindi,Punjab,2015-08-06
C002616,54,Male,Business Owner,130647.4,Mass Affluent,Karachi,Sindh,2015-10-09
C002617,48,Male,Salaried,155650.15,Mass Affluent,Faisalabad,Punjab,2023-05-12
C002618,48,Male,Salaried,81659.34,Mass Market,Peshawar,Khyber Pakhtunkhwa,2016-10-16
C002619,30,Female,Salaried,34448.85,Mass Market,Mardan,Khyber Pakhtunkhwa,2020-04-30
C002620,42,Male,Self-Employed,869513.22,Premium,Gwadar,Balochistan,2015-01-29
C002621,43,Female,Self-Employed,111389.6,Mass Affluent,Turbat,Balochistan,2021-09-19
C002622,21,Male,Salaried,158256.07,Mass Affluent,Islamabad,Islamabad Capital,2019-11-13
C002623,41,Male,Salaried,191709.39,Mass Affluent,Lahore,Punjab,2015-03-22
C002624,46,Female,Salaried,192210.33,Mass Affluent,Turbat,Balochistan,2020-07-18
C002625,23,Male,Salaried,294084.66,Affluent,Karachi,Sindh,2016-06-14
C002626,46,Male,Salaried,139122.56,Mass Affluent,Multan,Punjab,2023-09-20
C002627,40,Male,Salaried,182447.25,Mass Affluent,Larkana,Sindh,2019-07-14
C002628,54,Male,Salaried,33916.36,Mass Market,Rawalpindi,Punjab,2015-11-11
C002629,34,Female,Salaried,41793.65,Mass Market,Sialkot,Punjab,2019-04-16
C002630,41,Male,Salaried,116911.46,Mass Affluent,Faisalabad,Punjab,2023-03-31
C002631,43,Female,Self-Employed,36157.44,Mass Market,Gujranwala,Punjab,2022-03-10
C002632,21,Male,Business Owner,117246.91,Mass Affluent,Sukkur,Sindh,2017-09-29
C002633,35,Female,Salaried,247343.24,Affluent,Gwadar,Balochistan,2019-08-23
C002634,40,Female,Salaried,62019.27,Mass Market,Larkana,Sindh,2022-12-06
C002635,21,Male,Self-Employed,58716.97,Mass Market,Karachi,Sindh,2018-07-21
C002636,46,Female,Salaried,195173.11,Mass Affluent,Gujranwala,Punjab,2021-02-05
C002637,40,Male,Salaried,74595.96,Mass Market,Larkana,Sindh,2019-04-04
C002638,40,Male,Salaried,126537.99,Mass Affluent,Lahore,Punjab,2017-12-20
C002639,47,Female,Salaried,114536.64,Mass Affluent,Abbottabad,Khyber Pakhtunkhwa,2016-04-10
C002640,34,Male,Business Owner,58925.41,Mass Market,Sialkot,Punjab,2022-12-16
C002641,39,Female,Student,31022.23,Mass Affluent,Abbottabad,Khyber Pakhtunkhwa,2019-11-20
C002642,49,Male,Salaried,156252.29,Mass Market,Peshawar,Khyber Pakhtunkhwa,2020-05-12
C002643,40,Female,Salaried,34483.61,Mass Market,Hyderabad,Sindh,2015-03-30
C002644,21,Male,Retired,105161.0,Mass Market,Mardan,Khyber Pakhtunkhwa,2020-11-18
C002645,40,Male,Self-Employed,39910.23,Mass Market,Lahore,Punjab,2016-11-08
C002646,40,Male,Unemployed,19642.87,Affluent,Gwadar,Balochistan,2023-01-08
C002647,49,Female,Business Owner,65471.86,Mass Market,Mardan,Khyber Pakhtunkhwa,2020-12-08
C002648,35,Female,Salaried,48258.76,Mass Market,Swat,Khyber Pakhtunkhwa,2019-02-02
C002649,28,Female,Salaried,84341.1,Mass Market,Sukkur,Sindh,2018-06-28
C002650,28,Male,Salaried,69048.85,Mass Market,Peshawar,Khyber Pakhtunkhwa,2016-01-05
C002651,55,Male,Business Owner,85697.42,Mass Market,Islamabad,Islamabad Capital,2021-05-17
C002652,42,Female,Salaried,205376.96,Mass Affluent,Sialkot,Punjab,2015-09-23
C002653,54,Male,Business Owner,26696.9,Mass Market,Mardan,Khyber Pakhtunkhwa,2023-08-14
C002654,56,Male,Self-Employed,168691.02,Mass Affluent,Swat,Khyber Pakhtunkhwa,2017-11-28
C002655,31,Male,Student,35443.48,Mass Market,Hyderabad,Sindh,2023-03-14
C002656,30,Female,Business Owner,65964.81,Mass Market,Quetta,Balochistan,2022-09-18
C002657,38,Male,Salaried,58360.78,Mass Market,Faisalabad,Punjab,2019-03-10
C002658,46,Male,Salaried,128515.98,Mass Affluent,Hyderabad,Sindh,2023-07-19
C002659,24,Female,Self-Employed,177156.5,Affluent,Faisalabad,Punjab,2021-03-09
C002660,44,Male,Business Owner,88759.41,Mass Market,Sialkot,Punjab,2020-01-27
C002661,43,Male,Business Owner,171468.83,Affluent,Abbottabad,Khyber Pakhtunkhwa,2017-03-27
C002662,27,Male,Self-Employed,79801.9,Mass Market,Rawalpindi,Punjab,2020-02-18
C002663,27,Female,Business Owner,75445.92,Mass Affluent,Sialkot,Punjab,2020-06-29
C002664,44,Female,Salaried,129120.9,Mass Affluent,Sialkot,Punjab,2017-03-23
C002665,62,Female,Salaried,119105.93,Mass Market,Sukkur,Sindh,2020-02-28
C002666,36,Female,Student,40799.49,Mass Market,Peshawar,Khyber Pakhtunkhwa,2022-12-11
C002667,43,Male,Self-Employed,32434.78,Mass Market,Turbat,Balochistan,2019-05-14
C002668,32,Female,Business Owner,99465.41,Mass Affluent,Lahore,Punjab,2018-07-07
C002669,42,Female,Salaried,49192.11,Mass Market,Larkana,Sindh,2020-06-12
C002670,32,Male,Self-Employed,659650.38,Affluent,Sukkur,Sindh,2019-05-05
C002671,36,Male,Salaried,58462.2,Mass Market,Hyderabad,Sindh,2020-12-19
C002672,66,Male,Salaried,421222.82,Affluent,Karachi,Sindh,2023-08-21
C002673,40,Female,Salaried,67237.64,Mass Market,Lahore,Punjab,2021-07-18
C002674,22,Male,Business Owner,82420.46,Mass Affluent,Karachi,Sindh,2022-03-02
C002675,46,Male,Salaried,29595.42,Mass Market,Hyderabad,Sindh,2016-12-22
C002676,51,Female,Salaried,47530.41,Mass Market,Hyderabad,Sindh,2021-11-15
C002677,46,Male,Salaried,144713.57,Mass Market,Hyderabad,Sindh,2015-07-21
C002678,37,Male,Salaried,143369.83,Mass Affluent,Mardan,Khyber Pakhtunkhwa,2019-01-22
C002679,29,Male,Self-Employed,89568.77,Mass Market,Peshawar,Khyber Pakhtunkhwa,2016-10-06
C002680,29,Female,Business Owner,75838.21,Mass Affluent,Multan,Punjab,2016-04-19
C002681,37,Female,Business Owner,552341.95,Premium,Peshawar,Khyber Pakhtunkhwa,2023-09-17
C002682,35,Female,Salaried,80665.04,Mass Market,Abbottabad,Khyber Pakhtunkhwa,2018-02-20
C002683,33,Male,Salaried,39634.55,Mass Market,Lahore,Punjab,2019-11-09
C002684,52,Male,Salaried,58559.13,Mass Market,Larkana,Sindh,2021-06-19
C002685,49,Male,Self-Employed,42949.86,Mass Market,Faisalabad,Punjab,2022-03-05
C002686,53,Female,Student,22079.02,Mass Market,Abbottabad,Khyber Pakhtunkhwa,2015-05-29
C002687,30,Male,Salaried,151255.54,Mass Affluent,Rawalpindi,Punjab,2021-12-02
C002688,29,Male,Retired,117674.41,Mass Market,Karachi,Sindh,2020-12-11
C002689,40,Male,Salaried,83542.3,Mass Market,Rawalpindi,Punjab,2023-04-12
C002690,44,Female,Business Owner,119225.66,Mass Affluent,Karachi,Sindh,2015-09-18
C002691,40,Male,Business Owner,87844.89,Mass Market,Islamabad,Islamabad Capital,2015-08-25
C002692,43,Male,Business Owner,103896.18,Mass Affluent,Faisalabad,Punjab,2017-02-18
C002693,56,Male,Self-Employed,355158.17,Affluent,Quetta,Balochistan,2018-12-21
C002694,37,Female,Salaried,28371.42,Mass Market,Islamabad,Islamabad Capital,2021-02-06
C002695,48,Male,Business Owner,45183.38,Mass Market,Quetta,Balochistan,2022-06-21
C002696,45,Female,Salaried,313418.6,Mass Affluent,Lahore,Punjab,2021-02-12
C002697,40,Male,Self-Employed,163974.33,Mass Affluent,Peshawar,Khyber Pakhtunkhwa,2019-03-17
C002698,47,Female,Salaried,163996.69,Mass Affluent,Multan,Punjab,2016-03-16
C002699,31,Female,Salaried,95054.84,Mass Affluent,Multan,Punjab,2017-01-30
C002700,28,Male,Retired,103581.1,Mass Affluent,Turbat,Balochistan,2018-09-19
C002701,44,Male,Salaried,117575.14,Mass Affluent,Larkana,Sindh,2022-03-06
C002702,21,Female,Salaried,126725.79,Mass Affluent,Hyderabad,Sindh,2023-01-16
C002703,45,Female,Salaried,269086.26,Mass Affluent,Faisalabad,Punjab,2015-06-16
C002704,27,Male,Self-Employed,191470.06,Mass Affluent,Abbottabad,Khyber Pakhtunkhwa,2023-04-09
C002705,56,Male,Business Owner,62535.67,Mass Market,Hyderabad,Sindh,2018-04-04
C002706,35,Female,Retired,98979.24,Affluent,Karachi,Sindh,2020-06-23
C002707,55,Female,Self-Employed,80032.92,Mass Market,Quetta,Balochistan,2021-03-05
C002708,37,Male,Salaried,36350.29,Mass Market,Faisalabad,Punjab,2018-07-12
C002709,36,Male,Salaried,28911.27,Mass Market,Faisalabad,Punjab,2016-06-10
C002710,49,Female,Salaried,79585.51,Mass Market,Hyderabad,Sindh,2016-10-21
C002711,42,Male,Self-Employed,133606.55,Mass Affluent,Islamabad,Islamabad Capital,2022-07-19
C002712,38,Male,Unemployed,25690.12,Mass Market,Lahore,Punjab,2020-12-11
C002713,35,Female,Salaried,58643.68,Mass Affluent,Rawalpindi,Punjab,2018-07-29
C002714,35,Female,Salaried,84268.99,Mass Market,Faisalabad,Punjab,2023-10-19
C002715,65,Male,Self-Employed,49212.79,Mass Market,Peshawar,Khyber Pakhtunkhwa,2018-06-06
C002716,21,Female,Self-Employed,69856.53,Mass Market,Faisalabad,Punjab,2021-09-18
C002717,26,Male,Self-Employed,117601.95,Mass Affluent,Hyderabad,Sindh,2023-07-16
C002718,52,Male,Salaried,128319.55,Mass Affluent,Islamabad,Islamabad Capital,2018-04-02
C002719,51,Male,Salaried,47908.32,Mass Market,Rawalpindi,Punjab,2016-04-27
C002720,29,Female,Salaried,58280.69,Mass Market,Larkana,Sindh,2019-02-10
C002721,21,Male,Salaried,74711.38,Mass Market,Larkana,Sindh,2018-12-04
C002722,53,Male,Business Owner,54031.53,Mass Market,Mardan,Khyber Pakhtunkhwa,2019-11-27
C002723,27,Male,Salaried,52871.88,Mass Market,Faisalabad,Punjab,2019-08-07
C002724,34,Male,Salaried,787305.26,Premium,Multan,Punjab,2020-08-11
C002725,40,Male,Retired,70600.72,Mass Market,Lahore,Punjab,2015-11-15
C002726,27,Male,Self-Employed,38942.97,Mass Market,Peshawar,Khyber Pakhtunkhwa,2022-09-07
C002727,49,Female,Salaried,276940.93,Affluent,Swat,Khyber Pakhtunkhwa,2017-11-03
C002728,39,Male,Retired,93601.69,Mass Affluent,Sialkot,Punjab,2022-01-17
C002729,29,Female,Salaried,60313.59,Mass Market,Lahore,Punjab,2019-10-16
C002730,30,Female,Business Owner,224178.33,Mass Affluent,Gwadar,Balochistan,2017-12-21
C002731,53,Male,Salaried,320921.7,Affluent,Lahore,Punjab,2023-04-19
C002732,36,Male,Student,48755.11,Mass Market,Sialkot,Punjab,2017-06-23
C002733,46,Female,Salaried,65221.59,Mass Market,Hyderabad,Sindh,2019-03-25
C002734,39,Male,Salaried,262837.34,Affluent,Multan,Punjab,2017-09-07
C002735,21,Male,Unemployed,34122.38,Mass Affluent,Multan,Punjab,2020-01-10
C002736,47,Male,Self-Employed,659809.39,Premium,Karachi,Sindh,2016-01-10
C002737,51,Female,Salaried,67831.6,Mass Market,Sialkot,Punjab,2021-01-27
C002738,59,Female,Salaried,192066.57,Affluent,Larkana,Sindh,2015-03-26
C002739,21,Female,Salaried,54912.65,Mass Market,Sukkur,Sindh,2016-04-23
C002740,21,Female,Salaried,98717.67,Mass Affluent,Larkana,Sindh,2023-11-12
C002741,46,Male,Self-Employed,414074.53,Affluent,Sialkot,Punjab,2016-04-28
C002742,32,Male,Salaried,28863.87,Mass Market,Mardan,Khyber Pakhtunkhwa,2017-10-28
C002743,23,Female,Retired,117213.93,Mass Market,Gujranwala,Punjab,2019-04-21
C002744,40,Female,Business Owner,73012.45,Mass Affluent,Swat,Khyber Pakhtunkhwa,2019-06-12
C002745,34,Female,Retired,51177.19,Affluent,Rawalpindi,Punjab,2020-08-13
C002746,25,Male,Self-Employed,51560.75,Mass Market,Abbottabad,Khyber Pakhtunkhwa,2017-11-09
C002747,38,Female,Salaried,140387.67,Affluent,Gujranwala,Punjab,2018-12-15
C002748,45,Female,Self-Employed,85832.02,Mass Market,Lahore,Punjab,2015-09-25
C002749,41,Male,Salaried,23060.41,Mass Market,Sukkur,Sindh,2015-01-05
C002750,41,Male,Salaried,59287.9,Mass Market,Gujranwala,Punjab,2021-10-18
C002751,44,Female,Student,49424.86,Affluent,Lahore,Punjab,2023-01-12
C002752,21,Female,Business Owner,101240.88,Mass Market,Swat,Khyber Pakhtunkhwa,2021-04-17
C002753,38,Male,Salaried,70504.38,Mass Affluent,Abbottabad,Khyber Pakhtunkhwa,2023-09-07
C002754,42,Male,Salaried,49316.34,Mass Market,Lahore,Punjab,2023-03-04
C002755,35,Female,Salaried,422664.09,Affluent,Quetta,Balochistan,2023-08-03
C002756,30,Male,Self-Employed,201342.19,Mass Affluent,Abbottabad,Khyber Pakhtunkhwa,2022-02-14
C002757,31,Male,Salaried,97614.6,Mass Market,Abbottabad,Khyber Pakhtunkhwa,2016-09-27
C002758,36,Male,Student,28099.79,Mass Market,Hyderabad,Sindh,2021-08-30
C002759,49,Male,Self-Employed,49453.92,Mass Market,Sukkur,Sindh,2022-04-13
C002760,56,Male,Salaried,69120.38,Mass Market,Sukkur,Sindh,2019-09-15
C002761,54,Male,Business Owner,113989.45,Mass Affluent,Sukkur,Sindh,2018-02-07
C002762,22,Male,Retired,54135.24,Mass Affluent,Gwadar,Balochistan,2023-06-09
C002763,29,Female,Business Owner,57982.63,Mass Market,Faisalabad,Punjab,2020-11-25
C002764,46,Female,Salaried,60926.97,Mass Affluent,Multan,Punjab,2021-03-11
C002765,53,Female,Salaried,49226.38,Mass Market,Lahore,Punjab,2023-05-03
C002766,28,Male,Self-Employed,34344.59,Mass Market,Islamabad,Islamabad Capital,2016-01-02
C002767,41,Female,Business Owner,70888.65,Mass Market,Larkana,Sindh,2019-12-08
C002768,27,Female,Unemployed,12497.39,Mass Market,Hyderabad,Sindh,2021-12-30
C002769,42,Male,Salaried,65967.05,Mass Affluent,Mardan,Khyber Pakhtunkhwa,2018-08-13
C002770,32,Female,Self-Employed,83370.53,Mass Market,Islamabad,Islamabad Capital,2017-01-09
C002771,41,Male,Salaried,103348.72,Mass Affluent,Lahore,Punjab,2019-09-10
C002772,26,Male,Salaried,50914.4,Mass Market,Peshawar,Khyber Pakhtunkhwa,2022-04-07
C002773,21,Female,Salaried,89656.59,Mass Affluent,Quetta,Balochistan,2020-08-03
C002774,72,Male,Salaried,92850.76,Mass Market,Faisalabad,Punjab,2023-11-28
C002775,40,Female,Self-Employed,66496.0,Mass Market,Mardan,Khyber Pakhtunkhwa,2019-12-10
C002776,62,Male,Salaried,47530.47,Mass Market,Sialkot,Punjab,2016-03-03
C002777,56,Female,Business Owner,28991.74,Mass Market,Sukkur,Sindh,2016-03-12
C002778,21,Female,Self-Employed,155770.78,Mass Market,Hyderabad,Sindh,2015-09-22
C002779,43,Male,Salaried,127294.61,Mass Market,Gujranwala,Punjab,2021-07-07
C002780,25,Female,Business Owner,224957.89,Mass Affluent,Rawalpindi,Punjab,2022-01-09
C002781,36,Male,Salaried,45930.96,Mass Market,Rawalpindi,Punjab,2015-02-18
C002782,21,Male,Salaried,107466.0,Mass Affluent,Sialkot,Punjab,2022-03-08
C002783,22,Male,Unemployed,38722.11,Mass Affluent,Larkana,Sindh,2021-01-08
C002784,30,Female,Salaried,42720.55,Mass Market,Sialkot,Punjab,2021-01-23
C002785,33,Female,Salaried,89260.83,Mass Affluent,Sialkot,Punjab,2018-10-11
C002786,39,Female,Self-Employed,104438.34,Mass Market,Sukkur,Sindh,2019-03-10
C002787,28,Male,Salaried,127304.41,Mass Affluent,Larkana,Sindh,2015-01-14
C002788,41,Female,Salaried,84943.32,Mass Affluent,Karachi,Sindh,2022-09-20
C002789,51,Female,Business Owner,186708.4,Mass Affluent,Quetta,Balochistan,2021-05-23
C002790,42,Female,Self-Employed,48243.6,Mass Market,Sialkot,Punjab,2020-12-17
C002791,38,Female,Self-Employed,61275.48,Mass Affluent,Peshawar,Khyber Pakhtunkhwa,2023-07-29
C002792,43,Male,Student,41913.47,Mass Market,Rawalpindi,Punjab,2022-10-10
C002793,23,Female,Salaried,49307.54,Mass Market,Abbottabad,Khyber Pakhtunkhwa,2016-11-01
C002794,49,Female,Salaried,65230.63,Mass Market,Islamabad,Islamabad Capital,2018-01-04
C002795,26,Male,Salaried,64046.21,Mass Market,Mardan,Khyber Pakhtunkhwa,2017-06-25
C002796,56,Female,Salaried,207283.44,Mass Affluent,Hyderabad,Sindh,2018-01-26
C002797,47,Male,Unemployed,39128.32,Affluent,Larkana,Sindh,2015-12-20
C002798,45,Female,Business Owner,50269.39,Mass Market,Faisalabad,Punjab,2020-06-28
C002799,46,Male,Salaried,208648.74,Mass Affluent,Larkana,Sindh,2016-03-03
C002800,39,Female,Salaried,188564.59,Mass Affluent,Mardan,Khyber Pakhtunkhwa,2021-03-09
C002801,30,Male,Salaried,258184.83,Affluent,Islamabad,Islamabad Capital,2023-08-03
C002802,29,Female,Business Owner,145257.16,Mass Affluent,Karachi,Sindh,2016-03-15
C002803,58,Male,Salaried,50085.03,Mass Market,Sialkot,Punjab,2017-07-26
C002804,40,Male,Retired,95176.98,Mass Market,Karachi,Sindh,2016-06-05
C002805,27,Male,Salaried,299610.76,Mass Affluent,Gujranwala,Punjab,2022-02-18
C002806,45,Male,Salaried,48834.01,Mass Market,Gujranwala,Punjab,2022-06-29
C002807,43,Female,Retired,132535.06,Affluent,Lahore,Punjab,2020-10-03
C002808,35,Male,Student,38715.42,Affluent,Swat,Khyber Pakhtunkhwa,2020-03-02
C002809,29,Male,Salaried,370421.38,Affluent,Lahore,Punjab,2019-09-10
C002810,47,Female,Salaried,37944.27,Mass Market,Faisalabad,Punjab,2017-01-22
C002811,49,Male,Student,43000.54,Mass Affluent,Rawalpindi,Punjab,2020-06-24
C002812,43,Male,Business Owner,257379.15,Mass Affluent,Quetta,Balochistan,2017-12-31
C002813,40,Male,Self-Employed,74387.46,Mass Market,Karachi,Sindh,2018-07-02
C002814,30,Female,Self-Employed,62677.31,Mass Market,Lahore,Punjab,2022-05-10
C002815,44,Male,Retired,32045.07,Mass Market,Lahore,Punjab,2022-12-21
C002816,32,Male,Self-Employed,58925.73,Mass Market,Sukkur,Sindh,2016-11-27
C002817,25,Male,Salaried,327110.8,Affluent,Lahore,Punjab,2020-10-10
C002818,51,Female,Salaried,289713.57,Affluent,Sukkur,Sindh,2020-06-11
C002819,28,Male,Business Owner,87129.23,Mass Market,Hyderabad,Sindh,2023-07-17
C002820,21,Female,Salaried,91705.39,Mass Affluent,Quetta,Balochistan,2019-07-30
C002821,53,Male,Salaried,107234.27,Mass Market,Lahore,Punjab,2018-08-26
C002822,21,Female,Self-Employed,51097.43,Mass Market,Larkana,Sindh,2023-08-06
C002823,35,Male,Salaried,45191.57,Mass Market,Sialkot,Punjab,2023-07-01
C002824,27,Female,Unemployed,32777.37,Mass Affluent,Islamabad,Islamabad Capital,2021-11-09
C002825,31,Male,Salaried,152875.58,Mass Affluent,Islamabad,Islamabad Capital,2023-05-30
C002826,63,Male,Business Owner,144727.83,Affluent,Mardan,Khyber Pakhtunkhwa,2021-06-12
C002827,38,Male,Self-Employed,233216.66,Affluent,Sukkur,Sindh,2017-12-24
C002828,43,Male,Salaried,26284.14,Mass Market,Rawalpindi,Punjab,2021-10-10
C002829,48,Male,Salaried,100561.13,Mass Affluent,Swat,Khyber Pakhtunkhwa,2023-12-16
C002830,32,Male,Salaried,47178.59,Mass Market,Abbottabad,Khyber Pakhtunkhwa,2023-07-10
C002831,51,Male,Business Owner,67180.28,Mass Market,Multan,Punjab,2021-11-25
C002832,43,Male,Business Owner,44477.44,Mass Market,Larkana,Sindh,2017-04-22
C002833,47,Male,Salaried,48664.33,Mass Market,Hyderabad,Sindh,2021-12-13
C002834,31,Male,Salaried,98476.89,Mass Market,Abbottabad,Khyber Pakhtunkhwa,2015-04-24
C002835,44,Male,Unemployed,30115.33,Mass Market,Hyderabad,Sindh,2020-08-20
C002836,39,Female,Salaried,42283.67,Mass Market,Larkana,Sindh,2017-08-10
C002837,51,Male,Retired,55259.53,Affluent,Sukkur,Sindh,2016-05-08
C002838,33,Female,Salaried,69526.73,Mass Market,Multan,Punjab,2023-03-17
C002839,61,Male,Salaried,30988.15,Mass Market,Rawalpindi,Punjab,2021-09-09
C002840,43,Male,Self-Employed,462712.98,Premium,Rawalpindi,Punjab,2021-04-16
C002841,38,Female,Salaried,41139.06,Mass Affluent,Mardan,Khyber Pakhtunkhwa,2020-07-25
C002842,36,Female,Student,17411.22,Mass Market,Karachi,Sindh,2016-05-27
C002843,39,Female,Business Owner,185974.4,Affluent,Karachi,Sindh,2019-10-15
C002844,32,Male,Business Owner,63132.57,Mass Market,Gujranwala,Punjab,2018-01-21
C002845,46,Female,Business Owner,159382.39,Mass Market,Multan,Punjab,2023-12-08
C002846,39,Female,Business Owner,238156.23,Mass Affluent,Hyderabad,Sindh,2020-05-28
C002847,60,Male,Business Owner,44830.21,Mass Market,Rawalpindi,Punjab,2022-09-24
C002848,34,Male,Self-Employed,88605.79,Mass Affluent,Multan,Punjab,2016-06-19
C002849,38,Female,Student,28664.87,Mass Market,Peshawar,Khyber Pakhtunkhwa,2017-08-24
C002850,34,Male,Self-Employed,88739.92,Mass Affluent,Lahore,Punjab,2020-05-21
C002851,60,Male,Salaried,189456.81,Mass Affluent,Multan,Punjab,2023-10-02
C002852,23,Male,Salaried,1500000.0,Premium,Hyderabad,Sindh,2015-09-01
C002853,40,Male,Salaried,77556.25,Mass Market,Peshawar,Khyber Pakhtunkhwa,2016-01-24
C002854,42,Male,Salaried,94091.69,Mass Market,Gujranwala,Punjab,2021-07-16
C002855,27,Male,Salaried,420162.27,Affluent,Swat,Khyber Pakhtunkhwa,2017-09-14
C002856,68,Male,Salaried,105197.24,Mass Affluent,Gwadar,Balochistan,2020-12-08
C002857,29,Male,Salaried,66994.93,Mass Market,Sukkur,Sindh,2018-11-05
C002858,39,Male,Student,14888.77,Mass Market,Sukkur,Sindh,2021-10-31
C002859,58,Female,Business Owner,212237.76,Mass Affluent,Mardan,Khyber Pakhtunkhwa,2015-02-16
C002860,35,Female,Salaried,86072.18,Mass Affluent,Hyderabad,Sindh,2020-10-18
C002861,41,Male,Retired,100103.66,Mass Affluent,Lahore,Punjab,2020-10-19
C002862,35,Male,Retired,93242.87,Affluent,Karachi,Sindh,2017-05-29
C002863,38,Female,Student,56055.15,Mass Market,Gujranwala,Punjab,2021-03-04
C002864,51,Female,Salaried,45620.91,Mass Market,Gujranwala,Punjab,2018-11-19
C002865,34,Female,Salaried,121881.73,Mass Affluent,Lahore,Punjab,2022-11-11
C002866,21,Female,Salaried,199470.35,Affluent,Rawalpindi,Punjab,2021-11-26
C002867,39,Male,Business Owner,63673.96,Mass Market,Rawalpindi,Punjab,2021-07-18
C002868,40,Male,Self-Employed,91751.68,Mass Affluent,Larkana,Sindh,2019-09-22
C002869,41,Male,Business Owner,43528.39,Mass Market,Turbat,Balochistan,2021-01-31
C002870,37,Male,Business Owner,73859.72,Mass Market,Sialkot,Punjab,2016-04-07
C002871,30,Female,Retired,89695.2,Affluent,Karachi,Sindh,2018-10-14
C002872,36,Male,Self-Employed,53667.58,Mass Market,Larkana,Sindh,2018-04-21
C002873,58,Female,Retired,116216.33,Mass Market,Multan,Punjab,2015-08-27
C002874,39,Female,Business Owner,202848.92,Mass Affluent,Lahore,Punjab,2022-04-12
C002875,46,Female,Salaried,50600.02,Mass Market,Gujranwala,Punjab,2020-10-19
C002876,28,Male,Business Owner,131370.85,Mass Market,Rawalpindi,Punjab,2017-12-21
C002877,36,Male,Salaried,123621.4,Mass Affluent,Sialkot,Punjab,2015-03-14
C002878,28,Male,Salaried,63176.98,Mass Market,Faisalabad,Punjab,2023-09-21
C002879,53,Female,Unemployed,32567.45,Mass Affluent,Hyderabad,Sindh,2020-12-02
C002880,22,Male,Salaried,65814.49,Mass Market,Sialkot,Punjab,2022-04-05
C002881,43,Female,Salaried,224851.49,Mass Market,Rawalpindi,Punjab,2015-09-03
C002882,43,Male,Retired,112457.99,Mass Affluent,Gujranwala,Punjab,2023-03-25
C002883,42,Female,Salaried,97450.97,Mass Market,Larkana,Sindh,2015-07-15
C002884,21,Male,Salaried,289811.41,Affluent,Gujranwala,Punjab,2023-03-21
C002885,21,Female,Salaried,437392.54,Affluent,Hyderabad,Sindh,2020-02-07
C002886,40,Female,Self-Employed,134380.13,Affluent,Rawalpindi,Punjab,2022-10-27
C002887,29,Male,Salaried,125637.66,Mass Market,Rawalpindi,Punjab,2023-04-12
C002888,32,Female,Salaried,68301.67,Mass Market,Islamabad,Islamabad Capital,2022-11-28
C002889,34,Female,Business Owner,252912.26,Affluent,Sialkot,Punjab,2021-07-04
C002890,27,Male,Salaried,84571.92,Mass Market,Faisalabad,Punjab,2015-12-10
C002891,26,Female,Self-Employed,137307.14,Mass Affluent,Rawalpindi,Punjab,2021-04-20
C002892,39,Female,Salaried,181018.02,Affluent,Islamabad,Islamabad Capital,2019-09-24
C002893,21,Male,Self-Employed,23890.91,Mass Market,Hyderabad,Sindh,2022-02-23
C002894,33,Male,Self-Employed,120090.65,Mass Market,Karachi,Sindh,2023-10-27
C002895,32,Female,Salaried,119444.47,Mass Affluent,Islamabad,Islamabad Capital,2019-02-22
C002896,39,Female,Salaried,102988.91,Mass Affluent,Rawalpindi,Punjab,2017-06-08
C002897,65,Male,Salaried,48957.97,Mass Market,Islamabad,Islamabad Capital,2021-07-26
C002898,28,Male,Salaried,226791.9,Mass Affluent,Sialkot,Punjab,2017-02-28
C002899,43,Male,Salaried,107909.41,Mass Affluent,Larkana,Sindh,2019-04-21
C002900,41,Male,Salaried,76646.47,Mass Market,Sialkot,Punjab,2021-05-04
C002901,45,Male,Salaried,52835.6,Mass Market,Multan,Punjab,2023-07-18
C002902,37,Male,Salaried,80697.44,Mass Affluent,Quetta,Balochistan,2021-08-18
C002903,55,Male,Salaried,183098.22,Mass Affluent,Faisalabad,Punjab,2021-05-29
C002904,47,Female,Business Owner,425783.64,Affluent,Islamabad,Islamabad Capital,2019-09-03
C002905,47,Female,Salaried,46349.17,Mass Market,Lahore,Punjab,2017-09-19
C002906,23,Female,Self-Employed,276011.33,Affluent,Karachi,Sindh,2022-09-01
C002907,40,Male,Self-Employed,134881.66,Mass Affluent,Islamabad,Islamabad Capital,2018-04-14
C002908,33,Male,Salaried,153958.31,Mass Affluent,Rawalpindi,Punjab,2016-12-03
C002909,30,Female,Salaried,126904.52,Mass Market,Quetta,Balochistan,2020-10-02
C002910,32,Female,Salaried,53052.07,Mass Market,Larkana,Sindh,2023-03-28
C002911,38,Male,Self-Employed,52927.75,Mass Market,Sukkur,Sindh,2019-04-10
C002912,44,Female,Salaried,56133.05,Mass Market,Sialkot,Punjab,2018-04-30
C002913,50,Male,Salaried,41942.64,Mass Market,Hyderabad,Sindh,2016-05-26
C002914,49,Male,Retired,64206.52,Affluent,Sukkur,Sindh,2022-05-03
C002915,42,Female,Business Owner,63128.64,Mass Market,Hyderabad,Sindh,2020-09-12
C002916,40,Male,Salaried,342117.69,Affluent,Gujranwala,Punjab,2016-08-14
C002917,35,Male,Retired,76918.76,Mass Market,Gujranwala,Punjab,2020-07-25
C002918,36,Female,Salaried,273406.9,Affluent,Peshawar,Khyber Pakhtunkhwa,2018-05-08
C002919,30,Male,Salaried,42641.47,Mass Market,Gujranwala,Punjab,2015-02-24
C002920,34,Male,Salaried,143086.22,Mass Affluent,Karachi,Sindh,2020-10-04
C002921,43,Male,Retired,39971.21,Mass Affluent,Islamabad,Islamabad Capital,2018-06-08
C002922,56,Female,Salaried,335374.73,Affluent,Rawalpindi,Punjab,2016-11-15
C002923,37,Male,Business Owner,67852.85,Mass Market,Sialkot,Punjab,2021-08-04
C002924,30,Female,Self-Employed,69685.67,Mass Market,Sukkur,Sindh,2016-11-17
C002925,50,Male,Self-Employed,462167.1,Affluent,Lahore,Punjab,2016-08-16
C002926,21,Female,Salaried,74573.07,Mass Market,Karachi,Sindh,2016-08-17
C002927,50,Female,Salaried,156048.39,Mass Affluent,Karachi,Sindh,2022-09-01
C002928,23,Male,Business Owner,30944.34,Mass Market,Sukkur,Sindh,2018-11-12
C002929,46,Female,Salaried,89538.92,Mass Market,Multan,Punjab,2020-02-09
C002930,34,Male,Self-Employed,116088.11,Mass Affluent,Sukkur,Sindh,2022-06-07
C002931,43,Male,Salaried,133972.51,Mass Affluent,Karachi,Sindh,2018-08-30
C002932,62,Male,Business Owner,80144.55,Mass Affluent,Rawalpindi,Punjab,2017-06-01
C002933,30,Female,Business Owner,132753.83,Mass Market,Karachi,Sindh,2023-11-17
C002934,28,Male,Self-Employed,50771.36,Mass Affluent,Turbat,Balochistan,2020-09-26
C002935,40,Female,Salaried,1100185.83,Premium,Karachi,Sindh,2017-08-28
C002936,56,Female,Salaried,70520.65,Mass Market,Larkana,Sindh,2023-05-01
C002937,41,Male,Salaried,29088.21,Mass Market,Rawalpindi,Punjab,2017-12-26
C002938,39,Male,Salaried,130083.37,Mass Market,Sialkot,Punjab,2023-12-28
C002939,41,Female,Business Owner,158026.91,Mass Affluent,Rawalpindi,Punjab,2020-07-31
C002940,28,Male,Salaried,24488.03,Mass Market,Faisalabad,Punjab,2019-02-17
C002941,41,Male,Salaried,110719.61,Mass Affluent,Islamabad,Islamabad Capital,2021-06-10
C002942,35,Male,Salaried,73512.85,Mass Market,Gujranwala,Punjab,2018-04-03
C002943,54,Male,Salaried,249277.03,Mass Affluent,Swat,Khyber Pakhtunkhwa,2022-06-15
C002944,48,Female,Self-Employed,239672.96,Affluent,Faisalabad,Punjab,2022-10-23
C002945,24,Male,Business Owner,21944.54,Mass Market,Faisalabad,Punjab,2015-11-21
C002946,36,Female,Salaried,104456.68,Mass Market,Faisalabad,Punjab,2015-02-03
C002947,45,Female,Salaried,72505.42,Mass Market,Rawalpindi,Punjab,2015-08-14
C002948,28,Female,Self-Employed,25686.72,Mass Market,Swat,Khyber Pakhtunkhwa,2019-02-28
C002949,27,Female,Self-Employed,68345.05,Mass Market,Islamabad,Islamabad Capital,2020-12-22
C002950,34,Male,Student,43222.67,Affluent,Gwadar,Balochistan,2020-10-17
C002951,43,Male,Business Owner,53035.02,Mass Market,Sialkot,Punjab,2017-04-28
C002952,50,Male,Student,26517.02,Mass Market,Swat,Khyber Pakhtunkhwa,2022-04-17
C002953,42,Female,Student,38342.04,Mass Market,Faisalabad,Punjab,2015-10-28
C002954,66,Female,Student,56233.14,Mass Affluent,Turbat,Balochistan,2021-03-01
C002955,32,Male,Self-Employed,320404.21,Affluent,Karachi,Sindh,2019-03-13
C002956,47,Female,Self-Employed,80957.26,Mass Market,Rawalpindi,Punjab,2015-03-08
C002957,27,Male,Business Owner,26527.15,Mass Market,Faisalabad,Punjab,2022-10-02
C002958,57,Female,Salaried,66129.43,Mass Market,Lahore,Punjab,2021-01-26
C002959,54,Male,Salaried,752327.18,Premium,Lahore,Punjab,2019-12-29
C002960,47,Male,Retired,110364.27,Affluent,Gwadar,Balochistan,2020-11-15
C002961,21,Male,Self-Employed,51444.29,Mass Market,Peshawar,Khyber Pakhtunkhwa,2017-10-22
C002962,47,Female,Salaried,222975.61,Mass Affluent,Islamabad,Islamabad Capital,2015-01-31
C002963,30,Female,Salaried,216676.93,Mass Affluent,Sialkot,Punjab,2018-05-31
C002964,44,Male,Salaried,113111.46,Mass Affluent,Sukkur,Sindh,2017-09-09
C002965,23,Male,Salaried,58135.41,Mass Market,Sialkot,Punjab,2021-04-02
C002966,42,Male,Self-Employed,174309.72,Mass Affluent,Sukkur,Sindh,2019-03-24
C002967,35,Male,Self-Employed,211649.81,Mass Affluent,Rawalpindi,Punjab,2023-09-01
C002968,30,Female,Salaried,44011.27,Mass Market,Gujranwala,Punjab,2020-09-09
C002969,46,Male,Salaried,40317.63,Mass Market,Karachi,Sindh,2021-02-09
C002970,38,Male,Salaried,66588.11,Mass Market,Gujranwala,Punjab,2021-02-13
C002971,37,Male,Salaried,39149.37,Mass Market,Sukkur,Sindh,2017-08-18
C002972,47,Female,Salaried,28652.64,Mass Market,Hyderabad,Sindh,2019-11-22
C002973,60,Male,Self-Employed,205007.54,Affluent,Rawalpindi,Punjab,2023-03-10
C002974,42,Male,Salaried,328097.81,Affluent,Turbat,Balochistan,2023-12-08
C002975,21,Male,Retired,58458.27,Mass Market,Karachi,Sindh,2017-11-15
C002976,22,Female,Self-Employed,45833.44,Mass Market,Abbottabad,Khyber Pakhtunkhwa,2021-03-03
C002977,40,Female,Salaried,124003.92,Mass Affluent,Sukkur,Sindh,2015-09-27
C002978,50,Male,Salaried,63653.33,Mass Market,Abbottabad,Khyber Pakhtunkhwa,2016-06-27
C002979,40,Male,Salaried,46893.39,Mass Market,Peshawar,Khyber Pakhtunkhwa,2018-09-10
C002980,45,Female,Salaried,98613.9,Mass Affluent,Quetta,Balochistan,2021-07-21
C002981,38,Male,Retired,89330.9,Mass Market,Larkana,Sindh,2016-08-15
C002982,50,Male,Business Owner,38065.96,Mass Market,Lahore,Punjab,2016-12-06
C002983,46,Male,Business Owner,97117.08,Mass Affluent,Sialkot,Punjab,2021-06-09
C002984,28,Male,Self-Employed,120367.68,Mass Affluent,Karachi,Sindh,2016-07-06
C002985,44,Male,Retired,100272.11,Mass Market,Lahore,Punjab,2015-08-27
C002986,22,Male,Student,52807.37,Mass Affluent,Sialkot,Punjab,2020-09-03
C002987,44,Male,Salaried,266421.38,Affluent,Gujranwala,Punjab,2019-07-13
C002988,36,Male,Salaried,36738.28,Mass Market,Sukkur,Sindh,2019-08-18
C002989,41,Male,Salaried,100237.08,Mass Affluent,Multan,Punjab,2019-12-22
C002990,43,Female,Salaried,80965.46,Mass Market,Hyderabad,Sindh,2023-07-06
C002991,42,Male,Self-Employed,58339.73,Mass Market,Mardan,Khyber Pakhtunkhwa,2020-03-30
C002992,55,Female,Salaried,113136.06,Mass Market,Abbottabad,Khyber Pakhtunkhwa,2020-11-28
C002993,39,Female,Business Owner,58376.27,Mass Market,Sialkot,Punjab,2019-09-11
C002994,41,Male,Salaried,86677.08,Mass Market,Larkana,Sindh,2018-04-18
C002995,54,Female,Business Owner,175835.49,Mass Affluent,Karachi,Sindh,2016-03-24
C002996,60,Male,Salaried,59699.33,Mass Market,Sukkur,Sindh,2020-11-01
C002997,39,Male,Salaried,169837.41,Affluent,Larkana,Sindh,2022-10-01
C002998,33,Female,Student,50100.54,Mass Market,Faisalabad,Punjab,2021-04-26
C002999,34,Male,Salaried,228683.0,Affluent,Islamabad,Islamabad Capital,2017-11-07
C003000,44,Female,Business Owner,104626.33,Mass Affluent,Gujranwala,Punjab,2020-07-03
C003001,37,Female,Student,27131.31,Mass Market,Swat,Khyber Pakhtunkhwa,2018-10-01
C003002,21,Female,Salaried,74940.73,Mass Affluent,Karachi,Sindh,2023-10-08
C003003,51,Male,Salaried,93267.69,Mass Affluent,Rawalpindi,Punjab,2019-07-11
C003004,48,Female,Salaried,40844.0,Mass Market,Mardan,Khyber Pakhtunkhwa,2019-03-21
C003005,52,Female,Salaried,54474.86,Mass Market,Sialkot,Punjab,2023-08-10
C003006,54,Male,Retired,139955.2,Mass Affluent,Mardan,Khyber Pakhtunkhwa,2016-09-19
C003007,41,Male,Business Owner,99545.17,Mass Affluent,Larkana,Sindh,2017-04-29
C003008,42,Female,Salaried,63169.44,Mass Market,Lahore,Punjab,2016-10-24
C003009,50,Male,Business Owner,109746.61,Mass Affluent,Lahore,Punjab,2021-02-28
C003010,26,Female,Retired,43423.5,Mass Market,Swat,Khyber Pakhtunkhwa,2021-03-05
C003011,35,Male,Salaried,39266.8,Mass Market,Multan,Punjab,2021-05-07
C003012,38,Female,Salaried,94891.49,Mass Affluent,Quetta,Balochistan,2023-05-11
C003013,49,Male,Student,25252.24,Premium,Abbottabad,Khyber Pakhtunkhwa,2015-03-23
C003014,33,Male,Business Owner,46031.72,Mass Market,Karachi,Sindh,2017-03-18
C003015,31,Female,Salaried,26947.8,Mass Market,Gujranwala,Punjab,2018-07-13
C003016,34,Male,Salaried,68330.3,Mass Market,Sukkur,Sindh,2016-11-27
C003017,44,Female,Salaried,99335.82,Mass Affluent,Islamabad,Islamabad Capital,2015-05-15
C003018,38,Male,Self-Employed,65825.44,Mass Market,Lahore,Punjab,2017-02-21
C003019,23,Male,Self-Employed,57992.94,Mass Market,Multan,Punjab,2016-04-21
C003020,25,Female,Salaried,73943.22,Mass Market,Rawalpindi,Punjab,2023-06-22
C003021,41,Male,Business Owner,269598.26,Affluent,Gujranwala,Punjab,2015-09-12
C003022,41,Male,Salaried,55050.71,Mass Market,Swat,Khyber Pakhtunkhwa,2016-12-05
C003023,39,Male,Business Owner,201088.32,Mass Affluent,Sukkur,Sindh,2017-04-10
C003024,34,Male,Self-Employed,25827.78,Mass Market,Larkana,Sindh,2021-05-30
C003025,48,Female,Salaried,36257.97,Mass Market,Faisalabad,Punjab,2021-03-28
C003026,43,Male,Salaried,43851.48,Mass Market,Rawalpindi,Punjab,2022-10-21
C003027,43,Male,Salaried,31533.92,Mass Market,Gujranwala,Punjab,2016-05-02
C003028,43,Male,Business Owner,50007.73,Mass Market,Mardan,Khyber Pakhtunkhwa,2022-09-01
C003029,57,Male,Self-Employed,48167.0,Mass Market,Hyderabad,Sindh,2018-07-21
C003030,28,Female,Salaried,86897.62,Mass Market,Lahore,Punjab,2022-05-23
C003031,34,Male,Unemployed,9252.98,Mass Market,Abbottabad,Khyber Pakhtunkhwa,2020-02-26
C003032,35,Male,Business Owner,55334.7,Mass Market,Gujranwala,Punjab,2019-05-16
C003033,53,Male,Salaried,51935.67,Mass Market,Faisalabad,Punjab,2016-11-02
C003034,35,Male,Salaried,40228.92,Mass Market,Sialkot,Punjab,2015-04-24
C003035,30,Female,Self-Employed,84170.65,Mass Market,Islamabad,Islamabad Capital,2017-04-29
C003036,38,Female,Salaried,205894.46,Mass Affluent,Larkana,Sindh,2017-01-01
C003037,40,Male,Unemployed,19516.75,Affluent,Sukkur,Sindh,2020-01-01
C003038,52,Male,Self-Employed,240604.78,Mass Affluent,Faisalabad,Punjab,2021-06-10
C003039,35,Female,Salaried,46496.23,Mass Market,Rawalpindi,Punjab,2021-04-18
C003040,31,Male,Salaried,469559.65,Premium,Larkana,Sindh,2022-06-18
C003041,29,Male,Salaried,748007.68,Premium,Sialkot,Punjab,2019-04-13
C003042,35,Female,Salaried,74285.91,Mass Market,Gwadar,Balochistan,2017-03-02
C003043,67,Female,Salaried,58396.98,Mass Market,Peshawar,Khyber Pakhtunkhwa,2018-04-08
C003044,43,Male,Student,31874.33,Mass Affluent,Karachi,Sindh,2018-01-20
C003045,46,Male,Business Owner,975788.39,Premium,Mardan,Khyber Pakhtunkhwa,2022-08-24
C003046,39,Female,Retired,55163.53,Mass Affluent,Islamabad,Islamabad Capital,2020-11-13
C003047,41,Female,Salaried,126646.81,Mass Affluent,Karachi,Sindh,2022-07-01
C003048,48,Male,Salaried,247441.38,Mass Affluent,Sukkur,Sindh,2017-08-12
C003049,45,Male,Business Owner,376026.65,Premium,Quetta,Balochistan,2017-06-11
C003050,43,Female,Salaried,50403.36,Mass Market,Faisalabad,Punjab,2022-07-27
C003051,39,Male,Salaried,88579.1,Mass Market,Gwadar,Balochistan,2021-06-12
C003052,35,Female,Unemployed,8466.65,Affluent,Gujranwala,Punjab,2015-05-20
C003053,44,Female,Business Owner,84273.82,Mass Market,Karachi,Sindh,2020-08-11
C003054,40,Male,Student,12504.69,Mass Market,Mardan,Khyber Pakhtunkhwa,2015-03-23
C003055,62,Female,Salaried,67786.85,Mass Market,Hyderabad,Sindh,2015-08-20
C003056,51,Male,Self-Employed,53837.27,Mass Market,Hyderabad,Sindh,2015-10-11
C003057,32,Female,Salaried,142289.4,Mass Market,Larkana,Sindh,2015-07-27
C003058,26,Male,Salaried,176813.94,Mass Affluent,Lahore,Punjab,2019-03-04
C003059,35,Male,Salaried,59493.29,Mass Market,Faisalabad,Punjab,2015-01-01
C003060,27,Female,Student,56350.37,Mass Affluent,Sialkot,Punjab,2019-12-19
C003061,34,Female,Salaried,61250.62,Mass Market,Hyderabad,Sindh,2016-04-25
C003062,28,Male,Self-Employed,365189.1,Affluent,Hyderabad,Sindh,2017-03-30
C003063,35,Male,Student,47270.7,Mass Affluent,Rawalpindi,Punjab,2016-01-25
C003064,36,Male,Business Owner,1049988.24,Premium,Quetta,Balochistan,2017-04-01
C003065,41,Female,Salaried,36268.45,Mass Market,Faisalabad,Punjab,2015-12-02
C003066,37,Female,Self-Employed,64861.95,Mass Market,Sukkur,Sindh,2019-10-24
C003067,29,Male,Salaried,95040.98,Mass Affluent,Rawalpindi,Punjab,2018-08-18
C003068,52,Male,Salaried,284594.12,Affluent,Gujranwala,Punjab,2023-03-06
C003069,43,Female,Salaried,87338.53,Mass Market,Peshawar,Khyber Pakhtunkhwa,2021-06-30
C003070,33,Female,Self-Employed,67819.05,Mass Affluent,Sukkur,Sindh,2018-08-26
C003071,29,Female,Business Owner,121891.67,Mass Affluent,Sialkot,Punjab,2019-02-13
C003072,23,Female,Retired,112299.41,Mass Market,Islamabad,Islamabad Capital,2015-03-05
C003073,22,Male,Salaried,116905.87,Mass Affluent,Mardan,Khyber Pakhtunkhwa,2019-12-19
C003074,51,Male,Salaried,34682.5,Mass Market,Mardan,Khyber Pakhtunkhwa,2019-12-27
C003075,49,Male,Salaried,63804.46,Mass Market,Swat,Khyber Pakhtunkhwa,2018-01-09
C003076,33,Male,Unemployed,37072.15,Affluent,Turbat,Balochistan,2017-09-19
C003077,54,Female,Student,45321.09,Mass Market,Lahore,Punjab,2020-12-01
C003078,46,Female,Retired,32682.18,Mass Affluent,Sukkur,Sindh,2020-09-12
C003079,41,Female,Salaried,130527.08,Mass Affluent,Sukkur,Sindh,2017-12-25
C003080,48,Male,Salaried,877731.33,Premium,Lahore,Punjab,2021-11-15
C003081,46,Female,Self-Employed,101461.44,Mass Market,Faisalabad,Punjab,2017-10-15
C003082,41,Female,Salaried,42264.41,Mass Market,Gujranwala,Punjab,2018-11-08
C003083,36,Male,Salaried,103506.98,Mass Market,Sukkur,Sindh,2023-07-02
C003084,38,Male,Salaried,128187.95,Mass Affluent,Peshawar,Khyber Pakhtunkhwa,2021-03-27
C003085,21,Female,Salaried,41370.23,Mass Market,Peshawar,Khyber Pakhtunkhwa,2018-12-14
C003086,30,Male,Salaried,145612.67,Mass Affluent,Lahore,Punjab,2020-03-22
C003087,59,Female,Retired,140716.37,Mass Market,Gujranwala,Punjab,2019-01-08
C003088,30,Male,Business Owner,35151.95,Mass Market,Karachi,Sindh,2016-07-29
C003089,21,Male,Business Owner,184267.92,Affluent,Sukkur,Sindh,2015-08-27
C003090,49,Female,Salaried,521635.49,Affluent,Turbat,Balochistan,2022-06-06
C003091,42,Male,Business Owner,66699.87,Mass Market,Turbat,Balochistan,2023-04-16
C003092,42,Male,Salaried,228289.89,Mass Affluent,Gwadar,Balochistan,2023-01-08
C003093,37,Male,Salaried,51215.73,Mass Market,Mardan,Khyber Pakhtunkhwa,2018-04-25
C003094,49,Male,Salaried,95862.55,Mass Affluent,Islamabad,Islamabad Capital,2018-09-30
C003095,56,Male,Salaried,31648.32,Mass Market,Larkana,Sindh,2021-02-13
C003096,33,Female,Student,32582.91,Mass Affluent,Multan,Punjab,2018-03-28
C003097,46,Male,Student,33764.49,Mass Market,Gujranwala,Punjab,2021-01-14
C003098,51,Male,Salaried,51391.74,Mass Market,Sialkot,Punjab,2019-05-26
C003099,33,Male,Self-Employed,96189.85,Mass Affluent,Lahore,Punjab,2022-12-20
C003100,56,Female,Salaried,92070.54,Mass Market,Faisalabad,Punjab,2022-10-07
C003101,51,Male,Salaried,56091.13,Mass Market,Islamabad,Islamabad Capital,2022-11-27
C003102,25,Female,Self-Employed,56320.75,Mass Market,Gujranwala,Punjab,2022-03-25
C003103,57,Female,Business Owner,47753.47,Mass Market,Islamabad,Islamabad Capital,2016-05-20
C003104,26,Male,Business Owner,111352.39,Mass Affluent,Swat,Khyber Pakhtunkhwa,2022-01-04
C003105,31,Male,Salaried,73950.15,Mass Market,Karachi,Sindh,2015-12-24
C003106,47,Female,Self-Employed,75890.17,Mass Affluent,Hyderabad,Sindh,2021-06-21
C003107,50,Male,Salaried,288723.58,Affluent,Lahore,Punjab,2022-12-31
C003108,40,Female,Salaried,86268.7,Mass Market,Hyderabad,Sindh,2022-08-23
C003109,32,Female,Salaried,125879.63,Mass Affluent,Faisalabad,Punjab,2017-06-19
C003110,36,Female,Salaried,89563.74,Mass Market,Quetta,Balochistan,2021-06-12
C003111,35,Male,Salaried,99860.3,Mass Market,Lahore,Punjab,2022-07-11
C003112,48,Male,Salaried,84580.68,Mass Market,Gujranwala,Punjab,2015-05-14
C003113,35,Male,Business Owner,48920.05,Mass Market,Mardan,Khyber Pakhtunkhwa,2018-08-31
C003114,32,Male,Salaried,59197.42,Mass Market,Karachi,Sindh,2016-07-02
C003115,23,Female,Salaried,68424.93,Mass Market,Sukkur,Sindh,2018-02-19
C003116,32,Male,Retired,135821.19,Affluent,Hyderabad,Sindh,2023-01-23
C003117,38,Female,Student,21816.14,Mass Affluent,Multan,Punjab,2016-08-07
C003118,27,Female,Salaried,226044.19,Affluent,Hyderabad,Sindh,2021-02-01
C003119,21,Male,Salaried,341752.74,Mass Affluent,Sialkot,Punjab,2023-10-02
C003120,50,Female,Salaried,117274.81,Mass Affluent,Multan,Punjab,2022-07-09
C003121,28,Female,Retired,64102.45,Mass Market,Faisalabad,Punjab,2015-07-30
C003122,25,Male,Salaried,93425.24,Mass Affluent,Faisalabad,Punjab,2023-06-17
C003123,56,Female,Salaried,114550.88,Mass Market,Gujranwala,Punjab,2019-09-17
C003124,48,Male,Business Owner,242483.57,Affluent,Karachi,Sindh,2023-12-17
C003125,50,Female,Business Owner,285693.86,Affluent,Faisalabad,Punjab,2021-06-20
C003126,45,Female,Salaried,29901.54,Mass Market,Rawalpindi,Punjab,2021-10-10
C003127,53,Female,Salaried,198709.27,Mass Affluent,Karachi,Sindh,2018-10-05
C003128,49,Male,Salaried,215758.12,Mass Affluent,Rawalpindi,Punjab,2016-05-30
C003129,35,Male,Salaried,82795.3,Mass Affluent,Larkana,Sindh,2017-08-29
C003130,27,Female,Salaried,93762.99,Mass Market,Islamabad,Islamabad Capital,2019-07-08
C003131,25,Female,Business Owner,78207.47,Mass Affluent,Multan,Punjab,2016-05-31
C003132,37,Male,Business Owner,165293.05,Mass Affluent,Gwadar,Balochistan,2015-03-01
C003133,27,Female,Business Owner,53780.77,Mass Market,Gujranwala,Punjab,2016-10-02
C003134,30,Male,Business Owner,99695.55,Mass Market,Gujranwala,Punjab,2021-12-25
C003135,37,Female,Self-Employed,65959.26,Mass Market,Mardan,Khyber Pakhtunkhwa,2023-07-02
C003136,54,Male,Salaried,398914.67,Affluent,Abbottabad,Khyber Pakhtunkhwa,2022-05-29
C003137,22,Male,Business Owner,96033.02,Mass Market,Mardan,Khyber Pakhtunkhwa,2018-09-18
C003138,39,Male,Salaried,53718.24,Mass Market,Multan,Punjab,2019-07-28
C003139,25,Male,Salaried,59344.61,Mass Market,Peshawar,Khyber Pakhtunkhwa,2015-04-18
C003140,33,Female,Salaried,183559.81,Affluent,Gujranwala,Punjab,2019-09-06
C003141,49,Female,Business Owner,115992.46,Mass Affluent,Lahore,Punjab,2018-07-09
C003142,30,Female,Self-Employed,124790.0,Mass Market,Lahore,Punjab,2018-05-26
C003143,36,Male,Salaried,79961.23,Mass Market,Islamabad,Islamabad Capital,2020-06-30
C003144,41,Female,Salaried,87407.98,Mass Affluent,Gujranwala,Punjab,2018-10-07
C003145,47,Female,Student,53040.57,Mass Market,Abbottabad,Khyber Pakhtunkhwa,2020-07-24
C003146,33,Female,Salaried,69558.34,Mass Market,Sukkur,Sindh,2022-07-25
C003147,53,Female,Salaried,856892.91,Premium,Abbottabad,Khyber Pakhtunkhwa,2015-11-06
C003148,34,Male,Business Owner,72294.32,Mass Market,Mardan,Khyber Pakhtunkhwa,2023-02-06
C003149,44,Female,Self-Employed,70376.03,Mass Market,Abbottabad,Khyber Pakhtunkhwa,2017-05-08
C003150,37,Male,Salaried,28084.37,Mass Market,Gujranwala,Punjab,2021-07-05
C003151,47,Female,Salaried,197982.57,Mass Affluent,Lahore,Punjab,2021-08-12
C003152,61,Male,Retired,89957.69,Mass Affluent,Karachi,Sindh,2023-11-26
C003153,36,Male,Salaried,88271.75,Mass Market,Rawalpindi,Punjab,2023-11-15
C003154,39,Male,Student,32167.19,Mass Affluent,Gujranwala,Punjab,2016-11-10
C003155,34,Female,Business Owner,384623.92,Affluent,Lahore,Punjab,2019-08-12
C003156,33,Male,Student,57818.99,Mass Affluent,Sialkot,Punjab,2023-03-05
C003157,31,Male,Salaried,89207.96,Mass Market,Rawalpindi,Punjab,2015-10-10
C003158,39,Female,Salaried,60369.31,Mass Market,Sialkot,Punjab,2020-11-05
C003159,30,Male,Salaried,311544.36,Affluent,Gwadar,Balochistan,2022-11-14
C003160,31,Female,Salaried,69976.08,Mass Market,Rawalpindi,Punjab,2019-02-20
C003161,21,Female,Salaried,122514.41,Mass Market,Islamabad,Islamabad Capital,2018-12-08
C003162,54,Female,Salaried,75373.0,Mass Market,Islamabad,Islamabad Capital,2018-08-11
C003163,57,Male,Salaried,169759.97,Affluent,Gujranwala,Punjab,2021-08-08
C003164,46,Female,Self-Employed,48425.78,Mass Market,Abbottabad,Khyber Pakhtunkhwa,2016-06-25
C003165,29,Female,Salaried,75307.98,Mass Market,Hyderabad,Sindh,2017-03-15
C003166,25,Male,Salaried,209817.46,Mass Affluent,Larkana,Sindh,2015-10-18
C003167,22,Female,Salaried,45600.45,Mass Market,Sialkot,Punjab,2022-11-06
C003168,46,Male,Business Owner,140540.83,Mass Market,Faisalabad,Punjab,2022-01-14
C003169,53,Male,Salaried,64140.37,Mass Market,Lahore,Punjab,2017-05-26
C003170,41,Female,Business Owner,70397.67,Mass Market,Hyderabad,Sindh,2020-06-12
C003171,48,Female,Salaried,388076.98,Premium,Islamabad,Islamabad Capital,2021-03-30
C003172,44,Male,Self-Employed,91672.8,Mass Market,Sukkur,Sindh,2016-11-13
C003173,31,Female,Business Owner,236368.4,Affluent,Mardan,Khyber Pakhtunkhwa,2018-08-09
C003174,50,Female,Self-Employed,45191.5,Mass Market,Islamabad,Islamabad Capital,2018-03-08
C003175,49,Male,Self-Employed,53186.85,Mass Market,Sukkur,Sindh,2018-04-17
C003176,28,Male,Retired,136089.66,Mass Market,Lahore,Punjab,2020-12-14
C003177,48,Male,Salaried,71616.59,Mass Market,Mardan,Khyber Pakhtunkhwa,2016-09-19
C003178,37,Female,Salaried,42798.03,Mass Market,Faisalabad,Punjab,2017-03-13
C003179,36,Male,Retired,135923.69,Mass Market,Rawalpindi,Punjab,2022-07-20
C003180,43,Male,Student,22185.7,Affluent,Larkana,Sindh,2016-09-12
C003181,43,Female,Self-Employed,54845.48,Mass Market,Gwadar,Balochistan,2018-12-19
C003182,49,Female,Salaried,346452.73,Affluent,Faisalabad,Punjab,2021-09-21
C003183,30,Male,Salaried,81475.41,Mass Market,Hyderabad,Sindh,2018-09-30
C003184,45,Female,Student,52507.05,Mass Market,Gujranwala,Punjab,2019-02-27
C003185,26,Male,Business Owner,210188.14,Mass Affluent,Lahore,Punjab,2015-12-31
C003186,37,Male,Salaried,43399.63,Mass Market,Sialkot,Punjab,2018-11-24
C003187,38,Male,Salaried,52316.98,Mass Market,Peshawar,Khyber Pakhtunkhwa,2016-04-14
C003188,50,Female,Business Owner,107693.14,Mass Market,Peshawar,Khyber Pakhtunkhwa,2016-05-27
C003189,39,Male,Self-Employed,103977.65,Mass Market,Faisalabad,Punjab,2018-04-30
C003190,36,Female,Unemployed,32297.69,Mass Affluent,Sialkot,Punjab,2020-09-19
C003191,55,Male,Salaried,79134.69,Mass Market,Faisalabad,Punjab,2015-05-22
C003192,34,Male,Salaried,906306.1,Premium,Gujranwala,Punjab,2016-01-08
C003193,34,Female,Salaried,103315.31,Mass Market,Karachi,Sindh,2020-05-21
C003194,21,Female,Salaried,108436.38,Mass Market,Hyderabad,Sindh,2020-07-13
C003195,37,Male,Salaried,62506.55,Mass Market,Karachi,Sindh,2016-09-06
C003196,29,Male,Salaried,45338.53,Mass Market,Lahore,Punjab,2015-07-16
C003197,36,Male,Salaried,254126.35,Affluent,Sukkur,Sindh,2021-07-17
C003198,42,Male,Salaried,293866.51,Affluent,Gujranwala,Punjab,2023-09-01
C003199,27,Female,Business Owner,58802.18,Mass Market,Multan,Punjab,2020-10-27
C003200,30,Male,Salaried,40841.56,Mass Market,Turbat,Balochistan,2017-03-03
C003201,21,Male,Salaried,330554.45,Affluent,Swat,Khyber Pakhtunkhwa,2019-03-30
C003202,33,Female,Business Owner,33068.63,Mass Market,Turbat,Balochistan,2022-11-10
C003203,29,Female,Salaried,134287.32,Mass Affluent,Gwadar,Balochistan,2016-10-26
C003204,63,Male,Self-Employed,63507.29,Mass Market,Larkana,Sindh,2015-08-22
C003205,56,Male,Student,45193.32,Mass Market,Quetta,Balochistan,2021-12-19
C003206,54,Female,Self-Employed,82914.19,Mass Market,Multan,Punjab,2020-11-21
C003207,25,Female,Salaried,78839.56,Mass Market,Rawalpindi,Punjab,2023-12-05
C003208,37,Female,Student,14295.87,Affluent,Sialkot,Punjab,2019-06-07
C003209,26,Male,Retired,94466.82,Mass Affluent,Multan,Punjab,2021-05-25
C003210,59,Male,Student,22490.94,Affluent,Rawalpindi,Punjab,2019-02-03
C003211,48,Female,Salaried,141079.62,Mass Affluent,Rawalpindi,Punjab,2021-07-13
C003212,27,Female,Self-Employed,63959.84,Mass Market,Karachi,Sindh,2021-01-27
C003213,43,Female,Self-Employed,37103.08,Mass Market,Mardan,Khyber Pakhtunkhwa,2016-10-06
C003214,23,Female,Salaried,38268.37,Mass Market,Karachi,Sindh,2022-07-15
C003215,37,Female,Salaried,280688.88,Affluent,Gujranwala,Punjab,2018-08-16
C003216,37,Male,Student,56501.56,Mass Market,Peshawar,Khyber Pakhtunkhwa,2019-04-08
C003217,47,Male,Salaried,246605.91,Affluent,Gujranwala,Punjab,2015-09-30
C003218,50,Male,Student,38958.37,Mass Affluent,Rawalpindi,Punjab,2017-06-11
C003219,39,Female,Unemployed,30843.43,Mass Affluent,Rawalpindi,Punjab,2015-09-28
C003220,37,Male,Salaried,92261.67,Mass Market,Faisalabad,Punjab,2023-06-11
C003221,21,Female,Salaried,86294.59,Mass Affluent,Lahore,Punjab,2019-01-08
C003222,56,Male,Retired,55410.62,Mass Affluent,Abbottabad,Khyber Pakhtunkhwa,2016-04-01
C003223,32,Male,Salaried,104631.55,Mass Affluent,Mardan,Khyber Pakhtunkhwa,2017-04-02
C003224,40,Male,Business Owner,50631.73,Mass Market,Hyderabad,Sindh,2020-12-09
C003225,64,Female,Salaried,155157.67,Mass Affluent,Rawalpindi,Punjab,2020-10-22
C003226,26,Male,Salaried,54063.98,Mass Market,Abbottabad,Khyber Pakhtunkhwa,2020-06-26
C003227,39,Female,Salaried,92609.96,Mass Affluent,Hyderabad,Sindh,2023-05-21
C003228,44,Male,Salaried,112936.88,Mass Affluent,Sialkot,Punjab,2023-09-14
C003229,51,Male,Retired,77672.01,Mass Market,Karachi,Sindh,2018-11-11
C003230,39,Male,Salaried,150262.62,Mass Affluent,Hyderabad,Sindh,2021-04-21
C003231,52,Male,Salaried,18460.65,Mass Market,Sukkur,Sindh,2016-02-20
C003232,34,Female,Business Owner,182177.57,Mass Affluent,Faisalabad,Punjab,2015-09-30
C003233,45,Male,Retired,91175.2,Mass Affluent,Larkana,Sindh,2016-11-09
C003234,44,Male,Salaried,238908.27,Mass Affluent,Sialkot,Punjab,2018-07-07
C003235,38,Male,Business Owner,297889.84,Mass Affluent,Faisalabad,Punjab,2019-02-12
C003236,43,Female,Salaried,85621.59,Mass Market,Multan,Punjab,2023-09-25
C003237,29,Male,Student,50977.93,Mass Market,Islamabad,Islamabad Capital,2019-03-02
C003238,36,Female,Business Owner,296821.5,Mass Affluent,Faisalabad,Punjab,2019-03-27
C003239,25,Female,Student,41356.16,Mass Market,Sialkot,Punjab,2019-11-29
C003240,34,Female,Self-Employed,29116.85,Mass Market,Gujranwala,Punjab,2015-11-16
C003241,52,Female,Retired,39129.59,Mass Market,Gwadar,Balochistan,2023-02-11
C003242,44,Female,Salaried,75409.76,Mass Market,Hyderabad,Sindh,2017-04-04
C003243,42,Male,Business Owner,306415.18,Premium,Gwadar,Balochistan,2023-03-14
C003244,21,Female,Business Owner,35848.73,Mass Market,Rawalpindi,Punjab,2021-09-24
C003245,43,Female,Salaried,73982.82,Mass Market,Rawalpindi,Punjab,2020-10-06
C003246,38,Male,Retired,81347.65,Affluent,Larkana,Sindh,2022-12-26
C003247,45,Female,Business Owner,474288.16,Premium,Faisalabad,Punjab,2016-05-22
C003248,54,Female,Student,26185.09,Mass Market,Swat,Khyber Pakhtunkhwa,2021-07-04
C003249,35,Male,Salaried,633400.78,Affluent,Quetta,Balochistan,2016-07-03
C003250,36,Female,Student,37867.96,Mass Market,Sukkur,Sindh,2023-12-23
C003251,49,Male,Salaried,122774.2,Mass Affluent,Islamabad,Islamabad Capital,2017-09-11
C003252,32,Male,Unemployed,25383.9,Mass Market,Larkana,Sindh,2018-02-21
C003253,40,Female,Salaried,48469.47,Mass Market,Lahore,Punjab,2021-07-09
C003254,21,Male,Self-Employed,25706.53,Mass Market,Karachi,Sindh,2018-08-30
C003255,36,Male,Salaried,45520.07,Mass Affluent,Faisalabad,Punjab,2022-07-25
C003256,53,Female,Business Owner,58345.21,Mass Market,Abbottabad,Khyber Pakhtunkhwa,2018-07-30
C003257,43,Male,Salaried,83885.97,Mass Market,Rawalpindi,Punjab,2020-11-20
C003258,49,Male,Student,13071.75,Mass Affluent,Gujranwala,Punjab,2016-09-21
C003259,50,Male,Student,21960.81,Mass Market,Sukkur,Sindh,2022-08-07
C003260,54,Female,Salaried,395648.57,Affluent,Sialkot,Punjab,2015-03-27
C003261,35,Male,Business Owner,101599.64,Mass Market,Faisalabad,Punjab,2017-02-26
C003262,49,Female,Business Owner,64400.74,Mass Market,Larkana,Sindh,2022-01-27
C003263,64,Male,Salaried,66631.48,Mass Market,Faisalabad,Punjab,2021-02-14
C003264,39,Male,Salaried,59166.81,Mass Market,Larkana,Sindh,2016-08-05
C003265,24,Male,Salaried,54388.43,Mass Market,Sialkot,Punjab,2017-06-15
C003266,32,Male,Salaried,33015.37,Mass Market,Faisalabad,Punjab,2017-08-03
C003267,44,Female,Self-Employed,202935.54,Mass Affluent,Sialkot,Punjab,2020-11-22
C003268,21,Female,Self-Employed,51858.33,Mass Market,Mardan,Khyber Pakhtunkhwa,2018-01-22
C003269,31,Male,Salaried,50741.61,Mass Market,Islamabad,Islamabad Capital,2015-04-03
C003270,35,Male,Retired,107509.86,Mass Affluent,Rawalpindi,Punjab,2018-06-29
C003271,40,Male,Salaried,36053.26,Mass Market,Islamabad,Islamabad Capital,2020-06-26
C003272,59,Female,Student,38127.8,Mass Affluent,Larkana,Sindh,2018-07-17
C003273,47,Female,Business Owner,340709.81,Affluent,Sukkur,Sindh,2023-01-04
C003274,27,Male,Business Owner,45894.04,Mass Market,Sukkur,Sindh,2020-11-18
C003275,72,Female,Self-Employed,192832.68,Mass Affluent,Larkana,Sindh,2017-05-10
C003276,39,Female,Salaried,243421.2,Affluent,Mardan,Khyber Pakhtunkhwa,2020-11-03
C003277,21,Male,Student,14557.5,Mass Affluent,Larkana,Sindh,2022-10-11
C003278,28,Male,Business Owner,1053377.59,Premium,Karachi,Sindh,2023-09-08
C003279,28,Female,Student,40688.03,Mass Market,Multan,Punjab,2015-06-29
C003280,24,Male,Salaried,180473.16,Mass Affluent,Faisalabad,Punjab,2017-06-15
C003281,45,Male,Self-Employed,84044.9,Mass Market,Karachi,Sindh,2020-11-23
C003282,21,Female,Salaried,41880.61,Mass Market,Faisalabad,Punjab,2015-03-01
C003283,50,Male,Self-Employed,512563.4,Premium,Multan,Punjab,2018-10-10
C003284,48,Male,Business Owner,88887.66,Mass Market,Lahore,Punjab,2020-05-04
C003285,34,Female,Salaried,1255305.57,Premium,Faisalabad,Punjab,2015-04-02
C003286,49,Male,Salaried,133164.25,Mass Affluent,Sukkur,Sindh,2016-01-20
C003287,27,Female,Salaried,220623.46,Affluent,Hyderabad,Sindh,2020-10-09
C003288,30,Male,Salaried,1184456.6,Premium,Sialkot,Punjab,2019-03-31
C003289,45,Female,Salaried,102454.24,Mass Affluent,Sialkot,Punjab,2016-06-09
C003290,37,Female,Salaried,708224.01,Premium,Sukkur,Sindh,2015-03-10
C003291,32,Male,Salaried,110495.74,Mass Affluent,Gujranwala,Punjab,2019-06-20
C003292,38,Female,Business Owner,143995.51,Mass Affluent,Abbottabad,Khyber Pakhtunkhwa,2023-04-18
C003293,54,Female,Business Owner,90763.99,Mass Affluent,Larkana,Sindh,2017-03-20
C003294,53,Female,Salaried,52037.96,Mass Market,Hyderabad,Sindh,2018-10-09
C003295,44,Male,Salaried,47274.53,Mass Market,Karachi,Sindh,2016-02-12
C003296,35,Female,Business Owner,77168.79,Mass Market,Islamabad,Islamabad Capital,2018-05-30
C003297,45,Female,Salaried,63839.11,Mass Market,Abbottabad,Khyber Pakhtunkhwa,2016-01-02
C003298,30,Female,Salaried,83832.51,Mass Market,Larkana,Sindh,2017-01-27
C003299,52,Female,Salaried,43840.4,Mass Market,Sukkur,Sindh,2020-08-31
C003300,49,Male,Unemployed,26620.48,Mass Affluent,Gujranwala,Punjab,2019-04-05
C003301,60,Female,Salaried,164851.73,Mass Affluent,Islamabad,Islamabad Capital,2016-10-12
C003302,30,Male,Retired,43775.19,Affluent,Multan,Punjab,2016-04-04
C003303,29,Male,Salaried,360810.78,Premium,Rawalpindi,Punjab,2017-10-12
C003304,45,Female,Salaried,315939.93,Affluent,Islamabad,Islamabad Capital,2022-06-05
C003305,36,Male,Salaried,95440.15,Mass Affluent,Abbottabad,Khyber Pakhtunkhwa,2016-10-25
C003306,50,Female,Business Owner,84764.68,Mass Market,Sialkot,Punjab,2017-12-06
C003307,53,Female,Self-Employed,567806.96,Affluent,Faisalabad,Punjab,2016-02-20
C003308,58,Female,Self-Employed,22238.29,Mass Market,Multan,Punjab,2020-07-16
C003309,40,Female,Unemployed,8072.49,Mass Market,Sukkur,Sindh,2015-01-10
C003310,49,Female,Self-Employed,66325.7,Mass Market,Gujranwala,Punjab,2016-10-16
C003311,33,Male,Salaried,129810.23,Mass Affluent,Gwadar,Balochistan,2019-05-01
C003312,41,Female,Business Owner,185787.18,Mass Affluent,Turbat,Balochistan,2020-12-29
C003313,38,Male,Salaried,61830.02,Mass Market,Sukkur,Sindh,2021-12-02
C003314,38,Female,Self-Employed,106296.55,Mass Affluent,Larkana,Sindh,2021-09-08
C003315,59,Male,Student,28099.98,Mass Market,Rawalpindi,Punjab,2015-08-17
C003316,24,Female,Salaried,38194.88,Mass Market,Faisalabad,Punjab,2020-04-09
C003317,39,Male,Salaried,45245.34,Mass Market,Mardan,Khyber Pakhtunkhwa,2016-07-19
C003318,40,Female,Self-Employed,48405.2,Mass Market,Lahore,Punjab,2020-05-04
C003319,46,Female,Salaried,150409.32,Mass Affluent,Sialkot,Punjab,2022-12-31
C003320,27,Female,Salaried,56530.95,Mass Market,Gujranwala,Punjab,2015-03-26
C003321,36,Male,Self-Employed,46852.52,Mass Market,Lahore,Punjab,2023-03-20
C003322,32,Female,Salaried,40886.68,Mass Market,Hyderabad,Sindh,2023-05-02
C003323,21,Female,Salaried,99537.62,Mass Affluent,Larkana,Sindh,2023-08-25
C003324,52,Male,Self-Employed,504425.01,Premium,Mardan,Khyber Pakhtunkhwa,2015-04-21
C003325,23,Female,Salaried,97831.51,Mass Affluent,Karachi,Sindh,2020-08-25
C003326,21,Female,Salaried,167891.39,Mass Affluent,Peshawar,Khyber Pakhtunkhwa,2017-05-12
C003327,49,Male,Unemployed,36848.65,Affluent,Faisalabad,Punjab,2015-02-21
C003328,35,Male,Salaried,38376.33,Mass Market,Swat,Khyber Pakhtunkhwa,2015-07-25
C003329,36,Female,Salaried,91804.48,Mass Market,Hyderabad,Sindh,2016-02-24
C003330,36,Male,Student,18385.45,Mass Market,Multan,Punjab,2018-09-17
C003331,51,Female,Salaried,64244.41,Mass Market,Islamabad,Islamabad Capital,2016-12-23
C003332,33,Male,Retired,143053.96,Mass Market,Gujranwala,Punjab,2015-09-18
C003333,46,Male,Business Owner,56240.81,Mass Market,Multan,Punjab,2018-03-04
C003334,26,Female,Self-Employed,69899.99,Mass Market,Sialkot,Punjab,2019-05-04
C003335,43,Male,Salaried,62888.27,Mass Market,Multan,Punjab,2018-02-24
C003336,49,Male,Salaried,61135.84,Mass Market,Multan,Punjab,2020-08-17
C003337,54,Male,Student,38037.77,Mass Market,Karachi,Sindh,2016-08-07
C003338,22,Female,Salaried,284983.1,Affluent,Turbat,Balochistan,2017-12-03
C003339,36,Male,Business Owner,155191.39,Mass Affluent,Gujranwala,Punjab,2016-08-04
C003340,57,Male,Student,48402.96,Mass Market,Karachi,Sindh,2017-01-10
C003341,49,Male,Business Owner,47072.28,Mass Market,Multan,Punjab,2023-08-04
C003342,37,Female,Salaried,46436.61,Mass Market,Swat,Khyber Pakhtunkhwa,2020-10-17
C003343,39,Male,Business Owner,52233.37,Mass Market,Gujranwala,Punjab,2015-10-25
C003344,42,Male,Business Owner,88181.1,Mass Market,Sialkot,Punjab,2016-07-05
C003345,35,Male,Salaried,50335.31,Mass Market,Sukkur,Sindh,2015-03-04
C003346,45,Female,Student,58889.0,Affluent,Larkana,Sindh,2022-08-26
C003347,44,Female,Salaried,309717.06,Affluent,Abbottabad,Khyber Pakhtunkhwa,2015-03-23
C003348,27,Female,Unemployed,17718.11,Mass Affluent,Karachi,Sindh,2015-09-13
C003349,34,Female,Salaried,213796.33,Mass Affluent,Mardan,Khyber Pakhtunkhwa,2020-01-08
C003350,34,Female,Salaried,171959.11,Mass Affluent,Faisalabad,Punjab,2019-03-04
C003351,36,Female,Business Owner,130088.07,Mass Affluent,Lahore,Punjab,2016-12-30
C003352,42,Female,Salaried,271498.59,Affluent,Gujranwala,Punjab,2019-03-10
C003353,41,Male,Salaried,134713.53,Mass Affluent,Lahore,Punjab,2019-04-28
C003354,31,Female,Salaried,72697.73,Mass Affluent,Gujranwala,Punjab,2016-03-22
C003355,54,Female,Student,39977.15,Mass Affluent,Hyderabad,Sindh,2019-03-09
C003356,39,Female,Salaried,154979.11,Mass Affluent,Rawalpindi,Punjab,2022-04-12
C003357,55,Male,Self-Employed,32878.96,Mass Market,Sukkur,Sindh,2023-02-17
C003358,55,Male,Self-Employed,45161.6,Mass Market,Hyderabad,Sindh,2020-07-23
C003359,27,Female,Self-Employed,51685.52,Mass Market,Hyderabad,Sindh,2016-06-15
C003360,34,Male,Salaried,180861.82,Mass Market,Karachi,Sindh,2022-02-06
C003361,34,Male,Salaried,77506.73,Mass Market,Multan,Punjab,2017-10-21
C003362,42,Male,Retired,67582.14,Mass Market,Lahore,Punjab,2016-06-01
C003363,47,Male,Business Owner,44185.14,Mass Market,Larkana,Sindh,2021-02-11
C003364,41,Male,Retired,35568.23,Premium,Larkana,Sindh,2016-08-22
C003365,33,Female,Business Owner,30737.34,Mass Market,Lahore,Punjab,2019-10-04
C003366,57,Male,Student,50088.08,Mass Market,Faisalabad,Punjab,2019-07-20
C003367,34,Male,Unemployed,8447.2,Mass Market,Hyderabad,Sindh,2020-04-02
C003368,47,Female,Salaried,35011.09,Mass Market,Sukkur,Sindh,2018-03-05
C003369,39,Female,Retired,133604.37,Mass Affluent,Sialkot,Punjab,2019-03-12
C003370,38,Female,Salaried,155779.51,Mass Affluent,Karachi,Sindh,2016-02-13
C003371,46,Female,Salaried,47722.04,Mass Market,Turbat,Balochistan,2022-05-20
C003372,56,Male,Salaried,43689.98,Mass Market,Gujranwala,Punjab,2021-01-10
C003373,42,Male,Salaried,45720.77,Mass Market,Abbottabad,Khyber Pakhtunkhwa,2016-02-01
C003374,34,Male,Salaried,113942.49,Mass Affluent,Rawalpindi,Punjab,2022-05-21
C003375,55,Male,Self-Employed,248244.83,Affluent,Larkana,Sindh,2023-07-29
C003376,44,Female,Self-Employed,339828.45,Affluent,Lahore,Punjab,2021-12-08
C003377,41,Male,Student,50138.52,Mass Market,Rawalpindi,Punjab,2016-08-20
C003378,50,Male,Salaried,238971.04,Mass Affluent,Turbat,Balochistan,2021-02-02
C003379,43,Male,Salaried,238313.41,Mass Affluent,Larkana,Sindh,2016-09-06
C003380,66,Male,Business Owner,306294.2,Affluent,Islamabad,Islamabad Capital,2022-02-19
C003381,39,Female,Self-Employed,52635.12,Mass Market,Faisalabad,Punjab,2017-01-29
C003382,52,Female,Student,42643.23,Mass Market,Swat,Khyber Pakhtunkhwa,2023-04-08
C003383,44,Female,Salaried,67674.73,Mass Market,Gwadar,Balochistan,2021-09-01
C003384,44,Male,Salaried,72326.91,Mass Market,Hyderabad,Sindh,2022-05-29
C003385,35,Male,Retired,98892.49,Mass Affluent,Lahore,Punjab,2020-05-20
C003386,35,Female,Salaried,51674.03,Mass Market,Karachi,Sindh,2015-12-20
C003387,44,Male,Business Owner,68606.48,Mass Market,Karachi,Sindh,2015-12-05
C003388,29,Male,Salaried,287443.23,Affluent,Islamabad,Islamabad Capital,2022-04-15
C003389,33,Female,Salaried,48276.17,Mass Market,Karachi,Sindh,2022-11-09
C003390,39,Male,Student,52591.7,Premium,Sialkot,Punjab,2018-06-05
C003391,53,Male,Salaried,103289.13,Mass Affluent,Faisalabad,Punjab,2023-11-24
C003392,40,Female,Salaried,210431.32,Affluent,Larkana,Sindh,2017-08-01
C003393,40,Female,Business Owner,129754.36,Mass Affluent,Islamabad,Islamabad Capital,2019-06-24
C003394,27,Male,Salaried,48229.47,Mass Market,Rawalpindi,Punjab,2018-11-30
C003395,58,Female,Salaried,45413.3,Mass Market,Swat,Khyber Pakhtunkhwa,2015-03-16
C003396,51,Male,Self-Employed,416614.33,Affluent,Gwadar,Balochistan,2017-06-17
C003397,52,Female,Salaried,51692.18,Mass Market,Rawalpindi,Punjab,2019-08-10
C003398,23,Male,Self-Employed,120882.86,Mass Market,Gujranwala,Punjab,2015-03-16
C003399,43,Female,Salaried,164952.45,Mass Affluent,Karachi,Sindh,2020-03-18
C003400,29,Female,Salaried,43924.72,Mass Market,Larkana,Sindh,2019-08-11
C003401,47,Male,Salaried,93228.48,Mass Market,Rawalpindi,Punjab,2016-10-06
C003402,43,Male,Student,14673.84,Mass Market,Swat,Khyber Pakhtunkhwa,2019-10-15
C003403,45,Male,Salaried,127003.75,Mass Market,Sukkur,Sindh,2015-04-23
C003404,31,Male,Retired,117048.79,Mass Affluent,Gwadar,Balochistan,2020-11-01
C003405,28,Male,Salaried,73738.14,Mass Market,Gwadar,Balochistan,2019-05-20
C003406,32,Male,Salaried,60709.89,Mass Market,Swat,Khyber Pakhtunkhwa,2018-04-21
C003407,42,Female,Business Owner,66378.95,Mass Market,Karachi,Sindh,2022-11-07
C003408,36,Female,Salaried,119160.67,Mass Affluent,Gujranwala,Punjab,2022-07-02
C003409,42,Male,Self-Employed,42204.94,Mass Market,Sukkur,Sindh,2017-03-26
C003410,28,Male,Retired,47552.42,Mass Market,Multan,Punjab,2019-11-18
C003411,39,Male,Student,12977.0,Mass Affluent,Larkana,Sindh,2018-04-28
C003412,54,Male,Self-Employed,38164.3,Mass Market,Multan,Punjab,2022-10-26
C003413,43,Male,Business Owner,233437.53,Mass Affluent,Hyderabad,Sindh,2023-02-19
C003414,43,Male,Salaried,75397.69,Mass Market,Multan,Punjab,2022-06-30
C003415,43,Male,Business Owner,50821.5,Mass Market,Rawalpindi,Punjab,2020-06-27
C003416,33,Male,Salaried,50477.57,Mass Market,Lahore,Punjab,2023-11-03
C003417,57,Male,Salaried,568596.66,Affluent,Karachi,Sindh,2020-02-14
C003418,43,Female,Self-Employed,85717.75,Mass Market,Swat,Khyber Pakhtunkhwa,2020-09-21
C003419,41,Female,Salaried,92532.88,Mass Market,Rawalpindi,Punjab,2017-12-14
C003420,47,Male,Business Owner,118170.8,Mass Affluent,Peshawar,Khyber Pakhtunkhwa,2021-06-19
C003421,49,Male,Salaried,74101.86,Mass Market,Peshawar,Khyber Pakhtunkhwa,2023-08-29
C003422,25,Male,Salaried,148457.44,Mass Affluent,Multan,Punjab,2019-12-24
C003423,40,Male,Business Owner,584867.05,Premium,Hyderabad,Sindh,2021-04-13
C003424,64,Female,Self-Employed,135510.91,Mass Affluent,Sialkot,Punjab,2017-07-08
C003425,57,Male,Retired,64036.26,Mass Market,Multan,Punjab,2015-12-03
C003426,38,Male,Salaried,110188.15,Mass Market,Sukkur,Sindh,2018-05-18
C003427,47,Female,Salaried,568034.92,Premium,Rawalpindi,Punjab,2015-06-03
C003428,35,Male,Salaried,36429.66,Mass Market,Turbat,Balochistan,2023-12-26
C003429,43,Male,Salaried,112046.04,Mass Market,Quetta,Balochistan,2020-07-19
C003430,34,Female,Salaried,1172732.37,Premium,Swat,Khyber Pakhtunkhwa,2021-09-07
C003431,34,Male,Business Owner,727707.29,Premium,Karachi,Sindh,2017-06-03
C003432,32,Female,Salaried,118574.84,Mass Market,Sukkur,Sindh,2020-05-25
C003433,58,Male,Retired,65896.12,Mass Market,Islamabad,Islamabad Capital,2015-12-22
C003434,34,Female,Self-Employed,92027.93,Mass Affluent,Multan,Punjab,2023-04-25
C003435,52,Male,Business Owner,170064.92,Affluent,Lahore,Punjab,2021-07-31
C003436,34,Male,Salaried,36310.36,Mass Market,Sukkur,Sindh,2017-08-22
C003437,33,Male,Salaried,60103.99,Mass Market,Lahore,Punjab,2022-10-15
C003438,43,Female,Salaried,50258.07,Mass Market,Gujranwala,Punjab,2019-11-24
C003439,25,Female,Self-Employed,48152.81,Mass Market,Sialkot,Punjab,2019-01-16
C003440,46,Male,Self-Employed,57611.38,Mass Market,Hyderabad,Sindh,2019-08-30
C003441,38,Female,Salaried,180109.24,Mass Affluent,Multan,Punjab,2017-09-21
C003442,33,Female,Salaried,48739.09,Mass Market,Rawalpindi,Punjab,2018-08-23
C003443,31,Female,Unemployed,15126.86,Mass Market,Gujranwala,Punjab,2016-03-22
C003444,61,Female,Salaried,233225.44,Affluent,Faisalabad,Punjab,2015-10-12
C003445,39,Male,Salaried,85139.94,Mass Market,Quetta,Balochistan,2021-02-04
C003446,38,Male,Salaried,58424.64,Mass Market,Sialkot,Punjab,2020-08-30
C003447,49,Male,Salaried,311423.75,Affluent,Karachi,Sindh,2015-02-15
C003448,30,Male,Salaried,108255.43,Mass Market,Peshawar,Khyber Pakhtunkhwa,2018-05-09
C003449,51,Male,Self-Employed,824876.3,Affluent,Multan,Punjab,2016-04-15
C003450,39,Male,Self-Employed,76530.69,Mass Market,Swat,Khyber Pakhtunkhwa,2023-08-08
C003451,24,Female,Business Owner,73704.22,Mass Market,Karachi,Sindh,2017-11-28
C003452,33,Male,Salaried,82881.69,Mass Affluent,Sukkur,Sindh,2018-07-04
C003453,27,Male,Salaried,69018.91,Mass Market,Faisalabad,Punjab,2020-06-15
C003454,40,Female,Business Owner,133098.93,Mass Affluent,Multan,Punjab,2021-07-18
C003455,30,Male,Salaried,84217.18,Mass Market,Islamabad,Islamabad Capital,2018-02-04
C003456,29,Male,Salaried,112014.98,Mass Affluent,Swat,Khyber Pakhtunkhwa,2015-07-05
C003457,42,Female,Salaried,64755.4,Mass Market,Gwadar,Balochistan,2019-09-02
C003458,39,Male,Business Owner,163616.08,Mass Affluent,Quetta,Balochistan,2018-01-26
C003459,52,Male,Salaried,267462.84,Mass Affluent,Faisalabad,Punjab,2017-02-17
C003460,52,Female,Retired,113854.59,Mass Market,Mardan,Khyber Pakhtunkhwa,2019-02-10
C003461,40,Female,Salaried,97071.91,Mass Market,Karachi,Sindh,2016-06-03
C003462,44,Female,Unemployed,28679.71,Mass Market,Peshawar,Khyber Pakhtunkhwa,2020-10-20
C003463,24,Male,Salaried,110347.05,Mass Affluent,Multan,Punjab,2021-01-19
C003464,47,Female,Business Owner,79077.57,Mass Market,Faisalabad,Punjab,2017-09-12
C003465,44,Male,Salaried,96938.1,Mass Affluent,Mardan,Khyber Pakhtunkhwa,2018-09-22
C003466,49,Male,Student,56162.93,Mass Market,Mardan,Khyber Pakhtunkhwa,2020-10-29
C003467,36,Female,Salaried,117933.95,Mass Market,Hyderabad,Sindh,2022-09-12
C003468,36,Male,Student,48561.23,Mass Affluent,Rawalpindi,Punjab,2021-07-05
C003469,36,Female,Business Owner,65405.71,Mass Market,Lahore,Punjab,2023-01-06
C003470,55,Female,Self-Employed,68683.89,Mass Market,Islamabad,Islamabad Capital,2016-05-24
C003471,42,Male,Salaried,125446.56,Mass Affluent,Sukkur,Sindh,2017-09-29
C003472,23,Male,Salaried,57301.31,Mass Affluent,Sukkur,Sindh,2022-08-01
C003473,46,Female,Unemployed,38566.81,Mass Market,Sukkur,Sindh,2016-10-26
C003474,34,Female,Retired,137813.04,Mass Market,Lahore,Punjab,2021-03-02
C003475,51,Male,Salaried,42289.44,Mass Market,Larkana,Sindh,2015-08-30
C003476,45,Female,Salaried,124792.44,Mass Affluent,Larkana,Sindh,2023-11-28
C003477,53,Male,Salaried,37634.31,Mass Market,Abbottabad,Khyber Pakhtunkhwa,2017-09-21
C003478,50,Female,Salaried,98933.54,Mass Affluent,Quetta,Balochistan,2021-12-28
C003479,49,Male,Salaried,129789.65,Mass Affluent,Turbat,Balochistan,2022-02-25
C003480,51,Female,Student,50705.23,Affluent,Sukkur,Sindh,2021-11-06
C003481,48,Female,Salaried,91981.64,Mass Market,Hyderabad,Sindh,2017-05-27
C003482,31,Male,Student,17670.52,Mass Market,Karachi,Sindh,2015-03-03
C003483,26,Female,Unemployed,14862.73,Mass Market,Peshawar,Khyber Pakhtunkhwa,2023-12-11
C003484,30,Female,Salaried,34906.8,Mass Market,Karachi,Sindh,2018-10-19
C003485,47,Male,Salaried,61300.05,Mass Market,Karachi,Sindh,2021-03-16
C003486,21,Male,Self-Employed,402240.6,Affluent,Peshawar,Khyber Pakhtunkhwa,2017-10-09
C003487,39,Female,Salaried,58490.63,Mass Market,Larkana,Sindh,2023-11-21
C003488,36,Male,Business Owner,98919.43,Mass Market,Mardan,Khyber Pakhtunkhwa,2021-12-17
C003489,52,Male,Self-Employed,178674.16,Mass Affluent,Lahore,Punjab,2020-11-29
C003490,38,Male,Salaried,685024.76,Premium,Larkana,Sindh,2020-12-02
C003491,35,Male,Student,31286.95,Mass Market,Larkana,Sindh,2015-08-11
C003492,53,Female,Salaried,106111.36,Mass Affluent,Rawalpindi,Punjab,2019-08-06
C003493,38,Male,Salaried,160896.64,Affluent,Swat,Khyber Pakhtunkhwa,2018-04-07
C003494,36,Male,Unemployed,20286.48,Mass Market,Karachi,Sindh,2019-11-25
C003495,34,Female,Salaried,189731.44,Mass Affluent,Sialkot,Punjab,2015-11-25
C003496,42,Male,Salaried,106649.43,Mass Market,Abbottabad,Khyber Pakhtunkhwa,2022-01-01
C003497,35,Male,Salaried,39787.41,Mass Market,Abbottabad,Khyber Pakhtunkhwa,2017-10-25
C003498,35,Male,Salaried,61574.98,Mass Market,Abbottabad,Khyber Pakhtunkhwa,2019-02-19
C003499,55,Female,Salaried,32984.73,Mass Market,Rawalpindi,Punjab,2020-06-05
C003500,40,Female,Business Owner,89689.77,Mass Affluent,Swat,Khyber Pakhtunkhwa,2015-11-20
C003501,34,Male,Salaried,309056.7,Affluent,Lahore,Punjab,2017-08-24
C003502,28,Female,Self-Employed,49266.27,Mass Market,Sukkur,Sindh,2017-01-10
C003503,41,Male,Salaried,62763.95,Mass Affluent,Faisalabad,Punjab,2016-01-16
C003504,33,Female,Salaried,115297.2,Mass Market,Larkana,Sindh,2021-04-16
C003505,35,Male,Retired,135678.2,Mass Market,Abbottabad,Khyber Pakhtunkhwa,2015-02-21
C003506,30,Male,Business Owner,85443.93,Mass Affluent,Larkana,Sindh,2016-05-09
C003507,41,Female,Business Owner,62991.36,Mass Market,Hyderabad,Sindh,2023-03-04
C003508,25,Male,Salaried,126065.92,Mass Affluent,Mardan,Khyber Pakhtunkhwa,2020-10-01
C003509,44,Male,Salaried,70431.34,Mass Market,Sukkur,Sindh,2017-01-03
C003510,33,Female,Student,37161.6,Mass Affluent,Faisalabad,Punjab,2021-10-13
C003511,47,Male,Student,54044.94,Mass Market,Islamabad,Islamabad Capital,2023-05-23
C003512,44,Female,Business Owner,85877.88,Mass Market,Larkana,Sindh,2018-06-19
C003513,40,Male,Salaried,78777.27,Mass Affluent,Islamabad,Islamabad Capital,2015-03-15
C003514,48,Male,Salaried,46104.38,Mass Market,Islamabad,Islamabad Capital,2019-07-04
C003515,56,Male,Salaried,82538.44,Mass Market,Quetta,Balochistan,2018-11-03
C003516,53,Male,Salaried,227071.12,Affluent,Peshawar,Khyber Pakhtunkhwa,2017-01-30
C003517,25,Male,Salaried,58166.47,Mass Market,Sukkur,Sindh,2019-06-14
C003518,32,Male,Salaried,50178.94,Mass Market,Rawalpindi,Punjab,2018-03-30
C003519,34,Female,Salaried,51382.37,Mass Market,Sukkur,Sindh,2018-07-20
C003520,46,Female,Self-Employed,107793.69,Mass Affluent,Mardan,Khyber Pakhtunkhwa,2017-07-23
C003521,33,Female,Self-Employed,80578.59,Mass Affluent,Sukkur,Sindh,2015-11-18
C003522,33,Female,Self-Employed,333380.49,Affluent,Swat,Khyber Pakhtunkhwa,2018-02-15
C003523,31,Female,Salaried,194651.28,Mass Affluent,Multan,Punjab,2022-11-18
C003524,42,Female,Self-Employed,56107.98,Mass Market,Sialkot,Punjab,2023-02-11
C003525,46,Male,Unemployed,22324.97,Mass Market,Larkana,Sindh,2023-04-08
C003526,26,Male,Salaried,49785.96,Mass Market,Larkana,Sindh,2017-04-05
C003527,33,Female,Student,55512.4,Mass Affluent,Lahore,Punjab,2021-10-14
C003528,21,Female,Salaried,70134.12,Mass Market,Multan,Punjab,2015-02-26
C003529,21,Female,Self-Employed,152923.35,Mass Affluent,Swat,Khyber Pakhtunkhwa,2015-12-21
C003530,44,Male,Salaried,124547.37,Mass Affluent,Larkana,Sindh,2022-03-11
C003531,42,Female,Business Owner,168113.26,Mass Affluent,Rawalpindi,Punjab,2017-04-07
C003532,41,Male,Student,15442.92,Mass Market,Sialkot,Punjab,2022-09-10
C003533,56,Male,Salaried,53454.73,Mass Market,Larkana,Sindh,2017-08-24
C003534,21,Female,Business Owner,404002.22,Affluent,Gujranwala,Punjab,2020-09-13
C003535,21,Male,Student,33386.29,Mass Affluent,Hyderabad,Sindh,2023-06-30
C003536,27,Female,Business Owner,82437.0,Mass Market,Mardan,Khyber Pakhtunkhwa,2019-12-02
C003537,21,Male,Salaried,191601.05,Mass Affluent,Lahore,Punjab,2022-03-12
C003538,32,Female,Salaried,243039.55,Affluent,Hyderabad,Sindh,2023-09-03
C003539,45,Male,Student,55254.11,Mass Market,Gujranwala,Punjab,2018-12-03
C003540,42,Female,Business Owner,253775.69,Affluent,Sialkot,Punjab,2019-05-15
C003541,50,Male,Retired,81203.26,Mass Market,Gwadar,Balochistan,2019-07-15
C003542,43,Male,Salaried,846861.88,Premium,Sukkur,Sindh,2021-02-26
C003543,35,Male,Business Owner,49124.67,Mass Market,Gwadar,Balochistan,2022-03-06
C003544,33,Male,Business Owner,41533.43,Mass Market,Sialkot,Punjab,2016-12-11
C003545,44,Male,Student,47169.21,Mass Market,Sialkot,Punjab,2015-07-24
C003546,22,Male,Business Owner,105735.46,Mass Affluent,Karachi,Sindh,2018-10-23
C003547,21,Female,Salaried,303942.53,Premium,Hyderabad,Sindh,2018-07-13
C003548,43,Male,Business Owner,49108.35,Mass Market,Islamabad,Islamabad Capital,2019-12-09
C003549,42,Female,Self-Employed,61101.58,Mass Market,Faisalabad,Punjab,2015-06-19
C003550,56,Female,Salaried,57809.23,Mass Market,Mardan,Khyber Pakhtunkhwa,2016-06-25
C003551,47,Female,Salaried,52923.2,Mass Market,Peshawar,Khyber Pakhtunkhwa,2023-03-19
C003552,42,Male,Student,29322.08,Mass Affluent,Karachi,Sindh,2020-03-01
C003553,36,Male,Salaried,48263.61,Mass Market,Sialkot,Punjab,2020-07-02
C003554,30,Male,Salaried,506135.43,Premium,Larkana,Sindh,2016-08-12
C003555,36,Male,Self-Employed,366087.39,Affluent,Multan,Punjab,2017-10-24
C003556,50,Male,Unemployed,38680.78,Mass Market,Mardan,Khyber Pakhtunkhwa,2023-10-23
C003557,44,Female,Business Owner,433084.95,Mass Affluent,Larkana,Sindh,2016-12-05
C003558,49,Female,Salaried,550850.61,Premium,Gwadar,Balochistan,2022-11-24
C003559,40,Female,Salaried,330690.01,Affluent,Hyderabad,Sindh,2016-06-11
C003560,29,Female,Salaried,115552.11,Mass Affluent,Hyderabad,Sindh,2019-07-28
C003561,52,Male,Salaried,52841.52,Mass Market,Peshawar,Khyber Pakhtunkhwa,2022-04-21
C003562,51,Female,Business Owner,108640.66,Mass Market,Hyderabad,Sindh,2023-04-26
C003563,41,Male,Salaried,189919.98,Mass Affluent,Turbat,Balochistan,2016-09-29
C003564,45,Female,Salaried,30801.47,Mass Market,Multan,Punjab,2016-08-22
C003565,45,Male,Student,42307.86,Mass Affluent,Islamabad,Islamabad Capital,2018-07-25
C003566,34,Female,Salaried,123440.92,Mass Affluent,Abbottabad,Khyber Pakhtunkhwa,2021-11-17
C003567,36,Female,Salaried,49295.94,Mass Market,Peshawar,Khyber Pakhtunkhwa,2016-01-01
C003568,29,Male,Salaried,33824.33,Mass Market,Karachi,Sindh,2021-12-15
C003569,36,Male,Salaried,62699.31,Mass Market,Mardan,Khyber Pakhtunkhwa,2019-08-12
C003570,50,Female,Salaried,137153.68,Affluent,Sialkot,Punjab,2020-04-30
C003571,48,Male,Unemployed,38038.77,Mass Market,Abbottabad,Khyber Pakhtunkhwa,2018-07-27
C003572,45,Female,Student,37751.38,Mass Market,Rawalpindi,Punjab,2018-06-25
C003573,50,Male,Business Owner,390110.19,Affluent,Faisalabad,Punjab,2017-07-12
C003574,35,Male,Business Owner,123062.84,Mass Affluent,Karachi,Sindh,2015-07-09
C003575,26,Male,Salaried,230821.44,Mass Affluent,Faisalabad,Punjab,2020-10-15
C003576,37,Male,Student,42605.49,Affluent,Faisalabad,Punjab,2021-03-22
C003577,38,Male,Salaried,82744.55,Mass Market,Abbottabad,Khyber Pakhtunkhwa,2017-11-26
C003578,46,Male,Salaried,472468.67,Premium,Faisalabad,Punjab,2023-12-08
C003579,45,Female,Salaried,499202.0,Affluent,Mardan,Khyber Pakhtunkhwa,2016-03-03
C003580,50,Female,Self-Employed,59932.6,Mass Market,Sialkot,Punjab,2022-09-20
C003581,21,Male,Salaried,109236.75,Mass Market,Swat,Khyber Pakhtunkhwa,2022-09-02
C003582,30,Female,Salaried,100528.66,Mass Market,Swat,Khyber Pakhtunkhwa,2015-06-20
C003583,38,Female,Salaried,143371.17,Mass Affluent,Gujranwala,Punjab,2022-03-11
C003584,44,Male,Salaried,151668.24,Mass Affluent,Abbottabad,Khyber Pakhtunkhwa,2016-06-25
C003585,62,Male,Salaried,121408.23,Mass Affluent,Quetta,Balochistan,2017-09-05
C003586,28,Female,Self-Employed,457813.62,Premium,Peshawar,Khyber Pakhtunkhwa,2021-02-05
C003587,31,Male,Salaried,75227.73,Mass Market,Faisalabad,Punjab,2015-01-27
C003588,34,Female,Self-Employed,159855.53,Mass Affluent,Hyderabad,Sindh,2017-02-16
C003589,31,Female,Salaried,70276.6,Mass Affluent,Mardan,Khyber Pakhtunkhwa,2017-02-21
C003590,29,Male,Salaried,58142.01,Mass Market,Faisalabad,Punjab,2015-05-30
C003591,40,Male,Self-Employed,83445.19,Mass Market,Abbottabad,Khyber Pakhtunkhwa,2020-02-04
C003592,50,Female,Self-Employed,226901.17,Mass Affluent,Multan,Punjab,2020-12-20
C003593,40,Male,Salaried,171255.18,Mass Affluent,Mardan,Khyber Pakhtunkhwa,2021-03-09
C003594,30,Male,Self-Employed,33709.62,Mass Market,Lahore,Punjab,2021-08-24
C003595,37,Male,Business Owner,87081.59,Mass Affluent,Gujranwala,Punjab,2018-05-23
C003596,28,Female,Salaried,52607.87,Mass Market,Islamabad,Islamabad Capital,2022-09-18
C003597,50,Female,Self-Employed,102093.91,Mass Market,Peshawar,Khyber Pakhtunkhwa,2015-05-07
C003598,55,Female,Salaried,222316.18,Affluent,Turbat,Balochistan,2017-05-10
C003599,21,Male,Student,37375.44,Mass Market,Islamabad,Islamabad Capital,2017-11-17
C003600,42,Male,Salaried,102590.37,Mass Affluent,Karachi,Sindh,2023-06-28
C003601,30,Female,Retired,95914.0,Mass Affluent,Gujranwala,Punjab,2016-09-04
C003602,40,Male,Self-Employed,41977.5,Mass Market,Lahore,Punjab,2020-10-28
C003603,38,Female,Self-Employed,55739.86,Mass Market,Larkana,Sindh,2018-01-14
C003604,24,Male,Salaried,39030.06,Mass Market,Lahore,Punjab,2021-09-28
C003605,52,Male,Self-Employed,103826.62,Mass Market,Gwadar,Balochistan,2018-06-10
C003606,37,Male,Salaried,99832.18,Mass Affluent,Gujranwala,Punjab,2019-11-10
C003607,34,Female,Salaried,33329.03,Mass Market,Lahore,Punjab,2016-04-02
C003608,40,Female,Salaried,336888.23,Premium,Sialkot,Punjab,2023-12-30
C003609,29,Female,Business Owner,58083.41,Mass Market,Faisalabad,Punjab,2015-11-07
C003610,37,Female,Business Owner,50414.49,Mass Market,Multan,Punjab,2016-06-24
C003611,21,Female,Retired,111145.86,Affluent,Hyderabad,Sindh,2018-11-13
C003612,21,Male,Salaried,54871.84,Mass Market,Rawalpindi,Punjab,2019-02-01
C003613,28,Female,Student,17800.68,Mass Affluent,Hyderabad,Sindh,2019-03-10
C003614,33,Female,Student,48891.71,Mass Affluent,Quetta,Balochistan,2017-05-17
C003615,21,Male,Student,29049.96,Affluent,Hyderabad,Sindh,2017-01-09
C003616,34,Male,Business Owner,41778.13,Mass Market,Sukkur,Sindh,2017-06-07
C003617,33,Female,Salaried,33888.57,Mass Market,Gujranwala,Punjab,2019-05-17
C003618,38,Male,Student,12603.79,Premium,Rawalpindi,Punjab,2016-02-18
C003619,46,Female,Self-Employed,39072.63,Mass Market,Faisalabad,Punjab,2020-02-27
C003620,58,Male,Business Owner,81133.39,Mass Affluent,Islamabad,Islamabad Capital,2018-09-05
C003621,44,Male,Salaried,152128.0,Mass Affluent,Sukkur,Sindh,2015-12-07
C003622,28,Male,Salaried,117577.08,Mass Affluent,Rawalpindi,Punjab,2018-08-17
C003623,46,Male,Salaried,137195.8,Mass Affluent,Sukkur,Sindh,2023-05-12
C003624,54,Female,Self-Employed,763734.66,Premium,Abbottabad,Khyber Pakhtunkhwa,2016-06-21
C003625,27,Female,Salaried,31619.68,Mass Market,Larkana,Sindh,2016-04-18
C003626,27,Male,Student,42896.39,Mass Affluent,Karachi,Sindh,2023-08-29
C003627,23,Male,Salaried,82232.99,Mass Affluent,Quetta,Balochistan,2021-05-24
C003628,33,Male,Salaried,48190.07,Mass Market,Larkana,Sindh,2018-08-31
C003629,43,Male,Salaried,136425.94,Affluent,Karachi,Sindh,2021-02-06
C003630,55,Male,Salaried,76944.55,Mass Market,Lahore,Punjab,2020-06-29
C003631,49,Female,Salaried,31579.26,Mass Market,Rawalpindi,Punjab,2022-06-08
C003632,43,Female,Business Owner,177460.54,Affluent,Islamabad,Islamabad Capital,2018-05-26
C003633,40,Male,Unemployed,30704.68,Affluent,Karachi,Sindh,2020-09-27
C003634,43,Male,Salaried,57134.94,Mass Market,Gujranwala,Punjab,2016-07-05
C003635,44,Male,Salaried,122365.46,Mass Affluent,Larkana,Sindh,2018-06-06
C003636,53,Female,Business Owner,81684.63,Mass Market,Lahore,Punjab,2016-04-27
C003637,39,Male,Salaried,57662.56,Mass Market,Mardan,Khyber Pakhtunkhwa,2016-10-27
C003638,42,Female,Business Owner,86603.25,Mass Market,Rawalpindi,Punjab,2021-11-23
C003639,35,Female,Self-Employed,323413.88,Affluent,Swat,Khyber Pakhtunkhwa,2019-11-09
C003640,40,Female,Student,46839.42,Mass Market,Hyderabad,Sindh,2015-11-18
C003641,36,Female,Salaried,46563.21,Mass Market,Rawalpindi,Punjab,2015-04-19
C003642,26,Female,Unemployed,44937.81,Mass Affluent,Lahore,Punjab,2023-09-16
C003643,49,Male,Unemployed,25073.61,Mass Market,Peshawar,Khyber Pakhtunkhwa,2019-09-17
C003644,55,Male,Salaried,82063.59,Mass Market,Sialkot,Punjab,2018-04-15
C003645,39,Male,Salaried,86265.56,Mass Market,Faisalabad,Punjab,2016-07-21
C003646,43,Female,Salaried,155132.9,Mass Affluent,Swat,Khyber Pakhtunkhwa,2017-01-27
C003647,48,Male,Salaried,147654.49,Mass Affluent,Sialkot,Punjab,2020-10-20
C003648,37,Female,Unemployed,44012.93,Mass Affluent,Gujranwala,Punjab,2018-09-15
C003649,41,Male,Salaried,114423.59,Mass Market,Gujranwala,Punjab,2022-03-06
C003650,37,Male,Salaried,50288.4,Mass Market,Swat,Khyber Pakhtunkhwa,2021-10-30
C003651,33,Male,Salaried,142429.69,Mass Affluent,Multan,Punjab,2018-09-23
C003652,45,Male,Self-Employed,31349.61,Mass Market,Rawalpindi,Punjab,2020-04-23
C003653,45,Male,Student,39733.5,Mass Market,Sialkot,Punjab,2021-02-16
C003654,49,Male,Self-Employed,119594.42,Mass Market,Sialkot,Punjab,2019-06-28
C003655,39,Female,Self-Employed,75847.22,Mass Market,Lahore,Punjab,2021-05-01
C003656,26,Male,Salaried,55341.28,Mass Market,Multan,Punjab,2020-12-01
C003657,51,Male,Business Owner,288459.0,Affluent,Lahore,Punjab,2017-12-05
C003658,31,Female,Salaried,35811.11,Mass Market,Rawalpindi,Punjab,2016-12-29
C003659,31,Female,Salaried,110481.58,Mass Affluent,Gwadar,Balochistan,2017-05-02
C003660,33,Male,Self-Employed,34475.63,Mass Market,Multan,Punjab,2023-04-22
C003661,21,Female,Unemployed,21241.45,Mass Affluent,Rawalpindi,Punjab,2016-01-05
C003662,37,Male,Business Owner,168351.87,Mass Affluent,Gwadar,Balochistan,2015-08-21
C003663,46,Female,Business Owner,332634.4,Affluent,Quetta,Balochistan,2021-08-01
C003664,34,Female,Salaried,109750.54,Mass Market,Hyderabad,Sindh,2018-02-02
C003665,54,Male,Salaried,145406.48,Mass Affluent,Rawalpindi,Punjab,2022-03-08
C003666,53,Male,Self-Employed,23394.97,Mass Market,Sialkot,Punjab,2015-07-08
C003667,49,Male,Self-Employed,272813.37,Mass Affluent,Multan,Punjab,2022-05-07
C003668,21,Male,Business Owner,203430.85,Affluent,Faisalabad,Punjab,2020-04-09
C003669,55,Male,Self-Employed,138259.69,Mass Affluent,Faisalabad,Punjab,2015-01-14
C003670,36,Female,Salaried,135128.9,Mass Affluent,Larkana,Sindh,2018-06-04
C003671,57,Male,Salaried,306841.43,Affluent,Sialkot,Punjab,2015-04-01
C003672,32,Male,Salaried,285160.43,Affluent,Larkana,Sindh,2015-07-07
C003673,37,Male,Business Owner,61516.26,Mass Market,Gujranwala,Punjab,2015-08-17
C003674,40,Female,Unemployed,33078.22,Mass Market,Faisalabad,Punjab,2020-12-31
C003675,29,Male,Self-Employed,347438.58,Mass Affluent,Mardan,Khyber Pakhtunkhwa,2019-05-24
C003676,21,Female,Business Owner,800548.76,Premium,Turbat,Balochistan,2023-08-15
C003677,21,Male,Business Owner,61194.62,Mass Market,Lahore,Punjab,2021-03-10
C003678,71,Male,Salaried,120814.22,Mass Market,Karachi,Sindh,2015-12-18
C003679,21,Female,Salaried,86505.08,Mass Affluent,Faisalabad,Punjab,2023-01-31
C003680,21,Female,Salaried,83457.09,Mass Market,Gujranwala,Punjab,2016-12-25
C003681,45,Female,Retired,49556.85,Mass Market,Peshawar,Khyber Pakhtunkhwa,2017-12-26
C003682,23,Female,Salaried,69911.56,Mass Market,Lahore,Punjab,2017-06-14
C003683,21,Female,Self-Employed,70501.68,Mass Market,Gujranwala,Punjab,2018-07-28
C003684,21,Female,Salaried,53499.45,Mass Affluent,Karachi,Sindh,2021-02-12
C003685,42,Male,Self-Employed,34824.19,Mass Market,Lahore,Punjab,2016-09-17
C003686,27,Male,Salaried,109638.81,Mass Market,Faisalabad,Punjab,2022-09-23
C003687,46,Female,Unemployed,43752.81,Mass Market,Sialkot,Punjab,2021-10-15
C003688,38,Female,Salaried,128373.63,Mass Market,Islamabad,Islamabad Capital,2017-08-21
C003689,40,Male,Retired,80132.21,Mass Market,Karachi,Sindh,2019-03-02
C003690,34,Male,Self-Employed,55182.18,Mass Market,Faisalabad,Punjab,2021-01-29
C003691,36,Female,Salaried,53362.55,Mass Market,Sialkot,Punjab,2015-03-19
C003692,29,Female,Business Owner,243211.8,Mass Affluent,Karachi,Sindh,2021-12-10
C003693,30,Male,Self-Employed,133418.68,Mass Market,Sialkot,Punjab,2018-08-01
C003694,27,Male,Salaried,53808.74,Mass Market,Larkana,Sindh,2017-11-17
C003695,56,Male,Business Owner,107645.91,Mass Market,Peshawar,Khyber Pakhtunkhwa,2015-12-30
C003696,35,Female,Self-Employed,88743.63,Mass Market,Faisalabad,Punjab,2020-09-15
C003697,21,Male,Self-Employed,94756.7,Mass Market,Lahore,Punjab,2017-11-12
C003698,42,Female,Business Owner,62351.02,Mass Market,Faisalabad,Punjab,2021-02-15
C003699,30,Female,Self-Employed,46470.87,Mass Market,Sialkot,Punjab,2017-11-19
C003700,39,Female,Salaried,40192.57,Mass Market,Larkana,Sindh,2020-10-04
C003701,36,Female,Salaried,170573.86,Affluent,Quetta,Balochistan,2023-08-25
C003702,55,Male,Salaried,124024.9,Mass Market,Multan,Punjab,2015-07-22
C003703,35,Male,Self-Employed,60250.06,Mass Market,Larkana,Sindh,2015-06-25
C003704,48,Female,Salaried,84143.17,Mass Affluent,Sukkur,Sindh,2018-04-27
C003705,47,Male,Salaried,87818.04,Mass Market,Gujranwala,Punjab,2022-01-23
C003706,24,Male,Business Owner,108371.27,Mass Affluent,Gujranwala,Punjab,2020-09-18
C003707,41,Female,Salaried,46851.07,Mass Market,Gujranwala,Punjab,2023-09-28
C003708,31,Female,Salaried,131655.46,Mass Market,Karachi,Sindh,2020-10-02
C003709,26,Male,Student,12510.31,Affluent,Karachi,Sindh,2022-10-08
C003710,26,Male,Business Owner,65605.7,Mass Market,Peshawar,Khyber Pakhtunkhwa,2020-03-19
C003711,48,Female,Business Owner,47932.56,Mass Market,Abbottabad,Khyber Pakhtunkhwa,2016-10-14
C003712,68,Male,Salaried,97743.12,Mass Affluent,Mardan,Khyber Pakhtunkhwa,2018-11-01
C003713,30,Female,Self-Employed,358341.63,Premium,Islamabad,Islamabad Capital,2020-09-15
C003714,41,Male,Retired,106915.69,Mass Market,Swat,Khyber Pakhtunkhwa,2015-01-30
C003715,42,Male,Salaried,93265.67,Mass Affluent,Peshawar,Khyber Pakhtunkhwa,2018-06-21
C003716,33,Male,Salaried,75118.6,Mass Market,Abbottabad,Khyber Pakhtunkhwa,2020-01-12
C003717,54,Male,Salaried,127698.48,Mass Affluent,Peshawar,Khyber Pakhtunkhwa,2018-12-08
C003718,63,Male,Student,17775.85,Mass Market,Swat,Khyber Pakhtunkhwa,2017-05-09
C003719,32,Female,Salaried,93455.7,Mass Affluent,Quetta,Balochistan,2018-11-17
C003720,58,Male,Salaried,103338.79,Mass Market,Sukkur,Sindh,2018-03-04
C003721,33,Female,Self-Employed,171930.96,Mass Affluent,Karachi,Sindh,2021-08-06
C003722,28,Male,Unemployed,11289.89,Mass Market,Larkana,Sindh,2020-05-17
C003723,37,Male,Salaried,77558.81,Mass Affluent,Swat,Khyber Pakhtunkhwa,2023-04-02
C003724,49,Female,Self-Employed,63440.25,Mass Affluent,Larkana,Sindh,2019-04-22
C003725,38,Male,Retired,27944.31,Affluent,Peshawar,Khyber Pakhtunkhwa,2020-10-27
C003726,47,Female,Salaried,882922.44,Premium,Abbottabad,Khyber Pakhtunkhwa,2018-11-21
C003727,41,Male,Self-Employed,89303.55,Mass Market,Islamabad,Islamabad Capital,2021-08-21
C003728,54,Female,Salaried,124191.52,Mass Affluent,Sialkot,Punjab,2018-08-25
C003729,45,Male,Salaried,81502.13,Mass Market,Larkana,Sindh,2021-12-31
C003730,56,Male,Salaried,413692.67,Affluent,Peshawar,Khyber Pakhtunkhwa,2021-11-18
C003731,30,Female,Salaried,126597.43,Mass Affluent,Turbat,Balochistan,2017-01-05
C003732,37,Male,Salaried,52365.52,Mass Market,Gwadar,Balochistan,2019-06-15
C003733,39,Female,Business Owner,41403.14,Mass Market,Larkana,Sindh,2022-01-12
C003734,30,Male,Salaried,152852.14,Mass Affluent,Hyderabad,Sindh,2020-07-28
C003735,28,Male,Salaried,346294.95,Affluent,Lahore,Punjab,2020-11-03
C003736,43,Male,Business Owner,111391.53,Mass Affluent,Islamabad,Islamabad Capital,2015-11-05
C003737,46,Male,Retired,135370.97,Mass Market,Faisalabad,Punjab,2023-01-21
C003738,40,Female,Salaried,55244.7,Mass Market,Swat,Khyber Pakhtunkhwa,2020-06-28
C003739,51,Male,Salaried,378214.39,Affluent,Swat,Khyber Pakhtunkhwa,2015-09-03
C003740,27,Female,Salaried,77114.45,Mass Affluent,Sukkur,Sindh,2015-07-07
C003741,35,Male,Student,13616.54,Mass Affluent,Sialkot,Punjab,2017-03-09
C003742,26,Female,Student,37785.71,Mass Affluent,Multan,Punjab,2021-12-10
C003743,41,Male,Salaried,122865.75,Mass Affluent,Mardan,Khyber Pakhtunkhwa,2021-02-11
C003744,44,Male,Salaried,146546.06,Mass Affluent,Larkana,Sindh,2015-02-04
C003745,54,Male,Self-Employed,86605.36,Mass Affluent,Rawalpindi,Punjab,2017-11-02
C003746,26,Male,Self-Employed,395524.15,Affluent,Peshawar,Khyber Pakhtunkhwa,2021-09-12
C003747,43,Male,Salaried,488137.14,Affluent,Sialkot,Punjab,2017-03-07
C003748,55,Female,Salaried,70216.8,Mass Market,Turbat,Balochistan,2019-10-06
C003749,28,Male,Salaried,91927.92,Mass Market,Multan,Punjab,2022-01-03
C003750,25,Male,Business Owner,91814.39,Mass Affluent,Faisalabad,Punjab,2021-05-12
C003751,23,Female,Unemployed,26109.15,Mass Affluent,Gujranwala,Punjab,2023-09-06
C003752,46,Male,Salaried,158078.47,Mass Affluent,Sukkur,Sindh,2017-03-14
C003753,31,Male,Retired,138879.74,Affluent,Sukkur,Sindh,2019-08-30
C003754,44,Female,Salaried,42730.84,Mass Market,Peshawar,Khyber Pakhtunkhwa,2019-09-24
C003755,37,Male,Self-Employed,103116.83,Mass Market,Hyderabad,Sindh,2018-10-31
C003756,59,Female,Student,55734.85,Affluent,Rawalpindi,Punjab,2022-08-06
C003757,48,Female,Self-Employed,365627.88,Affluent,Faisalabad,Punjab,2018-03-19
C003758,30,Male,Salaried,46438.51,Mass Market,Gujranwala,Punjab,2016-11-29
C003759,36,Female,Salaried,113602.98,Mass Market,Quetta,Balochistan,2015-02-04
C003760,48,Male,Business Owner,56548.1,Mass Market,Faisalabad,Punjab,2015-03-26
C003761,27,Female,Self-Employed,88374.74,Mass Market,Islamabad,Islamabad Capital,2015-10-30
C003762,52,Male,Salaried,48080.18,Mass Market,Faisalabad,Punjab,2021-10-10
C003763,36,Male,Self-Employed,63971.06,Mass Market,Rawalpindi,Punjab,2020-03-03
C003764,48,Male,Salaried,74167.22,Mass Market,Multan,Punjab,2021-05-01
C003765,37,Male,Salaried,277491.18,Mass Affluent,Lahore,Punjab,2017-02-05
C003766,33,Male,Student,56202.33,Mass Affluent,Mardan,Khyber Pakhtunkhwa,2016-05-08
C003767,31,Male,Salaried,140401.79,Mass Affluent,Karachi,Sindh,2021-11-18
C003768,58,Female,Salaried,75132.22,Mass Market,Faisalabad,Punjab,2018-01-28
C003769,36,Male,Salaried,35047.54,Mass Market,Sukkur,Sindh,2021-12-25
C003770,72,Male,Retired,75000.36,Mass Market,Hyderabad,Sindh,2018-10-02
C003771,41,Male,Salaried,191784.32,Affluent,Gwadar,Balochistan,2016-03-06
C003772,30,Female,Salaried,86649.65,Mass Market,Islamabad,Islamabad Capital,2015-05-08
C003773,22,Female,Salaried,249577.4,Mass Affluent,Sukkur,Sindh,2015-10-18
C003774,53,Female,Salaried,91542.19,Mass Affluent,Peshawar,Khyber Pakhtunkhwa,2018-06-06
C003775,37,Female,Salaried,176343.59,Affluent,Swat,Khyber Pakhtunkhwa,2017-10-23
C003776,48,Female,Salaried,107506.15,Mass Market,Hyderabad,Sindh,2015-11-05
C003777,65,Male,Salaried,48399.16,Mass Market,Karachi,Sindh,2017-01-15
C003778,46,Female,Self-Employed,243108.81,Affluent,Faisalabad,Punjab,2023-12-09
C003779,43,Male,Salaried,104461.18,Mass Market,Abbottabad,Khyber Pakhtunkhwa,2020-07-27
C003780,52,Female,Salaried,212623.02,Mass Affluent,Islamabad,Islamabad Capital,2023-10-31
C003781,48,Female,Business Owner,85566.12,Mass Market,Rawalpindi,Punjab,2019-07-30
C003782,25,Male,Salaried,326161.49,Premium,Mardan,Khyber Pakhtunkhwa,2020-02-05
C003783,54,Male,Salaried,80585.72,Mass Affluent,Quetta,Balochistan,2019-06-27
C003784,38,Male,Unemployed,25519.56,Mass Market,Faisalabad,Punjab,2019-04-25
C003785,56,Female,Self-Employed,315951.23,Affluent,Karachi,Sindh,2017-09-17
C003786,45,Male,Self-Employed,96736.93,Mass Affluent,Quetta,Balochistan,2023-09-10
C003787,52,Male,Self-Employed,114046.02,Mass Affluent,Islamabad,Islamabad Capital,2015-09-08
C003788,37,Male,Unemployed,38549.74,Mass Market,Gujranwala,Punjab,2021-01-02
C003789,22,Female,Salaried,107215.03,Mass Market,Rawalpindi,Punjab,2022-12-03
C003790,45,Female,Salaried,129705.25,Mass Affluent,Larkana,Sindh,2016-03-10
C003791,50,Female,Business Owner,46215.52,Mass Market,Gujranwala,Punjab,2023-05-16
C003792,33,Female,Salaried,252169.69,Affluent,Rawalpindi,Punjab,2016-11-28
C003793,37,Male,Self-Employed,99953.94,Mass Market,Rawalpindi,Punjab,2023-09-09
C003794,21,Male,Salaried,214965.41,Mass Affluent,Rawalpindi,Punjab,2019-02-08
C003795,37,Female,Salaried,64596.57,Mass Market,Sukkur,Sindh,2023-07-12
C003796,25,Male,Self-Employed,106306.71,Mass Affluent,Larkana,Sindh,2016-09-23
C003797,45,Female,Self-Employed,90540.31,Mass Market,Karachi,Sindh,2017-12-28
C003798,43,Female,Self-Employed,111170.33,Mass Market,Swat,Khyber Pakhtunkhwa,2020-05-01
C003799,39,Male,Salaried,34536.33,Mass Market,Gujranwala,Punjab,2016-01-20
C003800,54,Male,Salaried,119010.34,Mass Affluent,Gujranwala,Punjab,2016-06-21
C003801,42,Female,Business Owner,93093.93,Mass Market,Rawalpindi,Punjab,2021-10-30
C003802,41,Male,Salaried,133690.83,Mass Affluent,Faisalabad,Punjab,2016-03-30
C003803,43,Male,Self-Employed,49833.22,Mass Market,Multan,Punjab,2016-11-06
C003804,33,Male,Self-Employed,139477.87,Mass Affluent,Sialkot,Punjab,2023-01-11
C003805,50,Male,Salaried,149665.39,Mass Affluent,Gujranwala,Punjab,2015-11-13
C003806,29,Male,Salaried,39100.93,Mass Market,Lahore,Punjab,2020-08-21
C003807,44,Male,Business Owner,62106.25,Mass Market,Sukkur,Sindh,2021-03-16
C003808,52,Male,Salaried,68987.91,Mass Market,Hyderabad,Sindh,2015-10-22
C003809,28,Male,Salaried,107879.33,Mass Affluent,Turbat,Balochistan,2019-11-30
C003810,24,Female,Unemployed,12445.85,Premium,Mardan,Khyber Pakhtunkhwa,2018-09-15
C003811,28,Male,Salaried,48908.31,Mass Market,Karachi,Sindh,2018-12-15
C003812,59,Female,Business Owner,89890.09,Mass Affluent,Rawalpindi,Punjab,2017-11-29
C003813,32,Female,Salaried,179606.84,Mass Affluent,Larkana,Sindh,2015-06-25
C003814,26,Male,Salaried,89456.39,Mass Affluent,Sialkot,Punjab,2019-07-11
C003815,43,Male,Self-Employed,64468.78,Mass Market,Hyderabad,Sindh,2015-02-12
C003816,21,Female,Salaried,542157.22,Premium,Gujranwala,Punjab,2018-10-12
C003817,28,Male,Business Owner,45878.4,Mass Market,Faisalabad,Punjab,2018-10-01
C003818,55,Male,Salaried,471488.21,Affluent,Sialkot,Punjab,2020-06-20
C003819,28,Male,Self-Employed,57091.02,Mass Market,Larkana,Sindh,2020-06-03
C003820,36,Male,Business Owner,100802.45,Mass Affluent,Abbottabad,Khyber Pakhtunkhwa,2021-10-18
C003821,42,Male,Self-Employed,467316.4,Premium,Peshawar,Khyber Pakhtunkhwa,2022-11-21
C003822,42,Female,Salaried,318503.73,Affluent,Karachi,Sindh,2019-08-08
C003823,33,Female,Salaried,82141.88,Mass Market,Larkana,Sindh,2020-05-14
C003824,45,Male,Salaried,453809.02,Affluent,Sialkot,Punjab,2019-08-29
C003825,55,Male,Retired,39302.29,Mass Market,Mardan,Khyber Pakhtunkhwa,2019-05-21
C003826,27,Male,Self-Employed,119223.12,Mass Affluent,Hyderabad,Sindh,2020-05-25
C003827,34,Male,Self-Employed,63061.3,Mass Market,Faisalabad,Punjab,2016-07-31
C003828,38,Female,Salaried,138523.75,Mass Affluent,Multan,Punjab,2015-04-18
C003829,47,Male,Salaried,44744.25,Mass Market,Quetta,Balochistan,2016-06-01
C003830,39,Female,Salaried,104591.38,Mass Market,Hyderabad,Sindh,2016-07-13
C003831,38,Male,Salaried,60508.8,Mass Market,Sukkur,Sindh,2020-07-01
C003832,22,Male,Salaried,73519.14,Mass Market,Karachi,Sindh,2015-12-18
C003833,27,Female,Salaried,70501.73,Mass Market,Faisalabad,Punjab,2018-03-12
C003834,41,Female,Salaried,326452.4,Affluent,Sukkur,Sindh,2015-12-16
C003835,33,Male,Self-Employed,88763.69,Mass Affluent,Faisalabad,Punjab,2016-05-26
C003836,35,Female,Salaried,129684.2,Mass Affluent,Hyderabad,Sindh,2020-10-11
C003837,38,Female,Salaried,309270.8,Mass Affluent,Sukkur,Sindh,2018-08-02
C003838,65,Male,Business Owner,109669.21,Mass Market,Sialkot,Punjab,2022-04-23
C003839,34,Female,Self-Employed,63688.72,Mass Market,Peshawar,Khyber Pakhtunkhwa,2021-08-15
C003840,54,Female,Salaried,52192.36,Mass Market,Rawalpindi,Punjab,2017-03-24
C003841,53,Male,Business Owner,25831.34,Mass Market,Karachi,Sindh,2015-09-13
C003842,48,Male,Salaried,107613.56,Mass Affluent,Hyderabad,Sindh,2023-08-30
C003843,30,Female,Self-Employed,126183.25,Mass Affluent,Larkana,Sindh,2016-03-13
C003844,41,Male,Student,56242.94,Mass Affluent,Larkana,Sindh,2021-02-20
C003845,35,Female,Salaried,118322.64,Mass Affluent,Islamabad,Islamabad Capital,2020-04-07
C003846,61,Male,Self-Employed,76010.27,Mass Market,Larkana,Sindh,2022-05-19
C003847,44,Male,Salaried,88889.97,Mass Affluent,Abbottabad,Khyber Pakhtunkhwa,2019-12-14
C003848,37,Male,Salaried,66549.91,Mass Market,Karachi,Sindh,2015-01-27
C003849,59,Male,Salaried,268510.83,Affluent,Lahore,Punjab,2016-05-23
C003850,35,Female,Salaried,42908.47,Mass Market,Sialkot,Punjab,2022-06-21
C003851,45,Male,Salaried,113352.72,Mass Market,Rawalpindi,Punjab,2020-05-30
C003852,47,Female,Salaried,79719.35,Mass Market,Lahore,Punjab,2021-12-03
C003853,43,Female,Salaried,44501.04,Mass Market,Gujranwala,Punjab,2020-09-08
C003854,38,Male,Salaried,73032.17,Mass Market,Rawalpindi,Punjab,2023-11-03
C003855,48,Male,Salaried,35387.16,Mass Market,Karachi,Sindh,2015-09-30
C003856,32,Female,Salaried,101029.48,Mass Affluent,Faisalabad,Punjab,2015-09-27
C003857,51,Male,Salaried,463713.14,Affluent,Mardan,Khyber Pakhtunkhwa,2021-07-12
C003858,36,Male,Salaried,68574.46,Mass Market,Hyderabad,Sindh,2015-05-18
C003859,54,Male,Business Owner,66513.14,Mass Market,Larkana,Sindh,2016-01-05
C003860,51,Female,Unemployed,9089.05,Affluent,Faisalabad,Punjab,2021-07-10
C003861,45,Female,Salaried,75688.8,Mass Market,Karachi,Sindh,2021-10-28
C003862,38,Female,Salaried,253076.04,Affluent,Sialkot,Punjab,2022-08-08
C003863,51,Male,Student,30377.94,Mass Market,Hyderabad,Sindh,2017-03-05
C003864,45,Female,Self-Employed,31580.55,Mass Market,Faisalabad,Punjab,2021-01-14
C003865,21,Male,Unemployed,15213.01,Mass Market,Islamabad,Islamabad Capital,2017-01-10
C003866,30,Female,Business Owner,57829.74,Mass Market,Faisalabad,Punjab,2023-12-08
C003867,41,Female,Business Owner,160079.65,Mass Affluent,Hyderabad,Sindh,2021-01-10
C003868,42,Male,Salaried,247470.13,Affluent,Gujranwala,Punjab,2021-12-05
C003869,47,Female,Salaried,30459.61,Mass Market,Sukkur,Sindh,2020-12-16
C003870,56,Male,Self-Employed,134758.98,Affluent,Sukkur,Sindh,2023-11-15
C003871,45,Female,Self-Employed,58467.4,Mass Market,Rawalpindi,Punjab,2017-06-06
C003872,21,Male,Business Owner,50038.36,Mass Market,Sialkot,Punjab,2021-11-12
C003873,41,Male,Unemployed,11107.5,Affluent,Faisalabad,Punjab,2023-09-08
C003874,52,Female,Salaried,185940.46,Affluent,Sialkot,Punjab,2016-11-26
C003875,40,Male,Salaried,136779.39,Mass Affluent,Islamabad,Islamabad Capital,2018-06-29
C003876,41,Male,Student,58745.67,Mass Market,Lahore,Punjab,2021-05-03
C003877,34,Male,Student,19965.71,Mass Market,Rawalpindi,Punjab,2018-08-23
C003878,49,Female,Business Owner,98916.25,Mass Market,Islamabad,Islamabad Capital,2021-04-28
C003879,35,Female,Self-Employed,112777.59,Mass Affluent,Multan,Punjab,2016-10-21
C003880,46,Female,Unemployed,23983.07,Mass Market,Rawalpindi,Punjab,2015-09-05
C003881,44,Male,Salaried,217306.62,Mass Affluent,Mardan,Khyber Pakhtunkhwa,2015-07-10
C003882,40,Male,Salaried,56506.3,Mass Market,Quetta,Balochistan,2016-09-13
C003883,44,Male,Salaried,60595.1,Mass Market,Swat,Khyber Pakhtunkhwa,2022-05-16
C003884,41,Male,Salaried,52041.46,Mass Market,Sukkur,Sindh,2021-02-01
C003885,53,Female,Business Owner,75150.81,Mass Market,Islamabad,Islamabad Capital,2018-01-04
C003886,46,Male,Salaried,183166.92,Mass Affluent,Faisalabad,Punjab,2021-01-18
C003887,50,Male,Self-Employed,714253.61,Premium,Islamabad,Islamabad Capital,2019-05-31
C003888,31,Male,Salaried,256621.35,Affluent,Abbottabad,Khyber Pakhtunkhwa,2016-07-29
C003889,30,Female,Business Owner,73526.03,Mass Affluent,Turbat,Balochistan,2022-01-20
C003890,40,Male,Salaried,58905.9,Mass Market,Multan,Punjab,2015-05-08
C003891,47,Female,Self-Employed,260303.22,Affluent,Faisalabad,Punjab,2015-12-19
C003892,45,Male,Salaried,306270.32,Affluent,Hyderabad,Sindh,2017-04-28
C003893,31,Male,Salaried,292706.57,Affluent,Larkana,Sindh,2020-07-24
C003894,48,Female,Salaried,109055.8,Mass Market,Karachi,Sindh,2018-03-13
C003895,32,Male,Self-Employed,46049.13,Mass Market,Turbat,Balochistan,2018-04-08
C003896,46,Male,Self-Employed,71445.47,Mass Affluent,Larkana,Sindh,2019-11-05
C003897,42,Male,Unemployed,17478.38,Mass Market,Multan,Punjab,2022-07-07
C003898,37,Female,Retired,86396.2,Mass Market,Faisalabad,Punjab,2017-12-13
C003899,33,Female,Salaried,90514.25,Mass Market,Faisalabad,Punjab,2018-07-02
C003900,40,Female,Salaried,79406.66,Mass Affluent,Sialkot,Punjab,2015-05-06
C003901,40,Male,Salaried,38555.54,Mass Market,Multan,Punjab,2023-08-01
C003902,27,Female,Salaried,152142.69,Mass Affluent,Swat,Khyber Pakhtunkhwa,2022-08-04
C003903,46,Male,Salaried,179517.15,Mass Affluent,Hyderabad,Sindh,2018-05-12
C003904,52,Male,Student,48810.92,Mass Market,Sukkur,Sindh,2022-08-18
C003905,48,Male,Retired,107464.62,Mass Market,Faisalabad,Punjab,2015-04-14
C003906,42,Male,Salaried,207660.74,Affluent,Karachi,Sindh,2015-08-28
C003907,34,Male,Business Owner,77025.93,Mass Market,Swat,Khyber Pakhtunkhwa,2019-12-04
C003908,40,Female,Student,39443.99,Mass Market,Gwadar,Balochistan,2020-01-04
C003909,38,Female,Salaried,45121.3,Mass Market,Sukkur,Sindh,2016-03-01
C003910,40,Female,Student,36512.7,Mass Market,Mardan,Khyber Pakhtunkhwa,2019-08-10
C003911,49,Male,Unemployed,12878.53,Mass Affluent,Sukkur,Sindh,2016-04-02
C003912,38,Male,Unemployed,22892.64,Mass Market,Larkana,Sindh,2019-02-02
C003913,21,Male,Business Owner,151613.88,Affluent,Mardan,Khyber Pakhtunkhwa,2019-05-03
C003914,48,Female,Salaried,44770.41,Mass Market,Multan,Punjab,2016-11-15
C003915,43,Male,Salaried,1314726.74,Premium,Multan,Punjab,2017-08-02
C003916,41,Male,Unemployed,41494.84,Mass Affluent,Sialkot,Punjab,2019-08-24
C003917,26,Female,Salaried,41710.92,Mass Market,Karachi,Sindh,2019-11-20
C003918,30,Male,Salaried,112424.17,Mass Affluent,Sukkur,Sindh,2023-11-05
C003919,31,Female,Salaried,62777.5,Mass Market,Karachi,Sindh,2020-12-06
C003920,33,Male,Salaried,391685.92,Affluent,Hyderabad,Sindh,2021-10-03
C003921,34,Female,Salaried,164604.69,Mass Affluent,Lahore,Punjab,2023-02-05
C003922,26,Female,Business Owner,46397.15,Mass Market,Abbottabad,Khyber Pakhtunkhwa,2018-06-02
C003923,63,Male,Self-Employed,97275.17,Mass Market,Faisalabad,Punjab,2017-08-02
C003924,56,Male,Salaried,851784.22,Premium,Gwadar,Balochistan,2020-04-08
C003925,42,Male,Salaried,109769.61,Mass Affluent,Sialkot,Punjab,2019-08-05
C003926,39,Male,Self-Employed,57147.13,Mass Market,Hyderabad,Sindh,2020-10-08
C003927,59,Male,Business Owner,75384.28,Mass Market,Karachi,Sindh,2021-11-06
C003928,57,Male,Retired,127565.38,Mass Market,Peshawar,Khyber Pakhtunkhwa,2020-06-09
C003929,31,Male,Student,15107.51,Mass Affluent,Multan,Punjab,2020-03-29
C003930,42,Male,Salaried,133527.23,Mass Affluent,Quetta,Balochistan,2022-05-10
C003931,37,Female,Student,52341.28,Affluent,Hyderabad,Sindh,2018-04-01
C003932,36,Male,Self-Employed,104657.55,Mass Affluent,Sukkur,Sindh,2016-08-18
C003933,37,Female,Self-Employed,104452.25,Mass Affluent,Larkana,Sindh,2015-10-11
C003934,38,Female,Business Owner,89568.85,Mass Market,Lahore,Punjab,2016-07-14
C003935,41,Male,Salaried,159287.72,Mass Affluent,Larkana,Sindh,2016-09-16
C003936,41,Male,Salaried,133602.06,Mass Market,Faisalabad,Punjab,2018-12-25
C003937,55,Female,Business Owner,225488.31,Affluent,Gujranwala,Punjab,2015-05-02
C003938,30,Female,Salaried,63209.57,Mass Market,Karachi,Sindh,2021-12-16
C003939,50,Male,Business Owner,146235.82,Mass Affluent,Karachi,Sindh,2020-07-12
C003940,27,Male,Salaried,393586.77,Affluent,Multan,Punjab,2017-04-28
C003941,42,Male,Self-Employed,217833.56,Mass Affluent,Gujranwala,Punjab,2019-07-21
C003942,50,Female,Student,51745.85,Mass Market,Faisalabad,Punjab,2015-10-11
C003943,45,Female,Salaried,85757.18,Mass Affluent,Faisalabad,Punjab,2017-09-10
C003944,36,Male,Salaried,45796.64,Mass Market,Sukkur,Sindh,2019-05-04
C003945,42,Female,Self-Employed,63344.05,Mass Market,Faisalabad,Punjab,2023-07-18
C003946,57,Male,Salaried,199175.02,Mass Affluent,Turbat,Balochistan,2020-11-10
C003947,32,Male,Salaried,75030.91,Mass Affluent,Rawalpindi,Punjab,2019-07-05
C003948,45,Female,Business Owner,38464.8,Mass Market,Gujranwala,Punjab,2023-12-16
C003949,50,Female,Salaried,373346.87,Affluent,Gwadar,Balochistan,2023-11-27
C003950,35,Male,Self-Employed,36699.61,Mass Market,Rawalpindi,Punjab,2019-10-23
C003951,58,Male,Salaried,182596.89,Affluent,Rawalpindi,Punjab,2018-04-23
C003952,62,Male,Salaried,200220.38,Mass Affluent,Islamabad,Islamabad Capital,2018-04-04
C003953,51,Male,Salaried,257414.42,Affluent,Islamabad,Islamabad Capital,2020-08-07
C003954,51,Female,Unemployed,37672.55,Affluent,Mardan,Khyber Pakhtunkhwa,2022-01-28
C003955,21,Female,Self-Employed,1051216.46,Premium,Faisalabad,Punjab,2017-10-15
C003956,24,Male,Salaried,86799.71,Mass Affluent,Larkana,Sindh,2022-08-20
C003957,38,Female,Salaried,37115.34,Mass Market,Islamabad,Islamabad Capital,2023-05-22
C003958,32,Female,Self-Employed,111435.43,Mass Market,Islamabad,Islamabad Capital,2020-02-04
C003959,46,Male,Self-Employed,142052.53,Mass Affluent,Rawalpindi,Punjab,2017-04-23
C003960,21,Male,Salaried,77682.68,Mass Market,Gujranwala,Punjab,2017-09-04
C003961,46,Male,Salaried,248782.16,Affluent,Faisalabad,Punjab,2016-10-07
C003962,37,Female,Salaried,57618.12,Mass Market,Faisalabad,Punjab,2017-05-19
C003963,33,Male,Self-Employed,214296.08,Affluent,Sukkur,Sindh,2020-09-23
C003964,60,Male,Business Owner,67709.75,Mass Market,Multan,Punjab,2015-06-16
C003965,36,Female,Self-Employed,384026.41,Affluent,Rawalpindi,Punjab,2017-12-05
C003966,21,Male,Business Owner,301648.59,Affluent,Gujranwala,Punjab,2022-08-15
C003967,44,Female,Salaried,89791.39,Mass Market,Larkana,Sindh,2022-11-05
C003968,43,Female,Self-Employed,167209.05,Mass Affluent,Sialkot,Punjab,2015-09-05
C003969,37,Male,Self-Employed,40283.28,Mass Market,Sukkur,Sindh,2016-02-04
C003970,65,Female,Salaried,123042.73,Mass Affluent,Lahore,Punjab,2017-02-10
C003971,41,Female,Retired,126851.58,Mass Affluent,Islamabad,Islamabad Capital,2015-07-21
C003972,50,Female,Salaried,79889.91,Mass Market,Sialkot,Punjab,2020-02-09
C003973,43,Female,Self-Employed,71503.6,Mass Market,Larkana,Sindh,2015-04-01
C003974,53,Male,Self-Employed,62975.77,Mass Market,Sialkot,Punjab,2017-03-18
C003975,35,Female,Student,59185.63,Mass Market,Multan,Punjab,2017-09-23
C003976,27,Female,Salaried,63980.35,Mass Affluent,Lahore,Punjab,2022-11-21
C003977,47,Female,Student,14649.87,Mass Market,Gujranwala,Punjab,2022-04-02
C003978,42,Female,Salaried,229945.09,Affluent,Rawalpindi,Punjab,2021-09-18
C003979,48,Female,Salaried,687739.9,Premium,Larkana,Sindh,2023-04-19
C003980,32,Male,Student,30422.63,Affluent,Karachi,Sindh,2023-11-04
C003981,44,Male,Salaried,129935.41,Mass Affluent,Lahore,Punjab,2023-02-16
C003982,21,Male,Self-Employed,36403.31,Mass Market,Sukkur,Sindh,2023-06-28
C003983,34,Male,Salaried,151730.77,Mass Affluent,Hyderabad,Sindh,2023-05-19
C003984,31,Female,Retired,146054.71,Mass Affluent,Lahore,Punjab,2016-12-18
C003985,44,Male,Business Owner,357680.61,Premium,Lahore,Punjab,2017-09-08
C003986,34,Male,Salaried,53629.1,Mass Market,Rawalpindi,Punjab,2019-04-10
C003987,24,Male,Business Owner,69163.54,Mass Market,Faisalabad,Punjab,2019-12-20
C003988,33,Female,Salaried,1171418.87,Premium,Sukkur,Sindh,2019-02-02
C003989,46,Male,Self-Employed,185108.6,Affluent,Islamabad,Islamabad Capital,2018-02-25
C003990,40,Female,Business Owner,81011.44,Mass Market,Islamabad,Islamabad Capital,2018-12-10
C003991,31,Male,Business Owner,86355.67,Mass Affluent,Islamabad,Islamabad Capital,2021-05-08
C003992,48,Male,Self-Employed,37022.04,Mass Market,Gujranwala,Punjab,2021-09-10
C003993,56,Male,Student,38528.11,Mass Affluent,Faisalabad,Punjab,2023-03-06
C003994,49,Female,Self-Employed,75508.85,Mass Market,Sialkot,Punjab,2022-03-26
C003995,21,Male,Retired,110287.14,Mass Market,Multan,Punjab,2016-06-25
C003996,42,Male,Salaried,53237.48,Mass Market,Faisalabad,Punjab,2016-10-26
C003997,37,Male,Salaried,71401.63,Mass Market,Sialkot,Punjab,2019-05-03
C003998,21,Male,Business Owner,60937.98,Mass Market,Sukkur,Sindh,2022-10-09
C003999,25,Male,Salaried,62573.49,Mass Market,Faisalabad,Punjab,2019-01-14
C004000,48,Male,Salaried,53463.79,Mass Market,Faisalabad,Punjab,2016-02-26
C004001,41,Male,Business Owner,87976.22,Mass Affluent,Peshawar,Khyber Pakhtunkhwa,2023-03-02
C004002,40,Female,Self-Employed,247208.26,Mass Affluent,Multan,Punjab,2020-04-29
C004003,32,Male,Salaried,221339.66,Mass Affluent,Mardan,Khyber Pakhtunkhwa,2022-12-20
C004004,51,Female,Salaried,109793.89,Mass Market,Lahore,Punjab,2018-03-31
C004005,25,Female,Salaried,48881.79,Mass Market,Karachi,Sindh,2022-10-01
C004006,29,Female,Salaried,216081.81,Affluent,Lahore,Punjab,2015-06-30
C004007,36,Female,Salaried,239200.12,Affluent,Karachi,Sindh,2021-09-17
C004008,22,Male,Student,29369.05,Premium,Rawalpindi,Punjab,2023-11-08
C004009,29,Male,Salaried,279979.56,Affluent,Multan,Punjab,2023-04-02
C004010,51,Male,Business Owner,105754.63,Mass Affluent,Larkana,Sindh,2019-02-24
C004011,30,Male,Unemployed,15840.27,Affluent,Faisalabad,Punjab,2023-12-21
C004012,48,Male,Salaried,45353.8,Mass Market,Gujranwala,Punjab,2023-11-14
C004013,46,Male,Unemployed,44201.76,Mass Affluent,Gwadar,Balochistan,2016-03-03
C004014,37,Male,Salaried,294093.84,Affluent,Gujranwala,Punjab,2019-05-27
C004015,23,Female,Self-Employed,106850.07,Mass Affluent,Sukkur,Sindh,2023-03-16
C004016,40,Male,Unemployed,21381.13,Mass Market,Karachi,Sindh,2022-11-10
C004017,21,Male,Business Owner,21630.36,Mass Market,Gujranwala,Punjab,2019-12-20
C004018,33,Male,Salaried,42749.38,Mass Market,Hyderabad,Sindh,2017-03-03
C004019,42,Male,Salaried,58981.44,Mass Market,Multan,Punjab,2017-06-02
C004020,49,Male,Salaried,157363.93,Affluent,Swat,Khyber Pakhtunkhwa,2015-10-31
C004021,37,Female,Retired,95108.39,Mass Affluent,Faisalabad,Punjab,2020-02-14
C004022,32,Female,Salaried,60890.49,Mass Market,Gujranwala,Punjab,2015-03-30
C004023,31,Male,Self-Employed,169717.55,Mass Affluent,Rawalpindi,Punjab,2019-06-19
C004024,34,Male,Salaried,42755.27,Mass Market,Quetta,Balochistan,2016-07-30
C004025,46,Female,Salaried,117674.97,Mass Affluent,Peshawar,Khyber Pakhtunkhwa,2019-11-13
C004026,43,Male,Salaried,54790.45,Mass Market,Islamabad,Islamabad Capital,2015-07-04
C004027,39,Male,Salaried,71797.89,Mass Affluent,Larkana,Sindh,2018-05-08
C004028,46,Male,Self-Employed,203855.45,Mass Affluent,Hyderabad,Sindh,2018-02-08
C004029,39,Female,Salaried,121268.93,Mass Affluent,Karachi,Sindh,2020-10-23
C004030,24,Male,Salaried,121763.84,Mass Affluent,Quetta,Balochistan,2021-02-15
C004031,27,Male,Self-Employed,69136.19,Mass Market,Sukkur,Sindh,2021-02-03
C004032,46,Female,Salaried,71861.19,Mass Affluent,Faisalabad,Punjab,2019-06-05
C004033,24,Male,Business Owner,85107.88,Mass Market,Karachi,Sindh,2015-07-23
C004034,35,Male,Self-Employed,89440.77,Mass Market,Hyderabad,Sindh,2023-02-14
C004035,38,Female,Self-Employed,137130.98,Mass Affluent,Sialkot,Punjab,2021-12-06
C004036,28,Female,Salaried,154961.03,Mass Affluent,Faisalabad,Punjab,2021-01-02
C004037,21,Male,Salaried,247368.57,Affluent,Sialkot,Punjab,2019-11-26
C004038,26,Female,Business Owner,83295.65,Mass Market,Abbottabad,Khyber Pakhtunkhwa,2020-02-05
C004039,21,Male,Student,23703.11,Affluent,Rawalpindi,Punjab,2022-11-12
C004040,46,Female,Salaried,59265.85,Mass Market,Mardan,Khyber Pakhtunkhwa,2017-10-17
C004041,43,Female,Salaried,131353.82,Mass Affluent,Larkana,Sindh,2020-11-08
C004042,31,Female,Salaried,275914.08,Affluent,Swat,Khyber Pakhtunkhwa,2023-12-09
C004043,24,Male,Business Owner,195156.61,Mass Affluent,Sialkot,Punjab,2023-12-10
C004044,52,Male,Salaried,643104.64,Affluent,Quetta,Balochistan,2021-10-15
C004045,44,Female,Unemployed,43777.2,Mass Affluent,Larkana,Sindh,2021-09-05
C004046,32,Male,Salaried,71742.3,Mass Market,Lahore,Punjab,2016-01-13
C004047,52,Female,Unemployed,17561.31,Premium,Multan,Punjab,2018-12-25
C004048,41,Male,Salaried,414436.5,Affluent,Rawalpindi,Punjab,2022-07-10
C004049,42,Female,Salaried,49288.97,Mass Market,Multan,Punjab,2017-02-23
C004050,28,Male,Salaried,198242.94,Mass Market,Abbottabad,Khyber Pakhtunkhwa,2018-01-28
C004051,22,Male,Salaried,31799.91,Mass Market,Islamabad,Islamabad Capital,2020-09-11
C004052,22,Female,Unemployed,41815.98,Affluent,Karachi,Sindh,2023-09-11
C004053,62,Male,Salaried,408076.25,Affluent,Sukkur,Sindh,2019-06-23
C004054,30,Male,Salaried,182789.96,Affluent,Hyderabad,Sindh,2022-03-24
C004055,40,Female,Unemployed,18796.96,Mass Market,Peshawar,Khyber Pakhtunkhwa,2018-11-21
C004056,44,Male,Salaried,42163.23,Mass Market,Abbottabad,Khyber Pakhtunkhwa,2020-11-20
C004057,39,Female,Salaried,53244.73,Mass Market,Rawalpindi,Punjab,2022-06-15
C004058,37,Female,Salaried,36658.28,Mass Market,Islamabad,Islamabad Capital,2022-12-01
C004059,37,Female,Salaried,56752.11,Mass Market,Rawalpindi,Punjab,2023-04-03
C004060,44,Male,Retired,143365.7,Mass Market,Abbottabad,Khyber Pakhtunkhwa,2022-10-13
C004061,28,Male,Salaried,82249.41,Mass Market,Islamabad,Islamabad Capital,2019-02-10
C004062,34,Female,Business Owner,151548.21,Mass Market,Hyderabad,Sindh,2015-12-07
C004063,21,Male,Salaried,106976.52,Mass Affluent,Rawalpindi,Punjab,2015-04-12
C004064,21,Male,Salaried,21080.43,Mass Market,Hyderabad,Sindh,2023-12-09
C004065,25,Female,Business Owner,76766.92,Mass Market,Multan,Punjab,2022-11-28
C004066,48,Female,Business Owner,105468.93,Mass Affluent,Mardan,Khyber Pakhtunkhwa,2017-08-25
C004067,36,Male,Self-Employed,1247334.24,Premium,Rawalpindi,Punjab,2015-05-24
C004068,47,Female,Salaried,128302.7,Mass Affluent,Hyderabad,Sindh,2020-04-03
C004069,43,Female,Salaried,97424.72,Mass Affluent,Turbat,Balochistan,2019-01-16
C004070,42,Male,Business Owner,88464.95,Mass Affluent,Lahore,Punjab,2019-06-10
C004071,29,Male,Self-Employed,164717.42,Mass Affluent,Sialkot,Punjab,2017-12-26
C004072,40,Male,Salaried,117090.19,Mass Affluent,Karachi,Sindh,2015-01-23
C004073,42,Male,Salaried,104802.05,Mass Market,Rawalpindi,Punjab,2018-03-31
C004074,63,Female,Business Owner,120002.24,Mass Affluent,Gujranwala,Punjab,2018-09-04
C004075,35,Male,Salaried,102709.05,Mass Market,Rawalpindi,Punjab,2020-10-02
C004076,47,Female,Self-Employed,35512.81,Mass Market,Sialkot,Punjab,2017-02-09
C004077,38,Male,Business Owner,30990.14,Mass Market,Sukkur,Sindh,2022-09-12
C004078,31,Male,Salaried,82223.06,Mass Market,Sukkur,Sindh,2022-05-19
C004079,49,Male,Salaried,50292.85,Mass Market,Faisalabad,Punjab,2021-06-24
C004080,60,Male,Self-Employed,117611.3,Mass Affluent,Larkana,Sindh,2018-05-23
C004081,42,Male,Self-Employed,40842.0,Mass Market,Faisalabad,Punjab,2018-12-02
C004082,31,Male,Retired,70916.49,Mass Market,Sialkot,Punjab,2023-06-20
C004083,44,Male,Self-Employed,76393.53,Mass Market,Swat,Khyber Pakhtunkhwa,2021-12-09
C004084,42,Male,Salaried,59571.82,Mass Market,Multan,Punjab,2020-02-19
C004085,63,Female,Salaried,86891.31,Mass Affluent,Sukkur,Sindh,2020-10-24
C004086,47,Male,Self-Employed,81024.47,Mass Market,Gwadar,Balochistan,2023-10-10
C004087,29,Male,Salaried,93766.88,Mass Market,Larkana,Sindh,2019-06-02
C004088,53,Male,Business Owner,57569.24,Mass Market,Sukkur,Sindh,2018-03-30
C004089,48,Male,Salaried,87843.83,Mass Market,Sialkot,Punjab,2018-01-02
C004090,49,Female,Salaried,41003.55,Mass Market,Rawalpindi,Punjab,2022-11-05
C004091,44,Male,Salaried,74715.23,Mass Market,Faisalabad,Punjab,2019-05-22
C004092,50,Female,Student,53858.9,Mass Affluent,Peshawar,Khyber Pakhtunkhwa,2018-05-06
C004093,44,Male,Business Owner,207264.63,Affluent,Peshawar,Khyber Pakhtunkhwa,2022-01-28
C004094,36,Male,Self-Employed,283637.41,Mass Affluent,Rawalpindi,Punjab,2022-08-21
C004095,40,Female,Salaried,65549.07,Mass Market,Sialkot,Punjab,2021-03-02
C004096,38,Male,Retired,99978.11,Mass Market,Rawalpindi,Punjab,2022-11-05
C004097,43,Male,Student,17463.55,Mass Affluent,Larkana,Sindh,2022-04-09
C004098,40,Female,Salaried,43114.56,Mass Market,Hyderabad,Sindh,2021-01-14
C004099,36,Female,Business Owner,180399.86,Affluent,Sukkur,Sindh,2023-11-10
C004100,37,Male,Retired,61952.66,Mass Affluent,Quetta,Balochistan,2018-05-19
C004101,39,Female,Salaried,51898.71,Mass Market,Faisalabad,Punjab,2023-09-24
C004102,21,Male,Salaried,44201.49,Mass Market,Larkana,Sindh,2018-01-09
C004103,50,Female,Self-Employed,450434.49,Affluent,Larkana,Sindh,2023-04-07
C004104,43,Male,Salaried,467199.59,Premium,Faisalabad,Punjab,2021-03-28
C004105,32,Male,Business Owner,196476.45,Affluent,Gwadar,Balochistan,2021-10-14
C004106,46,Male,Self-Employed,38235.75,Mass Market,Gujranwala,Punjab,2023-11-28
C004107,33,Female,Salaried,79868.45,Mass Affluent,Abbottabad,Khyber Pakhtunkhwa,2023-12-08
C004108,33,Male,Salaried,88657.11,Mass Market,Abbottabad,Khyber Pakhtunkhwa,2023-03-31
C004109,43,Female,Business Owner,66184.62,Mass Market,Turbat,Balochistan,2019-04-10
C004110,55,Female,Salaried,168993.27,Mass Affluent,Hyderabad,Sindh,2019-04-07
C004111,42,Male,Salaried,920342.22,Premium,Multan,Punjab,2016-04-16
C004112,30,Female,Salaried,52862.31,Mass Market,Abbottabad,Khyber Pakhtunkhwa,2020-04-22
C004113,35,Female,Student,48522.6,Mass Market,Mardan,Khyber Pakhtunkhwa,2016-07-22
C004114,48,Female,Salaried,47281.84,Mass Market,Sukkur,Sindh,2017-10-14
C004115,43,Male,Salaried,39565.94,Mass Market,Peshawar,Khyber Pakhtunkhwa,2019-08-13
C004116,50,Male,Business Owner,69152.82,Mass Market,Rawalpindi,Punjab,2017-08-17
C004117,43,Female,Salaried,295810.13,Affluent,Sukkur,Sindh,2023-02-10
C004118,47,Male,Business Owner,63349.64,Mass Market,Swat,Khyber Pakhtunkhwa,2022-05-14
C004119,61,Female,Salaried,191206.99,Mass Affluent,Multan,Punjab,2022-01-21
C004120,24,Male,Student,44041.81,Mass Market,Sukkur,Sindh,2022-05-16
C004121,65,Female,Salaried,67579.47,Mass Market,Islamabad,Islamabad Capital,2017-11-03
C004122,49,Female,Salaried,100584.03,Mass Market,Swat,Khyber Pakhtunkhwa,2016-05-07
C004123,68,Female,Salaried,66399.09,Mass Market,Turbat,Balochistan,2017-02-06
C004124,28,Female,Retired,69512.25,Mass Affluent,Sialkot,Punjab,2016-05-02
C004125,43,Male,Student,21376.58,Mass Affluent,Islamabad,Islamabad Capital,2020-06-22
C004126,41,Male,Salaried,1150632.61,Affluent,Faisalabad,Punjab,2017-02-25
C004127,49,Female,Salaried,32780.19,Mass Market,Larkana,Sindh,2021-10-21
C004128,44,Female,Salaried,105909.96,Mass Affluent,Larkana,Sindh,2022-04-15
C004129,43,Male,Salaried,225507.64,Affluent,Swat,Khyber Pakhtunkhwa,2021-11-16
C004130,48,Male,Salaried,133672.19,Mass Market,Gwadar,Balochistan,2017-09-30
C004131,38,Female,Student,51783.97,Affluent,Mardan,Khyber Pakhtunkhwa,2021-11-21
C004132,33,Male,Salaried,331193.83,Affluent,Larkana,Sindh,2016-08-26
C004133,44,Female,Student,41874.43,Affluent,Gujranwala,Punjab,2015-01-10
C004134,33,Female,Salaried,87557.66,Mass Affluent,Karachi,Sindh,2021-02-12
C004135,38,Male,Student,44734.31,Mass Affluent,Karachi,Sindh,2021-04-22
C004136,23,Male,Salaried,45656.11,Mass Market,Sialkot,Punjab,2022-03-04
C004137,40,Female,Salaried,140670.27,Mass Affluent,Karachi,Sindh,2020-11-30
C004138,29,Male,Business Owner,793056.77,Premium,Swat,Khyber Pakhtunkhwa,2019-05-31
C004139,39,Female,Salaried,123830.22,Mass Market,Sukkur,Sindh,2018-08-11
C004140,27,Male,Student,34995.21,Mass Affluent,Peshawar,Khyber Pakhtunkhwa,2021-05-10
C004141,39,Male,Business Owner,56615.05,Mass Market,Rawalpindi,Punjab,2023-12-26
C004142,49,Male,Unemployed,20962.61,Mass Market,Karachi,Sindh,2018-10-12
C004143,32,Male,Student,30347.98,Mass Affluent,Gujranwala,Punjab,2019-01-14
C004144,29,Female,Salaried,345046.42,Mass Affluent,Multan,Punjab,2017-03-12
C004145,48,Female,Salaried,121713.28,Mass Affluent,Sukkur,Sindh,2015-08-20
C004146,49,Male,Business Owner,107443.55,Affluent,Gujranwala,Punjab,2021-06-18
C004147,44,Male,Salaried,55642.14,Mass Market,Gujranwala,Punjab,2015-07-16
C004148,34,Female,Self-Employed,267683.75,Affluent,Karachi,Sindh,2015-07-23
C004149,32,Male,Salaried,118621.6,Mass Affluent,Larkana,Sindh,2018-10-31
C004150,35,Male,Self-Employed,98933.67,Mass Affluent,Gujranwala,Punjab,2020-11-18
C004151,38,Female,Salaried,36315.69,Mass Market,Sialkot,Punjab,2020-07-17
C004152,21,Male,Salaried,136312.65,Mass Market,Larkana,Sindh,2023-11-18
C004153,28,Male,Unemployed,9151.13,Affluent,Larkana,Sindh,2023-12-27
C004154,53,Male,Student,57300.63,Mass Market,Larkana,Sindh,2018-05-04
C004155,41,Male,Salaried,134672.03,Mass Market,Larkana,Sindh,2018-12-02
C004156,52,Male,Salaried,93451.68,Mass Affluent,Rawalpindi,Punjab,2017-10-24
C004157,50,Male,Business Owner,163440.6,Mass Affluent,Quetta,Balochistan,2020-02-28
C004158,36,Male,Salaried,174189.93,Affluent,Multan,Punjab,2020-06-07
C004159,36,Female,Self-Employed,172918.89,Mass Affluent,Karachi,Sindh,2022-08-02
C004160,50,Male,Business Owner,181940.81,Affluent,Gujranwala,Punjab,2018-02-14
C004161,47,Female,Salaried,71745.17,Mass Market,Sukkur,Sindh,2021-05-21
C004162,50,Male,Salaried,273079.8,Mass Affluent,Rawalpindi,Punjab,2016-02-09
C004163,39,Male,Salaried,290121.69,Affluent,Peshawar,Khyber Pakhtunkhwa,2023-03-13
C004164,41,Male,Salaried,56506.38,Mass Affluent,Lahore,Punjab,2015-12-10
C004165,36,Female,Self-Employed,60821.16,Mass Market,Sukkur,Sindh,2020-10-02
C004166,38,Male,Salaried,72018.02,Mass Market,Lahore,Punjab,2016-04-13
C004167,31,Male,Retired,70818.28,Mass Affluent,Multan,Punjab,2023-06-10
C004168,38,Female,Business Owner,227579.41,Mass Affluent,Lahore,Punjab,2022-09-10
C004169,37,Male,Salaried,232031.07,Mass Affluent,Larkana,Sindh,2020-10-07
C004170,34,Female,Self-Employed,123689.86,Mass Affluent,Sukkur,Sindh,2018-10-07
C004171,48,Male,Salaried,217936.33,Affluent,Islamabad,Islamabad Capital,2016-02-25
C004172,23,Female,Salaried,39224.85,Mass Market,Hyderabad,Sindh,2023-09-11
C004173,43,Female,Self-Employed,105884.99,Mass Affluent,Islamabad,Islamabad Capital,2018-02-02
C004174,29,Male,Salaried,155806.69,Mass Affluent,Rawalpindi,Punjab,2016-01-16
C004175,30,Male,Salaried,35940.27,Mass Market,Mardan,Khyber Pakhtunkhwa,2019-03-04
C004176,31,Female,Salaried,42188.08,Mass Market,Sukkur,Sindh,2015-07-18
C004177,44,Male,Salaried,160968.41,Mass Affluent,Larkana,Sindh,2022-03-16
C004178,21,Male,Self-Employed,101683.94,Mass Affluent,Islamabad,Islamabad Capital,2018-10-23
C004179,41,Male,Unemployed,25869.86,Mass Market,Larkana,Sindh,2017-09-03
C004180,39,Male,Self-Employed,44031.56,Mass Market,Gwadar,Balochistan,2017-04-25
C004181,28,Male,Unemployed,21214.77,Mass Market,Peshawar,Khyber Pakhtunkhwa,2019-06-08
C004182,41,Male,Self-Employed,208820.77,Affluent,Sialkot,Punjab,2015-10-03
C004183,26,Female,Salaried,63103.95,Mass Affluent,Hyderabad,Sindh,2017-01-06
C004184,39,Male,Student,29048.93,Mass Market,Larkana,Sindh,2017-12-28
C004185,25,Female,Salaried,214938.02,Affluent,Quetta,Balochistan,2018-05-15
C004186,62,Female,Salaried,54590.78,Mass Market,Abbottabad,Khyber Pakhtunkhwa,2015-02-16
C004187,48,Male,Retired,110701.8,Mass Market,Gujranwala,Punjab,2017-07-09
C004188,42,Female,Self-Employed,73791.69,Mass Market,Multan,Punjab,2018-06-06
C004189,28,Male,Retired,108794.51,Mass Affluent,Lahore,Punjab,2023-06-15
C004190,36,Male,Salaried,344049.36,Affluent,Larkana,Sindh,2023-01-04
C004191,36,Male,Business Owner,48692.17,Mass Market,Gujranwala,Punjab,2023-02-19
C004192,42,Male,Salaried,127566.48,Mass Affluent,Swat,Khyber Pakhtunkhwa,2016-08-16
C004193,43,Male,Salaried,152323.53,Mass Affluent,Sukkur,Sindh,2021-07-28
C004194,41,Male,Student,50890.8,Affluent,Mardan,Khyber Pakhtunkhwa,2015-01-17
C004195,43,Male,Salaried,314590.4,Affluent,Gujranwala,Punjab,2016-02-07
C004196,37,Female,Business Owner,88788.89,Mass Affluent,Sukkur,Sindh,2015-03-31
C004197,43,Female,Student,15446.0,Mass Market,Lahore,Punjab,2023-06-24
C004198,32,Female,Student,53954.82,Mass Market,Gwadar,Balochistan,2016-05-30
C004199,27,Male,Salaried,131009.61,Affluent,Sialkot,Punjab,2016-01-11
C004200,59,Female,Salaried,64481.27,Mass Affluent,Rawalpindi,Punjab,2015-06-29
C004201,44,Female,Retired,144585.28,Mass Affluent,Faisalabad,Punjab,2015-12-03
C004202,59,Female,Self-Employed,281900.23,Affluent,Peshawar,Khyber Pakhtunkhwa,2015-05-26
C004203,36,Female,Salaried,250331.17,Affluent,Faisalabad,Punjab,2020-05-01
C004204,66,Male,Salaried,181912.09,Mass Affluent,Larkana,Sindh,2017-07-08
C004205,40,Female,Salaried,196258.8,Affluent,Mardan,Khyber Pakhtunkhwa,2023-08-20
C004206,52,Male,Retired,148638.27,Mass Market,Peshawar,Khyber Pakhtunkhwa,2016-06-13
C004207,39,Female,Salaried,94989.98,Mass Affluent,Sialkot,Punjab,2016-09-15
C004208,41,Male,Business Owner,495732.64,Premium,Gujranwala,Punjab,2016-07-14
C004209,38,Male,Salaried,58688.65,Mass Market,Sukkur,Sindh,2018-01-28
C004210,34,Female,Salaried,44311.37,Mass Market,Multan,Punjab,2017-07-22
C004211,50,Female,Self-Employed,57608.98,Mass Affluent,Sukkur,Sindh,2023-08-23
C004212,39,Female,Student,18182.02,Mass Affluent,Sialkot,Punjab,2022-12-08
C004213,48,Male,Salaried,62874.77,Mass Market,Sukkur,Sindh,2015-10-23
C004214,49,Male,Salaried,39068.49,Mass Market,Sialkot,Punjab,2023-02-21
C004215,55,Male,Self-Employed,28002.95,Mass Market,Sukkur,Sindh,2023-11-07
C004216,44,Female,Salaried,76082.8,Mass Market,Sialkot,Punjab,2023-02-25
C004217,22,Male,Salaried,503688.69,Affluent,Sukkur,Sindh,2023-03-10
C004218,35,Male,Self-Employed,125416.5,Mass Affluent,Rawalpindi,Punjab,2022-01-15
C004219,39,Male,Salaried,143960.9,Mass Affluent,Islamabad,Islamabad Capital,2017-06-09
C004220,39,Male,Self-Employed,66657.84,Mass Market,Sukkur,Sindh,2020-12-07
C004221,54,Male,Salaried,24911.95,Mass Market,Lahore,Punjab,2017-02-27
C004222,51,Female,Business Owner,84102.19,Mass Market,Faisalabad,Punjab,2020-04-20
C004223,37,Female,Business Owner,448516.14,Affluent,Multan,Punjab,2015-01-25
C004224,66,Male,Student,35361.47,Affluent,Multan,Punjab,2023-12-10
C004225,35,Male,Business Owner,50807.76,Mass Market,Faisalabad,Punjab,2015-01-07
C004226,36,Female,Self-Employed,406021.39,Premium,Gwadar,Balochistan,2017-10-23
C004227,27,Male,Salaried,100544.1,Mass Market,Sukkur,Sindh,2015-12-09
C004228,22,Female,Salaried,72524.94,Mass Market,Lahore,Punjab,2021-08-09
C004229,26,Male,Salaried,181255.32,Mass Affluent,Sukkur,Sindh,2020-08-17
C004230,50,Male,Business Owner,46920.54,Mass Market,Faisalabad,Punjab,2015-08-02
C004231,47,Male,Salaried,310437.73,Affluent,Islamabad,Islamabad Capital,2020-04-03
C004232,29,Male,Salaried,40207.46,Mass Market,Multan,Punjab,2015-10-16
C004233,40,Male,Self-Employed,129741.41,Mass Affluent,Mardan,Khyber Pakhtunkhwa,2021-01-09
C004234,48,Male,Self-Employed,52570.09,Mass Market,Peshawar,Khyber Pakhtunkhwa,2020-04-06
C004235,21,Male,Salaried,146188.23,Mass Market,Gujranwala,Punjab,2015-06-21
C004236,58,Female,Salaried,73908.21,Mass Market,Faisalabad,Punjab,2022-09-17
C004237,51,Male,Self-Employed,123597.11,Affluent,Gujranwala,Punjab,2015-09-06
C004238,48,Male,Retired,142380.36,Mass Affluent,Mardan,Khyber Pakhtunkhwa,2023-02-12
C004239,52,Male,Business Owner,149521.38,Mass Affluent,Hyderabad,Sindh,2021-04-30
C004240,21,Male,Salaried,50110.96,Mass Market,Sukkur,Sindh,2015-04-01
C004241,37,Male,Student,48428.95,Mass Market,Peshawar,Khyber Pakhtunkhwa,2018-02-08
C004242,53,Male,Salaried,77118.3,Mass Market,Abbottabad,Khyber Pakhtunkhwa,2017-07-23
C004243,39,Female,Salaried,90216.04,Mass Affluent,Sukkur,Sindh,2023-02-28
C004244,47,Male,Salaried,74665.13,Mass Market,Sukkur,Sindh,2022-09-12
C004245,55,Male,Salaried,40322.57,Mass Market,Peshawar,Khyber Pakhtunkhwa,2018-05-14
C004246,47,Male,Self-Employed,106128.64,Mass Affluent,Faisalabad,Punjab,2019-12-15
C004247,36,Male,Self-Employed,186955.66,Mass Affluent,Abbottabad,Khyber Pakhtunkhwa,2016-11-08
C004248,45,Female,Business Owner,72257.11,Mass Market,Sialkot,Punjab,2016-06-28
C004249,21,Female,Self-Employed,60720.7,Mass Market,Sialkot,Punjab,2017-05-08
C004250,44,Male,Salaried,59322.05,Mass Market,Peshawar,Khyber Pakhtunkhwa,2019-02-09
C004251,47,Male,Self-Employed,134551.18,Mass Affluent,Faisalabad,Punjab,2015-02-14
C004252,41,Female,Business Owner,44414.18,Mass Market,Gujranwala,Punjab,2022-02-05
C004253,52,Female,Self-Employed,73053.31,Mass Affluent,Faisalabad,Punjab,2021-12-01
C004254,42,Female,Salaried,74487.42,Mass Market,Sukkur,Sindh,2021-12-28
C004255,41,Female,Self-Employed,500810.42,Affluent,Peshawar,Khyber Pakhtunkhwa,2021-08-02
C004256,59,Male,Self-Employed,352270.07,Affluent,Sialkot,Punjab,2022-09-23
C004257,28,Female,Salaried,66084.23,Mass Market,Rawalpindi,Punjab,2016-02-14
C004258,54,Male,Student,14889.66,Mass Market,Karachi,Sindh,2015-03-12
C004259,53,Male,Salaried,83736.15,Mass Market,Islamabad,Islamabad Capital,2018-10-16
C004260,48,Female,Salaried,336204.45,Affluent,Faisalabad,Punjab,2017-10-10
C004261,35,Female,Business Owner,173536.88,Mass Affluent,Islamabad,Islamabad Capital,2022-03-04
C004262,43,Male,Student,53774.61,Mass Affluent,Turbat,Balochistan,2017-09-23
C004263,30,Male,Self-Employed,109620.81,Mass Market,Rawalpindi,Punjab,2019-02-09
C004264,33,Male,Salaried,39281.37,Mass Market,Abbottabad,Khyber Pakhtunkhwa,2017-05-01
C004265,40,Male,Unemployed,39026.19,Mass Affluent,Karachi,Sindh,2022-06-30
C004266,29,Female,Salaried,137528.75,Mass Affluent,Karachi,Sindh,2018-12-05
C004267,36,Female,Salaried,197202.81,Affluent,Sialkot,Punjab,2020-11-28
C004268,27,Female,Self-Employed,184642.59,Affluent,Mardan,Khyber Pakhtunkhwa,2018-09-23
C004269,46,Female,Salaried,206679.82,Mass Affluent,Mardan,Khyber Pakhtunkhwa,2021-06-24
C004270,57,Male,Self-Employed,88596.35,Mass Affluent,Peshawar,Khyber Pakhtunkhwa,2018-08-06
C004271,63,Male,Unemployed,36866.22,Affluent,Islamabad,Islamabad Capital,2023-02-22
C004272,28,Male,Salaried,69936.85,Mass Affluent,Karachi,Sindh,2018-12-03
C004273,30,Male,Salaried,286788.34,Affluent,Abbottabad,Khyber Pakhtunkhwa,2018-01-20
C004274,38,Male,Salaried,979676.41,Premium,Swat,Khyber Pakhtunkhwa,2017-10-22
C004275,48,Female,Self-Employed,95137.19,Mass Market,Gujranwala,Punjab,2022-02-28
C004276,38,Male,Business Owner,193375.03,Mass Affluent,Multan,Punjab,2023-10-30
C004277,51,Male,Retired,76479.63,Mass Affluent,Rawalpindi,Punjab,2019-12-19
C004278,46,Female,Business Owner,91534.53,Mass Market,Peshawar,Khyber Pakhtunkhwa,2020-02-18
C004279,21,Female,Unemployed,31394.9,Mass Affluent,Rawalpindi,Punjab,2023-06-16
C004280,41,Male,Salaried,50782.15,Mass Market,Karachi,Sindh,2019-03-04
C004281,27,Male,Salaried,69365.61,Mass Market,Gujranwala,Punjab,2022-08-23
C004282,34,Female,Salaried,84007.03,Mass Market,Rawalpindi,Punjab,2017-02-26
C004283,36,Male,Business Owner,78492.39,Mass Affluent,Larkana,Sindh,2016-02-11
C004284,48,Male,Salaried,86884.18,Mass Affluent,Multan,Punjab,2017-04-19
C004285,40,Female,Salaried,123095.65,Mass Affluent,Gwadar,Balochistan,2015-12-31
C004286,35,Male,Salaried,37715.7,Mass Market,Gujranwala,Punjab,2021-10-31
C004287,63,Male,Salaried,81275.39,Mass Affluent,Turbat,Balochistan,2016-04-06
C004288,30,Male,Self-Employed,51137.67,Mass Market,Multan,Punjab,2018-09-26
C004289,43,Female,Student,46364.3,Mass Market,Islamabad,Islamabad Capital,2021-10-02
C004290,48,Female,Salaried,86846.48,Mass Market,Karachi,Sindh,2017-12-06
C004291,42,Male,Self-Employed,316334.46,Affluent,Gujranwala,Punjab,2022-11-15
C004292,30,Male,Salaried,64254.47,Mass Market,Faisalabad,Punjab,2016-09-03
C004293,30,Male,Salaried,287371.63,Mass Affluent,Rawalpindi,Punjab,2021-07-12
C004294,47,Female,Salaried,228111.89,Affluent,Sukkur,Sindh,2023-12-11
C004295,52,Male,Self-Employed,65756.12,Mass Market,Peshawar,Khyber Pakhtunkhwa,2017-10-23
C004296,40,Female,Self-Employed,223849.55,Affluent,Rawalpindi,Punjab,2018-04-04
C004297,26,Female,Self-Employed,36786.26,Mass Market,Sukkur,Sindh,2021-07-02
C004298,40,Male,Business Owner,94122.71,Mass Market,Karachi,Sindh,2016-09-25
C004299,57,Male,Salaried,53429.69,Mass Market,Hyderabad,Sindh,2020-09-02
C004300,29,Male,Business Owner,169282.14,Mass Affluent,Larkana,Sindh,2021-08-20
C004301,37,Male,Self-Employed,254999.25,Affluent,Hyderabad,Sindh,2023-07-28
C004302,41,Female,Salaried,208774.89,Mass Affluent,Abbottabad,Khyber Pakhtunkhwa,2023-02-15
C004303,52,Male,Salaried,88995.39,Mass Affluent,Islamabad,Islamabad Capital,2017-03-07
C004304,34,Female,Salaried,93375.72,Mass Market,Rawalpindi,Punjab,2021-10-22
C004305,46,Male,Salaried,393305.89,Affluent,Faisalabad,Punjab,2022-02-02
C004306,56,Male,Salaried,30337.43,Mass Market,Multan,Punjab,2018-05-08
C004307,24,Male,Salaried,49300.71,Mass Market,Karachi,Sindh,2022-12-29
C004308,26,Female,Retired,74581.21,Premium,Gujranwala,Punjab,2021-08-04
C004309,39,Female,Student,49632.01,Mass Market,Turbat,Balochistan,2018-10-20
C004310,51,Male,Self-Employed,78746.45,Mass Market,Karachi,Sindh,2017-11-14
C004311,44,Female,Business Owner,51606.75,Mass Market,Sukkur,Sindh,2016-02-11
C004312,52,Male,Unemployed,18111.64,Mass Market,Abbottabad,Khyber Pakhtunkhwa,2019-05-22
C004313,21,Male,Salaried,161235.04,Mass Affluent,Lahore,Punjab,2015-10-16
C004314,44,Male,Self-Employed,51032.19,Mass Market,Mardan,Khyber Pakhtunkhwa,2015-12-03
C004315,21,Male,Self-Employed,242023.87,Affluent,Multan,Punjab,2021-01-18
C004316,55,Female,Retired,47954.27,Mass Market,Sukkur,Sindh,2017-07-27
C004317,53,Male,Business Owner,181744.55,Mass Affluent,Quetta,Balochistan,2020-02-19
C004318,37,Female,Salaried,258264.33,Mass Affluent,Abbottabad,Khyber Pakhtunkhwa,2019-07-28
C004319,21,Female,Business Owner,192048.63,Mass Affluent,Peshawar,Khyber Pakhtunkhwa,2020-02-08
C004320,38,Male,Salaried,130472.7,Mass Affluent,Gujranwala,Punjab,2015-08-30
C004321,52,Male,Salaried,92373.55,Mass Affluent,Abbottabad,Khyber Pakhtunkhwa,2020-01-21
C004322,45,Female,Self-Employed,167540.73,Mass Affluent,Sukkur,Sindh,2021-08-08
C004323,61,Male,Business Owner,527241.07,Affluent,Larkana,Sindh,2022-03-14
C004324,37,Male,Salaried,87855.12,Mass Market,Lahore,Punjab,2018-09-18
C004325,63,Male,Salaried,64928.22,Mass Market,Rawalpindi,Punjab,2019-02-08
C004326,21,Male,Business Owner,107954.44,Mass Affluent,Sukkur,Sindh,2019-10-08
C004327,32,Female,Salaried,68409.39,Mass Market,Sialkot,Punjab,2020-10-08
C004328,26,Male,Student,53227.17,Mass Market,Peshawar,Khyber Pakhtunkhwa,2019-02-19
C004329,48,Male,Salaried,682681.92,Premium,Swat,Khyber Pakhtunkhwa,2020-10-30
C004330,27,Male,Self-Employed,57687.48,Mass Market,Turbat,Balochistan,2021-05-24
C004331,51,Male,Salaried,46209.79,Mass Market,Rawalpindi,Punjab,2021-08-14
C004332,48,Female,Retired,67415.14,Mass Affluent,Turbat,Balochistan,2020-09-21
C004333,42,Female,Retired,32096.47,Mass Market,Gujranwala,Punjab,2023-09-09
C004334,39,Female,Salaried,41292.0,Mass Market,Karachi,Sindh,2021-05-05
C004335,29,Male,Self-Employed,63860.54,Mass Market,Peshawar,Khyber Pakhtunkhwa,2023-08-08
C004336,47,Female,Business Owner,55568.25,Mass Market,Rawalpindi,Punjab,2017-02-02
C004337,35,Female,Salaried,88517.21,Mass Market,Gujranwala,Punjab,2020-11-10
C004338,49,Female,Self-Employed,418422.72,Affluent,Multan,Punjab,2020-08-25
C004339,57,Female,Student,51969.47,Mass Market,Karachi,Sindh,2018-03-31
C004340,37,Female,Self-Employed,45025.56,Mass Market,Mardan,Khyber Pakhtunkhwa,2019-09-08
C004341,55,Female,Retired,124876.95,Mass Affluent,Multan,Punjab,2018-09-04
C004342,42,Male,Salaried,80839.44,Mass Market,Faisalabad,Punjab,2015-09-02
C004343,47,Male,Retired,125298.81,Mass Market,Hyderabad,Sindh,2018-06-04
C004344,26,Female,Unemployed,20612.69,Mass Market,Rawalpindi,Punjab,2015-07-02
C004345,33,Male,Salaried,65142.45,Mass Market,Abbottabad,Khyber Pakhtunkhwa,2022-12-08
C004346,32,Female,Salaried,39109.49,Mass Market,Islamabad,Islamabad Capital,2020-03-24
C004347,55,Female,Self-Employed,45248.73,Mass Market,Abbottabad,Khyber Pakhtunkhwa,2020-05-24
C004348,36,Female,Student,40955.96,Affluent,Gwadar,Balochistan,2020-04-03
C004349,47,Male,Salaried,660526.81,Premium,Karachi,Sindh,2018-04-27
C004350,39,Female,Salaried,295489.54,Affluent,Mardan,Khyber Pakhtunkhwa,2021-12-14
C004351,36,Male,Business Owner,41276.15,Mass Market,Sialkot,Punjab,2018-08-27
C004352,24,Female,Salaried,152565.49,Mass Affluent,Rawalpindi,Punjab,2021-11-18
C004353,21,Male,Self-Employed,194267.93,Mass Affluent,Sukkur,Sindh,2019-04-19
C004354,36,Female,Self-Employed,40559.13,Mass Market,Multan,Punjab,2019-02-06
C004355,37,Female,Unemployed,8514.87,Affluent,Gwadar,Balochistan,2017-06-13
C004356,30,Female,Salaried,158018.24,Mass Affluent,Hyderabad,Sindh,2018-11-10
C004357,42,Male,Retired,25285.66,Mass Market,Islamabad,Islamabad Capital,2017-02-19
C004358,62,Female,Self-Employed,371065.04,Premium,Sialkot,Punjab,2018-06-30
C004359,57,Male,Retired,57408.29,Mass Market,Sukkur,Sindh,2018-03-25
C004360,40,Male,Salaried,50110.59,Mass Market,Abbottabad,Khyber Pakhtunkhwa,2023-06-25
C004361,40,Male,Self-Employed,56237.62,Mass Market,Rawalpindi,Punjab,2018-06-18
C004362,47,Female,Student,37214.77,Mass Market,Larkana,Sindh,2021-03-15
C004363,42,Female,Business Owner,1133237.88,Premium,Sukkur,Sindh,2018-01-27
C004364,47,Female,Salaried,120097.36,Mass Affluent,Islamabad,Islamabad Capital,2018-02-20
C004365,43,Male,Salaried,31232.94,Mass Market,Swat,Khyber Pakhtunkhwa,2018-04-19
C004366,41,Male,Salaried,134580.74,Mass Affluent,Multan,Punjab,2021-04-30
C004367,32,Male,Salaried,543992.26,Affluent,Karachi,Sindh,2016-10-31
C004368,44,Male,Business Owner,262771.7,Affluent,Larkana,Sindh,2019-11-10
C004369,21,Female,Retired,100039.43,Affluent,Sialkot,Punjab,2019-07-16
C004370,42,Male,Self-Employed,249346.26,Affluent,Karachi,Sindh,2020-03-07
C004371,21,Female,Salaried,162310.23,Mass Affluent,Multan,Punjab,2015-10-29
C004372,42,Male,Salaried,53345.09,Mass Market,Multan,Punjab,2023-03-26
C004373,29,Male,Salaried,157410.64,Affluent,Hyderabad,Sindh,2017-05-27
C004374,54,Male,Salaried,46482.19,Mass Market,Sialkot,Punjab,2020-06-15
C004375,41,Male,Student,18403.22,Mass Market,Hyderabad,Sindh,2017-12-05
C004376,40,Female,Salaried,73543.86,Mass Market,Faisalabad,Punjab,2023-02-25
C004377,44,Female,Salaried,48082.61,Mass Market,Peshawar,Khyber Pakhtunkhwa,2023-10-01
C004378,30,Female,Business Owner,116160.54,Mass Affluent,Faisalabad,Punjab,2019-10-08
C004379,52,Male,Salaried,284821.12,Affluent,Turbat,Balochistan,2022-12-24
C004380,47,Male,Salaried,44653.1,Mass Market,Gujranwala,Punjab,2021-11-22
C004381,33,Male,Self-Employed,125545.81,Mass Affluent,Hyderabad,Sindh,2023-09-09
C004382,28,Female,Salaried,71656.58,Mass Market,Multan,Punjab,2019-10-02
C004383,35,Male,Self-Employed,82819.68,Mass Affluent,Faisalabad,Punjab,2020-09-29
C004384,38,Female,Salaried,67410.29,Mass Market,Hyderabad,Sindh,2020-02-02
C004385,27,Male,Self-Employed,39647.5,Mass Market,Mardan,Khyber Pakhtunkhwa,2021-06-19
C004386,34,Female,Salaried,86558.8,Mass Affluent,Quetta,Balochistan,2018-11-14
C004387,32,Female,Salaried,101055.71,Mass Affluent,Gujranwala,Punjab,2018-10-01
C004388,37,Male,Self-Employed,100806.57,Mass Market,Multan,Punjab,2020-11-30
C004389,37,Male,Salaried,31267.41,Mass Market,Peshawar,Khyber Pakhtunkhwa,2023-01-28
C004390,44,Male,Salaried,50301.97,Mass Market,Sukkur,Sindh,2015-08-11
C004391,39,Male,Salaried,128699.88,Mass Affluent,Lahore,Punjab,2023-06-22
C004392,43,Male,Salaried,93491.63,Mass Market,Swat,Khyber Pakhtunkhwa,2021-02-23
C004393,42,Female,Salaried,125783.55,Mass Market,Sukkur,Sindh,2015-03-14
C004394,37,Male,Unemployed,40103.53,Affluent,Sukkur,Sindh,2019-09-12
C004395,47,Female,Salaried,159571.35,Mass Affluent,Faisalabad,Punjab,2023-04-06
C004396,21,Male,Self-Employed,57882.5,Mass Market,Sukkur,Sindh,2021-07-09
C004397,35,Male,Salaried,125106.49,Mass Affluent,Multan,Punjab,2020-01-09
C004398,33,Female,Salaried,66565.54,Mass Market,Abbottabad,Khyber Pakhtunkhwa,2015-02-04
C004399,40,Male,Business Owner,32847.25,Mass Market,Faisalabad,Punjab,2019-01-01
C004400,32,Male,Business Owner,127655.93,Mass Affluent,Abbottabad,Khyber Pakhtunkhwa,2017-08-15
C004401,45,Female,Unemployed,43503.43,Mass Market,Abbottabad,Khyber Pakhtunkhwa,2022-06-04
C004402,47,Male,Salaried,43277.53,Mass Market,Mardan,Khyber Pakhtunkhwa,2020-02-07
C004403,24,Male,Salaried,333153.95,Affluent,Sialkot,Punjab,2017-05-25
C004404,41,Male,Business Owner,67405.16,Mass Affluent,Rawalpindi,Punjab,2019-03-05
C004405,25,Male,Salaried,290134.58,Affluent,Hyderabad,Sindh,2021-02-11
C004406,44,Female,Salaried,466294.59,Affluent,Karachi,Sindh,2015-12-26
C004407,34,Male,Salaried,55217.52,Mass Market,Gwadar,Balochistan,2019-06-04
C004408,30,Male,Salaried,89642.3,Mass Affluent,Multan,Punjab,2015-06-26
C004409,21,Female,Student,17722.18,Mass Market,Gwadar,Balochistan,2016-08-14
C004410,38,Female,Student,51545.18,Mass Affluent,Lahore,Punjab,2018-08-19
C004411,26,Male,Self-Employed,85369.66,Mass Market,Rawalpindi,Punjab,2020-05-06
C004412,23,Female,Salaried,58734.58,Mass Market,Rawalpindi,Punjab,2018-09-29
C004413,41,Male,Business Owner,50306.89,Mass Market,Peshawar,Khyber Pakhtunkhwa,2023-05-12
C004414,50,Male,Self-Employed,62414.0,Mass Affluent,Multan,Punjab,2018-06-02
C004415,43,Female,Business Owner,62895.57,Mass Market,Sialkot,Punjab,2020-08-31
C004416,23,Male,Self-Employed,100044.3,Mass Affluent,Abbottabad,Khyber Pakhtunkhwa,2023-06-14
C004417,37,Male,Retired,101779.74,Affluent,Karachi,Sindh,2020-11-22
C004418,46,Male,Salaried,240272.21,Mass Affluent,Sialkot,Punjab,2016-11-07
C004419,37,Male,Self-Employed,30257.17,Mass Market,Multan,Punjab,2015-02-06
C004420,43,Female,Business Owner,31835.97,Mass Market,Larkana,Sindh,2021-06-09
C004421,34,Female,Student,36115.12,Affluent,Lahore,Punjab,2016-11-14
C004422,35,Male,Retired,86132.94,Mass Affluent,Lahore,Punjab,2016-08-20
C004423,32,Female,Salaried,49264.33,Mass Market,Karachi,Sindh,2022-07-08
C004424,46,Male,Business Owner,310566.2,Affluent,Sialkot,Punjab,2015-05-28
C004425,46,Male,Salaried,66127.85,Mass Market,Sukkur,Sindh,2017-11-03
C004426,33,Male,Self-Employed,41444.8,Mass Market,Sialkot,Punjab,2020-08-03
C004427,47,Female,Salaried,47918.38,Mass Market,Gujranwala,Punjab,2023-03-26
C004428,23,Female,Salaried,61140.62,Mass Market,Faisalabad,Punjab,2022-08-03
C004429,37,Female,Retired,118729.4,Mass Market,Faisalabad,Punjab,2020-12-02
C004430,24,Female,Business Owner,156205.25,Mass Affluent,Lahore,Punjab,2017-12-20
C004431,27,Male,Salaried,48074.04,Mass Market,Rawalpindi,Punjab,2017-01-25
C004432,24,Female,Salaried,148326.09,Mass Affluent,Gwadar,Balochistan,2019-11-20
C004433,32,Male,Salaried,186543.9,Mass Affluent,Abbottabad,Khyber Pakhtunkhwa,2020-06-18
C004434,46,Female,Salaried,285030.48,Affluent,Gujranwala,Punjab,2020-09-02
C004435,38,Male,Salaried,57700.73,Mass Market,Larkana,Sindh,2023-11-07
C004436,33,Male,Retired,51114.4,Mass Affluent,Karachi,Sindh,2021-01-06
C004437,37,Female,Salaried,47452.89,Mass Market,Mardan,Khyber Pakhtunkhwa,2016-06-26
C004438,21,Male,Salaried,91022.1,Mass Affluent,Sialkot,Punjab,2020-06-06
C004439,45,Female,Business Owner,53573.36,Mass Market,Sialkot,Punjab,2022-05-07
C004440,21,Male,Salaried,154290.63,Mass Affluent,Rawalpindi,Punjab,2023-01-26
C004441,31,Female,Salaried,42796.9,Mass Market,Rawalpindi,Punjab,2018-05-20
C004442,38,Female,Salaried,126328.07,Mass Affluent,Gujranwala,Punjab,2016-08-24
C004443,44,Male,Salaried,55790.22,Mass Market,Gwadar,Balochistan,2018-06-10
C004444,42,Female,Self-Employed,117908.72,Mass Market,Gwadar,Balochistan,2021-09-02
C004445,38,Male,Business Owner,171090.06,Mass Affluent,Multan,Punjab,2016-10-03
C004446,55,Female,Salaried,78479.62,Mass Market,Karachi,Sindh,2023-07-09
C004447,61,Female,Student,41230.02,Mass Affluent,Sialkot,Punjab,2022-05-30
C004448,39,Female,Retired,57669.19,Mass Affluent,Karachi,Sindh,2018-02-22
C004449,38,Female,Business Owner,219357.49,Mass Affluent,Sukkur,Sindh,2018-12-26
C004450,37,Female,Retired,35645.25,Mass Affluent,Sialkot,Punjab,2022-01-01
C004451,32,Female,Retired,94109.96,Mass Affluent,Peshawar,Khyber Pakhtunkhwa,2020-07-15
C004452,43,Female,Student,24893.18,Affluent,Islamabad,Islamabad Capital,2020-07-10
C004453,53,Female,Salaried,51507.7,Mass Market,Hyderabad,Sindh,2016-08-09
C004454,21,Female,Salaried,66451.85,Mass Affluent,Hyderabad,Sindh,2017-06-26
C004455,37,Male,Business Owner,118300.09,Mass Affluent,Hyderabad,Sindh,2016-09-08
C004456,55,Male,Student,47647.38,Mass Market,Sialkot,Punjab,2018-08-23
C004457,43,Female,Student,43219.81,Mass Market,Lahore,Punjab,2020-05-31
C004458,44,Female,Self-Employed,35434.34,Mass Market,Larkana,Sindh,2022-11-20
C004459,21,Male,Student,22767.48,Mass Affluent,Lahore,Punjab,2023-10-12
C004460,47,Male,Business Owner,75151.57,Mass Market,Swat,Khyber Pakhtunkhwa,2019-04-30
C004461,50,Female,Self-Employed,247064.76,Mass Affluent,Sialkot,Punjab,2018-10-06
C004462,41,Male,Salaried,244421.02,Mass Affluent,Multan,Punjab,2017-08-21
C004463,32,Male,Salaried,137950.18,Mass Affluent,Sialkot,Punjab,2022-09-08
C004464,44,Male,Salaried,88520.81,Mass Market,Islamabad,Islamabad Capital,2023-12-19
C004465,28,Male,Salaried,143571.14,Mass Affluent,Lahore,Punjab,2018-08-16
C004466,26,Female,Self-Employed,110513.79,Mass Affluent,Lahore,Punjab,2017-09-18
C004467,48,Male,Salaried,53982.45,Mass Market,Rawalpindi,Punjab,2023-12-19
C004468,51,Female,Retired,132695.31,Mass Market,Hyderabad,Sindh,2015-05-19
C004469,31,Male,Salaried,283654.04,Mass Market,Islamabad,Islamabad Capital,2019-03-06
C004470,26,Female,Business Owner,436243.97,Affluent,Faisalabad,Punjab,2016-10-16
C004471,29,Female,Salaried,65889.52,Mass Market,Quetta,Balochistan,2020-05-03
C004472,41,Male,Student,28655.93,Mass Market,Lahore,Punjab,2023-09-11
C004473,26,Male,Salaried,71865.37,Mass Market,Larkana,Sindh,2015-09-03
C004474,53,Female,Self-Employed,57976.32,Mass Market,Multan,Punjab,2017-10-18
C004475,34,Female,Self-Employed,79982.12,Mass Market,Larkana,Sindh,2015-05-21
C004476,43,Male,Self-Employed,122542.55,Mass Affluent,Hyderabad,Sindh,2022-09-30
C004477,31,Female,Self-Employed,40852.59,Mass Market,Larkana,Sindh,2016-02-18
C004478,45,Male,Business Owner,336238.61,Affluent,Rawalpindi,Punjab,2022-11-05
C004479,46,Male,Business Owner,75805.64,Mass Market,Swat,Khyber Pakhtunkhwa,2018-02-03
C004480,21,Male,Salaried,56766.06,Mass Market,Islamabad,Islamabad Capital,2015-03-12
C004481,32,Female,Retired,113631.66,Mass Affluent,Karachi,Sindh,2019-06-18
C004482,37,Male,Salaried,187292.68,Mass Affluent,Sukkur,Sindh,2021-08-10
C004483,33,Female,Salaried,274541.32,Affluent,Swat,Khyber Pakhtunkhwa,2017-01-10
C004484,49,Male,Salaried,50626.9,Mass Market,Lahore,Punjab,2019-11-21
C004485,32,Male,Salaried,45823.84,Mass Market,Swat,Khyber Pakhtunkhwa,2018-06-21
C004486,47,Male,Salaried,118048.55,Mass Affluent,Gujranwala,Punjab,2020-08-14
C004487,44,Female,Student,24831.52,Mass Market,Abbottabad,Khyber Pakhtunkhwa,2016-10-07
C004488,38,Male,Self-Employed,120561.25,Mass Affluent,Sialkot,Punjab,2018-12-07
C004489,47,Female,Unemployed,15274.19,Mass Market,Multan,Punjab,2023-03-04
C004490,22,Male,Salaried,53039.81,Mass Market,Larkana,Sindh,2016-02-17
C004491,38,Female,Self-Employed,111235.18,Mass Affluent,Larkana,Sindh,2017-05-10
C004492,30,Male,Salaried,93074.44,Mass Affluent,Swat,Khyber Pakhtunkhwa,2016-03-31
C004493,38,Male,Salaried,290875.02,Affluent,Islamabad,Islamabad Capital,2018-09-23
C004494,34,Male,Salaried,230050.03,Affluent,Multan,Punjab,2015-03-27
C004495,40,Male,Business Owner,97352.37,Mass Market,Rawalpindi,Punjab,2015-04-02
C004496,39,Female,Business Owner,124796.4,Mass Affluent,Faisalabad,Punjab,2017-05-09
C004497,41,Male,Salaried,614512.94,Premium,Hyderabad,Sindh,2021-09-20
C004498,41,Female,Salaried,56029.34,Mass Market,Karachi,Sindh,2020-11-23
C004499,45,Female,Salaried,69085.78,Mass Market,Abbottabad,Khyber Pakhtunkhwa,2020-03-17
C004500,25,Female,Salaried,493407.46,Affluent,Swat,Khyber Pakhtunkhwa,2017-07-13
C004501,45,Male,Business Owner,40416.16,Mass Market,Gujranwala,Punjab,2023-04-29
C004502,22,Female,Self-Employed,311175.58,Affluent,Karachi,Sindh,2018-06-01
C004503,21,Female,Student,53293.1,Mass Market,Sukkur,Sindh,2020-05-08
C004504,61,Female,Unemployed,41990.62,Affluent,Hyderabad,Sindh,2020-04-18
C004505,29,Male,Salaried,124766.27,Mass Affluent,Lahore,Punjab,2023-03-25
C004506,34,Male,Retired,69006.35,Mass Affluent,Lahore,Punjab,2020-09-17
C004507,21,Female,Business Owner,80057.14,Mass Affluent,Lahore,Punjab,2018-12-28
C004508,34,Female,Salaried,81746.48,Mass Market,Rawalpindi,Punjab,2022-09-29
C004509,41,Male,Student,27118.58,Mass Affluent,Mardan,Khyber Pakhtunkhwa,2020-11-09
C004510,42,Male,Salaried,311232.21,Affluent,Rawalpindi,Punjab,2018-03-30
C004511,26,Male,Business Owner,237921.77,Affluent,Larkana,Sindh,2015-04-20
C004512,34,Male,Business Owner,580415.04,Premium,Hyderabad,Sindh,2021-07-23
C004513,43,Male,Student,45723.14,Mass Affluent,Quetta,Balochistan,2022-02-04
C004514,42,Male,Business Owner,90509.2,Mass Affluent,Lahore,Punjab,2018-02-08
C004515,40,Male,Student,22913.48,Mass Affluent,Rawalpindi,Punjab,2020-05-27
C004516,47,Male,Salaried,161561.05,Mass Affluent,Gujranwala,Punjab,2021-05-23
C004517,38,Male,Unemployed,39975.63,Mass Affluent,Sukkur,Sindh,2021-12-09
C004518,54,Male,Self-Employed,70415.47,Mass Market,Sialkot,Punjab,2023-05-20
C004519,36,Female,Business Owner,54723.51,Mass Market,Peshawar,Khyber Pakhtunkhwa,2020-05-11
C004520,47,Female,Student,12408.71,Mass Affluent,Lahore,Punjab,2018-01-09
C004521,47,Male,Salaried,70247.35,Mass Market,Gujranwala,Punjab,2019-01-29
C004522,21,Female,Salaried,48855.68,Mass Market,Multan,Punjab,2019-06-16
C004523,44,Female,Student,18821.92,Mass Market,Abbottabad,Khyber Pakhtunkhwa,2016-08-27
C004524,32,Female,Retired,40087.83,Mass Affluent,Peshawar,Khyber Pakhtunkhwa,2017-03-27
C004525,28,Male,Business Owner,458822.77,Premium,Abbottabad,Khyber Pakhtunkhwa,2016-10-30
C004526,34,Female,Salaried,157249.35,Mass Affluent,Sukkur,Sindh,2019-09-14
C004527,41,Male,Salaried,283327.9,Affluent,Abbottabad,Khyber Pakhtunkhwa,2018-11-10
C004528,22,Female,Self-Employed,234821.54,Affluent,Karachi,Sindh,2019-08-28
C004529,39,Male,Salaried,70636.15,Mass Market,Lahore,Punjab,2015-09-10
C004530,37,Male,Student,27255.53,Mass Market,Larkana,Sindh,2022-04-22
C004531,50,Female,Self-Employed,76099.3,Mass Market,Abbottabad,Khyber Pakhtunkhwa,2022-12-11
C004532,32,Male,Salaried,63021.42,Mass Market,Lahore,Punjab,2022-01-11
C004533,52,Female,Salaried,240735.09,Mass Affluent,Hyderabad,Sindh,2021-04-04
C004534,43,Male,Retired,133267.64,Mass Market,Karachi,Sindh,2018-09-23
C004535,39,Male,Self-Employed,183488.39,Affluent,Karachi,Sindh,2016-01-25
C004536,53,Male,Salaried,108966.81,Mass Affluent,Gujranwala,Punjab,2016-07-18
C004537,60,Female,Self-Employed,102892.78,Mass Market,Sukkur,Sindh,2017-11-28
C004538,37,Female,Salaried,894289.9,Premium,Mardan,Khyber Pakhtunkhwa,2017-04-12
C004539,31,Female,Salaried,145853.23,Affluent,Sialkot,Punjab,2017-11-23
C004540,44,Female,Business Owner,110135.55,Mass Affluent,Faisalabad,Punjab,2019-07-08
C004541,23,Female,Salaried,78608.54,Mass Affluent,Multan,Punjab,2018-11-10
C004542,25,Female,Salaried,615466.42,Premium,Rawalpindi,Punjab,2023-09-23
C004543,53,Male,Salaried,183136.31,Mass Affluent,Islamabad,Islamabad Capital,2015-12-17
C004544,45,Female,Salaried,405669.2,Affluent,Sukkur,Sindh,2021-02-09
C004545,30,Female,Self-Employed,66432.6,Mass Market,Gujranwala,Punjab,2016-12-23
C004546,72,Female,Business Owner,110611.79,Mass Affluent,Faisalabad,Punjab,2017-05-29
C004547,24,Male,Salaried,57863.84,Mass Market,Islamabad,Islamabad Capital,2019-01-03
C004548,46,Male,Salaried,77788.29,Mass Market,Sialkot,Punjab,2023-12-06
C004549,30,Female,Business Owner,146396.67,Mass Market,Swat,Khyber Pakhtunkhwa,2023-08-15
C004550,59,Female,Retired,105001.19,Mass Market,Gujranwala,Punjab,2022-07-08
C004551,33,Male,Salaried,109739.27,Mass Market,Rawalpindi,Punjab,2015-06-22
C004552,36,Female,Salaried,65830.67,Mass Market,Karachi,Sindh,2018-12-26
C004553,21,Male,Retired,38434.07,Mass Market,Gujranwala,Punjab,2022-04-19
C004554,62,Male,Salaried,139476.69,Mass Affluent,Larkana,Sindh,2021-02-25
C004555,32,Female,Unemployed,10919.94,Mass Affluent,Lahore,Punjab,2018-04-05
C004556,44,Female,Student,25844.76,Mass Affluent,Mardan,Khyber Pakhtunkhwa,2016-01-14
C004557,39,Female,Salaried,46890.5,Mass Market,Mardan,Khyber Pakhtunkhwa,2019-04-19
C004558,33,Male,Salaried,332231.82,Affluent,Mardan,Khyber Pakhtunkhwa,2023-11-05
C004559,21,Male,Unemployed,30933.8,Mass Market,Lahore,Punjab,2017-08-19
C004560,36,Female,Salaried,60004.88,Mass Market,Karachi,Sindh,2016-06-13
C004561,36,Male,Self-Employed,27281.09,Mass Market,Islamabad,Islamabad Capital,2022-04-28
C004562,43,Male,Salaried,268034.25,Affluent,Faisalabad,Punjab,2022-09-02
C004563,63,Female,Self-Employed,648726.21,Premium,Rawalpindi,Punjab,2022-03-02
C004564,46,Female,Student,40500.4,Mass Affluent,Mardan,Khyber Pakhtunkhwa,2019-04-16
C004565,48,Female,Self-Employed,107689.59,Mass Affluent,Faisalabad,Punjab,2019-03-18
C004566,36,Female,Salaried,214923.22,Mass Affluent,Sukkur,Sindh,2021-09-25
C004567,25,Male,Self-Employed,52762.82,Mass Affluent,Mardan,Khyber Pakhtunkhwa,2015-08-28
C004568,36,Female,Self-Employed,62181.4,Mass Market,Sialkot,Punjab,2017-12-17
C004569,31,Male,Salaried,62513.19,Mass Market,Hyderabad,Sindh,2015-10-02
C004570,38,Male,Business Owner,1385471.63,Premium,Hyderabad,Sindh,2019-07-31
C004571,34,Male,Self-Employed,621580.96,Premium,Gujranwala,Punjab,2023-04-13
C004572,21,Male,Salaried,71071.3,Mass Market,Gwadar,Balochistan,2020-05-12
C004573,53,Male,Retired,39277.86,Mass Market,Lahore,Punjab,2015-05-20
C004574,37,Female,Salaried,62192.06,Mass Market,Rawalpindi,Punjab,2018-09-18
C004575,35,Female,Salaried,117245.38,Mass Market,Swat,Khyber Pakhtunkhwa,2020-04-20
C004576,27,Male,Salaried,39327.19,Mass Market,Lahore,Punjab,2019-03-11
C004577,34,Male,Salaried,100886.55,Mass Affluent,Peshawar,Khyber Pakhtunkhwa,2019-02-15
C004578,30,Male,Salaried,79912.3,Mass Market,Multan,Punjab,2023-10-12
C004579,26,Male,Salaried,66151.26,Mass Market,Larkana,Sindh,2016-10-20
C004580,41,Female,Business Owner,53877.75,Mass Market,Sialkot,Punjab,2019-01-30
C004581,34,Female,Self-Employed,126560.76,Mass Affluent,Sukkur,Sindh,2018-05-14
C004582,47,Male,Salaried,84913.74,Mass Market,Abbottabad,Khyber Pakhtunkhwa,2016-06-11
C004583,35,Female,Business Owner,72145.05,Mass Market,Swat,Khyber Pakhtunkhwa,2023-12-05
C004584,40,Male,Business Owner,99147.49,Mass Affluent,Islamabad,Islamabad Capital,2019-05-18
C004585,40,Female,Self-Employed,142293.16,Mass Affluent,Hyderabad,Sindh,2019-06-17
C004586,43,Male,Unemployed,36149.57,Mass Market,Abbottabad,Khyber Pakhtunkhwa,2023-02-22
C004587,30,Female,Salaried,155445.42,Mass Affluent,Hyderabad,Sindh,2017-06-27
C004588,49,Male,Salaried,53108.39,Mass Market,Quetta,Balochistan,2017-04-10
C004589,26,Male,Salaried,82136.08,Mass Affluent,Sukkur,Sindh,2022-10-27
C004590,39,Female,Salaried,77466.5,Mass Market,Turbat,Balochistan,2017-09-30
C004591,26,Male,Salaried,344903.58,Affluent,Gujranwala,Punjab,2018-11-15
C004592,38,Male,Salaried,1070161.95,Premium,Larkana,Sindh,2017-06-04
C004593,49,Female,Self-Employed,78835.82,Mass Affluent,Abbottabad,Khyber Pakhtunkhwa,2017-06-13
C004594,45,Male,Retired,104033.13,Affluent,Gujranwala,Punjab,2018-05-07
C004595,51,Male,Business Owner,54970.27,Mass Market,Multan,Punjab,2017-05-08
C004596,36,Female,Business Owner,111829.18,Mass Affluent,Islamabad,Islamabad Capital,2019-04-02
C004597,49,Male,Self-Employed,33406.72,Mass Market,Hyderabad,Sindh,2022-04-20
C004598,31,Male,Business Owner,40011.08,Mass Market,Multan,Punjab,2018-01-04
C004599,34,Male,Salaried,144074.79,Mass Affluent,Gujranwala,Punjab,2017-06-20
C004600,40,Male,Salaried,107514.92,Mass Affluent,Rawalpindi,Punjab,2016-09-04
C004601,48,Male,Salaried,94964.08,Mass Affluent,Sukkur,Sindh,2018-11-04
C004602,33,Female,Salaried,482190.87,Affluent,Quetta,Balochistan,2018-01-21
C004603,47,Female,Self-Employed,320393.03,Mass Affluent,Islamabad,Islamabad Capital,2018-08-04
C004604,42,Male,Salaried,274059.76,Affluent,Larkana,Sindh,2018-09-26
C004605,43,Male,Salaried,158216.12,Affluent,Karachi,Sindh,2020-02-05
C004606,30,Female,Salaried,325519.8,Affluent,Faisalabad,Punjab,2019-05-28
C004607,35,Female,Business Owner,27164.3,Mass Market,Swat,Khyber Pakhtunkhwa,2016-10-02
C004608,38,Male,Salaried,77825.61,Mass Affluent,Multan,Punjab,2020-11-23
C004609,43,Female,Salaried,152127.81,Mass Affluent,Faisalabad,Punjab,2020-01-31
C004610,30,Female,Salaried,369419.43,Premium,Islamabad,Islamabad Capital,2021-08-25
C004611,25,Female,Salaried,53616.22,Mass Market,Mardan,Khyber Pakhtunkhwa,2022-02-21
C004612,21,Male,Business Owner,34143.29,Mass Market,Lahore,Punjab,2022-06-06
C004613,47,Female,Salaried,61296.53,Mass Market,Larkana,Sindh,2021-06-27
C004614,49,Female,Salaried,91943.66,Mass Market,Karachi,Sindh,2017-04-04
C004615,21,Female,Unemployed,44373.08,Mass Affluent,Multan,Punjab,2016-01-12
C004616,40,Female,Salaried,59558.93,Mass Market,Gujranwala,Punjab,2020-07-14
C004617,35,Male,Self-Employed,44005.87,Mass Market,Faisalabad,Punjab,2016-08-18
C004618,52,Male,Self-Employed,97918.4,Mass Affluent,Hyderabad,Sindh,2016-08-27
C004619,37,Female,Salaried,43747.03,Mass Market,Larkana,Sindh,2020-12-19
C004620,45,Female,Salaried,80882.54,Mass Market,Hyderabad,Sindh,2020-07-30
C004621,34,Female,Salaried,75974.95,Mass Affluent,Gujranwala,Punjab,2016-07-29
C004622,31,Male,Salaried,114597.95,Mass Affluent,Quetta,Balochistan,2023-04-08
C004623,47,Female,Salaried,730319.47,Premium,Sukkur,Sindh,2015-10-28
C004624,51,Male,Self-Employed,183691.52,Mass Affluent,Quetta,Balochistan,2022-11-02
C004625,25,Female,Salaried,738914.67,Premium,Rawalpindi,Punjab,2022-04-18
C004626,52,Female,Salaried,58366.6,Mass Market,Sukkur,Sindh,2020-06-21
C004627,28,Male,Self-Employed,104726.97,Mass Affluent,Swat,Khyber Pakhtunkhwa,2018-01-20
C004628,21,Male,Salaried,184777.92,Mass Affluent,Lahore,Punjab,2017-06-27
C004629,39,Male,Self-Employed,93502.6,Mass Affluent,Lahore,Punjab,2019-12-20
C004630,45,Male,Salaried,43402.08,Mass Market,Lahore,Punjab,2016-04-01
C004631,22,Male,Business Owner,100312.89,Mass Market,Rawalpindi,Punjab,2022-01-15
C004632,21,Female,Student,38524.57,Mass Market,Hyderabad,Sindh,2019-01-05
C004633,34,Male,Self-Employed,325421.11,Affluent,Faisalabad,Punjab,2019-10-24
C004634,32,Female,Student,27711.54,Mass Affluent,Gujranwala,Punjab,2018-08-02
C004635,54,Male,Salaried,57875.82,Mass Market,Larkana,Sindh,2016-02-14
C004636,39,Female,Salaried,75279.74,Mass Affluent,Lahore,Punjab,2021-01-26
C004637,47,Female,Salaried,143019.04,Mass Affluent,Faisalabad,Punjab,2021-02-11
C004638,41,Male,Salaried,129102.34,Mass Affluent,Karachi,Sindh,2015-12-16
C004639,56,Male,Student,17728.87,Mass Market,Gujranwala,Punjab,2018-01-16
C004640,29,Female,Salaried,185109.93,Affluent,Sialkot,Punjab,2015-06-01
C004641,38,Male,Salaried,127721.27,Mass Affluent,Sialkot,Punjab,2018-01-13
C004642,22,Male,Student,56116.82,Mass Affluent,Lahore,Punjab,2021-07-12
C004643,48,Female,Salaried,123105.22,Mass Affluent,Sukkur,Sindh,2020-02-14
C004644,51,Male,Self-Employed,117589.45,Mass Affluent,Multan,Punjab,2020-05-31
C004645,49,Male,Salaried,57343.97,Mass Market,Multan,Punjab,2020-05-08
C004646,38,Male,Retired,29708.71,Affluent,Islamabad,Islamabad Capital,2018-03-09
C004647,23,Female,Salaried,75996.5,Mass Market,Quetta,Balochistan,2018-08-15
C004648,38,Female,Business Owner,213667.43,Affluent,Lahore,Punjab,2021-09-12
C004649,32,Male,Self-Employed,389673.96,Affluent,Faisalabad,Punjab,2021-06-14
C004650,49,Male,Unemployed,20902.94,Mass Affluent,Karachi,Sindh,2018-12-28
C004651,34,Male,Unemployed,27637.34,Mass Affluent,Abbottabad,Khyber Pakhtunkhwa,2021-09-05
C004652,34,Female,Business Owner,48032.82,Mass Market,Peshawar,Khyber Pakhtunkhwa,2022-02-14
C004653,63,Female,Salaried,32525.98,Mass Market,Sialkot,Punjab,2018-08-19
C004654,48,Male,Salaried,178451.78,Mass Affluent,Sialkot,Punjab,2022-07-15
C004655,51,Male,Student,39349.99,Mass Market,Rawalpindi,Punjab,2016-05-20
C004656,33,Female,Self-Employed,94724.81,Mass Market,Turbat,Balochistan,2021-09-19
C004657,27,Female,Student,39951.53,Premium,Quetta,Balochistan,2019-12-26
C004658,51,Female,Business Owner,145991.43,Mass Market,Faisalabad,Punjab,2023-05-25
C004659,55,Male,Salaried,55844.28,Mass Market,Larkana,Sindh,2016-10-09
C004660,25,Male,Salaried,89294.44,Mass Market,Sialkot,Punjab,2015-08-25
C004661,33,Male,Salaried,106469.72,Mass Affluent,Hyderabad,Sindh,2015-06-12
C004662,29,Female,Business Owner,72328.6,Mass Market,Gwadar,Balochistan,2016-02-21
C004663,44,Male,Salaried,168204.92,Mass Affluent,Karachi,Sindh,2019-10-29
C004664,51,Male,Salaried,82328.59,Mass Market,Multan,Punjab,2022-02-13
C004665,35,Female,Business Owner,80587.91,Mass Market,Karachi,Sindh,2022-06-12
C004666,35,Female,Salaried,18000.0,Mass Market,Lahore,Punjab,2021-07-24
C004667,21,Female,Salaried,58454.41,Mass Market,Mardan,Khyber Pakhtunkhwa,2017-08-09
C004668,29,Female,Salaried,225033.37,Affluent,Multan,Punjab,2018-11-01
C004669,56,Female,Self-Employed,51974.24,Mass Market,Gwadar,Balochistan,2015-06-05
C004670,44,Male,Salaried,53874.05,Mass Market,Faisalabad,Punjab,2019-10-17
C004671,49,Male,Business Owner,86989.26,Mass Market,Rawalpindi,Punjab,2021-11-12
C004672,35,Female,Student,46421.78,Mass Market,Lahore,Punjab,2016-10-31
C004673,36,Male,Business Owner,107197.79,Mass Affluent,Lahore,Punjab,2019-08-04
C004674,39,Male,Retired,41040.24,Mass Market,Lahore,Punjab,2018-01-24
C004675,43,Female,Salaried,501373.59,Affluent,Hyderabad,Sindh,2023-01-26
C004676,54,Male,Salaried,46916.23,Mass Market,Gujranwala,Punjab,2015-09-13
C004677,32,Female,Salaried,123700.83,Mass Affluent,Lahore,Punjab,2021-07-02
C004678,37,Male,Business Owner,293038.68,Mass Affluent,Gujranwala,Punjab,2015-04-23
C004679,30,Female,Salaried,47403.86,Mass Market,Multan,Punjab,2019-01-25
C004680,21,Female,Retired,114918.29,Mass Affluent,Quetta,Balochistan,2020-12-04
C004681,49,Female,Self-Employed,305826.43,Affluent,Islamabad,Islamabad Capital,2019-02-03
C004682,58,Male,Business Owner,70617.27,Mass Affluent,Faisalabad,Punjab,2020-05-01
C004683,47,Male,Salaried,145548.01,Affluent,Abbottabad,Khyber Pakhtunkhwa,2020-12-22
C004684,42,Female,Business Owner,108258.45,Mass Affluent,Swat,Khyber Pakhtunkhwa,2021-04-21
C004685,59,Male,Salaried,50626.92,Mass Market,Islamabad,Islamabad Capital,2015-02-24
C004686,44,Female,Self-Employed,294652.17,Affluent,Faisalabad,Punjab,2018-06-20
C004687,48,Male,Business Owner,41376.24,Mass Market,Multan,Punjab,2019-07-03
C004688,41,Female,Salaried,153307.7,Mass Affluent,Karachi,Sindh,2022-03-30
C004689,42,Male,Student,54696.83,Mass Affluent,Swat,Khyber Pakhtunkhwa,2020-08-08
C004690,38,Female,Business Owner,272620.0,Affluent,Swat,Khyber Pakhtunkhwa,2018-05-22
C004691,48,Male,Business Owner,321069.18,Affluent,Sukkur,Sindh,2022-04-09
C004692,27,Female,Salaried,67975.91,Mass Market,Multan,Punjab,2017-10-09
C004693,44,Male,Salaried,122202.49,Mass Affluent,Mardan,Khyber Pakhtunkhwa,2022-06-27
C004694,30,Female,Salaried,46684.67,Mass Market,Abbottabad,Khyber Pakhtunkhwa,2020-05-19
C004695,45,Male,Self-Employed,120858.89,Mass Affluent,Lahore,Punjab,2022-01-28
C004696,65,Female,Salaried,207771.51,Mass Affluent,Larkana,Sindh,2019-11-29
C004697,47,Male,Unemployed,9126.53,Mass Market,Lahore,Punjab,2022-01-11
C004698,52,Male,Unemployed,9324.88,Affluent,Sukkur,Sindh,2021-07-01
C004699,49,Male,Salaried,92434.25,Mass Market,Karachi,Sindh,2019-09-08
C004700,21,Male,Business Owner,67214.94,Mass Affluent,Peshawar,Khyber Pakhtunkhwa,2019-02-14
C004701,38,Female,Salaried,595293.33,Premium,Islamabad,Islamabad Capital,2019-02-04
C004702,44,Male,Salaried,89657.12,Mass Affluent,Hyderabad,Sindh,2023-07-11
C004703,21,Female,Salaried,73467.09,Mass Affluent,Multan,Punjab,2020-05-24
C004704,36,Male,Student,59586.24,Mass Market,Lahore,Punjab,2019-05-29
C004705,38,Male,Student,26973.24,Mass Market,Lahore,Punjab,2017-12-25
C004706,25,Female,Salaried,66317.85,Mass Market,Rawalpindi,Punjab,2015-02-23
C004707,28,Female,Salaried,39720.04,Mass Market,Faisalabad,Punjab,2016-07-16
C004708,54,Male,Salaried,64995.69,Mass Market,Rawalpindi,Punjab,2020-03-14
C004709,21,Female,Self-Employed,79008.74,Mass Affluent,Multan,Punjab,2015-06-03
C004710,42,Female,Salaried,133873.32,Mass Affluent,Faisalabad,Punjab,2021-11-08
C004711,52,Female,Student,33843.03,Mass Market,Swat,Khyber Pakhtunkhwa,2018-03-22
C004712,39,Female,Retired,63757.82,Mass Affluent,Sialkot,Punjab,2019-06-30
C004713,54,Male,Salaried,243908.83,Affluent,Hyderabad,Sindh,2020-02-15
C004714,34,Female,Student,38711.36,Mass Market,Turbat,Balochistan,2017-10-06
C004715,29,Female,Business Owner,142055.0,Mass Affluent,Sukkur,Sindh,2020-06-05
C004716,39,Male,Self-Employed,58296.42,Mass Market,Gujranwala,Punjab,2019-12-14
C004717,35,Female,Business Owner,135308.94,Mass Affluent,Sialkot,Punjab,2021-01-28
C004718,33,Male,Salaried,145907.22,Mass Affluent,Karachi,Sindh,2017-06-26
C004719,37,Male,Self-Employed,42679.33,Mass Market,Larkana,Sindh,2020-08-20
C004720,30,Male,Salaried,69927.68,Mass Market,Gujranwala,Punjab,2015-03-10
C004721,30,Male,Business Owner,388797.24,Affluent,Karachi,Sindh,2018-09-01
C004722,27,Female,Salaried,69779.26,Mass Market,Hyderabad,Sindh,2018-10-31
C004723,44,Female,Salaried,113630.11,Mass Affluent,Lahore,Punjab,2018-06-08
C004724,28,Male,Salaried,138907.34,Mass Affluent,Hyderabad,Sindh,2022-11-15
C004725,25,Male,Salaried,52253.94,Mass Market,Rawalpindi,Punjab,2022-04-17
C004726,27,Male,Salaried,124264.61,Mass Affluent,Gujranwala,Punjab,2021-05-31
C004727,41,Female,Salaried,82782.22,Mass Affluent,Peshawar,Khyber Pakhtunkhwa,2017-05-09
C004728,46,Male,Student,46151.11,Mass Market,Lahore,Punjab,2018-08-04
C004729,47,Female,Self-Employed,584218.39,Affluent,Larkana,Sindh,2018-06-18
C004730,41,Male,Salaried,45917.71,Mass Market,Faisalabad,Punjab,2021-07-14
C004731,45,Female,Student,48477.59,Mass Affluent,Lahore,Punjab,2020-12-16
C004732,38,Female,Student,29058.66,Mass Market,Turbat,Balochistan,2016-04-14
C004733,44,Female,Salaried,41697.71,Mass Market,Sialkot,Punjab,2018-09-24
C004734,44,Female,Self-Employed,57244.41,Mass Affluent,Rawalpindi,Punjab,2020-04-29
C004735,31,Female,Salaried,231346.87,Mass Affluent,Quetta,Balochistan,2018-07-28
C004736,27,Male,Self-Employed,59765.06,Mass Market,Mardan,Khyber Pakhtunkhwa,2015-07-25
C004737,54,Male,Business Owner,106711.4,Mass Affluent,Karachi,Sindh,2016-02-15
C004738,40,Male,Salaried,61089.1,Mass Market,Sialkot,Punjab,2023-10-21
C004739,51,Female,Self-Employed,52148.45,Mass Market,Faisalabad,Punjab,2019-08-16
C004740,27,Male,Salaried,400265.62,Mass Affluent,Hyderabad,Sindh,2016-04-08
C004741,35,Female,Self-Employed,106257.52,Mass Affluent,Multan,Punjab,2023-11-25
C004742,24,Female,Salaried,67947.02,Mass Market,Faisalabad,Punjab,2023-06-18
C004743,46,Male,Business Owner,212424.77,Mass Affluent,Peshawar,Khyber Pakhtunkhwa,2022-09-13
C004744,32,Male,Self-Employed,212036.15,Mass Affluent,Faisalabad,Punjab,2019-12-09
C004745,33,Male,Salaried,424649.87,Affluent,Sialkot,Punjab,2022-01-20
C004746,61,Male,Business Owner,110584.25,Mass Affluent,Faisalabad,Punjab,2023-11-17
C004747,46,Male,Salaried,56630.46,Mass Market,Karachi,Sindh,2019-05-13
C004748,46,Male,Self-Employed,26260.03,Mass Market,Karachi,Sindh,2023-12-04
C004749,26,Male,Self-Employed,272184.82,Affluent,Swat,Khyber Pakhtunkhwa,2022-05-27
C004750,21,Male,Salaried,283512.48,Affluent,Multan,Punjab,2020-08-27
C004751,50,Male,Salaried,79535.18,Mass Market,Lahore,Punjab,2023-03-19
C004752,21,Male,Salaried,118703.62,Mass Market,Karachi,Sindh,2018-08-09
C004753,33,Female,Business Owner,78621.27,Mass Market,Multan,Punjab,2023-08-04
C004754,30,Male,Business Owner,420580.02,Affluent,Hyderabad,Sindh,2019-06-20
C004755,29,Female,Salaried,278147.77,Affluent,Gwadar,Balochistan,2022-09-16
C004756,34,Male,Salaried,211784.13,Mass Affluent,Larkana,Sindh,2016-05-27
C004757,27,Male,Student,24507.69,Mass Market,Multan,Punjab,2022-05-24
C004758,26,Male,Salaried,431911.18,Affluent,Islamabad,Islamabad Capital,2021-04-15
C004759,42,Male,Salaried,81455.3,Mass Market,Multan,Punjab,2022-12-12
C004760,51,Female,Business Owner,69656.8,Mass Market,Gwadar,Balochistan,2016-12-02
C004761,21,Female,Salaried,33410.41,Mass Market,Karachi,Sindh,2023-08-15
C004762,41,Male,Retired,93329.0,Mass Affluent,Karachi,Sindh,2016-02-29
C004763,45,Female,Salaried,150088.63,Mass Affluent,Turbat,Balochistan,2017-08-01
C004764,44,Female,Student,30444.24,Mass Market,Karachi,Sindh,2019-08-25
C004765,37,Female,Salaried,67592.04,Mass Market,Sukkur,Sindh,2020-04-07
C004766,32,Male,Salaried,156364.21,Mass Affluent,Faisalabad,Punjab,2022-10-25
C004767,47,Male,Salaried,98355.95,Mass Market,Karachi,Sindh,2016-06-07
C004768,43,Male,Unemployed,31018.13,Mass Market,Sukkur,Sindh,2023-06-03
C004769,21,Male,Self-Employed,71668.21,Mass Market,Lahore,Punjab,2019-09-23
C004770,37,Female,Salaried,44652.9,Mass Market,Larkana,Sindh,2021-01-25
C004771,40,Male,Retired,101444.24,Mass Market,Karachi,Sindh,2015-08-29
C004772,27,Male,Salaried,143025.59,Mass Affluent,Rawalpindi,Punjab,2016-07-18
C004773,36,Female,Salaried,47208.62,Mass Market,Multan,Punjab,2018-10-10
C004774,44,Male,Salaried,62174.0,Mass Market,Hyderabad,Sindh,2019-11-18
C004775,30,Male,Student,54933.75,Affluent,Faisalabad,Punjab,2019-09-07
C004776,42,Male,Salaried,51971.95,Mass Market,Faisalabad,Punjab,2016-06-08
C004777,28,Male,Salaried,148763.99,Mass Affluent,Sukkur,Sindh,2021-04-06
C004778,25,Male,Retired,25482.06,Mass Market,Multan,Punjab,2017-01-16
C004779,46,Female,Self-Employed,134963.97,Affluent,Multan,Punjab,2016-12-06
C004780,52,Male,Salaried,69070.68,Mass Market,Karachi,Sindh,2015-11-27
C004781,26,Female,Self-Employed,115846.71,Mass Affluent,Faisalabad,Punjab,2022-11-23
C004782,49,Male,Salaried,111062.98,Mass Affluent,Islamabad,Islamabad Capital,2021-02-21
C004783,39,Female,Salaried,84708.47,Mass Affluent,Gwadar,Balochistan,2015-04-01
C004784,21,Female,Salaried,127776.9,Mass Affluent,Larkana,Sindh,2016-03-03
C004785,23,Male,Self-Employed,49185.45,Mass Market,Islamabad,Islamabad Capital,2020-07-12
C004786,46,Female,Business Owner,97347.13,Mass Market,Mardan,Khyber Pakhtunkhwa,2020-10-29
C004787,21,Male,Salaried,144027.72,Affluent,Multan,Punjab,2023-03-18
C004788,32,Male,Salaried,194124.29,Affluent,Mardan,Khyber Pakhtunkhwa,2023-08-15
C004789,38,Female,Salaried,40541.43,Mass Market,Gujranwala,Punjab,2022-10-15
C004790,44,Male,Business Owner,143426.74,Mass Affluent,Sukkur,Sindh,2022-08-13
C004791,41,Female,Business Owner,203023.77,Mass Affluent,Karachi,Sindh,2019-09-19
C004792,56,Male,Business Owner,157389.04,Mass Affluent,Faisalabad,Punjab,2023-07-12
C004793,30,Male,Unemployed,11768.38,Affluent,Sialkot,Punjab,2016-04-15
C004794,40,Male,Student,49763.94,Affluent,Islamabad,Islamabad Capital,2020-05-14
C004795,44,Female,Unemployed,29591.72,Mass Market,Sialkot,Punjab,2015-11-17
C004796,47,Female,Self-Employed,157664.97,Mass Affluent,Rawalpindi,Punjab,2021-12-02
C004797,51,Female,Salaried,50577.55,Mass Market,Faisalabad,Punjab,2021-05-28
C004798,34,Female,Self-Employed,35074.74,Mass Market,Larkana,Sindh,2023-11-21
C004799,46,Female,Salaried,349665.88,Affluent,Swat,Khyber Pakhtunkhwa,2016-02-14
C004800,29,Male,Salaried,210097.71,Mass Affluent,Mardan,Khyber Pakhtunkhwa,2021-05-28
C004801,38,Female,Salaried,56061.48,Mass Market,Sukkur,Sindh,2015-07-16
C004802,45,Male,Salaried,136085.94,Mass Affluent,Sialkot,Punjab,2015-10-08
C004803,50,Male,Business Owner,33850.38,Mass Market,Gujranwala,Punjab,2019-01-12
C004804,45,Female,Salaried,27435.4,Mass Market,Larkana,Sindh,2023-08-08
C004805,40,Female,Salaried,64385.13,Mass Affluent,Swat,Khyber Pakhtunkhwa,2016-08-30
C004806,38,Male,Retired,32813.25,Mass Affluent,Abbottabad,Khyber Pakhtunkhwa,2017-10-18
C004807,45,Male,Self-Employed,53374.15,Mass Market,Sialkot,Punjab,2022-04-05
C004808,63,Male,Salaried,73840.91,Mass Market,Hyderabad,Sindh,2023-11-21
C004809,48,Male,Salaried,120593.6,Mass Affluent,Karachi,Sindh,2019-11-16
C004810,43,Female,Salaried,87330.0,Mass Market,Karachi,Sindh,2018-01-14
C004811,24,Female,Retired,142819.65,Affluent,Sukkur,Sindh,2022-09-10
C004812,30,Male,Salaried,53080.51,Mass Market,Larkana,Sindh,2019-07-23
C004813,35,Male,Retired,106300.55,Affluent,Karachi,Sindh,2018-07-03
C004814,49,Male,Salaried,28968.33,Mass Market,Islamabad,Islamabad Capital,2017-01-26
C004815,29,Male,Business Owner,103451.28,Mass Market,Multan,Punjab,2023-04-18
C004816,46,Male,Salaried,41937.68,Mass Market,Lahore,Punjab,2018-12-29
C004817,40,Female,Salaried,73618.0,Mass Affluent,Gujranwala,Punjab,2023-10-17
C004818,43,Male,Salaried,294163.41,Affluent,Larkana,Sindh,2016-09-27
C004819,37,Female,Salaried,73867.19,Mass Affluent,Sukkur,Sindh,2019-12-20
C004820,32,Female,Unemployed,25981.83,Mass Market,Larkana,Sindh,2018-10-30
C004821,28,Male,Business Owner,52801.86,Mass Market,Swat,Khyber Pakhtunkhwa,2016-09-06
C004822,46,Male,Salaried,184662.98,Mass Affluent,Multan,Punjab,2023-10-29
C004823,38,Male,Business Owner,82458.01,Mass Market,Karachi,Sindh,2015-06-25
C004824,27,Female,Salaried,425835.1,Affluent,Hyderabad,Sindh,2015-02-28
C004825,41,Male,Retired,122448.25,Mass Market,Lahore,Punjab,2023-04-06
C004826,72,Female,Salaried,93818.8,Mass Affluent,Multan,Punjab,2017-04-14
C004827,37,Female,Salaried,188816.0,Affluent,Lahore,Punjab,2019-07-31
C004828,57,Male,Salaried,49042.14,Mass Market,Sialkot,Punjab,2015-12-02
C004829,21,Male,Salaried,128017.76,Mass Market,Mardan,Khyber Pakhtunkhwa,2016-10-25
C004830,36,Male,Retired,99501.89,Affluent,Turbat,Balochistan,2022-07-08
C004831,50,Female,Salaried,63785.79,Mass Market,Larkana,Sindh,2018-05-16
C004832,39,Female,Salaried,231504.85,Mass Affluent,Sialkot,Punjab,2022-07-28
C004833,32,Female,Business Owner,308444.71,Affluent,Karachi,Sindh,2023-05-17
C004834,39,Male,Salaried,45143.99,Mass Market,Mardan,Khyber Pakhtunkhwa,2023-10-03
C004835,50,Female,Salaried,369536.5,Affluent,Sialkot,Punjab,2023-08-24
C004836,63,Female,Self-Employed,50984.61,Mass Market,Peshawar,Khyber Pakhtunkhwa,2018-10-02
C004837,51,Female,Salaried,145096.94,Mass Affluent,Faisalabad,Punjab,2016-11-08
C004838,33,Female,Student,29918.25,Mass Market,Lahore,Punjab,2021-10-24
C004839,36,Male,Self-Employed,107737.58,Mass Affluent,Gujranwala,Punjab,2019-07-19
C004840,37,Male,Salaried,64403.36,Mass Market,Lahore,Punjab,2016-05-09
C004841,29,Female,Salaried,110207.19,Mass Market,Quetta,Balochistan,2022-04-03
C004842,37,Female,Salaried,47288.23,Mass Market,Faisalabad,Punjab,2021-07-01
C004843,36,Male,Self-Employed,98964.75,Mass Market,Multan,Punjab,2019-04-02
C004844,26,Female,Self-Employed,103870.58,Mass Affluent,Lahore,Punjab,2020-11-24
C004845,48,Female,Business Owner,119000.86,Mass Market,Sialkot,Punjab,2016-04-05
C004846,44,Male,Salaried,43347.97,Mass Market,Multan,Punjab,2022-06-15
C004847,32,Male,Business Owner,51659.77,Mass Market,Sialkot,Punjab,2023-01-31
C004848,41,Male,Salaried,106429.39,Mass Market,Larkana,Sindh,2022-05-01
C004849,28,Female,Retired,62079.37,Mass Market,Multan,Punjab,2018-12-27
C004850,33,Male,Salaried,81887.53,Mass Market,Swat,Khyber Pakhtunkhwa,2020-06-10
C004851,47,Female,Student,33764.63,Mass Affluent,Multan,Punjab,2015-03-02
C004852,44,Male,Salaried,134135.43,Mass Affluent,Peshawar,Khyber Pakhtunkhwa,2019-06-02
C004853,33,Male,Salaried,130061.7,Mass Affluent,Mardan,Khyber Pakhtunkhwa,2020-04-21
C004854,42,Male,Salaried,43342.58,Mass Market,Rawalpindi,Punjab,2022-05-13
C004855,38,Male,Retired,84405.78,Affluent,Rawalpindi,Punjab,2023-01-31
C004856,28,Female,Student,46177.53,Mass Affluent,Islamabad,Islamabad Capital,2021-11-14
C004857,37,Female,Business Owner,79607.67,Mass Affluent,Larkana,Sindh,2016-06-26
C004858,44,Female,Salaried,32408.31,Mass Market,Larkana,Sindh,2016-10-06
C004859,42,Female,Self-Employed,115009.73,Mass Market,Sialkot,Punjab,2022-11-26
C004860,21,Male,Salaried,49420.28,Mass Market,Lahore,Punjab,2019-07-17
C004861,41,Male,Self-Employed,49815.82,Mass Market,Larkana,Sindh,2022-04-04
C004862,39,Female,Salaried,87871.89,Mass Affluent,Quetta,Balochistan,2020-04-29
C004863,21,Female,Student,34704.14,Mass Market,Sialkot,Punjab,2015-05-27
C004864,30,Male,Business Owner,35511.25,Mass Market,Peshawar,Khyber Pakhtunkhwa,2023-09-08
C004865,44,Female,Salaried,37969.14,Mass Market,Karachi,Sindh,2022-11-19
C004866,54,Female,Self-Employed,53093.25,Mass Market,Lahore,Punjab,2019-04-20
C004867,21,Female,Salaried,59510.29,Mass Market,Multan,Punjab,2017-06-07
C004868,50,Male,Salaried,77063.21,Mass Market,Multan,Punjab,2017-06-17
C004869,21,Male,Salaried,100565.4,Mass Affluent,Karachi,Sindh,2022-04-14
C004870,54,Female,Salaried,107898.55,Mass Market,Larkana,Sindh,2016-09-21
C004871,36,Male,Salaried,100825.88,Mass Affluent,Hyderabad,Sindh,2020-04-18
C004872,31,Male,Business Owner,190857.84,Affluent,Sialkot,Punjab,2023-05-20
C004873,43,Female,Business Owner,184077.16,Affluent,Hyderabad,Sindh,2019-09-07
C004874,28,Male,Salaried,96878.32,Mass Affluent,Sukkur,Sindh,2019-12-11
C004875,45,Male,Unemployed,8678.66,Mass Market,Larkana,Sindh,2018-12-26
C004876,38,Male,Student,44863.25,Mass Affluent,Hyderabad,Sindh,2017-04-06
C004877,21,Male,Salaried,191419.96,Affluent,Faisalabad,Punjab,2017-05-07
C004878,30,Male,Salaried,57046.66,Mass Market,Sukkur,Sindh,2018-10-17
C004879,41,Female,Retired,33701.01,Mass Market,Rawalpindi,Punjab,2019-02-17
C004880,51,Male,Salaried,83199.33,Mass Affluent,Faisalabad,Punjab,2015-04-08
C004881,43,Male,Salaried,91361.89,Mass Market,Sialkot,Punjab,2022-07-27
C004882,51,Male,Retired,130791.35,Mass Affluent,Sukkur,Sindh,2015-01-12
C004883,29,Male,Business Owner,97180.01,Mass Market,Hyderabad,Sindh,2017-02-02
C004884,47,Male,Student,45997.25,Mass Market,Sialkot,Punjab,2018-01-31
C004885,47,Male,Student,40696.33,Mass Affluent,Swat,Khyber Pakhtunkhwa,2023-06-06
C004886,21,Female,Salaried,275701.43,Mass Affluent,Swat,Khyber Pakhtunkhwa,2021-05-14
C004887,51,Female,Business Owner,118024.0,Mass Affluent,Multan,Punjab,2016-06-15
C004888,43,Male,Business Owner,166063.03,Affluent,Karachi,Sindh,2021-08-05
C004889,36,Male,Salaried,422436.72,Affluent,Lahore,Punjab,2019-06-27
C004890,36,Female,Salaried,61556.22,Mass Market,Islamabad,Islamabad Capital,2015-01-17
C004891,28,Female,Salaried,776006.22,Premium,Lahore,Punjab,2018-09-21
C004892,46,Male,Business Owner,25634.68,Mass Market,Faisalabad,Punjab,2021-02-23
C004893,42,Female,Business Owner,53003.61,Mass Market,Hyderabad,Sindh,2019-05-25
C004894,45,Male,Student,33799.64,Affluent,Lahore,Punjab,2021-10-29
C004895,40,Female,Salaried,47040.41,Mass Market,Karachi,Sindh,2023-12-01
C004896,41,Female,Self-Employed,447684.95,Affluent,Sukkur,Sindh,2017-01-31
C004897,36,Female,Salaried,36378.49,Mass Market,Multan,Punjab,2020-03-31
C004898,51,Male,Retired,46513.82,Mass Market,Sukkur,Sindh,2016-05-17
C004899,46,Male,Self-Employed,112102.62,Mass Market,Gwadar,Balochistan,2018-08-15
C004900,41,Male,Business Owner,83948.88,Mass Affluent,Abbottabad,Khyber Pakhtunkhwa,2021-05-09
C004901,38,Female,Salaried,310427.67,Affluent,Sukkur,Sindh,2019-04-13
C004902,21,Male,Salaried,74939.6,Mass Market,Multan,Punjab,2020-02-09
C004903,21,Male,Salaried,62120.62,Mass Market,Multan,Punjab,2019-04-24
C004904,35,Male,Business Owner,54561.38,Mass Market,Gwadar,Balochistan,2018-07-27
C004905,53,Male,Salaried,43006.17,Mass Market,Peshawar,Khyber Pakhtunkhwa,2021-09-03
C004906,31,Female,Student,43439.81,Mass Affluent,Sukkur,Sindh,2020-03-16
C004907,32,Female,Salaried,125026.39,Mass Affluent,Turbat,Balochistan,2017-06-13
C004908,28,Male,Self-Employed,34762.96,Mass Market,Multan,Punjab,2022-04-16
C004909,25,Male,Salaried,91129.96,Mass Market,Sukkur,Sindh,2021-09-18
C004910,29,Female,Salaried,91993.25,Mass Affluent,Sialkot,Punjab,2015-11-02
C004911,42,Male,Self-Employed,35107.85,Mass Market,Multan,Punjab,2020-10-01
C004912,34,Male,Salaried,47845.9,Mass Market,Hyderabad,Sindh,2019-08-11
C004913,33,Male,Salaried,92601.1,Mass Affluent,Multan,Punjab,2020-08-16
C004914,32,Male,Self-Employed,54391.78,Mass Market,Islamabad,Islamabad Capital,2017-06-27
C004915,42,Male,Salaried,37420.29,Mass Market,Multan,Punjab,2015-09-30
C004916,43,Female,Self-Employed,71134.59,Mass Market,Abbottabad,Khyber Pakhtunkhwa,2017-07-24
C004917,21,Female,Self-Employed,219715.55,Mass Affluent,Abbottabad,Khyber Pakhtunkhwa,2019-08-27
C004918,31,Female,Salaried,62462.93,Mass Market,Hyderabad,Sindh,2021-12-15
C004919,38,Female,Salaried,75091.39,Mass Affluent,Gwadar,Balochistan,2017-12-16
C004920,44,Male,Salaried,42407.32,Mass Market,Multan,Punjab,2020-11-04
C004921,40,Female,Salaried,65263.37,Mass Market,Lahore,Punjab,2021-03-12
C004922,48,Female,Salaried,61564.91,Mass Affluent,Multan,Punjab,2022-12-26
C004923,23,Male,Self-Employed,37558.04,Mass Market,Faisalabad,Punjab,2021-11-20
C004924,44,Male,Salaried,32081.94,Mass Market,Quetta,Balochistan,2018-04-18
C004925,62,Female,Student,17255.72,Mass Market,Hyderabad,Sindh,2019-01-07
C004926,40,Female,Business Owner,295645.94,Mass Affluent,Multan,Punjab,2019-07-18
C004927,40,Male,Salaried,37157.63,Mass Market,Sialkot,Punjab,2017-11-24
C004928,45,Male,Self-Employed,177281.66,Mass Affluent,Larkana,Sindh,2016-04-18
C004929,33,Male,Salaried,48427.68,Mass Market,Abbottabad,Khyber Pakhtunkhwa,2020-01-14
C004930,29,Female,Salaried,36331.27,Mass Market,Gujranwala,Punjab,2022-09-03
C004931,40,Male,Unemployed,30368.19,Mass Market,Swat,Khyber Pakhtunkhwa,2019-03-31
C004932,21,Male,Salaried,136330.95,Mass Market,Hyderabad,Sindh,2020-07-25
C004933,43,Male,Salaried,327437.55,Affluent,Peshawar,Khyber Pakhtunkhwa,2020-09-28
C004934,45,Female,Student,20800.25,Mass Market,Gujranwala,Punjab,2023-03-11
C004935,21,Male,Retired,99608.81,Affluent,Sukkur,Sindh,2020-03-13
C004936,41,Male,Self-Employed,56713.42,Mass Market,Rawalpindi,Punjab,2020-09-08
C004937,37,Female,Business Owner,147933.72,Mass Affluent,Rawalpindi,Punjab,2023-03-20
C004938,55,Male,Business Owner,77576.89,Mass Market,Swat,Khyber Pakhtunkhwa,2016-03-16
C004939,53,Male,Business Owner,244595.03,Mass Affluent,Larkana,Sindh,2016-05-15
C004940,48,Male,Salaried,49190.77,Mass Market,Sialkot,Punjab,2020-01-26
C004941,52,Female,Student,19255.65,Mass Affluent,Abbottabad,Khyber Pakhtunkhwa,2022-10-04
C004942,35,Male,Self-Employed,270745.1,Affluent,Sialkot,Punjab,2023-07-18
C004943,42,Male,Salaried,191843.13,Mass Affluent,Hyderabad,Sindh,2018-09-11
C004944,36,Male,Salaried,149362.35,Mass Market,Islamabad,Islamabad Capital,2016-07-05
C004945,28,Female,Salaried,194374.93,Mass Affluent,Hyderabad,Sindh,2021-04-27
C004946,40,Male,Salaried,81261.9,Mass Market,Peshawar,Khyber Pakhtunkhwa,2017-12-14
C004947,38,Male,Salaried,84718.74,Mass Market,Sukkur,Sindh,2016-09-19
C004948,37,Female,Salaried,97121.73,Mass Market,Mardan,Khyber Pakhtunkhwa,2020-10-22
C004949,38,Female,Retired,36810.28,Mass Affluent,Sukkur,Sindh,2022-05-15
C004950,40,Female,Salaried,31623.43,Mass Market,Larkana,Sindh,2020-02-15
C004951,49,Male,Salaried,163265.96,Mass Affluent,Rawalpindi,Punjab,2018-01-01
C004952,33,Female,Student,34601.79,Mass Affluent,Swat,Khyber Pakhtunkhwa,2016-08-24
C004953,25,Female,Salaried,86130.1,Mass Market,Sialkot,Punjab,2023-05-06
C004954,46,Female,Business Owner,73975.87,Mass Market,Islamabad,Islamabad Capital,2016-06-12
C004955,48,Male,Self-Employed,105608.64,Mass Affluent,Gujranwala,Punjab,2020-11-03
C004956,43,Male,Self-Employed,21752.59,Mass Market,Gujranwala,Punjab,2016-04-27
C004957,26,Male,Salaried,59672.7,Mass Market,Swat,Khyber Pakhtunkhwa,2019-06-20
C004958,38,Female,Salaried,65302.13,Mass Market,Lahore,Punjab,2019-10-27
C004959,42,Male,Self-Employed,273365.2,Affluent,Gujranwala,Punjab,2022-06-13
C004960,27,Female,Salaried,47380.08,Mass Market,Mardan,Khyber Pakhtunkhwa,2023-03-17
C004961,31,Male,Salaried,42672.94,Mass Market,Rawalpindi,Punjab,2022-11-25
C004962,37,Female,Salaried,58830.83,Mass Market,Lahore,Punjab,2019-07-07
C004963,52,Male,Business Owner,44240.09,Mass Market,Karachi,Sindh,2019-08-25
C004964,41,Male,Self-Employed,850042.01,Premium,Multan,Punjab,2018-09-08
C004965,33,Male,Business Owner,126169.65,Mass Affluent,Gujranwala,Punjab,2016-11-30
C004966,37,Male,Business Owner,67502.28,Mass Affluent,Multan,Punjab,2016-11-18
C004967,32,Female,Salaried,139028.68,Mass Affluent,Multan,Punjab,2016-05-30
C004968,34,Male,Retired,113719.22,Mass Market,Multan,Punjab,2022-12-21
C004969,47,Male,Student,23445.79,Mass Affluent,Multan,Punjab,2021-07-22
C004970,21,Male,Salaried,889308.77,Premium,Karachi,Sindh,2023-11-17
C004971,53,Male,Salaried,92391.22,Mass Affluent,Karachi,Sindh,2017-12-06
C004972,63,Male,Salaried,223485.94,Mass Affluent,Lahore,Punjab,2021-05-22
C004973,41,Female,Retired,87213.24,Mass Market,Faisalabad,Punjab,2015-04-26
C004974,30,Male,Salaried,283013.06,Affluent,Quetta,Balochistan,2019-08-22
C004975,52,Female,Salaried,79909.16,Mass Market,Karachi,Sindh,2018-08-10
C004976,42,Male,Retired,124860.13,Mass Affluent,Gujranwala,Punjab,2023-03-21
C004977,33,Male,Self-Employed,122992.94,Mass Market,Larkana,Sindh,2019-01-04
C004978,28,Male,Salaried,211015.06,Mass Affluent,Rawalpindi,Punjab,2019-09-22
C004979,35,Male,Self-Employed,265835.06,Affluent,Peshawar,Khyber Pakhtunkhwa,2022-11-01
C004980,41,Male,Business Owner,162034.58,Mass Affluent,Quetta,Balochistan,2018-02-08
C004981,49,Male,Salaried,65340.89,Mass Market,Turbat,Balochistan,2023-03-19
C004982,42,Female,Self-Employed,99280.5,Mass Affluent,Sialkot,Punjab,2016-09-06
C004983,44,Male,Self-Employed,267963.83,Affluent,Faisalabad,Punjab,2022-07-29
C004984,35,Male,Self-Employed,257419.29,Mass Affluent,Faisalabad,Punjab,2016-03-28
C004985,48,Male,Unemployed,28329.13,Affluent,Gujranwala,Punjab,2020-01-05
C004986,37,Female,Self-Employed,612377.72,Affluent,Faisalabad,Punjab,2019-01-15
C004987,59,Male,Self-Employed,185571.48,Affluent,Sukkur,Sindh,2016-01-27
C004988,32,Male,Business Owner,51901.76,Mass Market,Gujranwala,Punjab,2018-07-03
C004989,43,Male,Salaried,70255.79,Mass Market,Turbat,Balochistan,2016-01-21
C004990,63,Female,Salaried,371253.68,Affluent,Faisalabad,Punjab,2016-11-11
C004991,50,Female,Unemployed,30093.79,Affluent,Multan,Punjab,2021-08-08
C004992,47,Male,Business Owner,81331.62,Mass Market,Abbottabad,Khyber Pakhtunkhwa,2019-07-29
C004993,42,Male,Salaried,81098.84,Mass Market,Sukkur,Sindh,2021-01-14
C004994,40,Female,Salaried,35407.86,Mass Market,Multan,Punjab,2021-07-22
C004995,37,Female,Salaried,173095.29,Mass Affluent,Hyderabad,Sindh,2021-05-10
C004996,33,Male,Salaried,420998.84,Affluent,Gujranwala,Punjab,2020-07-16
C004997,22,Male,Salaried,145485.06,Mass Affluent,Rawalpindi,Punjab,2019-10-20
C004998,46,Male,Self-Employed,29819.4,Mass Market,Larkana,Sindh,2021-12-15
C004999,22,Male,Salaried,54008.79,Mass Market,Multan,Punjab,2022-11-22
C005000,46,Male,Self-Employed,330698.44,Affluent,Hyderabad,Sindh,2022-04-12
C005001,36,Male,Retired,52519.91,Mass Market,Faisalabad,Punjab,2018-11-22
C005002,28,Male,Unemployed,12606.47,Mass Market,Larkana,Sindh,2016-03-22
C005003,54,Female,Student,19154.04,Mass Market,Mardan,Khyber Pakhtunkhwa,2017-12-29
C005004,23,Male,Salaried,136816.33,Mass Affluent,Sialkot,Punjab,2023-12-04
C005005,32,Male,Self-Employed,60398.96,Mass Market,Multan,Punjab,2021-03-16
C005006,33,Female,Self-Employed,64562.99,Mass Market,Hyderabad,Sindh,2016-06-21
C005007,41,Male,Salaried,59907.51,Mass Market,Abbottabad,Khyber Pakhtunkhwa,2018-04-22
C005008,32,Male,Student,58694.6,Affluent,Sukkur,Sindh,2021-08-24
C005009,55,Male,Business Owner,50953.02,Mass Market,Karachi,Sindh,2023-05-18
C005010,24,Male,Self-Employed,61675.41,Mass Market,Lahore,Punjab,2020-02-14
C005011,72,Male,Salaried,102864.61,Mass Market,Faisalabad,Punjab,2022-11-24
C005012,27,Male,Salaried,78047.78,Mass Market,Larkana,Sindh,2019-08-31
C005013,72,Male,Student,16157.68,Mass Affluent,Rawalpindi,Punjab,2022-02-17
C005014,51,Male,Salaried,76222.11,Mass Affluent,Mardan,Khyber Pakhtunkhwa,2023-02-11
C005015,38,Female,Salaried,52404.75,Mass Market,Lahore,Punjab,2020-04-14
C005016,41,Male,Self-Employed,615759.02,Affluent,Gujranwala,Punjab,2022-02-07
C005017,35,Male,Business Owner,45241.58,Mass Market,Hyderabad,Sindh,2016-10-09
C005018,43,Female,Salaried,209532.13,Affluent,Karachi,Sindh,2015-07-07
C005019,31,Male,Salaried,54113.18,Mass Market,Hyderabad,Sindh,2019-06-01
C005020,47,Male,Business Owner,129182.62,Mass Market,Larkana,Sindh,2020-08-23
C005021,41,Male,Retired,43938.37,Affluent,Quetta,Balochistan,2017-10-24
C005022,28,Male,Salaried,346067.45,Affluent,Swat,Khyber Pakhtunkhwa,2019-06-14
C005023,44,Female,Business Owner,150883.41,Mass Affluent,Quetta,Balochistan,2018-12-14
C005024,43,Female,Salaried,62471.39,Mass Affluent,Hyderabad,Sindh,2018-09-20
C005025,31,Female,Business Owner,129227.84,Mass Affluent,Karachi,Sindh,2021-11-04
C005026,34,Male,Self-Employed,105364.2,Mass Affluent,Karachi,Sindh,2015-04-21
C005027,45,Male,Student,21873.31,Mass Market,Larkana,Sindh,2016-10-24
C005028,51,Male,Business Owner,116185.87,Mass Market,Faisalabad,Punjab,2022-11-25
C005029,37,Male,Salaried,114046.48,Mass Affluent,Sukkur,Sindh,2023-01-28
C005030,49,Female,Salaried,114044.64,Mass Affluent,Lahore,Punjab,2017-12-10
C005031,52,Male,Business Owner,728920.25,Affluent,Rawalpindi,Punjab,2019-03-10
C005032,53,Male,Salaried,45785.1,Mass Market,Mardan,Khyber Pakhtunkhwa,2023-12-28
C005033,44,Male,Business Owner,36017.46,Mass Market,Gujranwala,Punjab,2019-01-26
C005034,29,Female,Salaried,101273.21,Mass Market,Sukkur,Sindh,2022-05-02
C005035,49,Female,Salaried,274664.09,Affluent,Sukkur,Sindh,2016-01-04
C005036,37,Male,Business Owner,66820.23,Mass Market,Faisalabad,Punjab,2022-03-23
C005037,45,Female,Salaried,653774.13,Affluent,Gwadar,Balochistan,2019-07-31
C005038,32,Male,Student,49821.39,Mass Market,Sialkot,Punjab,2020-04-30
C005039,32,Female,Salaried,55704.94,Mass Market,Gwadar,Balochistan,2017-12-04
C005040,31,Male,Salaried,81268.0,Mass Affluent,Swat,Khyber Pakhtunkhwa,2022-06-19
C005041,24,Male,Salaried,68150.21,Mass Market,Sialkot,Punjab,2017-09-08
C005042,33,Male,Salaried,226931.5,Affluent,Sialkot,Punjab,2017-04-04
C005043,28,Male,Self-Employed,38421.93,Mass Market,Sialkot,Punjab,2018-09-12
C005044,45,Female,Salaried,79250.2,Mass Market,Gujranwala,Punjab,2020-05-01
C005045,27,Female,Salaried,130511.26,Mass Affluent,Lahore,Punjab,2015-05-02
C005046,32,Male,Unemployed,22724.28,Affluent,Islamabad,Islamabad Capital,2020-04-01
C005047,39,Male,Salaried,38168.35,Mass Market,Gujranwala,Punjab,2017-06-12
C005048,59,Male,Salaried,64930.12,Mass Market,Mardan,Khyber Pakhtunkhwa,2018-11-16
C005049,31,Male,Student,49963.02,Mass Affluent,Sialkot,Punjab,2016-12-31
C005050,24,Female,Self-Employed,681431.46,Premium,Islamabad,Islamabad Capital,2020-02-06
C005051,25,Female,Salaried,465830.21,Affluent,Faisalabad,Punjab,2015-09-21
C005052,30,Male,Unemployed,23500.33,Affluent,Multan,Punjab,2021-10-19
C005053,32,Female,Self-Employed,47345.94,Mass Market,Karachi,Sindh,2017-03-09
C005054,64,Male,Salaried,144284.03,Mass Affluent,Rawalpindi,Punjab,2016-09-06
C005055,50,Female,Salaried,174023.55,Affluent,Swat,Khyber Pakhtunkhwa,2015-03-08
C005056,36,Female,Retired,124341.83,Affluent,Lahore,Punjab,2023-10-14
C005057,59,Male,Salaried,114816.09,Mass Affluent,Larkana,Sindh,2021-05-30
C005058,32,Male,Business Owner,87582.47,Mass Affluent,Sukkur,Sindh,2019-03-21
C005059,34,Female,Salaried,354887.89,Affluent,Sukkur,Sindh,2017-10-17
C005060,34,Male,Salaried,28301.21,Mass Market,Sialkot,Punjab,2021-03-26
C005061,50,Female,Student,54982.67,Mass Market,Rawalpindi,Punjab,2019-03-06
C005062,38,Male,Unemployed,24549.94,Premium,Faisalabad,Punjab,2023-02-27
C005063,56,Female,Salaried,107308.47,Mass Affluent,Lahore,Punjab,2021-08-26
C005064,44,Male,Salaried,98306.76,Mass Market,Gujranwala,Punjab,2023-09-18
C005065,49,Female,Business Owner,79914.98,Mass Market,Quetta,Balochistan,2022-10-19
C005066,21,Male,Self-Employed,135307.92,Mass Affluent,Sukkur,Sindh,2020-04-11
C005067,21,Male,Salaried,286257.56,Affluent,Sukkur,Sindh,2015-03-30
C005068,21,Female,Salaried,129420.5,Mass Affluent,Faisalabad,Punjab,2023-08-19
C005069,34,Male,Retired,148295.91,Mass Market,Rawalpindi,Punjab,2017-03-22
C005070,22,Female,Salaried,30095.72,Mass Market,Hyderabad,Sindh,2020-03-07
C005071,53,Male,Salaried,80442.02,Mass Market,Multan,Punjab,2021-11-16
C005072,37,Male,Salaried,230828.69,Affluent,Lahore,Punjab,2017-04-18
C005073,46,Female,Salaried,72637.47,Mass Market,Larkana,Sindh,2021-12-09
C005074,34,Female,Self-Employed,157667.65,Mass Affluent,Hyderabad,Sindh,2019-12-18
C005075,48,Female,Salaried,171771.92,Mass Affluent,Islamabad,Islamabad Capital,2023-04-22
C005076,21,Male,Self-Employed,237298.89,Mass Affluent,Rawalpindi,Punjab,2016-01-24
C005077,38,Male,Salaried,77210.93,Mass Affluent,Karachi,Sindh,2017-07-08
C005078,45,Female,Salaried,190490.71,Mass Affluent,Sialkot,Punjab,2021-07-13
C005079,45,Male,Student,56779.74,Mass Affluent,Gujranwala,Punjab,2022-12-31
C005080,36,Male,Self-Employed,50361.11,Mass Market,Abbottabad,Khyber Pakhtunkhwa,2017-02-09
C005081,21,Male,Salaried,129953.17,Mass Market,Gujranwala,Punjab,2021-06-27
C005082,50,Female,Salaried,169738.79,Mass Affluent,Hyderabad,Sindh,2018-09-26
C005083,35,Female,Self-Employed,51203.45,Mass Market,Rawalpindi,Punjab,2022-10-29
C005084,36,Male,Business Owner,187038.25,Mass Affluent,Rawalpindi,Punjab,2018-05-22
C005085,63,Female,Self-Employed,58959.0,Mass Market,Quetta,Balochistan,2023-07-29
C005086,40,Male,Business Owner,237529.86,Affluent,Lahore,Punjab,2017-02-14
C005087,33,Female,Salaried,47657.09,Mass Market,Mardan,Khyber Pakhtunkhwa,2023-12-10
C005088,33,Male,Unemployed,8568.25,Mass Affluent,Multan,Punjab,2021-06-23
C005089,46,Male,Salaried,47516.32,Mass Market,Gwadar,Balochistan,2016-12-16
C005090,30,Female,Salaried,137909.47,Mass Affluent,Multan,Punjab,2017-11-14
C005091,45,Female,Self-Employed,84049.89,Mass Market,Faisalabad,Punjab,2015-08-10
C005092,51,Male,Salaried,135575.5,Mass Affluent,Swat,Khyber Pakhtunkhwa,2023-06-22
C005093,38,Male,Salaried,127156.04,Mass Market,Multan,Punjab,2016-05-22
C005094,50,Female,Salaried,130654.03,Mass Affluent,Rawalpindi,Punjab,2020-04-15
C005095,38,Male,Business Owner,217058.98,Mass Affluent,Islamabad,Islamabad Capital,2019-01-30
C005096,31,Female,Business Owner,405768.12,Affluent,Sukkur,Sindh,2021-01-18
C005097,21,Female,Self-Employed,232095.5,Mass Affluent,Sukkur,Sindh,2019-03-06
C005098,42,Male,Salaried,275044.8,Mass Affluent,Sukkur,Sindh,2016-11-22
C005099,42,Male,Salaried,143377.58,Affluent,Mardan,Khyber Pakhtunkhwa,2020-04-04
C005100,50,Male,Student,39078.81,Mass Market,Peshawar,Khyber Pakhtunkhwa,2022-09-12
C005101,49,Female,Self-Employed,124589.5,Mass Affluent,Hyderabad,Sindh,2016-01-30
C005102,62,Female,Salaried,62595.23,Mass Market,Lahore,Punjab,2017-06-15
C005103,33,Male,Salaried,111778.86,Mass Affluent,Rawalpindi,Punjab,2022-09-29
C005104,43,Female,Salaried,48804.92,Mass Market,Sukkur,Sindh,2023-04-09
C005105,31,Female,Salaried,39507.92,Mass Market,Mardan,Khyber Pakhtunkhwa,2016-12-30
C005106,49,Female,Business Owner,134900.85,Mass Affluent,Hyderabad,Sindh,2022-04-11
C005107,29,Male,Student,43541.87,Mass Market,Sialkot,Punjab,2018-06-12
C005108,49,Female,Unemployed,39197.08,Mass Market,Faisalabad,Punjab,2021-06-14
C005109,31,Male,Salaried,52958.67,Mass Market,Larkana,Sindh,2020-01-30
C005110,47,Male,Salaried,214760.18,Affluent,Abbottabad,Khyber Pakhtunkhwa,2018-09-20
C005111,52,Female,Business Owner,41119.86,Mass Market,Sialkot,Punjab,2015-01-16
C005112,22,Male,Salaried,54850.43,Mass Market,Larkana,Sindh,2018-04-05
C005113,24,Male,Self-Employed,712068.36,Premium,Peshawar,Khyber Pakhtunkhwa,2020-08-07
C005114,42,Male,Business Owner,451502.6,Affluent,Turbat,Balochistan,2021-11-26
C005115,40,Male,Salaried,38143.12,Mass Market,Gujranwala,Punjab,2016-10-30
C005116,36,Male,Salaried,128507.63,Mass Affluent,Turbat,Balochistan,2016-10-09
C005117,34,Female,Salaried,93881.79,Mass Market,Hyderabad,Sindh,2021-11-03
C005118,30,Male,Self-Employed,178900.75,Affluent,Peshawar,Khyber Pakhtunkhwa,2017-03-29
C005119,43,Male,Salaried,97106.74,Mass Market,Faisalabad,Punjab,2017-08-02
C005120,28,Female,Salaried,50782.01,Mass Market,Karachi,Sindh,2018-09-26
C005121,43,Female,Salaried,78622.13,Mass Market,Hyderabad,Sindh,2020-05-30
C005122,33,Male,Business Owner,119661.77,Mass Affluent,Faisalabad,Punjab,2017-12-19
C005123,34,Female,Student,44321.28,Mass Market,Sukkur,Sindh,2019-07-01
C005124,52,Female,Retired,111031.39,Mass Affluent,Karachi,Sindh,2023-08-23
C005125,49,Female,Student,25902.97,Mass Market,Larkana,Sindh,2022-12-05
C005126,28,Male,Salaried,189844.34,Mass Affluent,Lahore,Punjab,2019-03-06
C005127,29,Female,Salaried,310800.65,Affluent,Sukkur,Sindh,2018-03-15
C005128,48,Female,Salaried,44507.47,Mass Market,Sialkot,Punjab,2018-07-22
C005129,23,Male,Self-Employed,56770.76,Mass Market,Turbat,Balochistan,2019-07-09
C005130,55,Female,Business Owner,55437.98,Mass Market,Islamabad,Islamabad Capital,2018-08-05
C005131,40,Male,Salaried,76023.84,Mass Affluent,Faisalabad,Punjab,2019-10-25
C005132,33,Male,Retired,127567.77,Mass Market,Faisalabad,Punjab,2020-01-16
C005133,39,Male,Salaried,166928.16,Mass Affluent,Gujranwala,Punjab,2015-12-30
C005134,54,Male,Self-Employed,81699.92,Mass Market,Hyderabad,Sindh,2020-05-11
C005135,21,Male,Student,15037.85,Mass Affluent,Turbat,Balochistan,2019-11-20
C005136,50,Female,Self-Employed,186797.68,Mass Affluent,Karachi,Sindh,2023-04-25
C005137,52,Male,Business Owner,47712.55,Mass Market,Multan,Punjab,2019-05-27
C005138,35,Male,Business Owner,51731.57,Mass Market,Lahore,Punjab,2018-10-18
C005139,38,Female,Business Owner,178799.04,Mass Affluent,Sialkot,Punjab,2016-07-15
C005140,41,Female,Business Owner,69576.97,Mass Market,Abbottabad,Khyber Pakhtunkhwa,2016-03-06
C005141,47,Female,Salaried,129122.38,Mass Affluent,Karachi,Sindh,2020-08-04
C005142,31,Female,Salaried,200817.34,Affluent,Larkana,Sindh,2018-09-08
C005143,39,Female,Business Owner,49041.75,Mass Market,Rawalpindi,Punjab,2019-08-08
C005144,38,Female,Self-Employed,74874.41,Mass Market,Turbat,Balochistan,2017-06-13
C005145,46,Male,Self-Employed,28589.02,Mass Market,Multan,Punjab,2016-04-08
C005146,68,Male,Salaried,24659.35,Mass Market,Swat,Khyber Pakhtunkhwa,2023-09-16
C005147,31,Female,Salaried,364407.6,Affluent,Gwadar,Balochistan,2020-08-26
C005148,40,Male,Salaried,510315.48,Premium,Hyderabad,Sindh,2019-12-21
C005149,31,Male,Unemployed,32323.63,Mass Market,Gwadar,Balochistan,2019-03-24
C005150,34,Male,Salaried,509752.37,Affluent,Multan,Punjab,2015-05-15
C005151,27,Male,Salaried,40828.47,Mass Market,Hyderabad,Sindh,2023-02-23
C005152,22,Male,Salaried,331393.42,Premium,Sialkot,Punjab,2020-07-18
C005153,52,Female,Salaried,252083.02,Affluent,Sukkur,Sindh,2019-11-05
C005154,43,Female,Salaried,46252.73,Mass Market,Lahore,Punjab,2023-09-28
C005155,40,Male,Business Owner,128753.28,Mass Affluent,Lahore,Punjab,2017-03-11
C005156,29,Male,Salaried,159490.89,Mass Affluent,Faisalabad,Punjab,2016-10-20
C005157,38,Male,Salaried,67930.72,Mass Market,Lahore,Punjab,2021-08-31
C005158,26,Male,Salaried,61063.86,Mass Market,Hyderabad,Sindh,2023-01-19
C005159,39,Male,Salaried,194344.97,Mass Affluent,Hyderabad,Sindh,2018-10-24
C005160,43,Female,Business Owner,77417.31,Mass Market,Sialkot,Punjab,2016-06-16
C005161,33,Male,Retired,50252.99,Mass Market,Islamabad,Islamabad Capital,2022-07-05
C005162,31,Female,Business Owner,76381.39,Mass Market,Turbat,Balochistan,2016-06-14
C005163,34,Male,Student,48747.65,Mass Affluent,Gujranwala,Punjab,2019-01-20
C005164,48,Female,Salaried,89888.41,Mass Market,Multan,Punjab,2018-08-12
C005165,41,Male,Student,49931.59,Mass Market,Larkana,Sindh,2016-11-23
C005166,21,Female,Salaried,38019.01,Mass Market,Swat,Khyber Pakhtunkhwa,2023-07-22
C005167,47,Female,Business Owner,51214.46,Mass Market,Lahore,Punjab,2019-06-26
C005168,45,Female,Self-Employed,192828.23,Mass Affluent,Abbottabad,Khyber Pakhtunkhwa,2020-07-08
C005169,41,Female,Salaried,44819.08,Mass Market,Rawalpindi,Punjab,2015-12-06
C005170,57,Male,Salaried,151951.54,Mass Affluent,Rawalpindi,Punjab,2022-06-24
C005171,39,Male,Salaried,83787.16,Mass Market,Mardan,Khyber Pakhtunkhwa,2018-07-19
C005172,44,Female,Salaried,131212.86,Mass Affluent,Karachi,Sindh,2016-01-29
C005173,44,Female,Salaried,43198.21,Mass Market,Peshawar,Khyber Pakhtunkhwa,2020-02-02
C005174,49,Male,Unemployed,14467.04,Affluent,Rawalpindi,Punjab,2020-05-09
C005175,37,Male,Salaried,35120.16,Mass Market,Sialkot,Punjab,2020-07-21
C005176,32,Male,Self-Employed,232548.89,Affluent,Sialkot,Punjab,2022-01-24
C005177,50,Male,Self-Employed,39393.37,Mass Market,Multan,Punjab,2018-05-21
C005178,49,Male,Salaried,58939.94,Mass Market,Faisalabad,Punjab,2017-12-18
C005179,53,Female,Salaried,80253.92,Mass Affluent,Sukkur,Sindh,2016-05-29
C005180,44,Male,Salaried,61932.42,Mass Market,Sukkur,Sindh,2023-09-23
C005181,21,Male,Salaried,92280.72,Mass Market,Karachi,Sindh,2017-11-17
C005182,41,Male,Salaried,204769.94,Mass Affluent,Rawalpindi,Punjab,2023-08-12
C005183,39,Male,Salaried,80985.18,Mass Affluent,Multan,Punjab,2019-07-31
C005184,53,Female,Salaried,100929.02,Mass Affluent,Larkana,Sindh,2023-07-12
C005185,51,Male,Student,50090.54,Premium,Sialkot,Punjab,2019-11-30
C005186,46,Female,Business Owner,78404.49,Mass Market,Abbottabad,Khyber Pakhtunkhwa,2023-06-26
C005187,21,Male,Salaried,47492.32,Mass Market,Multan,Punjab,2022-07-26
C005188,30,Female,Self-Employed,108058.85,Mass Affluent,Sukkur,Sindh,2015-07-13
C005189,35,Male,Retired,129686.94,Mass Market,Gwadar,Balochistan,2015-06-24
C005190,35,Female,Salaried,29895.06,Mass Market,Karachi,Sindh,2016-05-16
C005191,41,Female,Salaried,73256.73,Mass Market,Sukkur,Sindh,2019-10-29
C005192,55,Male,Salaried,90550.86,Mass Market,Karachi,Sindh,2016-05-31
C005193,48,Male,Salaried,51752.98,Mass Market,Gujranwala,Punjab,2016-08-31
C005194,29,Female,Business Owner,34989.27,Mass Market,Hyderabad,Sindh,2017-02-04
C005195,30,Male,Business Owner,222366.66,Mass Affluent,Quetta,Balochistan,2022-12-12
C005196,29,Male,Self-Employed,141304.56,Mass Affluent,Islamabad,Islamabad Capital,2017-09-24
C005197,38,Male,Salaried,366571.74,Affluent,Hyderabad,Sindh,2021-03-02
C005198,48,Female,Business Owner,36318.02,Mass Market,Sialkot,Punjab,2018-03-27
C005199,50,Male,Salaried,36368.45,Mass Market,Swat,Khyber Pakhtunkhwa,2017-06-08
C005200,35,Female,Salaried,152155.12,Mass Affluent,Karachi,Sindh,2016-03-26
C005201,39,Female,Salaried,88660.92,Mass Market,Multan,Punjab,2020-03-24
C005202,57,Female,Student,14545.52,Mass Market,Rawalpindi,Punjab,2019-12-28
C005203,23,Male,Business Owner,125067.0,Mass Affluent,Faisalabad,Punjab,2022-10-15
C005204,46,Male,Self-Employed,71121.51,Mass Affluent,Larkana,Sindh,2022-08-07
C005205,45,Male,Business Owner,45959.08,Mass Market,Gujranwala,Punjab,2016-04-23
C005206,36,Male,Salaried,117903.37,Mass Affluent,Multan,Punjab,2020-01-23
C005207,39,Male,Salaried,156535.13,Mass Affluent,Sialkot,Punjab,2017-11-09
C005208,44,Male,Business Owner,125787.61,Affluent,Gwadar,Balochistan,2020-06-30
C005209,36,Female,Retired,78750.84,Mass Market,Faisalabad,Punjab,2019-04-20
C005210,32,Female,Self-Employed,121842.08,Mass Affluent,Rawalpindi,Punjab,2018-04-03
C005211,31,Male,Salaried,212597.7,Mass Affluent,Sukkur,Sindh,2017-03-28
C005212,59,Male,Unemployed,15129.72,Mass Market,Multan,Punjab,2019-05-13
C005213,34,Female,Salaried,179721.53,Mass Affluent,Islamabad,Islamabad Capital,2016-03-14
C005214,41,Male,Salaried,280128.11,Mass Affluent,Turbat,Balochistan,2019-04-22
C005215,48,Male,Salaried,44582.04,Mass Market,Gujranwala,Punjab,2016-09-19
C005216,37,Female,Salaried,63168.96,Mass Market,Hyderabad,Sindh,2016-09-05
C005217,39,Female,Self-Employed,41176.82,Mass Market,Gujranwala,Punjab,2017-12-26
C005218,45,Female,Self-Employed,125047.66,Mass Affluent,Sialkot,Punjab,2022-01-31
C005219,30,Female,Salaried,78884.17,Mass Market,Rawalpindi,Punjab,2021-11-01
C005220,22,Female,Salaried,92086.87,Mass Market,Gujranwala,Punjab,2023-06-06
C005221,31,Female,Self-Employed,51887.91,Mass Market,Faisalabad,Punjab,2023-11-04
C005222,58,Male,Salaried,82246.07,Mass Affluent,Sukkur,Sindh,2016-11-04
C005223,33,Male,Salaried,133672.23,Mass Affluent,Faisalabad,Punjab,2016-12-08
C005224,40,Male,Salaried,43402.66,Mass Market,Faisalabad,Punjab,2023-07-20
C005225,24,Female,Student,18067.48,Mass Affluent,Hyderabad,Sindh,2022-04-26
C005226,54,Male,Unemployed,37731.54,Mass Market,Larkana,Sindh,2020-11-02
C005227,36,Female,Salaried,72159.85,Mass Market,Faisalabad,Punjab,2019-01-04
C005228,34,Male,Business Owner,178489.78,Mass Affluent,Sialkot,Punjab,2017-04-11
C005229,38,Female,Student,26072.58,Mass Market,Sialkot,Punjab,2016-01-21
C005230,67,Male,Salaried,190746.34,Mass Affluent,Gujranwala,Punjab,2023-02-20
C005231,44,Male,Retired,105499.55,Mass Affluent,Abbottabad,Khyber Pakhtunkhwa,2020-05-19
C005232,37,Male,Salaried,251340.99,Affluent,Gwadar,Balochistan,2015-06-12
C005233,21,Male,Self-Employed,39519.71,Mass Market,Rawalpindi,Punjab,2018-07-09
C005234,54,Male,Self-Employed,27117.23,Mass Market,Faisalabad,Punjab,2021-10-25
C005235,31,Male,Salaried,33117.17,Mass Market,Swat,Khyber Pakhtunkhwa,2017-10-06
C005236,30,Female,Business Owner,303889.84,Affluent,Sukkur,Sindh,2023-04-19
C005237,31,Male,Business Owner,92081.76,Mass Affluent,Multan,Punjab,2018-05-05
C005238,55,Female,Salaried,69570.06,Mass Affluent,Gujranwala,Punjab,2022-05-08
C005239,39,Male,Self-Employed,110849.32,Mass Affluent,Sukkur,Sindh,2019-08-09
C005240,22,Male,Retired,25460.18,Mass Market,Sukkur,Sindh,2022-04-10
C005241,37,Female,Student,15813.8,Mass Affluent,Multan,Punjab,2019-06-28
C005242,30,Female,Self-Employed,128581.61,Mass Affluent,Rawalpindi,Punjab,2021-01-05
C005243,43,Male,Salaried,58628.29,Mass Market,Lahore,Punjab,2018-07-25
C005244,35,Male,Salaried,228193.51,Affluent,Rawalpindi,Punjab,2016-12-08
C005245,22,Male,Salaried,356264.63,Affluent,Sukkur,Sindh,2015-12-21
C005246,38,Female,Student,41291.57,Premium,Larkana,Sindh,2019-04-13
C005247,38,Female,Business Owner,126283.35,Mass Affluent,Larkana,Sindh,2019-08-27
C005248,25,Female,Retired,71284.08,Mass Market,Sialkot,Punjab,2020-12-07
C005249,21,Male,Salaried,175643.52,Mass Affluent,Faisalabad,Punjab,2023-01-31
C005250,42,Male,Unemployed,40549.09,Mass Market,Abbottabad,Khyber Pakhtunkhwa,2023-11-16
C005251,36,Male,Unemployed,11042.85,Mass Affluent,Larkana,Sindh,2018-07-24
C005252,37,Female,Business Owner,52831.42,Mass Market,Faisalabad,Punjab,2015-08-04
C005253,47,Female,Student,41940.37,Affluent,Gujranwala,Punjab,2019-11-16
C005254,21,Male,Salaried,91027.82,Mass Market,Swat,Khyber Pakhtunkhwa,2023-01-27
C005255,40,Male,Salaried,46252.61,Mass Market,Peshawar,Khyber Pakhtunkhwa,2020-09-15
C005256,46,Female,Salaried,83021.47,Mass Market,Turbat,Balochistan,2019-11-08
C005257,37,Male,Salaried,132070.78,Mass Affluent,Karachi,Sindh,2018-11-09
C005258,23,Female,Salaried,101817.1,Mass Market,Gujranwala,Punjab,2023-04-18
C005259,32,Female,Business Owner,73372.47,Mass Market,Lahore,Punjab,2022-02-25
C005260,34,Female,Salaried,84855.63,Mass Market,Multan,Punjab,2022-08-14
C005261,22,Female,Salaried,47911.47,Mass Market,Larkana,Sindh,2015-04-22
C005262,43,Male,Salaried,171800.53,Affluent,Sukkur,Sindh,2017-07-09
C005263,39,Male,Self-Employed,63459.66,Mass Market,Sialkot,Punjab,2016-01-22
C005264,32,Female,Retired,112860.25,Mass Market,Turbat,Balochistan,2019-12-09
C005265,50,Male,Salaried,50225.48,Mass Market,Lahore,Punjab,2015-03-31
C005266,33,Male,Business Owner,38181.84,Mass Market,Faisalabad,Punjab,2022-07-23
C005267,55,Female,Unemployed,30615.13,Mass Market,Faisalabad,Punjab,2023-06-11
C005268,36,Male,Business Owner,75241.87,Mass Market,Swat,Khyber Pakhtunkhwa,2022-06-04
C005269,29,Female,Business Owner,73385.9,Mass Market,Turbat,Balochistan,2015-11-15
C005270,29,Female,Self-Employed,56418.65,Mass Market,Larkana,Sindh,2019-08-02
C005271,40,Male,Unemployed,33186.24,Mass Market,Islamabad,Islamabad Capital,2022-04-16
C005272,27,Male,Salaried,105855.24,Mass Affluent,Gwadar,Balochistan,2018-09-11
C005273,41,Male,Business Owner,150878.64,Mass Market,Peshawar,Khyber Pakhtunkhwa,2015-11-10
C005274,35,Male,Salaried,145744.15,Mass Affluent,Swat,Khyber Pakhtunkhwa,2018-12-11
C005275,34,Male,Salaried,103877.47,Mass Affluent,Faisalabad,Punjab,2022-09-18
C005276,39,Female,Business Owner,390500.37,Affluent,Peshawar,Khyber Pakhtunkhwa,2019-11-22
C005277,50,Female,Student,23967.86,Mass Market,Larkana,Sindh,2018-04-03
C005278,33,Male,Student,48824.47,Mass Affluent,Peshawar,Khyber Pakhtunkhwa,2022-02-03
C005279,41,Female,Retired,94332.3,Affluent,Gujranwala,Punjab,2021-10-20
C005280,44,Male,Business Owner,393066.64,Premium,Abbottabad,Khyber Pakhtunkhwa,2016-05-28
C005281,26,Male,Self-Employed,100781.13,Mass Affluent,Islamabad,Islamabad Capital,2017-04-30
C005282,45,Female,Retired,123505.42,Mass Market,Multan,Punjab,2020-11-05
C005283,48,Male,Salaried,150764.67,Affluent,Islamabad,Islamabad Capital,2023-05-11
C005284,50,Female,Salaried,110896.86,Mass Affluent,Multan,Punjab,2022-10-24
C005285,27,Male,Salaried,55441.5,Mass Market,Rawalpindi,Punjab,2016-06-24
C005286,28,Male,Self-Employed,67883.39,Mass Market,Sialkot,Punjab,2023-07-15
C005287,38,Female,Business Owner,353282.09,Affluent,Peshawar,Khyber Pakhtunkhwa,2019-03-25
C005288,38,Female,Business Owner,69890.59,Mass Market,Larkana,Sindh,2023-11-06
C005289,39,Female,Salaried,256867.48,Mass Affluent,Gujranwala,Punjab,2017-02-08
C005290,35,Male,Business Owner,90931.95,Mass Market,Hyderabad,Sindh,2023-05-05
C005291,41,Male,Self-Employed,141440.63,Mass Affluent,Faisalabad,Punjab,2020-01-13
C005292,21,Male,Retired,40220.6,Mass Market,Hyderabad,Sindh,2018-01-31
C005293,46,Male,Salaried,100569.14,Mass Affluent,Swat,Khyber Pakhtunkhwa,2016-10-08
C005294,55,Male,Self-Employed,34863.89,Mass Market,Larkana,Sindh,2023-12-06
C005295,33,Female,Business Owner,296800.63,Affluent,Swat,Khyber Pakhtunkhwa,2018-10-19
C005296,41,Male,Self-Employed,68051.32,Mass Market,Sukkur,Sindh,2020-10-31
C005297,57,Male,Salaried,84238.45,Mass Market,Islamabad,Islamabad Capital,2016-12-01
C005298,39,Female,Salaried,66415.17,Mass Market,Sialkot,Punjab,2017-11-14
C005299,42,Male,Salaried,89555.66,Mass Market,Faisalabad,Punjab,2023-05-08
C005300,59,Female,Salaried,940170.54,Premium,Faisalabad,Punjab,2015-05-28
C005301,61,Female,Self-Employed,40595.94,Mass Market,Hyderabad,Sindh,2019-02-19
C005302,27,Male,Self-Employed,49278.14,Mass Market,Larkana,Sindh,2020-03-12
C005303,34,Female,Business Owner,129455.84,Mass Affluent,Mardan,Khyber Pakhtunkhwa,2017-10-15
C005304,49,Female,Salaried,45880.32,Mass Market,Gujranwala,Punjab,2020-02-13
C005305,44,Female,Salaried,54700.98,Mass Market,Lahore,Punjab,2018-03-14
C005306,47,Female,Business Owner,145767.47,Mass Affluent,Hyderabad,Sindh,2017-09-08
C005307,21,Male,Business Owner,57258.47,Mass Market,Islamabad,Islamabad Capital,2017-03-12
C005308,21,Male,Business Owner,280032.91,Affluent,Faisalabad,Punjab,2019-06-21
C005309,59,Female,Business Owner,90861.07,Mass Affluent,Gujranwala,Punjab,2022-12-18
C005310,48,Male,Unemployed,12700.07,Mass Market,Multan,Punjab,2019-02-15
C005311,43,Male,Retired,74439.97,Mass Affluent,Rawalpindi,Punjab,2021-01-16
C005312,25,Male,Self-Employed,209566.16,Affluent,Multan,Punjab,2022-07-18
C005313,34,Female,Salaried,36705.19,Mass Market,Gujranwala,Punjab,2016-02-10
C005314,45,Female,Salaried,207478.44,Mass Affluent,Karachi,Sindh,2019-05-13
C005315,24,Female,Self-Employed,116588.57,Mass Market,Rawalpindi,Punjab,2023-12-25
C005316,31,Female,Salaried,142127.44,Mass Affluent,Faisalabad,Punjab,2018-03-03
C005317,43,Male,Salaried,113306.23,Mass Affluent,Gujranwala,Punjab,2017-08-04
C005318,45,Female,Salaried,89293.63,Mass Market,Gwadar,Balochistan,2016-02-13
C005319,33,Male,Retired,73732.83,Mass Market,Multan,Punjab,2016-06-28
C005320,50,Female,Salaried,55383.18,Mass Market,Rawalpindi,Punjab,2019-11-08
C005321,49,Female,Business Owner,187804.73,Mass Affluent,Faisalabad,Punjab,2021-12-05
C005322,21,Female,Retired,41058.41,Mass Affluent,Karachi,Sindh,2020-12-27
C005323,57,Female,Business Owner,46147.31,Mass Market,Peshawar,Khyber Pakhtunkhwa,2019-12-25
C005324,52,Female,Salaried,68890.94,Mass Market,Gujranwala,Punjab,2017-04-29
C005325,41,Male,Student,15897.82,Affluent,Rawalpindi,Punjab,2019-08-29
C005326,37,Female,Self-Employed,76440.34,Mass Market,Faisalabad,Punjab,2020-12-22
C005327,48,Male,Salaried,94425.42,Mass Market,Sukkur,Sindh,2017-01-09
C005328,45,Female,Self-Employed,33261.94,Mass Market,Gwadar,Balochistan,2019-02-27
C005329,36,Male,Salaried,131938.53,Mass Affluent,Sukkur,Sindh,2020-04-19
C005330,57,Male,Business Owner,123563.49,Mass Market,Gujranwala,Punjab,2015-05-24
C005331,21,Male,Retired,35096.92,Affluent,Swat,Khyber Pakhtunkhwa,2020-12-27
C005332,32,Male,Self-Employed,99080.27,Mass Affluent,Swat,Khyber Pakhtunkhwa,2015-05-25
C005333,44,Female,Retired,31547.35,Mass Market,Faisalabad,Punjab,2018-12-02
C005334,38,Female,Salaried,135124.81,Mass Affluent,Gujranwala,Punjab,2015-07-15
C005335,47,Male,Student,13591.02,Mass Market,Lahore,Punjab,2017-05-15
C005336,24,Male,Business Owner,74753.44,Mass Market,Swat,Khyber Pakhtunkhwa,2018-09-26
C005337,36,Male,Salaried,87659.06,Mass Affluent,Sukkur,Sindh,2016-05-20
C005338,52,Male,Retired,125969.7,Mass Market,Larkana,Sindh,2022-05-18
C005339,23,Female,Retired,141872.94,Affluent,Peshawar,Khyber Pakhtunkhwa,2022-11-20
C005340,36,Female,Salaried,132599.77,Mass Affluent,Faisalabad,Punjab,2017-11-25
C005341,33,Male,Business Owner,39579.8,Mass Market,Gujranwala,Punjab,2020-01-20
C005342,43,Female,Salaried,643632.89,Premium,Rawalpindi,Punjab,2020-08-28
C005343,43,Female,Salaried,95392.49,Mass Affluent,Abbottabad,Khyber Pakhtunkhwa,2019-04-27
C005344,40,Female,Salaried,29459.6,Mass Market,Hyderabad,Sindh,2022-08-08
C005345,36,Male,Salaried,77729.98,Mass Market,Gujranwala,Punjab,2022-11-08
C005346,40,Female,Salaried,295303.38,Affluent,Multan,Punjab,2020-01-14
C005347,37,Male,Salaried,75133.37,Mass Market,Mardan,Khyber Pakhtunkhwa,2021-02-27
C005348,39,Male,Retired,78209.4,Mass Market,Abbottabad,Khyber Pakhtunkhwa,2023-04-23
C005349,55,Male,Salaried,76129.09,Mass Market,Karachi,Sindh,2022-10-22
C005350,26,Male,Student,20963.54,Mass Market,Lahore,Punjab,2017-10-03
C005351,43,Female,Salaried,116846.41,Mass Market,Turbat,Balochistan,2023-05-29
C005352,29,Female,Salaried,177115.03,Mass Affluent,Peshawar,Khyber Pakhtunkhwa,2019-07-31
C005353,61,Male,Business Owner,324086.25,Affluent,Larkana,Sindh,2023-06-09
C005354,40,Male,Salaried,76951.75,Mass Affluent,Hyderabad,Sindh,2019-11-26
C005355,25,Male,Salaried,57619.73,Mass Market,Gwadar,Balochistan,2023-10-19
C005356,36,Female,Unemployed,20149.64,Mass Market,Quetta,Balochistan,2016-07-29
C005357,23,Male,Salaried,43955.24,Mass Market,Larkana,Sindh,2022-01-05
C005358,32,Male,Salaried,126124.15,Mass Market,Sialkot,Punjab,2019-06-30
C005359,46,Female,Self-Employed,88127.24,Mass Affluent,Sialkot,Punjab,2016-04-04
C005360,54,Male,Salaried,24634.78,Mass Market,Peshawar,Khyber Pakhtunkhwa,2020-11-14
C005361,51,Male,Business Owner,381378.67,Affluent,Larkana,Sindh,2019-12-09
C005362,38,Female,Salaried,46459.41,Mass Market,Rawalpindi,Punjab,2015-11-24
C005363,45,Male,Salaried,174056.04,Mass Affluent,Gujranwala,Punjab,2016-05-12
C005364,48,Male,Salaried,179493.71,Affluent,Turbat,Balochistan,2020-10-09
C005365,64,Male,Salaried,110574.25,Mass Affluent,Gwadar,Balochistan,2023-09-04
C005366,32,Male,Self-Employed,441079.25,Affluent,Islamabad,Islamabad Capital,2019-09-23
C005367,56,Female,Retired,127314.51,Mass Affluent,Multan,Punjab,2018-06-07
C005368,27,Female,Business Owner,121901.5,Mass Affluent,Peshawar,Khyber Pakhtunkhwa,2018-05-04
C005369,52,Male,Salaried,67023.29,Mass Market,Swat,Khyber Pakhtunkhwa,2021-07-27
C005370,32,Male,Unemployed,42382.3,Mass Market,Gujranwala,Punjab,2018-06-07
C005371,31,Male,Business Owner,306966.4,Affluent,Sialkot,Punjab,2019-11-07
C005372,36,Female,Salaried,60357.83,Mass Market,Islamabad,Islamabad Capital,2022-09-13
C005373,30,Male,Salaried,343063.61,Affluent,Lahore,Punjab,2022-01-18
C005374,44,Male,Salaried,120829.29,Mass Market,Hyderabad,Sindh,2023-09-01
C005375,52,Male,Salaried,359284.52,Mass Affluent,Larkana,Sindh,2021-07-20
C005376,21,Female,Salaried,71550.94,Mass Market,Karachi,Sindh,2018-03-08
C005377,37,Female,Salaried,268497.02,Affluent,Rawalpindi,Punjab,2015-10-14
C005378,27,Male,Unemployed,16831.38,Mass Market,Swat,Khyber Pakhtunkhwa,2019-02-16
C005379,49,Male,Salaried,54931.81,Mass Market,Sialkot,Punjab,2018-03-04
C005380,55,Female,Salaried,153175.49,Affluent,Abbottabad,Khyber Pakhtunkhwa,2019-05-04
C005381,37,Male,Unemployed,9132.54,Mass Market,Lahore,Punjab,2023-06-10
C005382,31,Male,Self-Employed,90518.03,Mass Market,Karachi,Sindh,2020-11-17
C005383,21,Male,Salaried,160482.63,Affluent,Swat,Khyber Pakhtunkhwa,2016-06-02
C005384,60,Male,Salaried,192605.77,Affluent,Multan,Punjab,2017-03-02
C005385,54,Male,Business Owner,48096.19,Mass Market,Gujranwala,Punjab,2016-08-02
C005386,21,Female,Salaried,149758.67,Mass Affluent,Peshawar,Khyber Pakhtunkhwa,2018-03-17
C005387,46,Male,Self-Employed,148058.03,Mass Market,Faisalabad,Punjab,2023-08-30
C005388,27,Male,Student,26813.7,Mass Market,Rawalpindi,Punjab,2016-04-03
C005389,33,Female,Business Owner,134585.03,Mass Affluent,Sukkur,Sindh,2021-05-30
C005390,25,Female,Student,30497.51,Mass Market,Gwadar,Balochistan,2015-01-27
C005391,21,Female,Business Owner,53510.14,Mass Market,Larkana,Sindh,2015-12-16
C005392,38,Male,Business Owner,58922.18,Mass Market,Rawalpindi,Punjab,2016-09-07
C005393,60,Male,Salaried,234672.15,Affluent,Islamabad,Islamabad Capital,2015-05-29
C005394,29,Male,Salaried,368656.72,Mass Affluent,Sukkur,Sindh,2015-06-03
C005395,49,Male,Salaried,79775.87,Mass Market,Karachi,Sindh,2017-03-07
C005396,51,Male,Self-Employed,235439.7,Affluent,Rawalpindi,Punjab,2022-03-11
C005397,47,Female,Salaried,439022.53,Affluent,Multan,Punjab,2018-03-29
C005398,61,Female,Self-Employed,66147.53,Mass Market,Gujranwala,Punjab,2015-11-02
C005399,50,Male,Salaried,638915.16,Premium,Hyderabad,Sindh,2015-07-30
C005400,59,Female,Self-Employed,55990.31,Mass Market,Faisalabad,Punjab,2015-08-16
C005401,26,Female,Salaried,54561.68,Mass Market,Larkana,Sindh,2023-08-22
C005402,47,Male,Retired,25375.99,Mass Market,Rawalpindi,Punjab,2018-09-09
C005403,56,Female,Salaried,31764.62,Mass Market,Lahore,Punjab,2016-03-19
C005404,31,Female,Business Owner,149667.41,Mass Affluent,Lahore,Punjab,2016-05-01
C005405,21,Female,Self-Employed,120849.16,Mass Affluent,Hyderabad,Sindh,2022-09-14
C005406,25,Male,Salaried,390806.94,Affluent,Mardan,Khyber Pakhtunkhwa,2022-05-14
C005407,31,Female,Business Owner,42784.75,Mass Market,Sialkot,Punjab,2021-06-05
C005408,45,Male,Retired,110178.15,Mass Market,Gujranwala,Punjab,2019-09-21
C005409,33,Male,Business Owner,80583.39,Mass Market,Lahore,Punjab,2021-12-02
C005410,39,Male,Retired,40562.81,Mass Market,Peshawar,Khyber Pakhtunkhwa,2019-06-13
C005411,32,Female,Salaried,387597.9,Affluent,Sialkot,Punjab,2016-12-30
C005412,38,Male,Retired,35230.15,Mass Affluent,Peshawar,Khyber Pakhtunkhwa,2018-10-14
C005413,38,Female,Student,46518.5,Mass Affluent,Sialkot,Punjab,2023-06-13
C005414,32,Male,Business Owner,173246.62,Mass Affluent,Multan,Punjab,2018-06-11
C005415,48,Female,Student,48997.56,Mass Market,Peshawar,Khyber Pakhtunkhwa,2017-01-26
C005416,54,Male,Business Owner,81313.87,Mass Market,Sukkur,Sindh,2020-07-16
C005417,26,Male,Self-Employed,54089.68,Mass Market,Gujranwala,Punjab,2015-03-14
C005418,41,Male,Self-Employed,149977.03,Affluent,Islamabad,Islamabad Capital,2019-08-12
C005419,23,Male,Salaried,68820.2,Mass Market,Lahore,Punjab,2016-05-21
C005420,21,Male,Self-Employed,125480.26,Mass Market,Lahore,Punjab,2015-02-08
C005421,50,Female,Salaried,54443.66,Mass Affluent,Rawalpindi,Punjab,2018-02-25
C005422,61,Female,Business Owner,71709.24,Mass Market,Larkana,Sindh,2021-05-16
C005423,35,Male,Self-Employed,72541.76,Mass Affluent,Peshawar,Khyber Pakhtunkhwa,2015-09-22
C005424,59,Female,Salaried,59471.0,Mass Market,Sialkot,Punjab,2015-10-20
C005425,32,Male,Salaried,61839.3,Mass Market,Gwadar,Balochistan,2022-04-21
C005426,36,Female,Salaried,79690.39,Mass Market,Hyderabad,Sindh,2023-04-04
C005427,57,Male,Self-Employed,303278.5,Affluent,Islamabad,Islamabad Capital,2020-01-16
C005428,29,Female,Salaried,219087.58,Mass Affluent,Abbottabad,Khyber Pakhtunkhwa,2019-03-13
C005429,49,Male,Salaried,93464.03,Mass Market,Turbat,Balochistan,2023-05-04
C005430,35,Female,Salaried,120638.48,Mass Affluent,Hyderabad,Sindh,2017-04-29
C005431,31,Male,Salaried,197039.41,Mass Affluent,Rawalpindi,Punjab,2020-04-14
C005432,33,Female,Salaried,115431.55,Mass Affluent,Larkana,Sindh,2015-07-17
C005433,21,Female,Salaried,232884.76,Affluent,Sukkur,Sindh,2015-07-28
C005434,53,Female,Business Owner,82258.67,Mass Affluent,Multan,Punjab,2018-04-02
C005435,41,Male,Business Owner,98779.58,Mass Market,Peshawar,Khyber Pakhtunkhwa,2019-10-29
C005436,37,Male,Retired,48003.52,Mass Market,Sialkot,Punjab,2015-01-13
C005437,31,Male,Salaried,23907.04,Mass Market,Peshawar,Khyber Pakhtunkhwa,2015-09-16
C005438,42,Male,Salaried,73724.09,Mass Market,Sialkot,Punjab,2016-03-23
C005439,49,Male,Salaried,237427.71,Affluent,Islamabad,Islamabad Capital,2023-06-12
C005440,36,Female,Self-Employed,116054.65,Mass Affluent,Faisalabad,Punjab,2017-05-07
C005441,50,Female,Salaried,54894.78,Mass Market,Lahore,Punjab,2020-11-27
C005442,42,Male,Salaried,246386.06,Affluent,Abbottabad,Khyber Pakhtunkhwa,2023-04-08
C005443,38,Female,Self-Employed,366532.15,Mass Affluent,Abbottabad,Khyber Pakhtunkhwa,2018-02-17
C005444,49,Female,Salaried,112862.78,Mass Market,Peshawar,Khyber Pakhtunkhwa,2016-05-22
C005445,33,Female,Self-Employed,365210.9,Affluent,Islamabad,Islamabad Capital,2020-06-24
C005446,25,Female,Self-Employed,65762.38,Mass Market,Sialkot,Punjab,2017-12-16
C005447,38,Female,Student,48887.53,Mass Market,Mardan,Khyber Pakhtunkhwa,2021-10-06
C005448,39,Male,Salaried,65820.76,Mass Market,Lahore,Punjab,2023-09-20
C005449,37,Female,Salaried,381770.19,Affluent,Larkana,Sindh,2023-06-16
C005450,52,Male,Self-Employed,74178.09,Mass Market,Hyderabad,Sindh,2018-06-17
C005451,45,Male,Salaried,62998.8,Mass Market,Multan,Punjab,2020-08-20
C005452,38,Female,Salaried,185833.88,Mass Affluent,Karachi,Sindh,2019-01-20
C005453,39,Male,Salaried,238679.89,Affluent,Abbottabad,Khyber Pakhtunkhwa,2021-01-26
C005454,40,Male,Salaried,61347.65,Mass Market,Multan,Punjab,2017-06-25
C005455,45,Male,Salaried,41353.55,Mass Market,Gwadar,Balochistan,2018-08-11
C005456,40,Male,Business Owner,201639.24,Affluent,Karachi,Sindh,2016-01-12
C005457,37,Male,Business Owner,49722.48,Mass Affluent,Sialkot,Punjab,2017-01-08
C005458,24,Male,Salaried,71367.34,Mass Market,Sukkur,Sindh,2017-01-11
C005459,31,Male,Self-Employed,79227.39,Mass Market,Gujranwala,Punjab,2018-03-03
C005460,42,Female,Unemployed,19007.09,Mass Market,Rawalpindi,Punjab,2016-05-23
C005461,41,Male,Salaried,85508.21,Mass Affluent,Hyderabad,Sindh,2020-12-14
C005462,23,Female,Business Owner,153653.47,Mass Affluent,Sialkot,Punjab,2023-10-12
C005463,33,Female,Salaried,129964.89,Mass Affluent,Rawalpindi,Punjab,2022-11-05
C005464,29,Female,Retired,63515.21,Mass Market,Peshawar,Khyber Pakhtunkhwa,2021-10-24
C005465,54,Male,Salaried,101493.49,Mass Affluent,Sialkot,Punjab,2020-12-26
C005466,42,Female,Salaried,52802.18,Mass Market,Abbottabad,Khyber Pakhtunkhwa,2017-11-07
C005467,44,Male,Unemployed,12530.0,Affluent,Abbottabad,Khyber Pakhtunkhwa,2023-08-09
C005468,38,Female,Business Owner,45691.62,Mass Market,Lahore,Punjab,2020-02-08
C005469,32,Male,Salaried,60070.68,Mass Market,Hyderabad,Sindh,2021-01-17
C005470,34,Male,Business Owner,64104.36,Mass Market,Sialkot,Punjab,2015-09-24
C005471,44,Male,Student,22872.67,Mass Market,Larkana,Sindh,2020-08-29
C005472,36,Female,Salaried,49402.12,Mass Market,Sialkot,Punjab,2016-10-07
C005473,45,Male,Salaried,138165.79,Mass Affluent,Islamabad,Islamabad Capital,2015-02-11
C005474,41,Male,Salaried,478112.52,Affluent,Multan,Punjab,2023-05-07
C005475,42,Male,Retired,29846.12,Mass Affluent,Sukkur,Sindh,2020-06-27
C005476,43,Female,Salaried,156610.02,Mass Affluent,Sialkot,Punjab,2015-02-19
C005477,33,Male,Salaried,48470.23,Mass Market,Lahore,Punjab,2015-08-27
C005478,36,Female,Salaried,109742.8,Mass Affluent,Hyderabad,Sindh,2022-02-08
C005479,49,Female,Salaried,42985.7,Mass Market,Karachi,Sindh,2019-09-12
C005480,59,Female,Self-Employed,40346.13,Mass Market,Islamabad,Islamabad Capital,2016-06-04
C005481,49,Male,Salaried,50095.1,Mass Market,Sialkot,Punjab,2020-04-10
C005482,21,Female,Salaried,89352.46,Mass Market,Gujranwala,Punjab,2023-05-04
C005483,31,Male,Salaried,97577.4,Mass Affluent,Sialkot,Punjab,2020-10-24
C005484,40,Male,Salaried,42447.35,Mass Market,Gujranwala,Punjab,2022-07-28
C005485,27,Female,Salaried,64962.69,Mass Market,Gwadar,Balochistan,2022-11-02
C005486,26,Female,Salaried,280555.25,Affluent,Turbat,Balochistan,2023-07-17
C005487,34,Female,Business Owner,58464.03,Mass Market,Turbat,Balochistan,2019-04-04
C005488,43,Female,Salaried,143172.44,Mass Affluent,Sialkot,Punjab,2023-12-16
C005489,46,Male,Salaried,40882.62,Mass Market,Faisalabad,Punjab,2019-04-29
C005490,35,Male,Self-Employed,198980.49,Affluent,Mardan,Khyber Pakhtunkhwa,2018-01-16
C005491,34,Female,Business Owner,189106.37,Mass Affluent,Gujranwala,Punjab,2019-12-09
C005492,30,Male,Business Owner,56763.36,Mass Market,Karachi,Sindh,2022-09-26
C005493,45,Male,Unemployed,32862.61,Affluent,Gujranwala,Punjab,2018-01-04
C005494,44,Male,Salaried,95533.82,Mass Market,Faisalabad,Punjab,2019-05-07
C005495,49,Male,Salaried,82741.97,Mass Market,Swat,Khyber Pakhtunkhwa,2017-06-11
C005496,40,Male,Salaried,77247.54,Mass Affluent,Sialkot,Punjab,2018-03-01
C005497,25,Female,Salaried,124370.49,Mass Affluent,Islamabad,Islamabad Capital,2015-12-18
C005498,35,Female,Unemployed,39500.69,Mass Market,Multan,Punjab,2022-09-28
C005499,48,Female,Self-Employed,73184.81,Mass Market,Rawalpindi,Punjab,2022-07-22
C005500,21,Male,Business Owner,64343.91,Mass Market,Sialkot,Punjab,2023-12-13
C005501,38,Male,Unemployed,9788.72,Mass Affluent,Rawalpindi,Punjab,2015-05-18
C005502,42,Male,Student,24259.56,Affluent,Hyderabad,Sindh,2015-07-30
C005503,61,Male,Salaried,61601.67,Mass Market,Gujranwala,Punjab,2023-10-30
C005504,32,Male,Student,28617.94,Premium,Sukkur,Sindh,2022-06-28
C005505,38,Female,Salaried,81119.72,Mass Market,Turbat,Balochistan,2017-08-08
C005506,58,Male,Salaried,124318.18,Mass Affluent,Faisalabad,Punjab,2019-05-06
C005507,33,Male,Self-Employed,131963.06,Affluent,Gujranwala,Punjab,2021-04-25
C005508,51,Female,Retired,74068.26,Mass Affluent,Multan,Punjab,2018-06-29
C005509,43,Male,Business Owner,53814.38,Mass Market,Mardan,Khyber Pakhtunkhwa,2021-07-30
C005510,37,Male,Salaried,57110.76,Mass Market,Sukkur,Sindh,2022-01-14
C005511,44,Female,Student,51561.92,Mass Market,Sialkot,Punjab,2018-07-29
C005512,37,Male,Salaried,161960.0,Mass Affluent,Larkana,Sindh,2015-04-25
C005513,64,Female,Business Owner,371994.2,Premium,Sukkur,Sindh,2018-09-10
C005514,21,Female,Salaried,34067.08,Mass Market,Sialkot,Punjab,2023-09-05
C005515,36,Male,Salaried,54214.82,Mass Market,Faisalabad,Punjab,2020-05-18
C005516,36,Male,Salaried,62947.72,Mass Market,Islamabad,Islamabad Capital,2015-12-05
C005517,38,Female,Student,14058.1,Mass Affluent,Gujranwala,Punjab,2015-08-17
C005518,51,Female,Unemployed,30722.19,Mass Affluent,Lahore,Punjab,2023-09-13
C005519,34,Female,Salaried,118196.57,Mass Market,Lahore,Punjab,2015-03-14
C005520,44,Female,Salaried,109885.78,Mass Affluent,Hyderabad,Sindh,2015-01-12
C005521,42,Male,Salaried,85581.92,Mass Market,Sukkur,Sindh,2021-07-02
C005522,48,Male,Business Owner,152821.93,Mass Affluent,Faisalabad,Punjab,2015-12-06
C005523,37,Male,Self-Employed,39640.28,Mass Market,Gujranwala,Punjab,2019-09-03
C005524,43,Male,Self-Employed,29281.17,Mass Market,Hyderabad,Sindh,2016-02-04
C005525,38,Male,Salaried,137317.47,Mass Affluent,Lahore,Punjab,2023-12-25
C005526,28,Male,Salaried,73653.39,Mass Affluent,Turbat,Balochistan,2016-10-10
C005527,57,Female,Retired,91533.43,Mass Market,Rawalpindi,Punjab,2017-09-08
C005528,31,Female,Self-Employed,100213.01,Mass Affluent,Rawalpindi,Punjab,2017-08-13
C005529,34,Male,Salaried,65200.69,Mass Market,Islamabad,Islamabad Capital,2018-05-10
C005530,30,Female,Salaried,97610.07,Mass Market,Swat,Khyber Pakhtunkhwa,2017-11-13
C005531,43,Female,Salaried,281359.19,Affluent,Lahore,Punjab,2020-09-17
C005532,34,Female,Salaried,228152.5,Affluent,Abbottabad,Khyber Pakhtunkhwa,2018-10-24
C005533,56,Male,Salaried,27339.35,Mass Market,Sukkur,Sindh,2021-03-09
C005534,45,Male,Business Owner,333276.19,Affluent,Sialkot,Punjab,2019-12-29
C005535,36,Male,Salaried,131418.62,Mass Affluent,Abbottabad,Khyber Pakhtunkhwa,2018-06-23
C005536,29,Male,Salaried,48689.51,Mass Market,Abbottabad,Khyber Pakhtunkhwa,2022-05-01
C005537,38,Female,Self-Employed,93453.07,Mass Market,Rawalpindi,Punjab,2016-02-05
C005538,45,Male,Salaried,38161.95,Mass Market,Larkana,Sindh,2022-09-01
C005539,38,Male,Salaried,100211.16,Mass Affluent,Rawalpindi,Punjab,2015-08-12
C005540,37,Male,Student,52246.76,Affluent,Multan,Punjab,2019-09-27
C005541,28,Female,Salaried,48458.84,Mass Market,Islamabad,Islamabad Capital,2015-01-06
C005542,64,Female,Business Owner,73967.9,Mass Market,Larkana,Sindh,2020-05-24
C005543,37,Male,Salaried,71566.84,Mass Market,Sukkur,Sindh,2018-05-02
C005544,24,Female,Salaried,193814.8,Mass Affluent,Sukkur,Sindh,2016-02-06
C005545,27,Male,Salaried,157341.12,Mass Affluent,Sukkur,Sindh,2017-07-04
C005546,35,Male,Business Owner,57426.31,Mass Market,Faisalabad,Punjab,2019-05-25
C005547,60,Male,Salaried,114251.67,Mass Affluent,Islamabad,Islamabad Capital,2015-03-12
C005548,37,Male,Business Owner,71332.36,Mass Market,Sukkur,Sindh,2018-12-27
C005549,35,Male,Salaried,120930.76,Mass Affluent,Larkana,Sindh,2020-12-06
C005550,48,Male,Self-Employed,132354.09,Mass Affluent,Sukkur,Sindh,2016-11-29
C005551,49,Female,Salaried,157781.96,Mass Affluent,Lahore,Punjab,2018-03-12
C005552,46,Female,Salaried,63243.72,Mass Market,Rawalpindi,Punjab,2019-01-10
C005553,41,Female,Self-Employed,146174.43,Mass Affluent,Multan,Punjab,2019-11-26
C005554,27,Male,Salaried,96253.39,Mass Affluent,Faisalabad,Punjab,2020-07-24
C005555,31,Male,Salaried,217114.0,Mass Affluent,Hyderabad,Sindh,2022-10-10
C005556,21,Female,Self-Employed,85370.34,Mass Affluent,Turbat,Balochistan,2021-05-26
C005557,37,Female,Business Owner,330856.5,Affluent,Lahore,Punjab,2018-04-09
C005558,34,Male,Business Owner,49885.24,Mass Market,Sialkot,Punjab,2022-09-13
C005559,33,Male,Salaried,90525.91,Mass Market,Sukkur,Sindh,2016-12-12
C005560,42,Female,Salaried,874430.81,Premium,Sialkot,Punjab,2022-02-15
C005561,32,Male,Salaried,59953.28,Mass Market,Gwadar,Balochistan,2017-07-02
C005562,35,Female,Salaried,505517.85,Affluent,Multan,Punjab,2018-07-08
C005563,34,Male,Salaried,121064.41,Mass Affluent,Rawalpindi,Punjab,2015-05-11
C005564,39,Male,Salaried,391440.11,Affluent,Multan,Punjab,2023-01-02
C005565,43,Female,Salaried,98648.87,Mass Affluent,Quetta,Balochistan,2017-01-10
C005566,24,Male,Self-Employed,326581.54,Affluent,Sialkot,Punjab,2015-05-26
C005567,44,Male,Salaried,91213.19,Mass Affluent,Sukkur,Sindh,2023-02-12
C005568,42,Female,Salaried,130965.45,Mass Affluent,Multan,Punjab,2023-08-25
C005569,44,Male,Salaried,58839.18,Mass Market,Sialkot,Punjab,2016-02-18
C005570,40,Male,Salaried,83780.22,Mass Market,Quetta,Balochistan,2022-08-27
C005571,43,Male,Business Owner,46500.34,Mass Market,Faisalabad,Punjab,2022-01-17
C005572,34,Male,Salaried,900241.2,Affluent,Gujranwala,Punjab,2016-02-27
C005573,44,Male,Salaried,35486.47,Mass Market,Karachi,Sindh,2015-03-21
C005574,52,Male,Student,26681.46,Mass Affluent,Peshawar,Khyber Pakhtunkhwa,2015-07-13
C005575,34,Male,Salaried,66933.86,Mass Market,Gujranwala,Punjab,2021-12-31
C005576,34,Female,Salaried,73612.9,Mass Market,Rawalpindi,Punjab,2018-05-29
C005577,46,Female,Business Owner,513835.13,Premium,Islamabad,Islamabad Capital,2016-10-07
C005578,33,Female,Self-Employed,65773.52,Mass Market,Hyderabad,Sindh,2022-05-27
C005579,31,Female,Retired,37727.49,Mass Affluent,Mardan,Khyber Pakhtunkhwa,2018-07-30
C005580,44,Female,Student,18267.74,Mass Market,Swat,Khyber Pakhtunkhwa,2015-05-06
C005581,34,Male,Business Owner,47134.43,Mass Market,Larkana,Sindh,2022-06-23
C005582,52,Female,Salaried,56718.29,Mass Market,Lahore,Punjab,2021-03-03
C005583,34,Female,Salaried,101035.07,Mass Affluent,Lahore,Punjab,2021-01-06
C005584,30,Female,Salaried,44267.2,Mass Market,Peshawar,Khyber Pakhtunkhwa,2015-06-13
C005585,39,Male,Self-Employed,76334.24,Mass Affluent,Swat,Khyber Pakhtunkhwa,2016-07-03
C005586,44,Female,Retired,103822.26,Mass Affluent,Islamabad,Islamabad Capital,2021-07-13
C005587,43,Male,Salaried,46463.81,Mass Market,Karachi,Sindh,2021-12-08
C005588,45,Female,Student,38196.31,Mass Market,Faisalabad,Punjab,2023-09-08
C005589,33,Female,Self-Employed,41609.99,Mass Market,Karachi,Sindh,2022-06-18
C005590,51,Male,Salaried,145940.69,Mass Affluent,Larkana,Sindh,2017-06-26
C005591,21,Male,Student,40429.6,Mass Affluent,Multan,Punjab,2019-08-05
C005592,30,Female,Self-Employed,60601.69,Mass Market,Mardan,Khyber Pakhtunkhwa,2019-02-12
C005593,39,Male,Salaried,97340.73,Mass Affluent,Larkana,Sindh,2018-08-11
C005594,31,Female,Salaried,70791.08,Mass Market,Gujranwala,Punjab,2019-12-06
C005595,36,Male,Salaried,101072.89,Mass Affluent,Sukkur,Sindh,2023-01-22
C005596,28,Male,Salaried,61621.66,Mass Market,Hyderabad,Sindh,2017-01-17
C005597,37,Female,Self-Employed,56897.19,Mass Market,Turbat,Balochistan,2019-12-20
C005598,44,Female,Student,18580.39,Mass Market,Faisalabad,Punjab,2015-06-01
C005599,33,Male,Business Owner,281033.08,Mass Affluent,Karachi,Sindh,2019-08-18
C005600,29,Female,Student,14039.52,Mass Affluent,Sukkur,Sindh,2015-08-12
C005601,34,Male,Student,39191.68,Mass Market,Karachi,Sindh,2022-09-09
C005602,51,Male,Salaried,68224.12,Mass Market,Multan,Punjab,2018-05-01
C005603,51,Female,Business Owner,283558.91,Mass Affluent,Gwadar,Balochistan,2016-12-24
C005604,34,Female,Business Owner,92420.96,Mass Market,Gwadar,Balochistan,2016-11-09
C005605,45,Female,Salaried,148422.77,Mass Affluent,Karachi,Sindh,2017-05-15
C005606,39,Male,Salaried,45841.39,Mass Market,Hyderabad,Sindh,2019-08-15
C005607,53,Male,Business Owner,48673.7,Mass Market,Gujranwala,Punjab,2018-01-19
C005608,41,Male,Unemployed,10999.29,Mass Affluent,Sukkur,Sindh,2015-07-31
C005609,37,Male,Unemployed,42396.7,Mass Market,Lahore,Punjab,2016-10-16
C005610,57,Female,Salaried,167173.64,Mass Affluent,Karachi,Sindh,2021-03-07
C005611,29,Male,Business Owner,76334.39,Mass Market,Multan,Punjab,2017-10-27
C005612,43,Female,Salaried,75828.94,Mass Market,Peshawar,Khyber Pakhtunkhwa,2016-05-17
C005613,54,Male,Student,50559.25,Mass Market,Sialkot,Punjab,2020-06-10
C005614,46,Male,Self-Employed,73976.03,Mass Market,Karachi,Sindh,2015-04-21
C005615,31,Male,Retired,47494.11,Mass Affluent,Hyderabad,Sindh,2020-08-31
C005616,30,Female,Unemployed,30120.25,Mass Affluent,Sialkot,Punjab,2017-04-07
C005617,24,Male,Salaried,314338.41,Affluent,Karachi,Sindh,2019-09-02
C005618,55,Male,Unemployed,12884.91,Mass Market,Swat,Khyber Pakhtunkhwa,2021-03-02
C005619,27,Male,Business Owner,53709.4,Mass Market,Karachi,Sindh,2018-12-27
C005620,47,Male,Salaried,23012.86,Mass Market,Rawalpindi,Punjab,2016-01-12
C005621,23,Male,Salaried,205609.6,Affluent,Hyderabad,Sindh,2021-05-28
C005622,67,Female,Business Owner,30108.86,Mass Market,Multan,Punjab,2021-12-19
C005623,24,Female,Salaried,47147.82,Mass Market,Sukkur,Sindh,2017-06-26
C005624,39,Female,Salaried,81645.72,Mass Affluent,Hyderabad,Sindh,2020-08-20
C005625,52,Female,Self-Employed,85461.81,Mass Market,Gujranwala,Punjab,2015-04-10
C005626,31,Male,Salaried,174752.39,Mass Affluent,Sukkur,Sindh,2017-10-08
C005627,45,Female,Salaried,68352.61,Mass Market,Swat,Khyber Pakhtunkhwa,2022-07-18
C005628,36,Male,Business Owner,207162.27,Mass Affluent,Abbottabad,Khyber Pakhtunkhwa,2015-10-25
C005629,43,Male,Salaried,104866.72,Mass Affluent,Sialkot,Punjab,2018-01-12
C005630,51,Male,Self-Employed,61700.61,Mass Market,Faisalabad,Punjab,2023-03-08
C005631,34,Female,Salaried,299289.38,Mass Affluent,Sialkot,Punjab,2019-03-23
C005632,55,Male,Student,56936.21,Mass Affluent,Multan,Punjab,2017-02-04
C005633,43,Male,Salaried,74874.03,Mass Market,Faisalabad,Punjab,2021-07-10
C005634,60,Male,Business Owner,209164.94,Affluent,Rawalpindi,Punjab,2020-09-09
C005635,30,Male,Business Owner,110967.38,Mass Affluent,Gujranwala,Punjab,2019-03-18
C005636,32,Male,Student,40293.68,Affluent,Karachi,Sindh,2021-03-21
C005637,36,Female,Self-Employed,246233.74,Mass Affluent,Faisalabad,Punjab,2022-01-23
C005638,26,Female,Salaried,33189.2,Mass Market,Mardan,Khyber Pakhtunkhwa,2019-10-14
C005639,49,Female,Salaried,84920.66,Mass Market,Faisalabad,Punjab,2016-10-11
C005640,38,Male,Self-Employed,74826.39,Mass Market,Karachi,Sindh,2020-04-03
C005641,26,Male,Self-Employed,32624.59,Mass Market,Gujranwala,Punjab,2022-05-03
C005642,30,Female,Self-Employed,92615.76,Mass Market,Swat,Khyber Pakhtunkhwa,2017-08-31
C005643,29,Male,Salaried,54382.31,Mass Market,Abbottabad,Khyber Pakhtunkhwa,2015-06-15
C005644,49,Male,Self-Employed,36321.41,Mass Market,Faisalabad,Punjab,2020-04-14
C005645,44,Female,Salaried,321594.97,Affluent,Sukkur,Sindh,2018-02-18
C005646,38,Female,Self-Employed,43895.02,Mass Market,Lahore,Punjab,2022-05-30
C005647,35,Female,Self-Employed,55504.77,Mass Market,Larkana,Sindh,2020-07-03
C005648,36,Male,Salaried,107270.04,Mass Affluent,Faisalabad,Punjab,2021-12-27
C005649,59,Male,Self-Employed,93080.85,Mass Affluent,Larkana,Sindh,2019-06-28
C005650,36,Female,Salaried,38196.79,Mass Market,Rawalpindi,Punjab,2017-01-03
C005651,48,Female,Business Owner,175973.18,Mass Affluent,Quetta,Balochistan,2020-11-17
C005652,35,Male,Business Owner,147081.58,Mass Affluent,Sukkur,Sindh,2022-01-16
C005653,58,Female,Salaried,309154.51,Affluent,Hyderabad,Sindh,2017-02-08
C005654,26,Male,Salaried,52244.69,Mass Market,Multan,Punjab,2021-02-12
C005655,48,Male,Business Owner,61181.03,Mass Market,Multan,Punjab,2023-09-29
C005656,31,Female,Business Owner,98281.33,Mass Affluent,Multan,Punjab,2018-12-04
C005657,63,Male,Salaried,45064.28,Mass Market,Turbat,Balochistan,2017-05-22
C005658,47,Male,Salaried,248993.14,Mass Affluent,Abbottabad,Khyber Pakhtunkhwa,2019-05-17
C005659,21,Female,Salaried,181937.01,Mass Affluent,Sialkot,Punjab,2018-12-01
C005660,29,Female,Business Owner,105023.33,Mass Affluent,Swat,Khyber Pakhtunkhwa,2019-08-24
C005661,47,Female,Salaried,353969.08,Premium,Faisalabad,Punjab,2021-01-31
C005662,46,Male,Business Owner,68109.84,Mass Affluent,Lahore,Punjab,2022-01-03
C005663,45,Male,Self-Employed,220038.57,Affluent,Karachi,Sindh,2021-08-15
C005664,41,Male,Student,27252.25,Mass Affluent,Faisalabad,Punjab,2020-07-03
C005665,35,Male,Unemployed,33174.81,Mass Market,Lahore,Punjab,2021-01-13
C005666,51,Male,Salaried,137537.4,Mass Affluent,Larkana,Sindh,2022-08-17
C005667,29,Female,Business Owner,147604.86,Mass Affluent,Faisalabad,Punjab,2017-02-03
C005668,40,Male,Business Owner,421227.99,Premium,Gwadar,Balochistan,2022-05-20
C005669,32,Female,Student,12121.85,Mass Market,Sukkur,Sindh,2016-07-10
C005670,31,Female,Self-Employed,55664.23,Mass Market,Swat,Khyber Pakhtunkhwa,2023-03-22
C005671,34,Male,Salaried,313196.2,Affluent,Sukkur,Sindh,2019-11-30
C005672,31,Male,Unemployed,18650.74,Mass Market,Mardan,Khyber Pakhtunkhwa,2022-11-14
C005673,45,Female,Salaried,146335.27,Mass Affluent,Gujranwala,Punjab,2023-08-03
C005674,23,Male,Unemployed,16664.26,Mass Affluent,Hyderabad,Sindh,2015-03-10
C005675,44,Male,Salaried,41198.31,Mass Market,Karachi,Sindh,2019-11-25
C005676,32,Female,Salaried,39268.35,Mass Market,Turbat,Balochistan,2018-04-07
C005677,39,Male,Retired,68272.13,Mass Affluent,Faisalabad,Punjab,2016-08-23
C005678,37,Male,Business Owner,52865.23,Mass Market,Larkana,Sindh,2018-05-12
C005679,34,Female,Self-Employed,106633.96,Mass Affluent,Peshawar,Khyber Pakhtunkhwa,2020-07-05
C005680,52,Male,Salaried,87538.91,Mass Affluent,Sialkot,Punjab,2021-03-07
C005681,35,Male,Salaried,127569.69,Mass Affluent,Mardan,Khyber Pakhtunkhwa,2015-10-18
C005682,47,Male,Salaried,108589.87,Mass Market,Rawalpindi,Punjab,2020-02-06
C005683,47,Female,Self-Employed,56679.55,Mass Market,Gujranwala,Punjab,2020-06-22
C005684,36,Female,Salaried,125322.15,Mass Affluent,Larkana,Sindh,2023-11-29
C005685,25,Female,Salaried,68351.45,Mass Market,Multan,Punjab,2016-12-02
C005686,29,Female,Salaried,76742.62,Mass Market,Rawalpindi,Punjab,2020-07-24
C005687,53,Female,Retired,35663.29,Affluent,Multan,Punjab,2022-01-27
C005688,44,Female,Student,58463.5,Mass Market,Lahore,Punjab,2020-02-07
C005689,41,Male,Salaried,59939.46,Mass Market,Peshawar,Khyber Pakhtunkhwa,2016-11-18
C005690,33,Male,Unemployed,25311.84,Premium,Gwadar,Balochistan,2022-08-25
C005691,58,Female,Salaried,79481.94,Mass Market,Karachi,Sindh,2016-03-11
C005692,29,Male,Salaried,43529.04,Mass Market,Gujranwala,Punjab,2022-02-09
C005693,41,Female,Salaried,43019.56,Mass Market,Karachi,Sindh,2023-05-26
C005694,45,Male,Student,53107.59,Mass Affluent,Abbottabad,Khyber Pakhtunkhwa,2016-06-11
C005695,25,Male,Salaried,502989.41,Affluent,Mardan,Khyber Pakhtunkhwa,2020-08-07
C005696,31,Male,Salaried,171329.42,Mass Affluent,Sialkot,Punjab,2019-05-10
C005697,34,Male,Unemployed,10201.99,Premium,Lahore,Punjab,2021-07-15
C005698,48,Female,Business Owner,41319.74,Mass Market,Quetta,Balochistan,2023-12-03
C005699,34,Male,Business Owner,231814.5,Mass Affluent,Abbottabad,Khyber Pakhtunkhwa,2017-02-04
C005700,23,Female,Business Owner,58723.75,Mass Market,Lahore,Punjab,2021-05-15
C005701,22,Male,Business Owner,250763.75,Affluent,Peshawar,Khyber Pakhtunkhwa,2015-03-19
C005702,31,Female,Salaried,345762.82,Affluent,Faisalabad,Punjab,2022-04-07
C005703,23,Male,Business Owner,50606.77,Mass Market,Faisalabad,Punjab,2015-07-22
C005704,47,Female,Salaried,210323.78,Affluent,Mardan,Khyber Pakhtunkhwa,2016-07-06
C005705,48,Female,Salaried,101274.92,Mass Affluent,Larkana,Sindh,2021-07-31
C005706,39,Male,Unemployed,39258.49,Mass Market,Rawalpindi,Punjab,2022-12-31
C005707,36,Female,Salaried,84701.64,Mass Affluent,Quetta,Balochistan,2021-12-16
C005708,47,Male,Salaried,390317.72,Premium,Swat,Khyber Pakhtunkhwa,2016-09-12
C005709,47,Male,Salaried,86809.49,Mass Market,Faisalabad,Punjab,2022-05-16
C005710,28,Male,Student,43345.67,Mass Market,Karachi,Sindh,2017-08-06
C005711,30,Male,Unemployed,33114.61,Premium,Swat,Khyber Pakhtunkhwa,2017-08-19
C005712,47,Male,Salaried,84094.19,Mass Market,Sukkur,Sindh,2022-02-15
C005713,42,Female,Salaried,67483.52,Mass Market,Islamabad,Islamabad Capital,2022-04-02
C005714,46,Female,Business Owner,114949.5,Mass Affluent,Larkana,Sindh,2022-02-10
C005715,29,Male,Self-Employed,81590.99,Mass Affluent,Sialkot,Punjab,2023-12-05
C005716,31,Female,Salaried,68312.62,Mass Market,Gujranwala,Punjab,2017-03-18
C005717,44,Male,Salaried,121898.55,Mass Market,Swat,Khyber Pakhtunkhwa,2020-03-08
C005718,31,Male,Self-Employed,281554.71,Affluent,Islamabad,Islamabad Capital,2020-02-13
C005719,22,Male,Salaried,87692.18,Mass Market,Lahore,Punjab,2020-05-18
C005720,32,Female,Business Owner,119950.8,Mass Affluent,Gujranwala,Punjab,2023-11-23
C005721,37,Male,Salaried,397457.05,Affluent,Peshawar,Khyber Pakhtunkhwa,2017-03-13
C005722,58,Male,Student,50704.45,Mass Market,Lahore,Punjab,2016-08-29
C005723,30,Female,Business Owner,112254.1,Affluent,Multan,Punjab,2016-12-09
C005724,38,Male,Self-Employed,98817.54,Mass Affluent,Quetta,Balochistan,2015-11-11
C005725,61,Male,Business Owner,294432.18,Affluent,Peshawar,Khyber Pakhtunkhwa,2015-01-26
C005726,27,Male,Salaried,90535.48,Mass Market,Gwadar,Balochistan,2017-10-17
C005727,46,Male,Salaried,56600.32,Mass Market,Hyderabad,Sindh,2016-12-07
C005728,31,Male,Self-Employed,131481.25,Mass Affluent,Sialkot,Punjab,2023-07-16
C005729,43,Male,Business Owner,223995.85,Affluent,Turbat,Balochistan,2016-05-13
C005730,65,Female,Student,37251.51,Premium,Lahore,Punjab,2017-11-28
C005731,48,Female,Salaried,106123.83,Mass Market,Lahore,Punjab,2020-10-09
C005732,41,Male,Business Owner,100540.6,Mass Affluent,Turbat,Balochistan,2015-05-16
C005733,29,Male,Salaried,33720.59,Mass Market,Larkana,Sindh,2019-08-27
C005734,37,Female,Salaried,65418.11,Mass Affluent,Turbat,Balochistan,2023-09-18
C005735,33,Female,Salaried,352159.73,Affluent,Rawalpindi,Punjab,2016-11-10
C005736,23,Female,Retired,104251.42,Mass Affluent,Islamabad,Islamabad Capital,2023-04-11
C005737,21,Female,Self-Employed,44578.99,Mass Market,Larkana,Sindh,2022-08-31
C005738,30,Male,Salaried,693014.9,Premium,Hyderabad,Sindh,2017-11-02
C005739,39,Male,Business Owner,37593.12,Mass Market,Quetta,Balochistan,2018-06-21
C005740,51,Male,Salaried,81159.42,Mass Market,Sialkot,Punjab,2023-03-16
C005741,31,Male,Salaried,112421.67,Mass Affluent,Peshawar,Khyber Pakhtunkhwa,2020-03-18
C005742,41,Female,Salaried,86192.23,Mass Affluent,Karachi,Sindh,2019-04-22
C005743,21,Male,Salaried,113076.98,Mass Affluent,Abbottabad,Khyber Pakhtunkhwa,2019-05-24
C005744,30,Male,Salaried,111605.89,Mass Affluent,Turbat,Balochistan,2022-09-25
C005745,21,Female,Salaried,68928.29,Mass Market,Sukkur,Sindh,2016-03-23
C005746,64,Female,Business Owner,93449.73,Mass Market,Lahore,Punjab,2015-05-06
C005747,41,Male,Student,55189.66,Mass Affluent,Sialkot,Punjab,2015-11-02
C005748,41,Male,Retired,40638.08,Mass Affluent,Islamabad,Islamabad Capital,2016-04-30
C005749,45,Female,Salaried,55880.31,Mass Market,Islamabad,Islamabad Capital,2021-06-02
C005750,67,Male,Self-Employed,48340.03,Mass Market,Islamabad,Islamabad Capital,2022-09-01
C005751,34,Female,Salaried,30645.84,Mass Market,Gujranwala,Punjab,2020-10-03
C005752,28,Male,Salaried,129054.3,Mass Affluent,Sialkot,Punjab,2018-08-21
C005753,61,Male,Self-Employed,43421.74,Mass Market,Mardan,Khyber Pakhtunkhwa,2022-04-02
C005754,25,Male,Salaried,206541.87,Mass Affluent,Abbottabad,Khyber Pakhtunkhwa,2017-07-04
C005755,53,Female,Business Owner,55593.74,Mass Market,Lahore,Punjab,2021-11-21
C005756,38,Female,Student,14671.97,Mass Market,Larkana,Sindh,2020-12-07
C005757,44,Female,Salaried,49948.36,Mass Market,Lahore,Punjab,2021-08-03
C005758,23,Male,Retired,147836.55,Mass Market,Larkana,Sindh,2017-06-25
C005759,68,Female,Salaried,163588.6,Mass Affluent,Multan,Punjab,2020-10-22
C005760,35,Male,Unemployed,40615.41,Mass Market,Faisalabad,Punjab,2016-08-27
C005761,31,Male,Self-Employed,67814.99,Mass Market,Gujranwala,Punjab,2022-09-21
C005762,45,Male,Salaried,603119.61,Premium,Gwadar,Balochistan,2015-10-18
C005763,32,Male,Salaried,80988.96,Mass Market,Peshawar,Khyber Pakhtunkhwa,2022-01-04
C005764,44,Male,Salaried,76658.33,Mass Market,Turbat,Balochistan,2020-05-18
C005765,25,Female,Business Owner,26236.54,Mass Market,Larkana,Sindh,2021-08-14
C005766,41,Male,Salaried,54408.06,Mass Market,Sialkot,Punjab,2015-08-18
C005767,32,Male,Student,36671.33,Mass Market,Gujranwala,Punjab,2016-02-07
C005768,30,Male,Salaried,190065.04,Affluent,Larkana,Sindh,2017-12-14
C005769,29,Male,Unemployed,36888.51,Mass Market,Lahore,Punjab,2023-09-30
C005770,49,Male,Salaried,123321.82,Mass Affluent,Mardan,Khyber Pakhtunkhwa,2019-02-14
C005771,35,Male,Business Owner,341268.39,Affluent,Swat,Khyber Pakhtunkhwa,2022-11-18
C005772,37,Female,Business Owner,50368.28,Mass Market,Gwadar,Balochistan,2017-10-15
C005773,44,Male,Salaried,212481.31,Mass Affluent,Faisalabad,Punjab,2019-10-26
C005774,52,Female,Salaried,120894.82,Mass Market,Larkana,Sindh,2018-11-22
C005775,29,Female,Self-Employed,28870.35,Mass Market,Faisalabad,Punjab,2023-02-05
C005776,41,Male,Business Owner,241984.04,Affluent,Lahore,Punjab,2018-08-15
C005777,29,Female,Business Owner,25210.1,Mass Market,Hyderabad,Sindh,2019-11-04
C005778,37,Female,Salaried,803466.19,Premium,Larkana,Sindh,2017-08-30
C005779,51,Male,Student,54332.2,Mass Affluent,Abbottabad,Khyber Pakhtunkhwa,2019-12-14
C005780,21,Female,Retired,83357.05,Mass Market,Rawalpindi,Punjab,2022-07-31
C005781,29,Male,Business Owner,92816.04,Mass Market,Islamabad,Islamabad Capital,2019-11-07
C005782,36,Male,Salaried,78472.15,Mass Affluent,Islamabad,Islamabad Capital,2018-06-25
C005783,43,Male,Salaried,32921.01,Mass Market,Hyderabad,Sindh,2020-06-08
C005784,52,Female,Unemployed,11624.48,Mass Market,Abbottabad,Khyber Pakhtunkhwa,2021-06-22
C005785,21,Female,Business Owner,97236.39,Mass Market,Sialkot,Punjab,2017-09-08
C005786,55,Male,Self-Employed,89020.6,Mass Market,Mardan,Khyber Pakhtunkhwa,2018-04-08
C005787,45,Female,Retired,85080.58,Premium,Turbat,Balochistan,2023-02-02
C005788,36,Male,Salaried,36956.86,Mass Market,Peshawar,Khyber Pakhtunkhwa,2018-04-24
C005789,23,Female,Business Owner,82376.61,Mass Market,Swat,Khyber Pakhtunkhwa,2020-08-20
C005790,33,Male,Self-Employed,370299.14,Mass Affluent,Hyderabad,Sindh,2017-10-01
C005791,50,Male,Student,28865.9,Mass Affluent,Peshawar,Khyber Pakhtunkhwa,2017-08-05
C005792,39,Female,Business Owner,177272.15,Affluent,Hyderabad,Sindh,2016-01-23
C005793,37,Female,Salaried,448824.91,Affluent,Gujranwala,Punjab,2022-01-14
C005794,28,Male,Salaried,39017.06,Mass Market,Lahore,Punjab,2019-03-30
C005795,47,Female,Retired,27892.76,Mass Market,Swat,Khyber Pakhtunkhwa,2015-10-31
C005796,37,Female,Business Owner,47694.91,Mass Affluent,Karachi,Sindh,2017-04-17
C005797,36,Male,Salaried,53468.93,Mass Market,Larkana,Sindh,2020-11-04
C005798,38,Male,Unemployed,43484.74,Mass Affluent,Quetta,Balochistan,2021-07-28
C005799,32,Male,Salaried,96805.23,Mass Market,Larkana,Sindh,2021-05-14
C005800,30,Female,Salaried,193224.94,Affluent,Multan,Punjab,2023-06-26
C005801,22,Female,Unemployed,34484.02,Mass Affluent,Rawalpindi,Punjab,2022-11-17
C005802,32,Male,Self-Employed,124918.02,Mass Affluent,Hyderabad,Sindh,2018-05-25
C005803,21,Female,Student,49719.29,Mass Market,Peshawar,Khyber Pakhtunkhwa,2018-07-22
C005804,44,Male,Student,40644.48,Premium,Karachi,Sindh,2017-02-08
C005805,32,Male,Self-Employed,127386.04,Mass Affluent,Hyderabad,Sindh,2021-10-15
C005806,35,Female,Salaried,101633.05,Mass Affluent,Peshawar,Khyber Pakhtunkhwa,2021-07-16
C005807,39,Male,Student,24920.21,Affluent,Larkana,Sindh,2020-01-30
C005808,30,Female,Self-Employed,72802.98,Mass Market,Mardan,Khyber Pakhtunkhwa,2021-06-15
C005809,26,Female,Self-Employed,29127.53,Mass Market,Rawalpindi,Punjab,2020-08-26
C005810,41,Male,Self-Employed,113527.72,Mass Market,Peshawar,Khyber Pakhtunkhwa,2021-02-28
C005811,60,Male,Salaried,136677.85,Mass Affluent,Larkana,Sindh,2020-03-07
C005812,49,Male,Salaried,114356.91,Mass Affluent,Faisalabad,Punjab,2016-05-31
C005813,53,Male,Self-Employed,66384.05,Mass Market,Sukkur,Sindh,2019-07-30
C005814,25,Female,Business Owner,498657.0,Premium,Mardan,Khyber Pakhtunkhwa,2021-08-28
C005815,37,Male,Salaried,56074.79,Mass Market,Sukkur,Sindh,2023-09-24
C005816,37,Male,Salaried,84561.56,Mass Affluent,Swat,Khyber Pakhtunkhwa,2015-11-09
C005817,55,Male,Salaried,69191.44,Mass Market,Multan,Punjab,2017-04-01
C005818,49,Male,Business Owner,58237.61,Mass Market,Lahore,Punjab,2023-10-06
C005819,37,Female,Salaried,64430.22,Mass Market,Faisalabad,Punjab,2023-11-15
C005820,21,Female,Self-Employed,228406.65,Mass Affluent,Rawalpindi,Punjab,2016-04-12
C005821,26,Female,Business Owner,95768.64,Mass Affluent,Karachi,Sindh,2017-07-21
C005822,46,Male,Salaried,57132.25,Mass Market,Peshawar,Khyber Pakhtunkhwa,2023-11-15
C005823,35,Male,Self-Employed,32034.28,Mass Market,Swat,Khyber Pakhtunkhwa,2015-08-28
C005824,38,Female,Student,40065.71,Mass Affluent,Sialkot,Punjab,2017-04-03
C005825,46,Female,Salaried,59602.67,Mass Market,Rawalpindi,Punjab,2023-04-20
C005826,51,Male,Salaried,130859.74,Mass Affluent,Gujranwala,Punjab,2018-09-01
C005827,30,Female,Salaried,56517.33,Mass Market,Hyderabad,Sindh,2022-06-05
C005828,46,Female,Business Owner,224769.96,Affluent,Multan,Punjab,2020-02-18
C005829,57,Male,Retired,110033.93,Mass Affluent,Larkana,Sindh,2017-07-09
C005830,55,Female,Business Owner,60877.7,Mass Market,Abbottabad,Khyber Pakhtunkhwa,2019-04-25
C005831,33,Female,Unemployed,30101.58,Mass Affluent,Hyderabad,Sindh,2020-06-05
C005832,42,Female,Business Owner,38914.41,Mass Market,Faisalabad,Punjab,2021-05-11
C005833,47,Female,Salaried,391948.4,Affluent,Faisalabad,Punjab,2019-06-15
C005834,39,Female,Salaried,124041.67,Mass Affluent,Larkana,Sindh,2021-01-31
C005835,36,Male,Self-Employed,71076.28,Mass Market,Karachi,Sindh,2016-03-20
C005836,21,Male,Business Owner,183171.22,Mass Affluent,Lahore,Punjab,2018-04-20
C005837,29,Female,Self-Employed,57677.06,Mass Market,Gwadar,Balochistan,2021-10-24
C005838,31,Female,Self-Employed,216487.29,Affluent,Hyderabad,Sindh,2021-11-24
C005839,25,Female,Salaried,115613.14,Affluent,Hyderabad,Sindh,2022-05-01
C005840,40,Male,Salaried,112213.8,Mass Affluent,Sialkot,Punjab,2019-05-25
C005841,49,Female,Self-Employed,100305.43,Mass Affluent,Gujranwala,Punjab,2020-02-27
C005842,34,Male,Business Owner,84198.26,Mass Affluent,Rawalpindi,Punjab,2020-07-25
C005843,21,Female,Business Owner,104221.37,Mass Market,Rawalpindi,Punjab,2015-11-19
C005844,38,Male,Salaried,87164.39,Mass Market,Karachi,Sindh,2021-05-06
C005845,42,Female,Student,18102.93,Affluent,Karachi,Sindh,2016-12-30
C005846,41,Male,Salaried,63608.97,Mass Market,Quetta,Balochistan,2020-07-15
C005847,31,Female,Salaried,43982.5,Mass Market,Islamabad,Islamabad Capital,2022-10-11
C005848,26,Female,Business Owner,68973.77,Mass Market,Multan,Punjab,2015-09-14
C005849,49,Male,Unemployed,38101.42,Premium,Sialkot,Punjab,2018-02-07
C005850,43,Female,Retired,62194.05,Affluent,Mardan,Khyber Pakhtunkhwa,2021-10-19
C005851,32,Female,Salaried,86513.42,Mass Market,Islamabad,Islamabad Capital,2015-12-04
C005852,22,Male,Salaried,81915.98,Mass Market,Swat,Khyber Pakhtunkhwa,2019-04-12
C005853,41,Male,Business Owner,230704.33,Mass Affluent,Rawalpindi,Punjab,2021-08-12
C005854,29,Female,Business Owner,55249.89,Mass Market,Gujranwala,Punjab,2016-03-07
C005855,43,Male,Self-Employed,359459.0,Premium,Multan,Punjab,2023-09-18
C005856,41,Male,Salaried,397375.32,Affluent,Swat,Khyber Pakhtunkhwa,2016-09-19
C005857,62,Female,Self-Employed,184902.31,Mass Affluent,Hyderabad,Sindh,2021-05-06
C005858,38,Male,Salaried,76179.11,Mass Market,Karachi,Sindh,2017-01-02
C005859,61,Male,Salaried,97994.28,Mass Affluent,Larkana,Sindh,2018-08-20
C005860,40,Male,Self-Employed,416067.2,Premium,Gujranwala,Punjab,2023-11-29
C005861,32,Male,Salaried,73553.35,Mass Market,Larkana,Sindh,2020-06-04
C005862,27,Male,Business Owner,199946.83,Affluent,Gujranwala,Punjab,2016-10-27
C005863,29,Male,Self-Employed,53373.52,Mass Market,Karachi,Sindh,2015-07-02
C005864,44,Male,Salaried,1500000.0,Premium,Peshawar,Khyber Pakhtunkhwa,2021-04-02
C005865,40,Male,Salaried,291936.1,Mass Affluent,Hyderabad,Sindh,2022-03-20
C005866,21,Female,Retired,74591.46,Mass Market,Gujranwala,Punjab,2018-06-26
C005867,50,Female,Self-Employed,46650.48,Mass Market,Swat,Khyber Pakhtunkhwa,2021-04-10
C005868,55,Male,Student,38434.23,Mass Market,Mardan,Khyber Pakhtunkhwa,2016-12-01
C005869,21,Male,Salaried,78755.25,Mass Market,Gujranwala,Punjab,2019-08-19
C005870,50,Male,Self-Employed,494548.88,Affluent,Multan,Punjab,2015-12-17
C005871,58,Male,Retired,147204.46,Mass Market,Sukkur,Sindh,2022-06-06
C005872,21,Male,Salaried,235380.96,Affluent,Multan,Punjab,2022-08-07
C005873,34,Female,Salaried,62033.52,Mass Market,Rawalpindi,Punjab,2021-11-29
C005874,30,Female,Retired,64065.57,Mass Affluent,Rawalpindi,Punjab,2015-02-03
C005875,50,Male,Salaried,372994.38,Premium,Multan,Punjab,2019-07-12
C005876,34,Male,Salaried,83150.48,Mass Affluent,Karachi,Sindh,2019-04-25
C005877,34,Female,Unemployed,9549.41,Affluent,Larkana,Sindh,2021-08-18
C005878,44,Male,Salaried,693055.19,Premium,Sialkot,Punjab,2021-10-19
C005879,56,Female,Self-Employed,200251.78,Mass Affluent,Mardan,Khyber Pakhtunkhwa,2015-03-17
C005880,38,Female,Business Owner,67181.65,Mass Affluent,Multan,Punjab,2023-03-11
C005881,34,Female,Business Owner,33714.15,Mass Market,Gujranwala,Punjab,2019-07-12
C005882,36,Female,Salaried,71344.39,Mass Market,Faisalabad,Punjab,2015-10-18
C005883,46,Male,Salaried,43076.31,Mass Market,Peshawar,Khyber Pakhtunkhwa,2018-04-30
C005884,24,Female,Student,58677.89,Affluent,Islamabad,Islamabad Capital,2021-06-27
C005885,39,Male,Business Owner,191020.36,Mass Affluent,Sukkur,Sindh,2017-01-29
C005886,29,Female,Salaried,105363.3,Mass Affluent,Sialkot,Punjab,2019-08-14
C005887,26,Male,Salaried,237256.6,Affluent,Multan,Punjab,2019-02-22
C005888,21,Female,Self-Employed,54560.5,Mass Market,Faisalabad,Punjab,2018-03-22
C005889,33,Male,Salaried,260553.92,Affluent,Peshawar,Khyber Pakhtunkhwa,2018-07-13
C005890,51,Male,Student,57959.0,Mass Market,Sialkot,Punjab,2020-01-14
C005891,21,Male,Retired,49784.99,Mass Market,Islamabad,Islamabad Capital,2016-08-30
C005892,45,Male,Salaried,121031.44,Mass Affluent,Karachi,Sindh,2020-12-09
C005893,32,Male,Retired,128630.48,Mass Market,Karachi,Sindh,2023-12-30
C005894,27,Male,Business Owner,292358.29,Mass Affluent,Mardan,Khyber Pakhtunkhwa,2021-10-02
C005895,43,Female,Business Owner,77634.49,Mass Affluent,Sialkot,Punjab,2015-06-20
C005896,53,Female,Unemployed,42025.83,Affluent,Peshawar,Khyber Pakhtunkhwa,2018-10-03
C005897,55,Male,Salaried,55818.32,Mass Market,Rawalpindi,Punjab,2022-07-15
C005898,42,Female,Retired,26624.02,Mass Market,Swat,Khyber Pakhtunkhwa,2021-04-08
C005899,38,Male,Salaried,44447.27,Mass Market,Karachi,Sindh,2021-10-13
C005900,43,Female,Salaried,79961.9,Mass Market,Rawalpindi,Punjab,2020-11-01
C005901,66,Male,Self-Employed,78417.91,Mass Market,Peshawar,Khyber Pakhtunkhwa,2015-09-02
C005902,36,Male,Salaried,156497.07,Mass Market,Multan,Punjab,2021-07-08
C005903,51,Female,Business Owner,169487.55,Affluent,Rawalpindi,Punjab,2018-01-25
C005904,32,Female,Salaried,144111.01,Affluent,Mardan,Khyber Pakhtunkhwa,2015-04-18
C005905,30,Male,Salaried,611299.8,Affluent,Karachi,Sindh,2020-07-12
C005906,58,Male,Self-Employed,58828.45,Mass Market,Quetta,Balochistan,2020-08-21
C005907,39,Female,Salaried,109284.14,Mass Affluent,Karachi,Sindh,2016-05-24
C005908,41,Male,Salaried,64449.13,Mass Market,Karachi,Sindh,2021-09-21
C005909,45,Male,Salaried,35314.75,Mass Market,Lahore,Punjab,2021-09-07
C005910,29,Male,Retired,119343.72,Mass Market,Rawalpindi,Punjab,2018-05-29
C005911,34,Male,Business Owner,271589.04,Affluent,Islamabad,Islamabad Capital,2018-02-28
C005912,32,Female,Self-Employed,195501.96,Mass Affluent,Sialkot,Punjab,2022-11-28
C005913,43,Female,Self-Employed,83097.08,Mass Market,Sukkur,Sindh,2016-04-10
C005914,43,Female,Self-Employed,185835.33,Mass Affluent,Multan,Punjab,2020-12-04
C005915,32,Female,Salaried,301059.3,Affluent,Lahore,Punjab,2021-03-20
C005916,61,Male,Salaried,110387.42,Mass Market,Larkana,Sindh,2017-02-26
C005917,39,Male,Self-Employed,161824.21,Mass Affluent,Swat,Khyber Pakhtunkhwa,2017-04-04
C005918,40,Male,Salaried,48996.98,Mass Market,Mardan,Khyber Pakhtunkhwa,2019-09-16
C005919,54,Male,Student,20634.51,Mass Market,Swat,Khyber Pakhtunkhwa,2018-03-01
C005920,29,Female,Salaried,214886.0,Affluent,Faisalabad,Punjab,2015-11-20
C005921,33,Female,Self-Employed,75045.9,Mass Market,Karachi,Sindh,2018-11-30
C005922,42,Male,Salaried,78376.1,Mass Affluent,Sialkot,Punjab,2021-08-11
C005923,23,Female,Business Owner,63642.71,Mass Market,Peshawar,Khyber Pakhtunkhwa,2018-11-21
C005924,36,Male,Retired,128397.58,Mass Affluent,Faisalabad,Punjab,2021-09-24
C005925,62,Male,Salaried,80749.24,Mass Affluent,Karachi,Sindh,2022-02-10
C005926,59,Male,Salaried,184926.25,Affluent,Rawalpindi,Punjab,2020-04-01
C005927,49,Male,Self-Employed,277479.99,Affluent,Swat,Khyber Pakhtunkhwa,2020-10-27
C005928,52,Female,Salaried,173776.31,Mass Affluent,Mardan,Khyber Pakhtunkhwa,2015-08-06
C005929,44,Female,Salaried,46408.78,Mass Market,Turbat,Balochistan,2022-09-03
C005930,34,Female,Self-Employed,27261.44,Mass Market,Multan,Punjab,2016-05-29
C005931,57,Female,Salaried,431031.58,Mass Affluent,Islamabad,Islamabad Capital,2021-12-09
C005932,29,Female,Salaried,91753.66,Mass Market,Gujranwala,Punjab,2021-12-04
C005933,50,Male,Salaried,85508.06,Mass Market,Sialkot,Punjab,2023-06-05
C005934,33,Female,Salaried,519768.48,Affluent,Gujranwala,Punjab,2018-01-04
C005935,34,Male,Retired,27618.27,Mass Market,Gujranwala,Punjab,2018-02-21
C005936,45,Female,Salaried,56999.59,Mass Market,Hyderabad,Sindh,2017-03-29
C005937,61,Female,Salaried,468712.86,Affluent,Rawalpindi,Punjab,2020-03-17
C005938,55,Male,Business Owner,217059.32,Mass Affluent,Multan,Punjab,2016-11-25
C005939,43,Male,Student,45179.59,Mass Affluent,Larkana,Sindh,2022-07-29
C005940,40,Male,Salaried,83905.72,Mass Market,Swat,Khyber Pakhtunkhwa,2020-12-18
C005941,48,Male,Self-Employed,37472.64,Mass Market,Sukkur,Sindh,2022-05-08
C005942,54,Female,Self-Employed,117883.4,Mass Affluent,Hyderabad,Sindh,2019-04-29
C005943,21,Female,Salaried,114639.7,Mass Market,Multan,Punjab,2022-04-14
C005944,38,Male,Salaried,176476.07,Mass Affluent,Swat,Khyber Pakhtunkhwa,2015-12-15
C005945,27,Female,Business Owner,34424.78,Mass Market,Faisalabad,Punjab,2018-11-15
C005946,37,Male,Salaried,49034.57,Mass Market,Rawalpindi,Punjab,2020-08-05
C005947,25,Female,Salaried,107760.17,Mass Market,Gujranwala,Punjab,2019-05-17
C005948,21,Female,Self-Employed,71330.72,Mass Market,Karachi,Sindh,2021-09-06
C005949,24,Female,Salaried,64293.75,Mass Market,Sialkot,Punjab,2015-09-19
C005950,33,Male,Salaried,140904.12,Mass Affluent,Larkana,Sindh,2022-03-17
C005951,45,Female,Salaried,125936.92,Mass Affluent,Gujranwala,Punjab,2016-07-26
C005952,30,Female,Student,51205.22,Mass Market,Sukkur,Sindh,2016-02-17
C005953,29,Female,Business Owner,94705.37,Mass Affluent,Karachi,Sindh,2018-12-20
C005954,43,Male,Salaried,88081.97,Mass Market,Lahore,Punjab,2022-03-12
C005955,42,Female,Salaried,65668.0,Mass Market,Karachi,Sindh,2017-10-19
C005956,58,Male,Unemployed,9318.63,Affluent,Karachi,Sindh,2022-07-13
C005957,49,Female,Self-Employed,160016.39,Mass Affluent,Hyderabad,Sindh,2017-03-03
C005958,28,Female,Business Owner,222037.59,Mass Affluent,Rawalpindi,Punjab,2022-02-10
C005959,32,Male,Salaried,71315.14,Mass Market,Hyderabad,Sindh,2016-05-07
C005960,47,Male,Salaried,82048.97,Mass Market,Rawalpindi,Punjab,2021-03-22
C005961,29,Female,Salaried,138532.09,Mass Affluent,Multan,Punjab,2021-10-11
C005962,35,Female,Student,48339.03,Mass Affluent,Sialkot,Punjab,2015-12-14
C005963,21,Male,Retired,39845.45,Mass Affluent,Karachi,Sindh,2022-04-18
C005964,25,Female,Salaried,782051.8,Premium,Multan,Punjab,2020-08-12
C005965,53,Female,Business Owner,77622.72,Mass Market,Larkana,Sindh,2019-06-02
C005966,41,Male,Student,15796.12,Mass Affluent,Faisalabad,Punjab,2023-03-09
C005967,32,Male,Student,56191.91,Mass Affluent,Mardan,Khyber Pakhtunkhwa,2022-06-04
C005968,34,Female,Salaried,65380.49,Mass Market,Multan,Punjab,2018-04-08
C005969,58,Male,Salaried,57126.36,Mass Market,Sukkur,Sindh,2023-03-25
C005970,32,Female,Retired,140378.79,Mass Affluent,Abbottabad,Khyber Pakhtunkhwa,2022-12-19
C005971,44,Male,Salaried,69227.28,Mass Market,Rawalpindi,Punjab,2016-05-15
C005972,49,Male,Salaried,151087.67,Mass Affluent,Lahore,Punjab,2020-09-15
C005973,55,Female,Salaried,128250.29,Mass Affluent,Larkana,Sindh,2022-06-22
C005974,30,Female,Self-Employed,55081.75,Mass Market,Islamabad,Islamabad Capital,2016-02-28
C005975,24,Male,Salaried,74966.4,Mass Affluent,Islamabad,Islamabad Capital,2015-04-02
C005976,27,Male,Self-Employed,80501.65,Mass Affluent,Faisalabad,Punjab,2021-11-03
C005977,47,Female,Retired,117642.57,Mass Market,Swat,Khyber Pakhtunkhwa,2016-01-07
C005978,61,Female,Self-Employed,285821.15,Affluent,Faisalabad,Punjab,2017-11-19
C005979,47,Male,Unemployed,40937.6,Mass Market,Gujranwala,Punjab,2018-09-13
C005980,32,Male,Retired,27088.43,Premium,Karachi,Sindh,2022-09-28
C005981,52,Female,Business Owner,62156.87,Mass Market,Karachi,Sindh,2021-01-13
C005982,34,Female,Self-Employed,52561.62,Mass Market,Sukkur,Sindh,2017-07-03
C005983,30,Female,Student,36560.57,Mass Affluent,Mardan,Khyber Pakhtunkhwa,2019-05-27
C005984,35,Female,Self-Employed,65826.94,Mass Market,Faisalabad,Punjab,2019-04-09
C005985,33,Female,Salaried,51932.45,Mass Market,Sukkur,Sindh,2016-11-18
C005986,31,Female,Retired,133954.78,Mass Market,Rawalpindi,Punjab,2019-02-05
C005987,52,Male,Self-Employed,129444.26,Mass Affluent,Multan,Punjab,2020-09-05
C005988,33,Male,Retired,136596.95,Mass Affluent,Gujranwala,Punjab,2016-03-05
C005989,22,Female,Salaried,43993.82,Mass Market,Islamabad,Islamabad Capital,2022-10-25
C005990,45,Male,Salaried,89926.93,Mass Market,Larkana,Sindh,2021-03-07
C005991,28,Male,Business Owner,103663.65,Mass Market,Multan,Punjab,2022-02-25
C005992,29,Male,Self-Employed,372320.76,Premium,Larkana,Sindh,2019-09-17
C005993,47,Female,Salaried,69873.22,Mass Market,Islamabad,Islamabad Capital,2017-09-01
C005994,31,Female,Student,29617.29,Mass Affluent,Turbat,Balochistan,2021-07-06
C005995,34,Male,Self-Employed,66838.43,Mass Market,Hyderabad,Sindh,2023-02-12
C005996,39,Female,Salaried,154366.56,Mass Affluent,Sialkot,Punjab,2016-06-25
C005997,36,Female,Business Owner,119762.0,Affluent,Hyderabad,Sindh,2018-06-24
C005998,34,Female,Salaried,80073.87,Mass Market,Peshawar,Khyber Pakhtunkhwa,2023-05-16
C005999,21,Female,Salaried,198392.14,Mass Affluent,Swat,Khyber Pakhtunkhwa,2023-02-01
C006000,37,Female,Salaried,95561.54,Mass Market,Peshawar,Khyber Pakhtunkhwa,2022-10-06
C006001,57,Male,Salaried,90792.62,Mass Affluent,Karachi,Sindh,2015-12-06
C006002,46,Female,Unemployed,20010.56,Mass Market,Gujranwala,Punjab,2016-02-25
C006003,35,Female,Salaried,48889.2,Mass Market,Sukkur,Sindh,2023-06-01
C006004,44,Female,Business Owner,28978.41,Mass Market,Faisalabad,Punjab,2022-10-13
C006005,46,Female,Self-Employed,47396.12,Mass Market,Gujranwala,Punjab,2018-02-17
C006006,30,Female,Salaried,185458.01,Affluent,Larkana,Sindh,2017-10-07
C006007,53,Female,Retired,112497.29,Mass Affluent,Sukkur,Sindh,2018-12-13
C006008,41,Male,Salaried,32278.27,Mass Market,Swat,Khyber Pakhtunkhwa,2015-01-25
C006009,36,Male,Self-Employed,89595.58,Mass Affluent,Mardan,Khyber Pakhtunkhwa,2022-07-16
C006010,56,Male,Business Owner,106712.48,Mass Affluent,Mardan,Khyber Pakhtunkhwa,2022-11-20
C006011,21,Male,Business Owner,80399.3,Mass Market,Mardan,Khyber Pakhtunkhwa,2021-03-16
C006012,26,Male,Salaried,172414.08,Mass Market,Larkana,Sindh,2016-08-07
C006013,46,Female,Student,14888.1,Mass Affluent,Faisalabad,Punjab,2019-12-29
C006014,46,Female,Unemployed,36879.24,Mass Market,Hyderabad,Sindh,2018-09-24
C006015,57,Female,Salaried,100431.56,Mass Affluent,Multan,Punjab,2021-02-08
C006016,21,Female,Self-Employed,77046.31,Mass Market,Gujranwala,Punjab,2015-07-05
C006017,48,Male,Salaried,35976.39,Mass Market,Lahore,Punjab,2019-09-09
C006018,25,Female,Salaried,197213.67,Mass Affluent,Mardan,Khyber Pakhtunkhwa,2022-03-14
C006019,44,Female,Salaried,144233.01,Mass Affluent,Peshawar,Khyber Pakhtunkhwa,2015-03-28
C006020,38,Female,Salaried,595990.35,Premium,Islamabad,Islamabad Capital,2023-08-06
C006021,48,Male,Business Owner,31629.42,Mass Market,Islamabad,Islamabad Capital,2019-03-26
C006022,36,Female,Salaried,184432.13,Mass Affluent,Gwadar,Balochistan,2015-05-22
C006023,50,Male,Salaried,209635.92,Affluent,Rawalpindi,Punjab,2020-06-09
C006024,30,Female,Salaried,137818.49,Mass Affluent,Quetta,Balochistan,2021-02-21
C006025,38,Male,Salaried,588767.14,Premium,Mardan,Khyber Pakhtunkhwa,2016-03-07
C006026,41,Female,Self-Employed,342375.35,Premium,Quetta,Balochistan,2019-04-17
C006027,57,Female,Self-Employed,119089.34,Mass Affluent,Faisalabad,Punjab,2017-01-12
C006028,48,Female,Salaried,394588.61,Premium,Lahore,Punjab,2023-03-25
C006029,41,Male,Salaried,101470.4,Mass Affluent,Quetta,Balochistan,2017-01-23
C006030,46,Male,Salaried,70725.12,Mass Market,Faisalabad,Punjab,2016-01-31
C006031,51,Female,Self-Employed,365667.48,Affluent,Gujranwala,Punjab,2019-11-13
C006032,43,Female,Salaried,278065.25,Affluent,Sukkur,Sindh,2023-03-06
C006033,28,Female,Business Owner,42881.75,Mass Market,Sialkot,Punjab,2017-01-10
C006034,46,Female,Self-Employed,46914.57,Mass Market,Rawalpindi,Punjab,2023-01-11
C006035,39,Male,Salaried,46606.08,Mass Market,Islamabad,Islamabad Capital,2017-01-17
C006036,35,Male,Salaried,124300.89,Affluent,Gwadar,Balochistan,2023-04-15
C006037,30,Male,Salaried,61693.8,Mass Market,Turbat,Balochistan,2018-10-30
C006038,45,Male,Salaried,31856.33,Mass Market,Rawalpindi,Punjab,2018-08-16
C006039,45,Male,Salaried,61762.66,Mass Market,Gujranwala,Punjab,2022-02-03
C006040,28,Male,Retired,56210.28,Mass Market,Multan,Punjab,2019-05-23
C006041,27,Female,Salaried,395193.28,Premium,Hyderabad,Sindh,2017-07-07
C006042,60,Female,Salaried,77356.03,Mass Market,Sialkot,Punjab,2018-05-25
C006043,48,Male,Student,37035.48,Mass Market,Abbottabad,Khyber Pakhtunkhwa,2017-04-06
C006044,40,Female,Retired,49068.83,Mass Market,Islamabad,Islamabad Capital,2019-01-11
C006045,46,Male,Salaried,105129.33,Mass Affluent,Karachi,Sindh,2019-07-10
C006046,34,Female,Self-Employed,143606.21,Mass Affluent,Lahore,Punjab,2021-03-05
C006047,37,Male,Salaried,47418.58,Mass Market,Gujranwala,Punjab,2018-03-04
C006048,39,Male,Business Owner,52664.78,Mass Market,Gujranwala,Punjab,2017-05-30
C006049,50,Female,Self-Employed,307211.72,Affluent,Gujranwala,Punjab,2023-10-29
C006050,23,Male,Salaried,132227.2,Mass Affluent,Hyderabad,Sindh,2022-05-30
C006051,28,Female,Salaried,89163.97,Mass Affluent,Hyderabad,Sindh,2022-04-04
C006052,26,Female,Salaried,60510.65,Mass Market,Larkana,Sindh,2018-03-14
C006053,48,Male,Business Owner,560349.53,Premium,Abbottabad,Khyber Pakhtunkhwa,2018-07-11
C006054,38,Female,Salaried,250309.82,Mass Affluent,Multan,Punjab,2021-01-29
C006055,29,Female,Self-Employed,57695.15,Mass Market,Sialkot,Punjab,2016-01-29
C006056,37,Male,Salaried,657892.32,Premium,Lahore,Punjab,2023-09-18
C006057,32,Female,Business Owner,309051.64,Affluent,Rawalpindi,Punjab,2016-12-16
C006058,23,Female,Salaried,115014.55,Mass Affluent,Sukkur,Sindh,2017-02-05
C006059,53,Male,Retired,116794.74,Mass Affluent,Mardan,Khyber Pakhtunkhwa,2022-01-18
C006060,37,Male,Salaried,71454.17,Mass Market,Turbat,Balochistan,2017-07-02
C006061,53,Male,Salaried,71676.57,Mass Market,Sukkur,Sindh,2019-02-10
C006062,23,Female,Salaried,132386.23,Mass Market,Sialkot,Punjab,2023-07-11
C006063,45,Female,Self-Employed,172371.55,Mass Affluent,Sialkot,Punjab,2016-10-03
C006064,23,Female,Salaried,80067.55,Mass Market,Sialkot,Punjab,2015-12-18
C006065,66,Female,Salaried,78813.48,Mass Market,Gujranwala,Punjab,2020-08-15
C006066,21,Male,Salaried,215393.61,Affluent,Turbat,Balochistan,2015-04-25
C006067,59,Female,Salaried,37200.21,Mass Market,Larkana,Sindh,2020-10-02
C006068,39,Male,Business Owner,191219.96,Affluent,Rawalpindi,Punjab,2017-03-08
C006069,37,Male,Salaried,77927.12,Mass Market,Gujranwala,Punjab,2017-12-17
C006070,45,Male,Student,57910.53,Mass Market,Gujranwala,Punjab,2018-07-05
C006071,29,Male,Student,37960.01,Mass Market,Gwadar,Balochistan,2016-04-18
C006072,48,Female,Self-Employed,56312.09,Mass Market,Multan,Punjab,2023-02-08
C006073,48,Female,Salaried,113463.46,Mass Market,Multan,Punjab,2020-01-27
C006074,39,Male,Self-Employed,50691.38,Mass Market,Sialkot,Punjab,2018-03-09
C006075,42,Male,Student,57634.41,Mass Affluent,Peshawar,Khyber Pakhtunkhwa,2020-01-27
C006076,60,Female,Salaried,66054.59,Mass Market,Larkana,Sindh,2017-11-19
C006077,46,Male,Salaried,98027.84,Mass Market,Larkana,Sindh,2019-02-10
C006078,30,Male,Salaried,43540.89,Mass Market,Gujranwala,Punjab,2016-04-16
C006079,47,Female,Salaried,31391.05,Mass Market,Faisalabad,Punjab,2023-09-23
C006080,33,Female,Salaried,60865.85,Mass Market,Abbottabad,Khyber Pakhtunkhwa,2022-01-02
C006081,31,Female,Salaried,80438.31,Mass Market,Multan,Punjab,2017-11-19
C006082,45,Female,Self-Employed,42140.08,Mass Affluent,Gujranwala,Punjab,2019-11-30
C006083,28,Female,Salaried,188469.16,Mass Affluent,Sukkur,Sindh,2019-07-11
C006084,40,Male,Salaried,166568.51,Affluent,Sialkot,Punjab,2015-07-19
C006085,46,Male,Retired,75258.66,Mass Affluent,Multan,Punjab,2020-09-18
C006086,60,Male,Salaried,60872.9,Mass Affluent,Mardan,Khyber Pakhtunkhwa,2019-09-02
C006087,46,Male,Salaried,34257.34,Mass Market,Karachi,Sindh,2021-03-19
C006088,23,Female,Salaried,75903.1,Mass Market,Lahore,Punjab,2017-03-14
C006089,25,Male,Salaried,206340.32,Mass Affluent,Multan,Punjab,2022-08-09
C006090,58,Male,Self-Employed,59791.94,Mass Market,Abbottabad,Khyber Pakhtunkhwa,2021-08-26
C006091,32,Male,Salaried,149093.77,Mass Market,Lahore,Punjab,2016-12-26
C006092,22,Female,Student,25747.27,Premium,Multan,Punjab,2020-01-25
C006093,28,Male,Student,52253.3,Mass Market,Sukkur,Sindh,2022-10-04
C006094,48,Male,Salaried,53490.41,Mass Market,Larkana,Sindh,2015-04-06
C006095,40,Female,Business Owner,245148.14,Affluent,Islamabad,Islamabad Capital,2015-11-29
C006096,46,Male,Self-Employed,66824.37,Mass Market,Rawalpindi,Punjab,2022-05-27
C006097,39,Male,Student,13820.73,Mass Market,Faisalabad,Punjab,2015-08-02
C006098,27,Male,Salaried,74440.38,Mass Market,Sukkur,Sindh,2018-04-06
C006099,21,Female,Self-Employed,73767.33,Mass Market,Larkana,Sindh,2022-11-02
C006100,30,Male,Salaried,1153823.48,Premium,Rawalpindi,Punjab,2021-12-02
C006101,40,Male,Salaried,107895.79,Mass Affluent,Hyderabad,Sindh,2017-12-04
C006102,26,Male,Student,25496.42,Mass Market,Gujranwala,Punjab,2020-03-26
C006103,50,Female,Salaried,75532.62,Mass Market,Abbottabad,Khyber Pakhtunkhwa,2022-03-01
C006104,28,Male,Salaried,59835.4,Mass Market,Swat,Khyber Pakhtunkhwa,2018-08-03
C006105,21,Female,Salaried,119953.15,Mass Affluent,Rawalpindi,Punjab,2021-12-18
C006106,39,Male,Student,45143.51,Mass Market,Islamabad,Islamabad Capital,2022-07-25
C006107,47,Female,Salaried,61931.82,Mass Market,Islamabad,Islamabad Capital,2021-01-28
C006108,55,Male,Salaried,163012.01,Mass Affluent,Lahore,Punjab,2021-02-19
C006109,21,Male,Self-Employed,273915.47,Affluent,Multan,Punjab,2016-11-03
C006110,55,Male,Salaried,207997.29,Affluent,Larkana,Sindh,2022-07-16
C006111,41,Female,Salaried,147922.41,Affluent,Sialkot,Punjab,2018-10-27
C006112,32,Male,Business Owner,154423.14,Mass Affluent,Rawalpindi,Punjab,2019-11-03
C006113,46,Male,Retired,48613.96,Mass Affluent,Multan,Punjab,2022-04-13
C006114,54,Male,Business Owner,474836.75,Affluent,Islamabad,Islamabad Capital,2017-11-01
C006115,21,Female,Salaried,34590.31,Mass Market,Sialkot,Punjab,2015-11-19
C006116,34,Female,Salaried,50180.54,Mass Market,Mardan,Khyber Pakhtunkhwa,2015-02-22
C006117,33,Female,Business Owner,36315.62,Mass Market,Rawalpindi,Punjab,2019-07-21
C006118,46,Male,Salaried,922763.42,Premium,Gujranwala,Punjab,2020-01-10
C006119,55,Male,Business Owner,448372.12,Affluent,Mardan,Khyber Pakhtunkhwa,2016-05-19
C006120,40,Female,Salaried,269917.46,Mass Affluent,Sialkot,Punjab,2020-05-28
C006121,36,Male,Student,54741.75,Mass Market,Faisalabad,Punjab,2015-12-02
C006122,44,Male,Salaried,377931.1,Affluent,Sialkot,Punjab,2020-08-01
C006123,36,Male,Retired,85272.23,Mass Market,Hyderabad,Sindh,2018-12-21
C006124,21,Female,Salaried,74598.82,Mass Market,Multan,Punjab,2023-12-05
C006125,45,Female,Business Owner,132447.13,Mass Affluent,Multan,Punjab,2017-10-14
C006126,50,Male,Salaried,164463.57,Mass Affluent,Gujranwala,Punjab,2022-02-04
C006127,51,Female,Self-Employed,631429.92,Affluent,Gujranwala,Punjab,2022-05-21
C006128,26,Female,Salaried,65198.91,Mass Market,Multan,Punjab,2023-06-13
C006129,46,Male,Salaried,60549.86,Mass Market,Karachi,Sindh,2019-05-23
C006130,56,Male,Salaried,64690.41,Mass Market,Faisalabad,Punjab,2019-07-22
C006131,67,Female,Salaried,56695.21,Mass Market,Sialkot,Punjab,2021-09-01
C006132,44,Male,Retired,55737.9,Affluent,Hyderabad,Sindh,2019-07-26
C006133,50,Male,Business Owner,55969.41,Mass Market,Peshawar,Khyber Pakhtunkhwa,2020-12-13
C006134,28,Male,Business Owner,92671.22,Mass Market,Sialkot,Punjab,2019-02-17
C006135,27,Male,Salaried,89218.4,Mass Market,Multan,Punjab,2023-07-23
C006136,50,Female,Salaried,296068.17,Mass Affluent,Gujranwala,Punjab,2023-11-24
C006137,21,Male,Salaried,277506.51,Affluent,Islamabad,Islamabad Capital,2017-05-04
C006138,41,Female,Salaried,66955.4,Mass Market,Sialkot,Punjab,2016-03-03
C006139,55,Male,Self-Employed,65903.68,Mass Market,Gujranwala,Punjab,2022-01-09
C006140,47,Male,Business Owner,302062.8,Affluent,Larkana,Sindh,2016-09-27
C006141,47,Male,Salaried,199723.12,Mass Affluent,Lahore,Punjab,2016-09-08
C006142,38,Male,Salaried,32357.65,Mass Market,Faisalabad,Punjab,2022-07-04
C006143,34,Male,Salaried,71479.73,Mass Market,Gujranwala,Punjab,2022-10-04
C006144,63,Male,Salaried,1334275.84,Premium,Sukkur,Sindh,2015-07-08
C006145,53,Male,Salaried,218209.14,Mass Affluent,Hyderabad,Sindh,2022-11-10
C006146,48,Male,Salaried,96428.32,Mass Market,Karachi,Sindh,2023-11-27
C006147,39,Female,Salaried,82626.28,Mass Market,Abbottabad,Khyber Pakhtunkhwa,2022-05-10
C006148,33,Female,Salaried,47844.09,Mass Market,Multan,Punjab,2017-01-10
C006149,51,Male,Business Owner,45123.55,Mass Market,Turbat,Balochistan,2017-11-20
C006150,36,Male,Unemployed,21736.43,Mass Market,Peshawar,Khyber Pakhtunkhwa,2020-09-30
C006151,40,Female,Salaried,38928.7,Mass Market,Swat,Khyber Pakhtunkhwa,2016-04-27
C006152,46,Male,Salaried,85974.94,Mass Market,Swat,Khyber Pakhtunkhwa,2022-06-09
C006153,41,Male,Salaried,104828.18,Mass Market,Sialkot,Punjab,2022-08-02
C006154,56,Male,Business Owner,70769.4,Mass Market,Rawalpindi,Punjab,2022-08-24
C006155,24,Male,Self-Employed,81464.14,Mass Market,Faisalabad,Punjab,2020-04-21
C006156,40,Female,Self-Employed,313032.73,Affluent,Rawalpindi,Punjab,2023-05-16
C006157,63,Male,Self-Employed,74475.72,Mass Market,Sukkur,Sindh,2019-01-12
C006158,49,Male,Retired,60468.42,Affluent,Lahore,Punjab,2018-04-02
C006159,37,Male,Salaried,315565.67,Affluent,Rawalpindi,Punjab,2018-09-17
C006160,48,Male,Salaried,238193.76,Affluent,Gwadar,Balochistan,2017-04-18
C006161,38,Female,Salaried,59091.3,Mass Market,Hyderabad,Sindh,2015-11-29
C006162,55,Male,Salaried,65374.69,Mass Market,Hyderabad,Sindh,2019-04-06
C006163,48,Male,Salaried,99048.15,Mass Affluent,Rawalpindi,Punjab,2022-01-09
C006164,29,Female,Student,45644.12,Mass Market,Karachi,Sindh,2019-09-08
C006165,42,Female,Business Owner,45190.34,Mass Market,Gwadar,Balochistan,2023-11-19
C006166,44,Female,Retired,38738.1,Mass Market,Karachi,Sindh,2023-08-25
C006167,44,Male,Retired,131709.16,Mass Affluent,Hyderabad,Sindh,2016-05-08
C006168,43,Female,Self-Employed,88299.62,Mass Affluent,Karachi,Sindh,2021-01-27
C006169,45,Male,Student,19143.35,Mass Market,Rawalpindi,Punjab,2020-09-26
C006170,44,Male,Business Owner,342312.57,Affluent,Hyderabad,Sindh,2023-09-09
C006171,31,Female,Salaried,92327.84,Mass Affluent,Islamabad,Islamabad Capital,2022-07-13
C006172,34,Male,Self-Employed,29557.52,Mass Market,Faisalabad,Punjab,2016-04-04
C006173,36,Male,Retired,60308.4,Mass Market,Rawalpindi,Punjab,2016-11-17
C006174,40,Male,Business Owner,39303.75,Mass Market,Lahore,Punjab,2021-02-20
C006175,36,Male,Business Owner,487475.98,Affluent,Faisalabad,Punjab,2017-05-03
C006176,51,Female,Salaried,136734.61,Mass Affluent,Islamabad,Islamabad Capital,2022-04-29
C006177,28,Male,Student,42081.83,Mass Affluent,Larkana,Sindh,2019-12-15
C006178,21,Male,Salaried,161360.22,Mass Affluent,Gujranwala,Punjab,2020-07-01
C006179,61,Female,Self-Employed,61969.07,Mass Market,Rawalpindi,Punjab,2022-08-31
C006180,30,Male,Business Owner,255728.96,Affluent,Larkana,Sindh,2020-07-13
C006181,51,Male,Self-Employed,509354.85,Affluent,Gujranwala,Punjab,2020-05-25
C006182,46,Male,Salaried,89732.81,Mass Affluent,Sukkur,Sindh,2016-05-26
C006183,30,Male,Business Owner,88916.71,Mass Market,Peshawar,Khyber Pakhtunkhwa,2022-09-16
C006184,38,Female,Salaried,51353.15,Mass Market,Hyderabad,Sindh,2017-11-21
C006185,36,Female,Salaried,59582.93,Mass Market,Faisalabad,Punjab,2017-07-07
C006186,43,Male,Salaried,45123.84,Mass Market,Mardan,Khyber Pakhtunkhwa,2020-09-09
C006187,31,Male,Self-Employed,100165.73,Mass Affluent,Peshawar,Khyber Pakhtunkhwa,2016-03-07
C006188,37,Female,Salaried,110149.6,Mass Affluent,Rawalpindi,Punjab,2019-04-04
C006189,39,Female,Salaried,135978.81,Affluent,Larkana,Sindh,2020-11-26
C006190,51,Female,Student,29001.92,Mass Market,Hyderabad,Sindh,2022-10-06
C006191,34,Female,Salaried,62677.61,Mass Market,Swat,Khyber Pakhtunkhwa,2017-01-10
C006192,28,Male,Student,36482.57,Mass Market,Rawalpindi,Punjab,2021-12-29
C006193,33,Female,Salaried,803143.82,Premium,Sialkot,Punjab,2022-03-17
C006194,43,Male,Salaried,226154.54,Mass Affluent,Hyderabad,Sindh,2019-10-24
C006195,21,Male,Business Owner,46610.57,Mass Market,Rawalpindi,Punjab,2022-11-17
C006196,52,Male,Salaried,96478.66,Mass Affluent,Gujranwala,Punjab,2020-07-03
C006197,39,Male,Unemployed,29056.86,Mass Affluent,Mardan,Khyber Pakhtunkhwa,2017-06-30
C006198,44,Male,Salaried,69935.97,Mass Market,Lahore,Punjab,2020-11-26
C006199,41,Female,Student,24433.05,Mass Market,Larkana,Sindh,2020-07-29
C006200,32,Male,Salaried,81767.36,Mass Market,Islamabad,Islamabad Capital,2020-11-23
C006201,27,Male,Student,37660.89,Mass Market,Larkana,Sindh,2016-06-08
C006202,31,Male,Salaried,223713.15,Mass Affluent,Hyderabad,Sindh,2021-04-06
C006203,22,Male,Self-Employed,59619.21,Mass Market,Larkana,Sindh,2022-09-14
C006204,43,Female,Salaried,152870.92,Mass Affluent,Lahore,Punjab,2019-06-22
C006205,37,Female,Business Owner,197314.28,Mass Affluent,Sialkot,Punjab,2019-07-28
C006206,22,Male,Salaried,51283.01,Mass Affluent,Hyderabad,Sindh,2016-02-11
C006207,32,Male,Salaried,430868.9,Affluent,Multan,Punjab,2017-11-30
C006208,46,Male,Self-Employed,49521.37,Mass Market,Sialkot,Punjab,2023-08-05
C006209,53,Male,Salaried,157199.31,Mass Affluent,Sialkot,Punjab,2023-03-20
C006210,25,Female,Business Owner,112923.75,Mass Market,Peshawar,Khyber Pakhtunkhwa,2015-02-24
C006211,63,Male,Business Owner,115733.81,Mass Affluent,Faisalabad,Punjab,2020-12-17
C006212,28,Female,Salaried,50463.37,Mass Market,Peshawar,Khyber Pakhtunkhwa,2015-02-24
C006213,21,Female,Business Owner,58764.75,Mass Market,Rawalpindi,Punjab,2021-01-17
C006214,58,Male,Salaried,34552.3,Mass Market,Sukkur,Sindh,2023-06-11
C006215,28,Male,Self-Employed,299825.76,Mass Affluent,Multan,Punjab,2020-04-05
C006216,56,Male,Salaried,127916.56,Mass Affluent,Rawalpindi,Punjab,2019-06-13
C006217,32,Female,Salaried,242950.77,Mass Affluent,Karachi,Sindh,2017-04-21
C006218,36,Male,Business Owner,52864.17,Mass Market,Hyderabad,Sindh,2022-05-10
C006219,25,Female,Retired,142420.5,Mass Affluent,Gujranwala,Punjab,2023-03-27
C006220,53,Male,Retired,25309.48,Mass Affluent,Hyderabad,Sindh,2018-06-21
C006221,52,Male,Business Owner,39468.51,Mass Market,Larkana,Sindh,2021-03-05
C006222,32,Male,Salaried,57706.83,Mass Market,Multan,Punjab,2018-11-17
C006223,38,Male,Salaried,84684.23,Mass Market,Sukkur,Sindh,2017-02-03
C006224,46,Male,Salaried,258226.4,Affluent,Lahore,Punjab,2021-05-06
C006225,34,Female,Business Owner,49937.71,Mass Market,Larkana,Sindh,2020-04-14
C006226,54,Male,Salaried,91664.14,Mass Market,Gujranwala,Punjab,2019-07-31
C006227,38,Male,Unemployed,30060.45,Premium,Larkana,Sindh,2022-03-24
C006228,33,Female,Salaried,506558.71,Affluent,Faisalabad,Punjab,2023-02-07
C006229,22,Female,Salaried,46425.45,Mass Market,Sukkur,Sindh,2017-06-10
C006230,25,Male,Student,27369.89,Affluent,Sukkur,Sindh,2021-03-22
C006231,45,Female,Salaried,50156.3,Mass Market,Turbat,Balochistan,2018-12-20
C006232,42,Male,Salaried,367905.98,Affluent,Sukkur,Sindh,2019-09-29
C006233,48,Male,Self-Employed,38075.13,Mass Market,Abbottabad,Khyber Pakhtunkhwa,2017-10-23
C006234,33,Female,Unemployed,39896.05,Mass Market,Gujranwala,Punjab,2022-06-19
C006235,21,Female,Salaried,476421.6,Premium,Lahore,Punjab,2015-01-21
C006236,34,Female,Salaried,42006.32,Mass Market,Multan,Punjab,2019-11-26
C006237,61,Female,Salaried,391837.23,Affluent,Faisalabad,Punjab,2019-03-21
C006238,28,Female,Self-Employed,81842.27,Mass Market,Hyderabad,Sindh,2017-09-11
C006239,39,Male,Salaried,49964.15,Mass Market,Swat,Khyber Pakhtunkhwa,2018-01-16
C006240,21,Male,Self-Employed,260114.07,Affluent,Larkana,Sindh,2016-01-31
C006241,33,Female,Salaried,49522.93,Mass Affluent,Karachi,Sindh,2016-07-11
C006242,34,Male,Retired,37074.0,Affluent,Gujranwala,Punjab,2018-02-25
C006243,43,Female,Business Owner,449210.65,Affluent,Lahore,Punjab,2015-12-23
C006244,36,Male,Business Owner,49395.19,Mass Market,Abbottabad,Khyber Pakhtunkhwa,2020-09-16
C006245,22,Male,Salaried,39614.32,Mass Market,Sialkot,Punjab,2020-01-21
C006246,32,Male,Salaried,101221.39,Mass Market,Gujranwala,Punjab,2023-10-31
C006247,37,Female,Salaried,85117.44,Mass Affluent,Quetta,Balochistan,2023-03-13
C006248,28,Female,Self-Employed,107969.36,Mass Market,Islamabad,Islamabad Capital,2021-09-15
C006249,30,Male,Salaried,179783.13,Mass Market,Karachi,Sindh,2019-08-06
C006250,50,Male,Salaried,124707.51,Mass Affluent,Lahore,Punjab,2020-07-26
C006251,32,Male,Salaried,96253.01,Mass Market,Swat,Khyber Pakhtunkhwa,2015-09-28
C006252,44,Male,Salaried,68947.1,Mass Affluent,Sialkot,Punjab,2016-10-27
C006253,37,Male,Salaried,31294.01,Mass Market,Rawalpindi,Punjab,2021-07-05
C006254,25,Male,Self-Employed,44326.74,Mass Market,Rawalpindi,Punjab,2021-05-12
C006255,35,Female,Business Owner,82011.88,Mass Market,Gwadar,Balochistan,2015-02-27
C006256,42,Male,Salaried,60039.78,Mass Market,Turbat,Balochistan,2019-09-15
C006257,58,Male,Business Owner,121110.31,Mass Affluent,Larkana,Sindh,2017-10-20
C006258,31,Male,Salaried,36738.56,Mass Market,Sialkot,Punjab,2021-08-25
C006259,38,Female,Unemployed,10243.11,Affluent,Sukkur,Sindh,2020-07-31
C006260,49,Male,Self-Employed,101795.1,Mass Affluent,Gujranwala,Punjab,2018-04-15
C006261,53,Male,Salaried,42258.11,Mass Market,Quetta,Balochistan,2023-04-10
C006262,32,Male,Self-Employed,190946.29,Affluent,Lahore,Punjab,2019-04-21
C006263,37,Male,Salaried,301185.55,Affluent,Sialkot,Punjab,2017-10-18
C006264,51,Female,Salaried,45632.5,Mass Market,Karachi,Sindh,2019-09-25
C006265,45,Female,Salaried,279307.41,Affluent,Sukkur,Sindh,2023-03-09
C006266,50,Female,Unemployed,22981.16,Mass Market,Abbottabad,Khyber Pakhtunkhwa,2018-04-04
C006267,52,Male,Student,44339.63,Mass Affluent,Rawalpindi,Punjab,2017-03-19
C006268,45,Male,Self-Employed,65747.1,Mass Market,Swat,Khyber Pakhtunkhwa,2020-03-16
C006269,41,Male,Student,12309.7,Mass Affluent,Faisalabad,Punjab,2017-06-24
C006270,32,Female,Salaried,297723.75,Affluent,Lahore,Punjab,2017-06-27
C006271,36,Female,Self-Employed,891348.6,Premium,Hyderabad,Sindh,2020-03-03
C006272,37,Female,Salaried,360396.15,Premium,Faisalabad,Punjab,2015-09-08
C006273,52,Female,Salaried,61540.1,Mass Market,Hyderabad,Sindh,2023-03-05
C006274,41,Female,Retired,126404.23,Mass Affluent,Multan,Punjab,2016-08-09
C006275,41,Male,Student,28152.65,Mass Market,Faisalabad,Punjab,2021-04-06
C006276,28,Female,Retired,140031.67,Mass Market,Mardan,Khyber Pakhtunkhwa,2019-06-12
C006277,52,Male,Self-Employed,59434.69,Mass Market,Multan,Punjab,2017-06-13
C006278,31,Male,Salaried,386521.14,Affluent,Larkana,Sindh,2015-08-09
C006279,36,Female,Business Owner,177428.58,Mass Affluent,Peshawar,Khyber Pakhtunkhwa,2017-06-07
C006280,53,Male,Salaried,90676.12,Mass Market,Gujranwala,Punjab,2018-06-24
C006281,49,Male,Student,55476.75,Premium,Mardan,Khyber Pakhtunkhwa,2016-01-02
C006282,30,Male,Salaried,169820.05,Mass Affluent,Multan,Punjab,2021-01-29
C006283,27,Female,Business Owner,72738.23,Mass Market,Multan,Punjab,2021-04-21
C006284,37,Male,Business Owner,52106.26,Mass Market,Lahore,Punjab,2019-08-10
C006285,33,Male,Salaried,135920.68,Mass Affluent,Swat,Khyber Pakhtunkhwa,2016-09-06
C006286,23,Male,Salaried,123631.29,Mass Affluent,Sukkur,Sindh,2019-12-25
C006287,31,Male,Salaried,101941.73,Mass Market,Hyderabad,Sindh,2021-12-21
C006288,21,Male,Salaried,81632.44,Mass Market,Islamabad,Islamabad Capital,2021-07-08
C006289,49,Female,Student,48662.83,Mass Market,Faisalabad,Punjab,2018-04-26
C006290,48,Male,Salaried,51432.81,Mass Market,Quetta,Balochistan,2016-02-02
C006291,55,Male,Salaried,86335.28,Mass Market,Mardan,Khyber Pakhtunkhwa,2019-03-01
C006292,43,Female,Salaried,99836.41,Mass Market,Turbat,Balochistan,2017-05-16
C006293,34,Male,Salaried,67643.27,Mass Market,Gwadar,Balochistan,2021-12-10
C006294,50,Female,Salaried,166966.29,Mass Affluent,Islamabad,Islamabad Capital,2018-10-20
C006295,31,Male,Student,47376.27,Mass Market,Sialkot,Punjab,2021-03-31
C006296,24,Male,Business Owner,56144.35,Mass Market,Mardan,Khyber Pakhtunkhwa,2017-05-31
C006297,37,Female,Retired,100101.52,Mass Market,Swat,Khyber Pakhtunkhwa,2016-11-16
C006298,44,Female,Salaried,751979.01,Premium,Karachi,Sindh,2018-12-12
C006299,30,Female,Salaried,50974.48,Mass Market,Faisalabad,Punjab,2021-09-17
C006300,27,Female,Salaried,114432.1,Mass Market,Islamabad,Islamabad Capital,2023-01-15
C006301,34,Male,Salaried,50800.37,Mass Market,Faisalabad,Punjab,2022-11-02
C006302,44,Male,Salaried,133063.07,Mass Affluent,Larkana,Sindh,2016-01-12
C006303,37,Female,Salaried,124283.78,Mass Market,Larkana,Sindh,2020-11-23
C006304,68,Female,Self-Employed,29573.24,Mass Market,Gujranwala,Punjab,2017-08-26
C006305,38,Male,Salaried,303947.15,Affluent,Swat,Khyber Pakhtunkhwa,2016-11-25
C006306,47,Male,Self-Employed,101141.38,Mass Affluent,Rawalpindi,Punjab,2022-10-20
C006307,23,Male,Self-Employed,60003.86,Mass Market,Karachi,Sindh,2015-09-28
C006308,45,Female,Business Owner,37943.95,Mass Market,Swat,Khyber Pakhtunkhwa,2020-01-31
C006309,34,Female,Salaried,243193.1,Affluent,Multan,Punjab,2022-01-04
C006310,39,Male,Business Owner,282648.74,Affluent,Hyderabad,Sindh,2023-09-23
C006311,58,Male,Salaried,142322.57,Mass Affluent,Rawalpindi,Punjab,2019-03-07
C006312,35,Female,Salaried,182706.2,Mass Affluent,Peshawar,Khyber Pakhtunkhwa,2016-07-20
C006313,25,Male,Salaried,115784.49,Affluent,Islamabad,Islamabad Capital,2018-12-19
C006314,26,Female,Salaried,595809.67,Premium,Lahore,Punjab,2021-10-19
C006315,41,Female,Salaried,56146.35,Mass Market,Larkana,Sindh,2019-09-21
C006316,40,Female,Business Owner,609918.83,Premium,Sukkur,Sindh,2022-07-20
C006317,40,Male,Business Owner,131604.23,Mass Affluent,Larkana,Sindh,2021-02-17
C006318,25,Female,Salaried,94830.36,Mass Affluent,Karachi,Sindh,2023-08-16
C006319,61,Female,Salaried,33330.93,Mass Market,Larkana,Sindh,2020-08-13
C006320,55,Male,Salaried,65159.94,Mass Market,Sukkur,Sindh,2016-06-02
C006321,40,Male,Unemployed,37396.04,Mass Affluent,Lahore,Punjab,2015-08-08
C006322,22,Male,Salaried,151498.56,Mass Affluent,Sialkot,Punjab,2019-10-27
C006323,56,Male,Salaried,42022.62,Mass Market,Abbottabad,Khyber Pakhtunkhwa,2023-07-19
C006324,52,Male,Salaried,169147.11,Mass Affluent,Faisalabad,Punjab,2018-08-17
C006325,40,Male,Business Owner,58771.17,Mass Market,Larkana,Sindh,2015-06-08
C006326,52,Female,Salaried,60342.01,Mass Market,Faisalabad,Punjab,2020-06-14
C006327,34,Female,Salaried,118382.8,Mass Affluent,Swat,Khyber Pakhtunkhwa,2020-06-24
C006328,28,Female,Salaried,111385.0,Mass Affluent,Sukkur,Sindh,2015-09-19
C006329,41,Female,Business Owner,54916.34,Mass Market,Sialkot,Punjab,2020-09-18
C006330,22,Male,Salaried,94007.23,Mass Market,Rawalpindi,Punjab,2019-04-06
C006331,27,Male,Unemployed,14589.07,Mass Market,Sukkur,Sindh,2016-06-17
C006332,45,Male,Student,51221.2,Mass Affluent,Islamabad,Islamabad Capital,2015-04-06
C006333,42,Male,Self-Employed,418350.92,Affluent,Karachi,Sindh,2020-05-15
C006334,24,Female,Retired,95651.0,Mass Affluent,Hyderabad,Sindh,2017-10-13
C006335,35,Female,Business Owner,216605.12,Mass Affluent,Swat,Khyber Pakhtunkhwa,2016-12-12
C006336,24,Male,Salaried,58664.37,Mass Market,Faisalabad,Punjab,2022-05-23
C006337,34,Female,Business Owner,36357.26,Mass Market,Multan,Punjab,2017-07-25
C006338,32,Male,Self-Employed,183792.93,Affluent,Rawalpindi,Punjab,2019-03-15
C006339,50,Female,Self-Employed,53561.7,Mass Market,Lahore,Punjab,2020-03-25
C006340,37,Male,Self-Employed,80110.69,Mass Market,Mardan,Khyber Pakhtunkhwa,2022-08-29
C006341,36,Male,Business Owner,118008.49,Mass Affluent,Quetta,Balochistan,2023-02-21
C006342,35,Male,Retired,122746.97,Mass Affluent,Gwadar,Balochistan,2015-07-11
C006343,21,Male,Salaried,69768.31,Mass Market,Turbat,Balochistan,2017-09-05
C006344,38,Female,Self-Employed,60635.39,Mass Market,Sukkur,Sindh,2021-04-19
C006345,44,Female,Self-Employed,109959.37,Mass Affluent,Lahore,Punjab,2021-02-19
C006346,42,Female,Student,35702.33,Mass Market,Sukkur,Sindh,2015-07-17
C006347,47,Female,Salaried,85986.19,Mass Market,Islamabad,Islamabad Capital,2017-07-28
C006348,47,Male,Salaried,416946.8,Affluent,Abbottabad,Khyber Pakhtunkhwa,2016-05-25
C006349,63,Female,Salaried,418145.99,Premium,Karachi,Sindh,2016-08-10
C006350,27,Male,Salaried,51488.21,Mass Market,Sukkur,Sindh,2022-03-25
C006351,42,Male,Salaried,77307.75,Mass Market,Swat,Khyber Pakhtunkhwa,2023-12-23
C006352,43,Female,Salaried,38940.43,Mass Market,Quetta,Balochistan,2015-03-06
C006353,35,Female,Salaried,68931.41,Mass Market,Peshawar,Khyber Pakhtunkhwa,2022-11-23
C006354,32,Male,Student,42286.02,Affluent,Larkana,Sindh,2018-06-04
C006355,44,Female,Salaried,81872.79,Mass Affluent,Rawalpindi,Punjab,2022-06-26
C006356,43,Female,Salaried,117887.95,Mass Market,Hyderabad,Sindh,2023-06-04
C006357,27,Male,Business Owner,114181.51,Mass Affluent,Lahore,Punjab,2019-02-25
C006358,21,Female,Salaried,73228.26,Mass Market,Islamabad,Islamabad Capital,2016-05-25
C006359,34,Male,Business Owner,84901.29,Mass Affluent,Karachi,Sindh,2016-07-23
C006360,32,Male,Student,28396.64,Affluent,Hyderabad,Sindh,2023-07-12
C006361,46,Male,Salaried,125756.99,Mass Market,Gujranwala,Punjab,2021-12-17
C006362,29,Female,Salaried,33903.44,Mass Market,Larkana,Sindh,2016-10-05
C006363,37,Female,Salaried,263026.99,Affluent,Hyderabad,Sindh,2022-09-01
C006364,21,Male,Salaried,99379.16,Mass Market,Multan,Punjab,2017-06-06
C006365,22,Male,Self-Employed,50216.33,Mass Market,Swat,Khyber Pakhtunkhwa,2015-09-01
C006366,31,Male,Salaried,70096.87,Mass Market,Faisalabad,Punjab,2020-09-27
C006367,36,Male,Salaried,31684.05,Mass Market,Sukkur,Sindh,2019-12-14
C006368,30,Male,Salaried,44468.88,Mass Market,Faisalabad,Punjab,2015-01-22
C006369,41,Female,Salaried,67374.13,Mass Market,Larkana,Sindh,2019-12-04
C006370,21,Male,Salaried,47959.12,Mass Market,Karachi,Sindh,2021-05-19
C006371,37,Female,Self-Employed,52318.04,Mass Market,Turbat,Balochistan,2018-04-23
C006372,37,Female,Salaried,73084.5,Mass Affluent,Faisalabad,Punjab,2023-02-16
C006373,23,Male,Business Owner,359004.46,Affluent,Islamabad,Islamabad Capital,2018-06-14
C006374,42,Female,Retired,78051.45,Mass Affluent,Karachi,Sindh,2018-03-15
C006375,21,Female,Business Owner,233457.01,Mass Affluent,Rawalpindi,Punjab,2021-02-26
C006376,31,Male,Salaried,100294.57,Mass Affluent,Gujranwala,Punjab,2020-06-12
C006377,48,Male,Salaried,81337.87,Mass Market,Lahore,Punjab,2023-05-30
C006378,21,Female,Self-Employed,78349.71,Mass Market,Turbat,Balochistan,2018-03-20
C006379,46,Female,Business Owner,41265.01,Mass Market,Sialkot,Punjab,2016-02-07
C006380,26,Female,Unemployed,21496.61,Mass Market,Sukkur,Sindh,2021-03-23
C006381,33,Male,Salaried,525276.63,Premium,Sukkur,Sindh,2023-08-22
C006382,54,Female,Salaried,51742.34,Mass Market,Quetta,Balochistan,2019-09-28
C006383,32,Male,Salaried,171002.07,Affluent,Larkana,Sindh,2020-04-05
C006384,57,Male,Retired,117573.91,Mass Market,Abbottabad,Khyber Pakhtunkhwa,2019-07-10
C006385,36,Male,Self-Employed,46183.4,Mass Market,Faisalabad,Punjab,2018-04-03
C006386,38,Female,Student,21626.35,Mass Market,Quetta,Balochistan,2015-06-21
C006387,48,Male,Business Owner,87949.16,Mass Market,Faisalabad,Punjab,2023-12-28
C006388,45,Male,Unemployed,42429.29,Mass Market,Lahore,Punjab,2020-12-14
C006389,41,Female,Self-Employed,102661.61,Mass Affluent,Islamabad,Islamabad Capital,2022-02-18
C006390,34,Male,Retired,128660.56,Mass Market,Gujranwala,Punjab,2019-07-21
C006391,22,Male,Student,53363.27,Affluent,Rawalpindi,Punjab,2018-07-11
C006392,22,Male,Student,55871.08,Affluent,Larkana,Sindh,2017-11-20
C006393,53,Female,Retired,79502.43,Mass Market,Rawalpindi,Punjab,2016-12-30
C006394,58,Male,Self-Employed,914102.96,Premium,Rawalpindi,Punjab,2019-04-26
C006395,40,Female,Business Owner,80659.9,Mass Market,Sukkur,Sindh,2016-03-01
C006396,21,Female,Self-Employed,33898.47,Mass Market,Peshawar,Khyber Pakhtunkhwa,2017-12-22
C006397,31,Female,Business Owner,40944.58,Mass Market,Mardan,Khyber Pakhtunkhwa,2023-08-10
C006398,30,Male,Business Owner,169317.99,Mass Affluent,Gujranwala,Punjab,2017-06-09
C006399,33,Female,Business Owner,83202.06,Mass Affluent,Sukkur,Sindh,2017-08-18
C006400,29,Female,Salaried,176515.88,Mass Affluent,Mardan,Khyber Pakhtunkhwa,2016-02-03
C006401,45,Female,Business Owner,584284.89,Affluent,Multan,Punjab,2023-02-02
C006402,42,Female,Student,54811.92,Mass Market,Gujranwala,Punjab,2016-12-23
C006403,56,Female,Self-Employed,91542.09,Mass Affluent,Multan,Punjab,2022-03-23
C006404,35,Male,Salaried,139018.45,Mass Affluent,Larkana,Sindh,2016-03-02
C006405,41,Male,Student,33317.04,Mass Market,Rawalpindi,Punjab,2017-10-12
C006406,47,Male,Business Owner,62298.07,Mass Market,Swat,Khyber Pakhtunkhwa,2015-02-03
C006407,50,Male,Salaried,72110.7,Mass Market,Islamabad,Islamabad Capital,2020-10-04
C006408,25,Female,Self-Employed,44281.53,Mass Market,Gujranwala,Punjab,2021-08-21
C006409,43,Male,Business Owner,98744.9,Mass Affluent,Hyderabad,Sindh,2022-11-29
C006410,41,Male,Business Owner,84660.25,Mass Market,Multan,Punjab,2015-11-07
C006411,42,Male,Salaried,45776.04,Mass Market,Multan,Punjab,2022-07-02
C006412,40,Female,Salaried,48656.1,Mass Affluent,Mardan,Khyber Pakhtunkhwa,2018-07-21
C006413,58,Male,Student,16877.06,Mass Affluent,Hyderabad,Sindh,2015-12-13
C006414,29,Female,Retired,31198.17,Affluent,Islamabad,Islamabad Capital,2020-10-28
C006415,29,Female,Salaried,194370.96,Mass Affluent,Karachi,Sindh,2018-01-07
C006416,30,Male,Retired,32947.92,Mass Affluent,Gujranwala,Punjab,2021-05-14
C006417,36,Male,Salaried,61962.57,Mass Market,Larkana,Sindh,2018-08-04
C006418,42,Male,Salaried,166969.13,Mass Affluent,Multan,Punjab,2015-09-09
C006419,34,Male,Business Owner,62814.29,Mass Market,Quetta,Balochistan,2022-07-10
C006420,50,Male,Salaried,68641.08,Mass Market,Hyderabad,Sindh,2022-12-06
C006421,39,Male,Salaried,582159.83,Premium,Multan,Punjab,2020-02-27
C006422,38,Male,Retired,48500.83,Mass Affluent,Karachi,Sindh,2015-10-22
C006423,24,Male,Self-Employed,98510.56,Mass Affluent,Larkana,Sindh,2019-05-29
C006424,59,Female,Salaried,127329.35,Mass Market,Mardan,Khyber Pakhtunkhwa,2019-08-14
C006425,38,Female,Salaried,52397.98,Mass Affluent,Multan,Punjab,2021-12-18
C006426,57,Female,Self-Employed,74535.94,Mass Market,Rawalpindi,Punjab,2022-05-25
C006427,32,Female,Self-Employed,67746.51,Mass Market,Gujranwala,Punjab,2023-07-17
C006428,48,Female,Salaried,69091.49,Mass Market,Rawalpindi,Punjab,2019-02-13
C006429,33,Female,Salaried,38277.95,Mass Market,Karachi,Sindh,2021-09-14
C006430,59,Male,Self-Employed,31710.54,Mass Market,Lahore,Punjab,2023-12-29
C006431,51,Male,Self-Employed,163649.83,Mass Affluent,Rawalpindi,Punjab,2017-11-27
C006432,48,Male,Retired,69975.63,Mass Market,Larkana,Sindh,2021-05-08
C006433,31,Male,Salaried,304440.81,Affluent,Lahore,Punjab,2023-06-24
C006434,60,Female,Student,59004.11,Affluent,Turbat,Balochistan,2018-01-18
C006435,61,Male,Unemployed,16924.39,Mass Market,Sukkur,Sindh,2016-04-10
C006436,35,Female,Salaried,147456.39,Mass Affluent,Multan,Punjab,2015-09-08
C006437,41,Female,Salaried,95592.59,Mass Market,Sukkur,Sindh,2017-05-01
C006438,49,Male,Self-Employed,248549.39,Affluent,Gujranwala,Punjab,2022-06-04
C006439,21,Male,Retired,139123.98,Mass Market,Swat,Khyber Pakhtunkhwa,2019-09-01
C006440,52,Male,Salaried,32239.97,Mass Market,Karachi,Sindh,2022-10-31
C006441,50,Female,Salaried,47532.01,Mass Market,Sukkur,Sindh,2020-12-19
C006442,33,Female,Business Owner,344549.49,Affluent,Turbat,Balochistan,2020-09-03
C006443,21,Female,Business Owner,123644.76,Mass Market,Mardan,Khyber Pakhtunkhwa,2015-06-09
C006444,43,Male,Salaried,281522.87,Affluent,Peshawar,Khyber Pakhtunkhwa,2017-12-22
C006445,27,Female,Salaried,40506.23,Mass Market,Rawalpindi,Punjab,2019-05-06
C006446,22,Female,Salaried,265592.83,Mass Affluent,Multan,Punjab,2020-02-03
C006447,43,Male,Unemployed,37986.04,Mass Market,Sukkur,Sindh,2021-08-01
C006448,53,Female,Business Owner,77243.33,Mass Market,Sukkur,Sindh,2015-01-09
C006449,37,Female,Salaried,52839.72,Mass Market,Karachi,Sindh,2018-10-03
C006450,52,Female,Student,53333.9,Mass Market,Abbottabad,Khyber Pakhtunkhwa,2023-04-26
C006451,46,Male,Self-Employed,104996.81,Mass Affluent,Faisalabad,Punjab,2023-11-16
C006452,24,Male,Retired,123095.24,Mass Affluent,Faisalabad,Punjab,2016-01-07
C006453,33,Male,Salaried,94350.13,Mass Market,Sukkur,Sindh,2016-12-01
C006454,51,Male,Salaried,117475.67,Mass Market,Gujranwala,Punjab,2022-05-19
C006455,33,Female,Salaried,44466.19,Mass Market,Hyderabad,Sindh,2021-02-22
C006456,48,Male,Salaried,64976.49,Mass Affluent,Mardan,Khyber Pakhtunkhwa,2015-06-04
C006457,34,Male,Student,58708.49,Mass Affluent,Sukkur,Sindh,2015-12-11
C006458,47,Male,Self-Employed,728544.69,Affluent,Mardan,Khyber Pakhtunkhwa,2017-03-06
C006459,44,Male,Salaried,247764.28,Affluent,Hyderabad,Sindh,2021-07-26
C006460,36,Male,Business Owner,89480.8,Mass Market,Peshawar,Khyber Pakhtunkhwa,2017-04-08
C006461,47,Male,Self-Employed,40646.14,Mass Market,Sialkot,Punjab,2018-12-16
C006462,21,Male,Self-Employed,204336.26,Affluent,Swat,Khyber Pakhtunkhwa,2022-09-13
C006463,27,Male,Salaried,58208.04,Mass Market,Abbottabad,Khyber Pakhtunkhwa,2018-01-24
C006464,34,Male,Unemployed,12433.11,Mass Market,Multan,Punjab,2019-11-18
C006465,52,Male,Self-Employed,91143.3,Mass Market,Hyderabad,Sindh,2019-07-20
C006466,23,Male,Student,34990.95,Mass Affluent,Swat,Khyber Pakhtunkhwa,2019-12-27
C006467,39,Male,Business Owner,167484.72,Mass Affluent,Lahore,Punjab,2022-05-14
C006468,42,Female,Self-Employed,403926.29,Premium,Abbottabad,Khyber Pakhtunkhwa,2023-04-09
C006469,42,Male,Salaried,46309.69,Mass Market,Islamabad,Islamabad Capital,2022-07-17
C006470,38,Female,Self-Employed,72842.01,Mass Market,Mardan,Khyber Pakhtunkhwa,2020-02-06
C006471,32,Female,Salaried,102079.32,Mass Market,Multan,Punjab,2018-03-05
C006472,36,Female,Unemployed,20684.92,Mass Affluent,Hyderabad,Sindh,2023-01-20
C006473,50,Female,Salaried,68056.61,Mass Market,Islamabad,Islamabad Capital,2020-09-10
C006474,31,Female,Salaried,319297.81,Affluent,Sukkur,Sindh,2021-06-04
C006475,21,Male,Self-Employed,100073.52,Mass Market,Faisalabad,Punjab,2017-11-27
C006476,44,Male,Self-Employed,71437.84,Mass Affluent,Faisalabad,Punjab,2023-07-21
C006477,55,Female,Self-Employed,560699.19,Affluent,Swat,Khyber Pakhtunkhwa,2019-01-24
C006478,27,Male,Business Owner,45361.85,Mass Market,Rawalpindi,Punjab,2017-05-12
C006479,54,Female,Business Owner,143533.38,Mass Affluent,Multan,Punjab,2020-11-26
C006480,45,Male,Retired,60529.69,Mass Market,Gujranwala,Punjab,2017-03-19
C006481,26,Male,Salaried,83784.74,Mass Affluent,Mardan,Khyber Pakhtunkhwa,2017-04-20
C006482,31,Female,Self-Employed,333683.85,Affluent,Larkana,Sindh,2018-02-05
C006483,31,Female,Student,33447.56,Mass Affluent,Swat,Khyber Pakhtunkhwa,2017-12-03
C006484,41,Male,Salaried,57644.52,Mass Market,Abbottabad,Khyber Pakhtunkhwa,2015-12-27
C006485,37,Male,Salaried,589773.6,Premium,Islamabad,Islamabad Capital,2016-06-29
C006486,51,Female,Salaried,500020.69,Affluent,Gwadar,Balochistan,2022-08-13
C006487,48,Female,Business Owner,299106.48,Mass Affluent,Sialkot,Punjab,2020-05-30
C006488,22,Male,Business Owner,1006117.99,Premium,Sukkur,Sindh,2016-11-30
C006489,23,Female,Salaried,66670.32,Mass Market,Sialkot,Punjab,2022-08-10
C006490,46,Male,Salaried,32206.98,Mass Market,Islamabad,Islamabad Capital,2015-02-28
C006491,33,Male,Salaried,76146.85,Mass Market,Sialkot,Punjab,2023-04-05
C006492,37,Male,Salaried,77437.63,Mass Market,Larkana,Sindh,2021-10-05
C006493,45,Male,Salaried,174276.12,Mass Affluent,Swat,Khyber Pakhtunkhwa,2023-06-25
C006494,48,Male,Business Owner,84264.59,Mass Affluent,Lahore,Punjab,2019-04-07
C006495,25,Male,Retired,85116.2,Mass Market,Mardan,Khyber Pakhtunkhwa,2022-01-05
C006496,21,Female,Business Owner,108608.24,Mass Market,Gujranwala,Punjab,2017-09-02
C006497,38,Male,Student,59325.42,Mass Affluent,Sukkur,Sindh,2019-04-04
C006498,30,Female,Unemployed,17793.22,Mass Affluent,Larkana,Sindh,2023-07-26
C006499,40,Male,Business Owner,459103.89,Premium,Rawalpindi,Punjab,2022-04-23
C006500,38,Female,Self-Employed,57669.13,Mass Market,Hyderabad,Sindh,2019-07-02
C006501,28,Female,Business Owner,195251.2,Affluent,Quetta,Balochistan,2017-04-20
C006502,62,Female,Self-Employed,52513.69,Mass Market,Lahore,Punjab,2019-05-24
C006503,39,Male,Salaried,52668.64,Mass Market,Karachi,Sindh,2019-08-06
C006504,33,Male,Salaried,152048.41,Mass Affluent,Gwadar,Balochistan,2020-11-14
C006505,40,Male,Self-Employed,84156.72,Mass Market,Abbottabad,Khyber Pakhtunkhwa,2023-04-07
C006506,45,Female,Student,55760.7,Mass Affluent,Rawalpindi,Punjab,2015-10-16
C006507,32,Female,Business Owner,46833.44,Mass Market,Islamabad,Islamabad Capital,2020-03-14
C006508,65,Female,Salaried,68792.49,Mass Market,Sialkot,Punjab,2018-04-05
C006509,22,Female,Self-Employed,85646.81,Mass Affluent,Sukkur,Sindh,2020-06-30
C006510,23,Male,Business Owner,57528.65,Mass Market,Karachi,Sindh,2017-01-11
C006511,21,Male,Business Owner,60982.45,Mass Market,Swat,Khyber Pakhtunkhwa,2020-08-03
C006512,39,Male,Salaried,42257.45,Mass Market,Gujranwala,Punjab,2015-08-09
C006513,44,Male,Salaried,74203.01,Mass Market,Faisalabad,Punjab,2022-03-26
C006514,35,Female,Salaried,122529.0,Mass Affluent,Abbottabad,Khyber Pakhtunkhwa,2018-04-16
C006515,44,Male,Retired,45871.7,Mass Market,Multan,Punjab,2015-10-04
C006516,44,Female,Salaried,207026.68,Mass Affluent,Hyderabad,Sindh,2020-03-25
C006517,35,Male,Student,43922.22,Mass Affluent,Mardan,Khyber Pakhtunkhwa,2018-05-13
C006518,44,Male,Salaried,179578.03,Mass Affluent,Hyderabad,Sindh,2023-04-09
C006519,37,Male,Unemployed,19300.4,Mass Market,Multan,Punjab,2023-06-05
C006520,35,Male,Salaried,219761.7,Mass Affluent,Multan,Punjab,2020-09-28
C006521,34,Male,Business Owner,260681.21,Affluent,Islamabad,Islamabad Capital,2023-09-07
C006522,42,Male,Business Owner,41460.16,Mass Market,Karachi,Sindh,2015-12-31
C006523,52,Female,Business Owner,99261.76,Mass Affluent,Lahore,Punjab,2020-01-11
C006524,26,Male,Business Owner,32832.05,Mass Market,Multan,Punjab,2022-01-14
C006525,34,Female,Salaried,77869.29,Mass Market,Rawalpindi,Punjab,2017-09-12
C006526,41,Female,Salaried,79727.71,Mass Market,Islamabad,Islamabad Capital,2019-01-20
C006527,58,Female,Salaried,62737.29,Mass Market,Multan,Punjab,2022-08-30
C006528,44,Female,Business Owner,35566.81,Mass Market,Faisalabad,Punjab,2022-12-23
C006529,30,Female,Business Owner,52223.71,Mass Market,Karachi,Sindh,2023-01-06
C006530,29,Female,Salaried,101376.68,Mass Market,Faisalabad,Punjab,2021-06-24
C006531,50,Male,Business Owner,163891.85,Mass Affluent,Sialkot,Punjab,2017-09-03
C006532,36,Male,Salaried,80794.01,Mass Market,Islamabad,Islamabad Capital,2016-03-09
C006533,25,Male,Salaried,456960.52,Mass Affluent,Larkana,Sindh,2021-08-09
C006534,50,Male,Salaried,317176.37,Affluent,Faisalabad,Punjab,2015-05-23
C006535,42,Male,Business Owner,26418.28,Mass Market,Sukkur,Sindh,2023-07-23
C006536,26,Male,Salaried,39485.23,Mass Market,Multan,Punjab,2016-12-08
C006537,24,Female,Retired,145047.48,Mass Market,Faisalabad,Punjab,2018-11-21
C006538,21,Female,Business Owner,282000.96,Affluent,Sukkur,Sindh,2023-12-28
C006539,32,Male,Self-Employed,56204.07,Mass Market,Larkana,Sindh,2015-09-25
C006540,42,Male,Salaried,56580.28,Mass Market,Swat,Khyber Pakhtunkhwa,2020-04-17
C006541,50,Male,Business Owner,463898.7,Premium,Gwadar,Balochistan,2022-07-01
C006542,44,Female,Student,42461.42,Mass Market,Lahore,Punjab,2016-06-07
C006543,25,Male,Self-Employed,101921.37,Mass Market,Turbat,Balochistan,2021-01-22
C006544,36,Male,Salaried,540815.56,Affluent,Sukkur,Sindh,2021-09-18
C006545,55,Male,Salaried,535019.57,Affluent,Faisalabad,Punjab,2021-10-27
C006546,33,Male,Salaried,41724.03,Mass Market,Abbottabad,Khyber Pakhtunkhwa,2016-12-18
C006547,47,Female,Salaried,59541.76,Mass Market,Faisalabad,Punjab,2020-12-08
C006548,46,Male,Business Owner,53254.66,Mass Market,Hyderabad,Sindh,2020-01-14
C006549,47,Male,Salaried,75135.59,Mass Market,Peshawar,Khyber Pakhtunkhwa,2018-10-11
C006550,44,Male,Student,15082.35,Mass Market,Lahore,Punjab,2019-05-27
C006551,47,Female,Salaried,55070.06,Mass Market,Abbottabad,Khyber Pakhtunkhwa,2023-09-05
C006552,23,Male,Self-Employed,225941.15,Mass Affluent,Gujranwala,Punjab,2015-04-22
C006553,56,Male,Retired,140442.49,Mass Affluent,Peshawar,Khyber Pakhtunkhwa,2020-08-07
C006554,21,Female,Salaried,655200.59,Premium,Multan,Punjab,2020-02-10
C006555,42,Female,Salaried,327608.77,Affluent,Lahore,Punjab,2019-09-23
C006556,38,Male,Self-Employed,77579.11,Mass Market,Rawalpindi,Punjab,2022-12-22
C006557,32,Female,Salaried,77749.16,Mass Market,Swat,Khyber Pakhtunkhwa,2020-01-03
C006558,28,Female,Business Owner,234474.45,Mass Affluent,Lahore,Punjab,2022-06-03
C006559,45,Female,Student,26103.24,Mass Market,Quetta,Balochistan,2021-11-14
C006560,48,Male,Business Owner,67873.13,Mass Market,Sialkot,Punjab,2022-05-01
C006561,38,Female,Unemployed,42313.74,Mass Affluent,Karachi,Sindh,2020-06-24
C006562,36,Female,Salaried,53517.6,Mass Market,Rawalpindi,Punjab,2015-02-26
C006563,53,Male,Salaried,80021.97,Mass Market,Gujranwala,Punjab,2015-08-30
C006564,34,Male,Salaried,98202.42,Mass Market,Islamabad,Islamabad Capital,2019-09-02
C006565,39,Male,Business Owner,499138.24,Premium,Hyderabad,Sindh,2017-06-30
C006566,37,Female,Salaried,246798.13,Mass Affluent,Sukkur,Sindh,2017-03-24
C006567,66,Male,Salaried,34824.41,Mass Market,Larkana,Sindh,2019-08-14
C006568,30,Male,Unemployed,8498.96,Mass Market,Hyderabad,Sindh,2019-03-31
C006569,48,Female,Salaried,199602.72,Affluent,Hyderabad,Sindh,2016-06-26
C006570,21,Male,Salaried,47015.21,Mass Market,Quetta,Balochistan,2019-02-11
C006571,28,Male,Salaried,133002.07,Mass Affluent,Hyderabad,Sindh,2022-09-13
C006572,36,Male,Salaried,111718.44,Mass Affluent,Sukkur,Sindh,2016-04-24
C006573,38,Male,Salaried,43793.67,Mass Affluent,Karachi,Sindh,2021-12-26
C006574,36,Female,Salaried,75694.31,Mass Market,Karachi,Sindh,2022-02-25
C006575,38,Male,Salaried,376567.99,Affluent,Larkana,Sindh,2021-10-22
C006576,31,Female,Business Owner,56437.87,Mass Market,Hyderabad,Sindh,2016-05-21
C006577,53,Female,Salaried,54777.63,Mass Market,Sukkur,Sindh,2019-03-17
C006578,28,Female,Business Owner,52072.99,Mass Market,Swat,Khyber Pakhtunkhwa,2023-04-27
C006579,47,Male,Business Owner,31311.57,Mass Market,Islamabad,Islamabad Capital,2017-08-10
C006580,46,Male,Business Owner,30077.43,Mass Market,Islamabad,Islamabad Capital,2019-06-28
C006581,29,Female,Retired,52336.36,Mass Affluent,Abbottabad,Khyber Pakhtunkhwa,2022-07-16
C006582,35,Male,Salaried,419631.05,Affluent,Hyderabad,Sindh,2020-03-16
C006583,39,Female,Salaried,75274.38,Mass Market,Mardan,Khyber Pakhtunkhwa,2018-03-05
C006584,57,Female,Salaried,150152.41,Mass Affluent,Multan,Punjab,2016-01-24
C006585,35,Female,Salaried,841499.22,Premium,Karachi,Sindh,2020-01-10
C006586,72,Female,Student,25363.12,Mass Market,Gujranwala,Punjab,2019-06-08
C006587,47,Female,Self-Employed,96464.56,Mass Affluent,Rawalpindi,Punjab,2017-08-20
C006588,43,Male,Salaried,680131.89,Premium,Islamabad,Islamabad Capital,2017-10-30
C006589,49,Female,Salaried,116166.77,Mass Affluent,Abbottabad,Khyber Pakhtunkhwa,2023-11-03
C006590,21,Male,Student,45023.33,Mass Market,Larkana,Sindh,2020-07-22
C006591,52,Female,Self-Employed,431845.28,Affluent,Lahore,Punjab,2021-05-14
C006592,24,Female,Salaried,236489.97,Mass Affluent,Larkana,Sindh,2015-07-25
C006593,49,Male,Student,50301.64,Mass Market,Hyderabad,Sindh,2023-09-06
C006594,32,Male,Business Owner,54457.27,Mass Market,Swat,Khyber Pakhtunkhwa,2017-10-27
C006595,30,Female,Salaried,53384.4,Mass Market,Islamabad,Islamabad Capital,2023-08-23
C006596,58,Male,Salaried,93289.15,Mass Market,Rawalpindi,Punjab,2023-07-14
C006597,38,Female,Business Owner,34577.45,Mass Market,Multan,Punjab,2016-11-18
C006598,22,Male,Salaried,19265.29,Mass Market,Sialkot,Punjab,2017-12-26
C006599,50,Male,Unemployed,31313.34,Affluent,Multan,Punjab,2021-07-29
C006600,26,Female,Business Owner,187438.23,Mass Affluent,Sialkot,Punjab,2019-07-02
C006601,54,Male,Self-Employed,30460.26,Mass Market,Lahore,Punjab,2019-03-11
C006602,39,Female,Business Owner,57229.64,Mass Market,Sialkot,Punjab,2018-08-26
C006603,25,Male,Unemployed,10294.85,Mass Market,Gujranwala,Punjab,2020-09-01
C006604,48,Female,Salaried,39832.69,Mass Market,Rawalpindi,Punjab,2020-12-22
C006605,45,Female,Salaried,135089.03,Mass Affluent,Mardan,Khyber Pakhtunkhwa,2019-03-11
C006606,21,Female,Business Owner,72774.84,Mass Market,Faisalabad,Punjab,2020-03-05
C006607,38,Male,Salaried,363308.25,Premium,Swat,Khyber Pakhtunkhwa,2015-07-07
C006608,42,Male,Business Owner,48428.31,Mass Market,Multan,Punjab,2018-06-03
C006609,42,Male,Self-Employed,31557.99,Mass Market,Multan,Punjab,2021-02-15
C006610,37,Female,Salaried,263029.85,Affluent,Sialkot,Punjab,2021-10-16
C006611,47,Male,Salaried,44423.43,Mass Market,Abbottabad,Khyber Pakhtunkhwa,2019-05-21
C006612,45,Male,Business Owner,64927.1,Mass Market,Rawalpindi,Punjab,2021-01-24
C006613,39,Male,Salaried,76369.1,Mass Market,Sukkur,Sindh,2016-03-15
C006614,36,Male,Salaried,220349.16,Mass Affluent,Rawalpindi,Punjab,2020-07-16
C006615,41,Female,Salaried,145563.33,Mass Market,Islamabad,Islamabad Capital,2020-11-22
C006616,32,Male,Salaried,302994.77,Affluent,Multan,Punjab,2019-12-26
C006617,28,Male,Self-Employed,115265.46,Mass Affluent,Sialkot,Punjab,2016-06-07
C006618,27,Male,Unemployed,24044.62,Affluent,Abbottabad,Khyber Pakhtunkhwa,2023-03-01
C006619,38,Male,Business Owner,90096.85,Mass Affluent,Multan,Punjab,2022-11-20
C006620,30,Male,Self-Employed,154135.68,Mass Affluent,Faisalabad,Punjab,2023-07-14
C006621,37,Female,Salaried,107714.29,Mass Affluent,Swat,Khyber Pakhtunkhwa,2015-03-11
C006622,54,Female,Unemployed,26277.4,Mass Market,Lahore,Punjab,2015-09-01
C006623,37,Female,Student,29218.66,Mass Affluent,Sialkot,Punjab,2018-10-15
C006624,41,Male,Student,32138.2,Mass Affluent,Gujranwala,Punjab,2023-09-01
C006625,36,Male,Salaried,70713.67,Mass Market,Sialkot,Punjab,2018-01-31
C006626,53,Male,Salaried,123973.82,Mass Affluent,Turbat,Balochistan,2017-11-15
C006627,57,Female,Salaried,28922.57,Mass Market,Sukkur,Sindh,2022-12-12
C006628,34,Female,Salaried,129251.64,Mass Affluent,Hyderabad,Sindh,2015-05-01
C006629,47,Female,Salaried,44241.82,Mass Market,Gujranwala,Punjab,2021-09-09
C006630,62,Female,Student,35165.56,Mass Market,Larkana,Sindh,2020-01-14
C006631,26,Male,Salaried,86779.19,Mass Market,Sukkur,Sindh,2017-05-19
C006632,50,Female,Salaried,25199.67,Mass Market,Sialkot,Punjab,2020-12-30
C006633,21,Male,Student,38592.09,Mass Market,Quetta,Balochistan,2018-01-18
C006634,39,Male,Retired,103868.84,Mass Market,Karachi,Sindh,2022-06-30
C006635,37,Female,Salaried,73965.46,Mass Affluent,Abbottabad,Khyber Pakhtunkhwa,2020-09-22
C006636,21,Female,Salaried,83772.72,Mass Market,Gujranwala,Punjab,2015-01-31
C006637,51,Female,Business Owner,384289.24,Premium,Gujranwala,Punjab,2023-09-16
C006638,41,Female,Unemployed,15774.53,Mass Affluent,Hyderabad,Sindh,2021-10-31
C006639,29,Female,Self-Employed,46936.38,Mass Market,Peshawar,Khyber Pakhtunkhwa,2018-08-28
C006640,43,Female,Salaried,33699.62,Mass Market,Rawalpindi,Punjab,2020-07-27
C006641,49,Female,Business Owner,134320.5,Mass Market,Multan,Punjab,2022-07-05
C006642,21,Male,Business Owner,33339.4,Mass Market,Mardan,Khyber Pakhtunkhwa,2019-05-24
C006643,21,Male,Salaried,44170.42,Mass Market,Lahore,Punjab,2021-06-16
C006644,39,Male,Salaried,103106.73,Mass Affluent,Faisalabad,Punjab,2021-05-09
C006645,31,Male,Student,55280.95,Mass Affluent,Hyderabad,Sindh,2019-05-24
C006646,54,Female,Business Owner,78247.86,Mass Market,Gujranwala,Punjab,2017-02-23
C006647,35,Female,Salaried,132892.56,Mass Affluent,Multan,Punjab,2017-01-07
C006648,42,Female,Business Owner,87880.65,Mass Market,Gujranwala,Punjab,2015-04-08
C006649,37,Male,Self-Employed,322504.84,Affluent,Turbat,Balochistan,2019-02-09
C006650,22,Female,Salaried,330964.68,Premium,Faisalabad,Punjab,2019-03-23
C006651,39,Female,Salaried,73942.69,Mass Market,Larkana,Sindh,2018-04-13
C006652,24,Male,Salaried,142078.67,Mass Affluent,Islamabad,Islamabad Capital,2020-06-24
C006653,24,Male,Unemployed,38631.66,Mass Affluent,Karachi,Sindh,2017-10-21
C006654,27,Female,Salaried,131941.7,Mass Market,Hyderabad,Sindh,2019-04-19
C006655,26,Male,Student,49757.45,Mass Market,Larkana,Sindh,2021-12-19
C006656,37,Female,Self-Employed,185933.78,Mass Affluent,Lahore,Punjab,2018-06-16
C006657,35,Female,Student,50681.0,Mass Market,Larkana,Sindh,2015-08-10
C006658,42,Male,Unemployed,27441.93,Mass Market,Islamabad,Islamabad Capital,2017-08-06
C006659,22,Male,Unemployed,43263.11,Mass Affluent,Mardan,Khyber Pakhtunkhwa,2018-09-30
C006660,36,Male,Student,29565.58,Mass Market,Rawalpindi,Punjab,2022-09-24
C006661,34,Male,Salaried,48553.92,Mass Market,Lahore,Punjab,2015-07-23
C006662,41,Female,Salaried,392898.04,Premium,Turbat,Balochistan,2016-07-11
C006663,42,Male,Salaried,60555.03,Mass Market,Rawalpindi,Punjab,2017-06-10
C006664,41,Male,Self-Employed,74991.72,Mass Market,Swat,Khyber Pakhtunkhwa,2015-01-18
C006665,28,Male,Salaried,130804.88,Mass Affluent,Sialkot,Punjab,2023-03-28
C006666,39,Female,Salaried,55984.02,Mass Market,Peshawar,Khyber Pakhtunkhwa,2015-12-22
C006667,33,Male,Salaried,131358.53,Mass Affluent,Mardan,Khyber Pakhtunkhwa,2020-09-27
C006668,53,Male,Business Owner,116568.88,Mass Affluent,Hyderabad,Sindh,2018-12-26
C006669,40,Male,Salaried,108103.15,Mass Market,Gujranwala,Punjab,2022-08-18
C006670,40,Male,Salaried,144059.44,Mass Affluent,Peshawar,Khyber Pakhtunkhwa,2020-01-15
C006671,25,Male,Self-Employed,232742.76,Affluent,Faisalabad,Punjab,2022-12-15
C006672,33,Male,Self-Employed,140856.22,Affluent,Faisalabad,Punjab,2021-04-11
C006673,42,Female,Student,32159.17,Mass Market,Sukkur,Sindh,2022-06-01
C006674,38,Female,Self-Employed,48190.0,Mass Market,Hyderabad,Sindh,2020-01-18
C006675,38,Female,Business Owner,47514.71,Mass Market,Hyderabad,Sindh,2015-09-23
C006676,21,Female,Salaried,400607.4,Affluent,Lahore,Punjab,2020-09-16
C006677,30,Male,Salaried,133999.22,Mass Affluent,Hyderabad,Sindh,2018-06-08
C006678,36,Female,Business Owner,31658.78,Mass Market,Gwadar,Balochistan,2016-01-20
C006679,52,Female,Salaried,354229.75,Affluent,Gujranwala,Punjab,2018-12-06
C006680,21,Female,Student,51181.38,Mass Market,Karachi,Sindh,2018-12-13
C006681,28,Male,Retired,133625.49,Mass Market,Sukkur,Sindh,2023-12-13
C006682,21,Female,Salaried,108527.75,Mass Affluent,Gwadar,Balochistan,2021-05-20
C006683,43,Female,Business Owner,62014.57,Mass Market,Karachi,Sindh,2022-01-01
C006684,52,Male,Salaried,128775.42,Mass Affluent,Swat,Khyber Pakhtunkhwa,2017-12-01
C006685,43,Male,Salaried,56716.0,Mass Market,Multan,Punjab,2018-11-20
C006686,45,Male,Salaried,140773.69,Mass Affluent,Multan,Punjab,2017-04-25
C006687,28,Female,Self-Employed,288849.45,Affluent,Islamabad,Islamabad Capital,2019-08-20
C006688,43,Female,Unemployed,24612.53,Mass Market,Gwadar,Balochistan,2017-06-25
C006689,31,Male,Salaried,65329.58,Mass Market,Larkana,Sindh,2017-10-10
C006690,40,Male,Business Owner,142802.89,Mass Affluent,Hyderabad,Sindh,2018-05-31
C006691,45,Male,Salaried,45820.27,Mass Market,Karachi,Sindh,2023-07-15
C006692,36,Female,Salaried,150246.09,Mass Affluent,Faisalabad,Punjab,2015-01-13
C006693,48,Male,Self-Employed,88108.57,Mass Affluent,Gwadar,Balochistan,2022-10-18
C006694,37,Female,Business Owner,92887.87,Mass Market,Mardan,Khyber Pakhtunkhwa,2023-02-19
C006695,42,Male,Business Owner,159291.71,Affluent,Hyderabad,Sindh,2017-04-03
C006696,60,Male,Retired,131001.47,Mass Market,Gujranwala,Punjab,2016-11-07
C006697,44,Male,Salaried,32306.68,Mass Market,Faisalabad,Punjab,2017-05-01
C006698,31,Male,Self-Employed,70372.97,Mass Market,Rawalpindi,Punjab,2022-09-16
C006699,34,Female,Salaried,110660.01,Mass Affluent,Mardan,Khyber Pakhtunkhwa,2016-05-06
C006700,49,Male,Business Owner,363377.41,Affluent,Hyderabad,Sindh,2015-07-04
C006701,50,Female,Salaried,41414.04,Mass Market,Faisalabad,Punjab,2016-05-28
C006702,39,Female,Salaried,73427.99,Mass Market,Larkana,Sindh,2017-07-06
C006703,22,Female,Business Owner,74789.87,Mass Market,Islamabad,Islamabad Capital,2021-02-20
C006704,29,Female,Salaried,140895.38,Mass Affluent,Gujranwala,Punjab,2019-11-21
C006705,41,Male,Business Owner,60708.06,Mass Market,Sukkur,Sindh,2019-05-17
C006706,45,Female,Unemployed,31429.68,Mass Market,Sukkur,Sindh,2016-04-19
C006707,50,Male,Salaried,42448.07,Mass Market,Lahore,Punjab,2021-10-30
C006708,21,Female,Self-Employed,39874.7,Mass Market,Karachi,Sindh,2023-11-19
C006709,49,Female,Unemployed,22356.77,Mass Affluent,Hyderabad,Sindh,2018-06-19
C006710,55,Female,Business Owner,113004.98,Mass Affluent,Lahore,Punjab,2020-01-20
C006711,21,Male,Salaried,71281.26,Mass Market,Rawalpindi,Punjab,2017-09-08
C006712,39,Female,Business Owner,108171.74,Mass Market,Peshawar,Khyber Pakhtunkhwa,2022-04-05
C006713,47,Female,Self-Employed,50431.94,Mass Market,Gujranwala,Punjab,2020-03-08
C006714,23,Male,Business Owner,103492.6,Mass Affluent,Larkana,Sindh,2017-07-01
C006715,34,Male,Self-Employed,53043.74,Mass Market,Karachi,Sindh,2017-10-17
C006716,45,Male,Salaried,60895.15,Mass Market,Swat,Khyber Pakhtunkhwa,2016-09-16
C006717,33,Female,Business Owner,164170.78,Mass Affluent,Abbottabad,Khyber Pakhtunkhwa,2023-06-23
C006718,35,Male,Salaried,59356.26,Mass Market,Peshawar,Khyber Pakhtunkhwa,2022-08-16
C006719,41,Male,Student,55463.84,Mass Affluent,Hyderabad,Sindh,2018-11-10
C006720,26,Female,Business Owner,70405.22,Mass Market,Hyderabad,Sindh,2016-12-26
C006721,27,Male,Unemployed,26617.72,Mass Market,Faisalabad,Punjab,2016-10-18
C006722,44,Female,Salaried,128191.79,Mass Affluent,Rawalpindi,Punjab,2018-06-12
C006723,49,Female,Salaried,88132.42,Mass Market,Sialkot,Punjab,2015-09-27
C006724,43,Male,Salaried,55497.66,Mass Market,Gujranwala,Punjab,2021-08-30
C006725,54,Male,Salaried,101771.43,Mass Affluent,Rawalpindi,Punjab,2015-10-11
C006726,44,Male,Salaried,84637.34,Mass Market,Rawalpindi,Punjab,2017-02-06
C006727,59,Male,Self-Employed,273970.37,Affluent,Faisalabad,Punjab,2018-07-29
C006728,40,Male,Salaried,65860.91,Mass Market,Sialkot,Punjab,2020-11-21
C006729,42,Female,Unemployed,39418.31,Affluent,Swat,Khyber Pakhtunkhwa,2018-11-06
C006730,43,Male,Salaried,137050.32,Mass Affluent,Karachi,Sindh,2023-08-08
C006731,32,Female,Salaried,56691.83,Mass Market,Mardan,Khyber Pakhtunkhwa,2018-05-09
C006732,30,Female,Business Owner,106068.37,Mass Affluent,Hyderabad,Sindh,2019-11-04
C006733,29,Male,Salaried,194605.25,Mass Affluent,Peshawar,Khyber Pakhtunkhwa,2019-04-20
C006734,33,Female,Business Owner,52693.31,Mass Market,Peshawar,Khyber Pakhtunkhwa,2017-06-07
C006735,62,Male,Business Owner,58846.15,Mass Market,Gujranwala,Punjab,2020-06-27
C006736,59,Male,Business Owner,312253.24,Affluent,Islamabad,Islamabad Capital,2023-06-16
C006737,35,Male,Business Owner,144747.79,Mass Affluent,Faisalabad,Punjab,2016-09-19
C006738,34,Male,Business Owner,918698.04,Premium,Karachi,Sindh,2023-03-31
C006739,21,Female,Unemployed,38059.46,Affluent,Peshawar,Khyber Pakhtunkhwa,2022-06-12
C006740,28,Male,Salaried,219326.3,Mass Affluent,Lahore,Punjab,2020-08-14
C006741,30,Male,Salaried,118274.34,Mass Affluent,Karachi,Sindh,2021-08-07
C006742,34,Female,Business Owner,149668.65,Mass Affluent,Rawalpindi,Punjab,2021-10-04
C006743,33,Male,Salaried,261113.57,Affluent,Sialkot,Punjab,2018-01-29
C006744,41,Male,Self-Employed,287990.54,Mass Affluent,Faisalabad,Punjab,2021-10-07
C006745,48,Male,Self-Employed,52515.2,Mass Market,Gujranwala,Punjab,2018-12-16
C006746,31,Female,Salaried,117761.22,Mass Affluent,Sialkot,Punjab,2019-01-02
C006747,55,Female,Salaried,62673.97,Mass Market,Sukkur,Sindh,2023-04-16
C006748,43,Male,Business Owner,253006.63,Affluent,Larkana,Sindh,2017-05-21
C006749,49,Male,Salaried,146502.13,Mass Affluent,Hyderabad,Sindh,2015-09-16
C006750,34,Female,Salaried,207387.28,Mass Affluent,Karachi,Sindh,2015-08-08
C006751,45,Male,Business Owner,63454.32,Mass Market,Lahore,Punjab,2018-08-30
C006752,44,Male,Business Owner,64351.94,Mass Market,Sialkot,Punjab,2015-06-05
C006753,55,Female,Self-Employed,54996.39,Mass Market,Swat,Khyber Pakhtunkhwa,2023-05-06
C006754,46,Male,Salaried,107297.62,Mass Affluent,Gwadar,Balochistan,2015-06-24
C006755,48,Male,Salaried,134857.11,Mass Affluent,Hyderabad,Sindh,2022-02-03
C006756,33,Female,Business Owner,60173.51,Mass Market,Lahore,Punjab,2017-02-24
C006757,52,Male,Salaried,93708.04,Mass Market,Mardan,Khyber Pakhtunkhwa,2021-07-23
C006758,25,Male,Retired,37078.99,Mass Affluent,Gwadar,Balochistan,2016-01-06
C006759,33,Female,Business Owner,104278.77,Mass Market,Sialkot,Punjab,2023-07-04
C006760,42,Male,Salaried,264806.63,Affluent,Multan,Punjab,2015-06-06
C006761,26,Female,Self-Employed,296258.62,Affluent,Gujranwala,Punjab,2018-03-20
C006762,29,Male,Retired,133890.76,Mass Affluent,Larkana,Sindh,2020-03-31
C006763,29,Female,Student,19796.28,Mass Market,Gwadar,Balochistan,2020-09-06
C006764,43,Female,Self-Employed,41652.59,Mass Market,Sukkur,Sindh,2018-01-21
C006765,37,Male,Salaried,322685.42,Affluent,Rawalpindi,Punjab,2015-06-11
C006766,50,Male,Business Owner,694031.55,Premium,Larkana,Sindh,2023-12-28
C006767,60,Male,Self-Employed,53016.78,Mass Market,Peshawar,Khyber Pakhtunkhwa,2022-10-20
C006768,42,Female,Self-Employed,59307.17,Mass Affluent,Karachi,Sindh,2021-01-02
C006769,33,Female,Salaried,136371.39,Mass Market,Peshawar,Khyber Pakhtunkhwa,2017-12-29
C006770,43,Female,Retired,126732.53,Mass Market,Sialkot,Punjab,2023-06-13
C006771,29,Female,Self-Employed,693253.3,Premium,Multan,Punjab,2016-08-05
C006772,38,Male,Salaried,212186.01,Affluent,Hyderabad,Sindh,2015-08-01
C006773,66,Male,Salaried,930752.07,Premium,Larkana,Sindh,2022-02-27
C006774,37,Female,Salaried,51942.63,Mass Market,Islamabad,Islamabad Capital,2017-05-10
C006775,42,Female,Salaried,45087.01,Mass Market,Sukkur,Sindh,2021-10-08
C006776,37,Male,Salaried,351057.19,Affluent,Multan,Punjab,2022-01-11
C006777,34,Male,Self-Employed,80173.32,Mass Affluent,Gujranwala,Punjab,2016-03-18
C006778,44,Male,Salaried,51279.89,Mass Market,Hyderabad,Sindh,2020-07-24
C006779,25,Female,Salaried,77994.45,Mass Market,Sialkot,Punjab,2019-01-25
C006780,37,Female,Salaried,106372.25,Mass Market,Peshawar,Khyber Pakhtunkhwa,2018-04-05
C006781,24,Female,Salaried,90180.94,Mass Affluent,Rawalpindi,Punjab,2019-03-22
C006782,56,Female,Salaried,221937.82,Affluent,Rawalpindi,Punjab,2022-07-25
C006783,50,Male,Salaried,68590.69,Mass Market,Larkana,Sindh,2016-03-12
C006784,31,Female,Business Owner,28087.48,Mass Market,Sialkot,Punjab,2019-07-03
C006785,21,Male,Salaried,100508.44,Mass Market,Larkana,Sindh,2021-07-13
C006786,44,Male,Business Owner,88918.97,Mass Affluent,Hyderabad,Sindh,2023-03-31
C006787,39,Female,Salaried,50811.81,Mass Market,Sukkur,Sindh,2020-01-06
C006788,64,Female,Salaried,66251.99,Mass Market,Mardan,Khyber Pakhtunkhwa,2019-12-04
C006789,54,Female,Salaried,132555.89,Mass Affluent,Swat,Khyber Pakhtunkhwa,2016-08-11
C006790,46,Female,Salaried,41602.93,Mass Market,Swat,Khyber Pakhtunkhwa,2020-04-15
C006791,33,Male,Self-Employed,250056.98,Mass Affluent,Rawalpindi,Punjab,2023-09-19
C006792,36,Male,Business Owner,48861.22,Mass Affluent,Sialkot,Punjab,2017-10-14
C006793,42,Male,Self-Employed,39172.76,Mass Market,Swat,Khyber Pakhtunkhwa,2019-06-05
C006794,43,Male,Salaried,102059.91,Mass Affluent,Karachi,Sindh,2015-09-20
C006795,31,Female,Salaried,90617.44,Mass Affluent,Sukkur,Sindh,2017-07-13
C006796,24,Male,Retired,119446.08,Mass Affluent,Larkana,Sindh,2015-02-13
C006797,60,Male,Salaried,69225.12,Mass Affluent,Abbottabad,Khyber Pakhtunkhwa,2022-12-08
C006798,39,Female,Salaried,108438.21,Mass Market,Rawalpindi,Punjab,2017-08-06
C006799,44,Female,Salaried,53982.17,Mass Market,Larkana,Sindh,2023-05-28
C006800,30,Male,Unemployed,35275.5,Mass Market,Multan,Punjab,2022-08-25
C006801,54,Female,Retired,140109.57,Mass Market,Multan,Punjab,2016-07-02
C006802,50,Male,Salaried,55290.16,Mass Market,Karachi,Sindh,2018-01-15
C006803,40,Female,Salaried,45951.93,Mass Market,Hyderabad,Sindh,2018-12-22
C006804,41,Male,Business Owner,142223.89,Mass Affluent,Lahore,Punjab,2022-07-02
C006805,42,Female,Salaried,50558.3,Mass Market,Turbat,Balochistan,2023-09-01
C006806,40,Male,Salaried,402620.58,Affluent,Swat,Khyber Pakhtunkhwa,2023-12-01
C006807,45,Female,Salaried,123148.11,Mass Affluent,Larkana,Sindh,2019-03-16
C006808,43,Male,Salaried,51073.17,Mass Market,Islamabad,Islamabad Capital,2018-11-17
C006809,37,Male,Salaried,188174.76,Mass Affluent,Faisalabad,Punjab,2016-04-11
C006810,26,Male,Self-Employed,65434.46,Mass Market,Peshawar,Khyber Pakhtunkhwa,2018-12-02
C006811,39,Female,Business Owner,375834.78,Affluent,Sialkot,Punjab,2016-09-13
C006812,47,Male,Self-Employed,433235.16,Affluent,Sialkot,Punjab,2022-08-29
C006813,46,Male,Salaried,250421.49,Affluent,Faisalabad,Punjab,2018-04-06
C006814,53,Female,Salaried,131903.24,Mass Affluent,Multan,Punjab,2020-01-15
C006815,55,Female,Student,40826.85,Affluent,Hyderabad,Sindh,2017-01-16
C006816,47,Female,Salaried,51227.94,Mass Affluent,Sialkot,Punjab,2022-06-27
C006817,41,Female,Salaried,269378.65,Affluent,Sukkur,Sindh,2021-09-24
C006818,43,Female,Salaried,55085.97,Mass Market,Sialkot,Punjab,2021-04-26
C006819,33,Female,Salaried,322766.62,Affluent,Multan,Punjab,2022-08-06
C006820,48,Male,Salaried,95881.47,Mass Affluent,Islamabad,Islamabad Capital,2018-05-15
C006821,54,Male,Salaried,90977.71,Mass Market,Sukkur,Sindh,2023-07-28
C006822,50,Male,Self-Employed,472199.56,Premium,Quetta,Balochistan,2020-10-22
C006823,45,Female,Salaried,109192.01,Mass Affluent,Hyderabad,Sindh,2015-11-09
C006824,36,Female,Business Owner,217525.01,Affluent,Gujranwala,Punjab,2015-04-02
C006825,35,Male,Self-Employed,95746.08,Mass Market,Sukkur,Sindh,2021-10-24
C006826,37,Female,Salaried,58851.38,Mass Affluent,Karachi,Sindh,2019-07-06
C006827,31,Male,Business Owner,256351.32,Mass Affluent,Gujranwala,Punjab,2023-06-04
C006828,42,Female,Retired,67325.55,Mass Market,Peshawar,Khyber Pakhtunkhwa,2021-05-13
C006829,21,Male,Salaried,104887.21,Mass Affluent,Larkana,Sindh,2019-12-18
C006830,33,Female,Self-Employed,192051.87,Mass Affluent,Peshawar,Khyber Pakhtunkhwa,2015-08-30
C006831,40,Male,Self-Employed,63040.58,Mass Market,Hyderabad,Sindh,2022-04-22
C006832,67,Male,Self-Employed,243627.58,Mass Affluent,Karachi,Sindh,2015-08-03
C006833,39,Female,Salaried,86107.19,Mass Market,Rawalpindi,Punjab,2016-06-10
C006834,39,Male,Salaried,644312.94,Affluent,Islamabad,Islamabad Capital,2023-04-09
C006835,30,Male,Salaried,154651.45,Affluent,Rawalpindi,Punjab,2018-07-23
C006836,58,Male,Salaried,64525.2,Mass Market,Sialkot,Punjab,2022-06-26
C006837,30,Male,Salaried,31161.56,Mass Market,Gujranwala,Punjab,2019-11-30
C006838,61,Male,Student,40473.24,Mass Market,Karachi,Sindh,2019-04-23
C006839,31,Male,Salaried,141063.85,Mass Market,Islamabad,Islamabad Capital,2016-10-25
C006840,49,Female,Salaried,334523.05,Affluent,Gwadar,Balochistan,2016-02-24
C006841,38,Male,Salaried,87223.19,Mass Market,Karachi,Sindh,2015-04-19
C006842,33,Female,Salaried,72940.3,Mass Market,Islamabad,Islamabad Capital,2015-04-12
C006843,50,Male,Business Owner,71201.94,Mass Market,Peshawar,Khyber Pakhtunkhwa,2015-01-05
C006844,54,Female,Student,45414.19,Mass Affluent,Gujranwala,Punjab,2023-07-21
C006845,37,Female,Salaried,99310.4,Mass Affluent,Hyderabad,Sindh,2017-04-19
C006846,39,Female,Salaried,48699.3,Mass Market,Rawalpindi,Punjab,2022-12-06
C006847,34,Female,Salaried,21259.31,Mass Market,Multan,Punjab,2017-10-05
C006848,41,Male,Unemployed,21490.93,Mass Market,Sialkot,Punjab,2019-08-06
C006849,27,Male,Salaried,65725.54,Mass Market,Sialkot,Punjab,2019-03-08
C006850,21,Female,Salaried,47419.85,Mass Market,Islamabad,Islamabad Capital,2022-06-24
C006851,21,Female,Salaried,123701.99,Mass Affluent,Islamabad,Islamabad Capital,2022-08-19
C006852,37,Male,Salaried,158705.92,Mass Affluent,Sialkot,Punjab,2016-02-04
C006853,27,Female,Salaried,83979.23,Mass Market,Sukkur,Sindh,2018-09-30
C006854,38,Male,Retired,56787.0,Mass Affluent,Rawalpindi,Punjab,2022-12-03
C006855,33,Female,Salaried,96112.53,Mass Affluent,Gujranwala,Punjab,2015-10-02
C006856,31,Female,Salaried,79875.5,Mass Market,Rawalpindi,Punjab,2022-05-11
C006857,32,Female,Salaried,75050.96,Mass Market,Faisalabad,Punjab,2017-12-08
C006858,50,Male,Salaried,216676.61,Mass Affluent,Faisalabad,Punjab,2021-04-27
C006859,42,Female,Retired,86211.37,Mass Market,Faisalabad,Punjab,2017-10-02
C006860,56,Female,Business Owner,325442.65,Mass Affluent,Multan,Punjab,2019-10-14
C006861,40,Female,Retired,137288.36,Mass Affluent,Multan,Punjab,2020-02-16
C006862,21,Male,Student,42262.31,Affluent,Turbat,Balochistan,2017-02-11
C006863,28,Male,Self-Employed,42297.96,Mass Market,Faisalabad,Punjab,2020-11-01
C006864,40,Female,Self-Employed,149020.61,Mass Market,Lahore,Punjab,2015-11-15
C006865,42,Female,Self-Employed,332810.89,Affluent,Larkana,Sindh,2015-01-02
C006866,33,Female,Business Owner,73722.8,Mass Market,Rawalpindi,Punjab,2021-01-05
C006867,30,Male,Business Owner,87401.84,Mass Market,Sukkur,Sindh,2019-11-09
C006868,32,Male,Self-Employed,77672.12,Mass Affluent,Lahore,Punjab,2020-04-25
C006869,37,Female,Salaried,39882.5,Mass Market,Hyderabad,Sindh,2017-03-20
C006870,38,Female,Business Owner,135841.73,Mass Affluent,Karachi,Sindh,2015-05-25
C006871,27,Male,Salaried,319310.2,Affluent,Larkana,Sindh,2021-11-07
C006872,42,Male,Self-Employed,286834.37,Mass Affluent,Hyderabad,Sindh,2017-07-31
C006873,42,Female,Self-Employed,41831.46,Mass Market,Larkana,Sindh,2018-01-13
C006874,38,Male,Self-Employed,1122176.05,Premium,Faisalabad,Punjab,2022-11-08
C006875,31,Male,Self-Employed,117520.24,Mass Affluent,Faisalabad,Punjab,2023-03-29
C006876,46,Female,Business Owner,53953.65,Mass Market,Hyderabad,Sindh,2018-03-23
C006877,54,Female,Business Owner,122152.98,Mass Affluent,Multan,Punjab,2018-07-29
C006878,34,Male,Salaried,53428.23,Mass Market,Multan,Punjab,2023-10-07
C006879,32,Female,Salaried,72184.77,Mass Market,Larkana,Sindh,2018-02-25
C006880,44,Female,Salaried,111883.27,Mass Affluent,Lahore,Punjab,2020-01-29
C006881,26,Female,Salaried,35105.96,Mass Market,Gujranwala,Punjab,2016-03-17
C006882,25,Male,Salaried,54194.37,Mass Market,Karachi,Sindh,2022-11-13
C006883,32,Female,Business Owner,154633.42,Mass Affluent,Sialkot,Punjab,2016-07-28
C006884,42,Male,Business Owner,35214.57,Mass Market,Abbottabad,Khyber Pakhtunkhwa,2017-10-29
C006885,29,Male,Salaried,162167.52,Mass Affluent,Quetta,Balochistan,2021-01-24
C006886,39,Female,Student,55068.27,Mass Market,Islamabad,Islamabad Capital,2022-09-29
C006887,21,Male,Salaried,228128.29,Mass Affluent,Faisalabad,Punjab,2020-02-21
C006888,46,Male,Business Owner,318334.25,Affluent,Sialkot,Punjab,2022-09-08
C006889,55,Male,Salaried,30222.22,Mass Market,Sukkur,Sindh,2019-12-13
C006890,29,Male,Business Owner,166272.84,Mass Affluent,Sukkur,Sindh,2019-04-12
C006891,44,Female,Salaried,86649.36,Mass Market,Sukkur,Sindh,2016-03-13
C006892,37,Female,Salaried,46046.95,Mass Market,Lahore,Punjab,2018-04-16
C006893,40,Male,Salaried,58365.5,Mass Market,Sialkot,Punjab,2015-12-14
C006894,36,Female,Business Owner,72104.2,Mass Market,Lahore,Punjab,2017-05-21
C006895,36,Female,Retired,84389.46,Mass Market,Rawalpindi,Punjab,2018-12-10
C006896,30,Male,Self-Employed,117955.99,Mass Affluent,Multan,Punjab,2023-06-20
C006897,27,Female,Business Owner,182401.75,Mass Affluent,Turbat,Balochistan,2023-07-30
C006898,51,Male,Salaried,704821.62,Premium,Rawalpindi,Punjab,2020-03-09
C006899,21,Female,Business Owner,302043.81,Affluent,Larkana,Sindh,2018-10-13
C006900,39,Male,Student,57455.55,Mass Market,Islamabad,Islamabad Capital,2018-02-24
C006901,38,Female,Salaried,43746.17,Mass Market,Lahore,Punjab,2023-02-17
C006902,38,Male,Salaried,65490.1,Mass Market,Sukkur,Sindh,2018-04-29
C006903,46,Female,Salaried,131349.91,Mass Affluent,Karachi,Sindh,2023-09-15
C006904,35,Female,Salaried,157931.28,Affluent,Sialkot,Punjab,2019-02-05
C006905,46,Male,Salaried,95844.42,Mass Market,Karachi,Sindh,2015-12-31
C006906,61,Female,Business Owner,82217.74,Mass Market,Mardan,Khyber Pakhtunkhwa,2018-08-19
C006907,37,Male,Business Owner,60777.44,Mass Market,Peshawar,Khyber Pakhtunkhwa,2023-04-26
C006908,21,Male,Salaried,253525.8,Affluent,Peshawar,Khyber Pakhtunkhwa,2018-06-29
C006909,37,Female,Retired,123944.78,Mass Market,Islamabad,Islamabad Capital,2021-06-28
C006910,36,Male,Student,29020.0,Mass Affluent,Gujranwala,Punjab,2023-12-10
C006911,43,Male,Self-Employed,61218.21,Mass Market,Abbottabad,Khyber Pakhtunkhwa,2015-11-09
C006912,21,Male,Unemployed,24584.13,Mass Market,Sukkur,Sindh,2022-12-21
C006913,43,Male,Student,59892.91,Mass Market,Hyderabad,Sindh,2021-07-19
C006914,34,Female,Salaried,129402.43,Mass Affluent,Abbottabad,Khyber Pakhtunkhwa,2020-12-03
C006915,48,Female,Retired,144212.54,Mass Affluent,Peshawar,Khyber Pakhtunkhwa,2019-06-09
C006916,33,Male,Salaried,68102.07,Mass Market,Turbat,Balochistan,2021-02-28
C006917,49,Male,Salaried,44389.3,Mass Market,Sialkot,Punjab,2016-04-04
C006918,22,Female,Salaried,41749.86,Mass Market,Karachi,Sindh,2023-05-12
C006919,39,Female,Business Owner,201892.37,Mass Market,Faisalabad,Punjab,2017-02-21
C006920,28,Male,Unemployed,23178.9,Mass Market,Larkana,Sindh,2016-05-16
C006921,34,Male,Salaried,63373.37,Mass Market,Swat,Khyber Pakhtunkhwa,2021-05-16
C006922,69,Female,Self-Employed,179633.85,Mass Affluent,Swat,Khyber Pakhtunkhwa,2015-09-10
C006923,29,Male,Salaried,191616.26,Mass Affluent,Lahore,Punjab,2017-11-14
C006924,35,Female,Student,52010.85,Mass Affluent,Larkana,Sindh,2017-03-14
C006925,26,Male,Salaried,144746.17,Mass Affluent,Lahore,Punjab,2023-07-26
C006926,36,Male,Self-Employed,565735.63,Premium,Rawalpindi,Punjab,2017-04-10
C006927,37,Male,Self-Employed,1007176.76,Premium,Faisalabad,Punjab,2022-05-19
C006928,31,Female,Salaried,97195.96,Mass Market,Turbat,Balochistan,2020-03-23
C006929,56,Male,Retired,138716.16,Mass Market,Faisalabad,Punjab,2019-12-26
C006930,52,Female,Unemployed,17314.67,Mass Market,Islamabad,Islamabad Capital,2021-03-06
C006931,29,Female,Salaried,638138.59,Affluent,Multan,Punjab,2020-08-18
C006932,48,Male,Business Owner,58284.21,Mass Market,Mardan,Khyber Pakhtunkhwa,2017-05-01
C006933,34,Male,Student,36845.09,Mass Market,Hyderabad,Sindh,2023-04-08
C006934,25,Female,Salaried,109014.46,Mass Affluent,Karachi,Sindh,2015-04-30
C006935,31,Male,Salaried,79400.7,Mass Affluent,Larkana,Sindh,2017-11-19
C006936,25,Female,Business Owner,280928.87,Mass Affluent,Karachi,Sindh,2017-09-26
C006937,49,Female,Self-Employed,167080.84,Mass Affluent,Quetta,Balochistan,2022-04-12
C006938,29,Female,Business Owner,158348.93,Mass Affluent,Larkana,Sindh,2019-05-11
C006939,53,Male,Self-Employed,244155.53,Affluent,Gujranwala,Punjab,2019-01-14
C006940,41,Female,Business Owner,43518.58,Mass Market,Rawalpindi,Punjab,2015-02-15
C006941,35,Female,Salaried,210543.85,Affluent,Karachi,Sindh,2022-11-03
C006942,33,Female,Salaried,137027.61,Mass Affluent,Karachi,Sindh,2018-08-26
C006943,58,Female,Salaried,56671.32,Mass Market,Hyderabad,Sindh,2015-08-03
C006944,39,Male,Salaried,298966.42,Premium,Larkana,Sindh,2017-05-24
C006945,33,Female,Business Owner,532944.93,Affluent,Multan,Punjab,2021-06-17
C006946,48,Male,Student,48340.1,Affluent,Mardan,Khyber Pakhtunkhwa,2015-03-11
C006947,45,Male,Salaried,448265.28,Affluent,Mardan,Khyber Pakhtunkhwa,2022-04-10
C006948,28,Female,Self-Employed,45887.75,Mass Market,Abbottabad,Khyber Pakhtunkhwa,2019-02-23
C006949,39,Female,Salaried,63636.34,Mass Market,Mardan,Khyber Pakhtunkhwa,2020-07-08
C006950,21,Female,Salaried,86818.77,Mass Market,Turbat,Balochistan,2021-09-12
C006951,39,Female,Retired,34607.7,Affluent,Hyderabad,Sindh,2017-08-22
C006952,42,Male,Salaried,252892.51,Affluent,Islamabad,Islamabad Capital,2019-10-10
C006953,44,Female,Business Owner,758454.9,Premium,Gujranwala,Punjab,2016-05-01
C006954,28,Male,Salaried,362001.86,Affluent,Larkana,Sindh,2019-07-15
C006955,31,Female,Salaried,122893.88,Mass Affluent,Peshawar,Khyber Pakhtunkhwa,2021-08-25
C006956,42,Female,Self-Employed,39296.35,Mass Market,Hyderabad,Sindh,2016-05-04
C006957,53,Male,Business Owner,47323.6,Mass Market,Multan,Punjab,2016-02-26
C006958,40,Male,Self-Employed,51947.71,Mass Market,Hyderabad,Sindh,2015-12-19
C006959,33,Female,Student,50672.84,Mass Affluent,Lahore,Punjab,2022-08-06
C006960,50,Female,Student,22130.22,Mass Market,Quetta,Balochistan,2022-12-01
C006961,40,Female,Self-Employed,395295.24,Affluent,Sialkot,Punjab,2019-07-05
C006962,41,Female,Salaried,95338.17,Mass Affluent,Rawalpindi,Punjab,2020-01-24
C006963,48,Male,Salaried,120569.1,Mass Market,Larkana,Sindh,2018-06-09
C006964,38,Male,Self-Employed,271736.9,Affluent,Multan,Punjab,2019-08-14
C006965,29,Male,Self-Employed,167838.63,Mass Affluent,Gujranwala,Punjab,2017-02-16
C006966,37,Female,Salaried,90987.26,Mass Affluent,Hyderabad,Sindh,2019-03-23
C006967,51,Male,Salaried,50526.33,Mass Market,Hyderabad,Sindh,2015-02-23
C006968,60,Female,Salaried,89011.11,Mass Market,Rawalpindi,Punjab,2019-08-31
C006969,26,Female,Salaried,42964.45,Mass Market,Hyderabad,Sindh,2023-02-22
C006970,57,Female,Salaried,132754.23,Mass Affluent,Hyderabad,Sindh,2021-05-02
C006971,35,Male,Student,34990.73,Mass Affluent,Abbottabad,Khyber Pakhtunkhwa,2020-06-09
C006972,39,Male,Business Owner,423704.24,Premium,Rawalpindi,Punjab,2017-02-18
C006973,58,Female,Unemployed,21882.54,Affluent,Faisalabad,Punjab,2021-04-22
C006974,34,Male,Self-Employed,84702.97,Mass Market,Islamabad,Islamabad Capital,2023-05-18
C006975,36,Male,Salaried,1500000.0,Premium,Sukkur,Sindh,2023-10-05
C006976,32,Male,Business Owner,71429.7,Mass Market,Gujranwala,Punjab,2023-07-16
C006977,39,Female,Student,47528.12,Mass Market,Swat,Khyber Pakhtunkhwa,2016-12-19
C006978,42,Female,Self-Employed,92905.89,Mass Affluent,Rawalpindi,Punjab,2016-12-24
C006979,31,Female,Salaried,489442.02,Affluent,Swat,Khyber Pakhtunkhwa,2015-07-26
C006980,55,Male,Self-Employed,242649.62,Affluent,Larkana,Sindh,2023-03-03
C006981,31,Male,Salaried,435721.02,Affluent,Islamabad,Islamabad Capital,2019-05-12
C006982,44,Male,Salaried,75574.41,Mass Market,Islamabad,Islamabad Capital,2020-03-06
C006983,39,Female,Salaried,76278.37,Mass Market,Sialkot,Punjab,2018-10-15
C006984,53,Male,Salaried,75173.66,Mass Market,Swat,Khyber Pakhtunkhwa,2021-01-02
C006985,30,Male,Student,23191.9,Mass Affluent,Gujranwala,Punjab,2015-07-29
C006986,45,Female,Salaried,66822.03,Mass Market,Hyderabad,Sindh,2017-12-10
C006987,66,Female,Salaried,86718.26,Mass Market,Larkana,Sindh,2019-04-02
C006988,23,Male,Business Owner,45533.4,Mass Market,Multan,Punjab,2016-05-11
C006989,29,Female,Student,34385.18,Mass Affluent,Faisalabad,Punjab,2019-11-14
C006990,62,Female,Self-Employed,227104.0,Mass Affluent,Rawalpindi,Punjab,2021-03-30
C006991,38,Male,Salaried,64074.66,Mass Market,Rawalpindi,Punjab,2016-01-19
C006992,40,Female,Salaried,53010.36,Mass Market,Multan,Punjab,2022-06-12
C006993,35,Male,Self-Employed,192632.61,Mass Affluent,Turbat,Balochistan,2021-04-03
C006994,57,Female,Student,24747.8,Mass Affluent,Larkana,Sindh,2015-08-29
C006995,21,Male,Salaried,36613.36,Mass Market,Swat,Khyber Pakhtunkhwa,2018-02-10
C006996,53,Male,Retired,31850.28,Mass Market,Swat,Khyber Pakhtunkhwa,2021-09-19
C006997,23,Male,Self-Employed,295000.76,Affluent,Abbottabad,Khyber Pakhtunkhwa,2020-01-29
C006998,22,Male,Business Owner,170384.4,Mass Affluent,Multan,Punjab,2015-03-17
C006999,27,Female,Salaried,60244.57,Mass Market,Peshawar,Khyber Pakhtunkhwa,2020-09-24
C007000,38,Male,Retired,130438.99,Mass Affluent,Mardan,Khyber Pakhtunkhwa,2017-08-21
C007001,31,Female,Self-Employed,64829.11,Mass Affluent,Abbottabad,Khyber Pakhtunkhwa,2018-03-23
C007002,30,Male,Salaried,42703.0,Mass Market,Quetta,Balochistan,2015-06-17
C007003,29,Female,Salaried,79486.17,Mass Market,Hyderabad,Sindh,2021-08-13
C007004,29,Male,Salaried,758191.06,Affluent,Larkana,Sindh,2017-07-16
C007005,29,Female,Salaried,68986.39,Mass Market,Turbat,Balochistan,2020-11-23
C007006,42,Male,Salaried,46112.26,Mass Market,Sukkur,Sindh,2018-11-21
C007007,32,Male,Salaried,136864.36,Mass Affluent,Abbottabad,Khyber Pakhtunkhwa,2015-07-09
C007008,21,Male,Salaried,42727.53,Mass Market,Gujranwala,Punjab,2015-12-25
C007009,39,Female,Self-Employed,209027.82,Mass Affluent,Faisalabad,Punjab,2016-03-16
C007010,47,Male,Business Owner,61106.29,Mass Market,Hyderabad,Sindh,2015-04-11
C007011,36,Female,Self-Employed,89529.09,Mass Market,Rawalpindi,Punjab,2015-05-28
C007012,25,Male,Salaried,56601.28,Mass Market,Islamabad,Islamabad Capital,2015-03-24
C007013,47,Female,Salaried,964583.75,Premium,Faisalabad,Punjab,2022-10-28
C007014,24,Male,Self-Employed,70145.26,Mass Affluent,Mardan,Khyber Pakhtunkhwa,2023-05-03
C007015,35,Male,Business Owner,282616.61,Affluent,Gujranwala,Punjab,2018-02-21
C007016,39,Female,Salaried,73654.72,Mass Market,Islamabad,Islamabad Capital,2015-09-29
C007017,51,Male,Retired,53065.0,Mass Affluent,Gujranwala,Punjab,2019-10-11
C007018,45,Male,Business Owner,68783.12,Mass Market,Multan,Punjab,2021-05-24
C007019,42,Female,Student,23156.02,Mass Affluent,Lahore,Punjab,2019-10-03
C007020,49,Female,Self-Employed,89380.38,Mass Market,Larkana,Sindh,2018-09-08
C007021,26,Male,Salaried,164632.3,Mass Affluent,Islamabad,Islamabad Capital,2019-04-04
C007022,56,Male,Retired,30844.86,Mass Market,Islamabad,Islamabad Capital,2015-11-24
C007023,21,Male,Retired,87837.1,Mass Market,Rawalpindi,Punjab,2018-08-06
C007024,55,Male,Student,24910.27,Mass Affluent,Hyderabad,Sindh,2015-12-26
C007025,30,Female,Student,39144.07,Mass Market,Rawalpindi,Punjab,2018-02-08
C007026,43,Male,Retired,115441.16,Mass Market,Larkana,Sindh,2016-01-26
C007027,55,Female,Business Owner,344901.31,Affluent,Sukkur,Sindh,2017-05-01
C007028,45,Female,Salaried,70217.24,Mass Market,Lahore,Punjab,2017-02-16
C007029,43,Female,Self-Employed,220070.2,Mass Affluent,Karachi,Sindh,2016-05-19
C007030,49,Male,Self-Employed,320032.54,Affluent,Turbat,Balochistan,2020-10-23
C007031,23,Male,Business Owner,102256.86,Mass Affluent,Gujranwala,Punjab,2017-06-28
C007032,24,Male,Salaried,63134.34,Mass Market,Faisalabad,Punjab,2021-04-27
C007033,42,Male,Self-Employed,63743.95,Mass Affluent,Rawalpindi,Punjab,2019-07-26
C007034,37,Male,Unemployed,9699.4,Mass Affluent,Multan,Punjab,2017-03-11
C007035,36,Female,Salaried,24592.6,Mass Market,Sialkot,Punjab,2016-10-18
C007036,53,Female,Salaried,147285.41,Mass Affluent,Larkana,Sindh,2016-03-25
C007037,52,Male,Business Owner,562065.42,Premium,Multan,Punjab,2022-10-21
C007038,29,Male,Salaried,57058.66,Mass Market,Peshawar,Khyber Pakhtunkhwa,2021-12-11
C007039,44,Female,Salaried,42112.41,Mass Market,Gwadar,Balochistan,2020-03-02
C007040,22,Female,Self-Employed,100823.25,Mass Affluent,Quetta,Balochistan,2015-08-31
C007041,22,Male,Retired,50061.22,Mass Market,Hyderabad,Sindh,2020-02-17
C007042,29,Female,Salaried,75326.19,Mass Affluent,Sialkot,Punjab,2019-12-18
C007043,38,Female,Salaried,72711.96,Mass Market,Rawalpindi,Punjab,2023-08-21
C007044,32,Male,Salaried,44083.26,Mass Market,Multan,Punjab,2019-05-16
C007045,44,Female,Business Owner,68631.63,Mass Affluent,Islamabad,Islamabad Capital,2015-12-06
C007046,39,Female,Salaried,996015.01,Premium,Islamabad,Islamabad Capital,2021-04-07
C007047,51,Female,Salaried,99427.95,Mass Market,Lahore,Punjab,2019-02-08
C007048,45,Female,Business Owner,228101.75,Affluent,Multan,Punjab,2022-03-01
C007049,28,Male,Unemployed,22462.98,Mass Market,Hyderabad,Sindh,2023-11-18
C007050,49,Male,Salaried,54544.24,Mass Market,Lahore,Punjab,2023-04-18
C007051,30,Female,Self-Employed,44102.64,Mass Market,Islamabad,Islamabad Capital,2020-04-21
C007052,44,Male,Business Owner,47157.01,Mass Market,Lahore,Punjab,2017-06-18
C007053,34,Male,Salaried,154247.37,Mass Affluent,Faisalabad,Punjab,2019-12-22
C007054,54,Male,Business Owner,131950.15,Mass Market,Gujranwala,Punjab,2015-05-07
C007055,47,Female,Salaried,52433.98,Mass Market,Multan,Punjab,2020-11-13
C007056,31,Female,Salaried,88510.76,Mass Market,Sialkot,Punjab,2020-02-14
C007057,35,Female,Salaried,320181.66,Affluent,Swat,Khyber Pakhtunkhwa,2022-09-08
C007058,72,Female,Salaried,148315.27,Affluent,Lahore,Punjab,2018-06-12
C007059,25,Female,Business Owner,59445.44,Mass Market,Larkana,Sindh,2021-10-08
C007060,31,Male,Business Owner,56674.52,Mass Market,Sialkot,Punjab,2018-12-30
C007061,32,Male,Business Owner,1090374.05,Premium,Gujranwala,Punjab,2020-01-28
C007062,26,Male,Business Owner,106303.99,Mass Market,Faisalabad,Punjab,2022-07-25
C007063,27,Male,Salaried,150012.46,Mass Affluent,Sialkot,Punjab,2018-01-10
C007064,38,Male,Retired,134970.44,Mass Affluent,Lahore,Punjab,2018-04-01
C007065,44,Male,Student,17266.81,Affluent,Lahore,Punjab,2018-12-20
C007066,21,Male,Salaried,91808.04,Mass Market,Peshawar,Khyber Pakhtunkhwa,2019-11-08
C007067,33,Female,Business Owner,62331.87,Mass Market,Mardan,Khyber Pakhtunkhwa,2015-06-18
C007068,30,Female,Business Owner,91054.75,Mass Market,Islamabad,Islamabad Capital,2016-03-21
C007069,26,Female,Salaried,94643.81,Mass Market,Lahore,Punjab,2019-10-13
C007070,50,Male,Salaried,78775.01,Mass Market,Karachi,Sindh,2022-02-17
C007071,31,Male,Salaried,471513.75,Premium,Sukkur,Sindh,2015-07-26
C007072,24,Male,Unemployed,35521.71,Mass Market,Gujranwala,Punjab,2019-05-29
C007073,49,Male,Business Owner,79854.13,Mass Market,Rawalpindi,Punjab,2022-05-31
C007074,53,Male,Business Owner,84255.98,Mass Market,Larkana,Sindh,2017-12-07
C007075,42,Male,Retired,144197.8,Mass Market,Abbottabad,Khyber Pakhtunkhwa,2023-09-03
C007076,29,Male,Salaried,115453.03,Mass Affluent,Sukkur,Sindh,2018-12-07
C007077,36,Female,Unemployed,10873.68,Mass Market,Multan,Punjab,2021-03-24
C007078,32,Female,Self-Employed,116946.16,Mass Affluent,Islamabad,Islamabad Capital,2017-02-27
C007079,38,Male,Business Owner,252417.19,Affluent,Multan,Punjab,2023-01-08
C007080,47,Male,Salaried,126362.82,Mass Market,Islamabad,Islamabad Capital,2020-01-23
C007081,39,Male,Salaried,108510.77,Mass Affluent,Abbottabad,Khyber Pakhtunkhwa,2019-03-10
C007082,39,Female,Salaried,72770.03,Mass Market,Mardan,Khyber Pakhtunkhwa,2017-01-11
C007083,33,Male,Salaried,63589.97,Mass Market,Peshawar,Khyber Pakhtunkhwa,2022-01-01
C007084,46,Male,Salaried,175686.59,Affluent,Gujranwala,Punjab,2018-03-24
C007085,43,Male,Salaried,173400.28,Affluent,Larkana,Sindh,2023-07-15
C007086,21,Male,Self-Employed,58178.74,Mass Market,Mardan,Khyber Pakhtunkhwa,2015-10-12
C007087,21,Male,Retired,66626.17,Mass Market,Peshawar,Khyber Pakhtunkhwa,2023-12-12
C007088,35,Female,Salaried,120289.19,Mass Market,Sialkot,Punjab,2017-09-13
C007089,50,Female,Salaried,52296.58,Mass Market,Multan,Punjab,2015-01-31
C007090,52,Female,Self-Employed,109850.64,Mass Affluent,Sialkot,Punjab,2018-06-08
C007091,47,Male,Business Owner,95498.33,Mass Market,Sukkur,Sindh,2017-12-24
C007092,37,Female,Self-Employed,265420.73,Affluent,Sukkur,Sindh,2022-01-01
C007093,55,Male,Unemployed,36474.01,Mass Affluent,Swat,Khyber Pakhtunkhwa,2023-10-11
C007094,31,Male,Salaried,48267.69,Mass Market,Swat,Khyber Pakhtunkhwa,2020-11-01
C007095,35,Male,Salaried,284876.09,Affluent,Hyderabad,Sindh,2020-07-07
C007096,23,Male,Retired,141897.72,Mass Affluent,Gujranwala,Punjab,2016-01-23
C007097,35,Female,Self-Employed,43243.87,Mass Market,Larkana,Sindh,2017-03-12
C007098,30,Female,Self-Employed,158868.02,Mass Affluent,Multan,Punjab,2020-06-01
C007099,56,Male,Retired,55841.1,Affluent,Lahore,Punjab,2021-01-30
C007100,54,Female,Salaried,1010947.68,Premium,Sialkot,Punjab,2018-12-25
C007101,40,Male,Salaried,48565.16,Mass Market,Gujranwala,Punjab,2022-06-22
C007102,44,Female,Salaried,125836.65,Mass Affluent,Rawalpindi,Punjab,2018-09-27
C007103,32,Male,Student,42810.25,Affluent,Sukkur,Sindh,2022-11-06
C007104,21,Male,Student,47115.05,Premium,Sialkot,Punjab,2015-12-08
C007105,31,Female,Salaried,40234.51,Mass Market,Sialkot,Punjab,2022-10-09
C007106,47,Male,Salaried,73145.86,Mass Market,Lahore,Punjab,2020-04-05
C007107,44,Male,Self-Employed,347497.37,Affluent,Sukkur,Sindh,2023-08-09
C007108,35,Female,Salaried,42860.07,Mass Market,Karachi,Sindh,2016-07-27
C007109,47,Male,Student,31393.14,Mass Market,Gujranwala,Punjab,2016-01-19
C007110,34,Male,Salaried,160699.19,Mass Affluent,Faisalabad,Punjab,2017-07-06
C007111,26,Male,Student,44137.35,Mass Affluent,Islamabad,Islamabad Capital,2020-02-24
C007112,47,Female,Business Owner,79519.81,Mass Affluent,Larkana,Sindh,2022-05-16
C007113,32,Male,Salaried,59150.09,Mass Market,Karachi,Sindh,2022-02-05
C007114,50,Female,Business Owner,149345.97,Mass Affluent,Hyderabad,Sindh,2015-07-08
C007115,21,Male,Business Owner,58672.78,Mass Market,Swat,Khyber Pakhtunkhwa,2019-01-17
C007116,33,Female,Salaried,223551.51,Affluent,Gwadar,Balochistan,2022-01-05
C007117,46,Male,Salaried,71649.98,Mass Market,Faisalabad,Punjab,2021-10-09
C007118,44,Male,Student,38358.12,Mass Market,Sukkur,Sindh,2018-07-04
C007119,37,Male,Business Owner,466397.76,Premium,Rawalpindi,Punjab,2018-08-24
C007120,42,Male,Business Owner,116081.39,Mass Affluent,Hyderabad,Sindh,2017-07-24
C007121,41,Female,Salaried,170159.93,Mass Market,Faisalabad,Punjab,2017-06-29
C007122,23,Female,Business Owner,67012.17,Mass Market,Faisalabad,Punjab,2019-07-16
C007123,35,Female,Business Owner,80330.38,Mass Affluent,Islamabad,Islamabad Capital,2019-02-25
C007124,42,Female,Salaried,521271.11,Premium,Peshawar,Khyber Pakhtunkhwa,2017-05-23
C007125,45,Male,Salaried,45002.35,Mass Market,Multan,Punjab,2015-06-02
C007126,38,Male,Salaried,323545.26,Affluent,Islamabad,Islamabad Capital,2022-08-02
C007127,33,Male,Business Owner,67442.87,Mass Market,Faisalabad,Punjab,2022-04-09
C007128,24,Male,Salaried,102071.07,Mass Affluent,Hyderabad,Sindh,2015-05-28
C007129,47,Female,Student,56984.49,Mass Market,Peshawar,Khyber Pakhtunkhwa,2020-05-04
C007130,46,Male,Salaried,61972.78,Mass Market,Sialkot,Punjab,2021-01-13
C007131,50,Female,Student,37858.61,Affluent,Karachi,Sindh,2020-01-11
C007132,27,Male,Salaried,37724.82,Mass Market,Sukkur,Sindh,2022-04-01
C007133,40,Male,Business Owner,199293.53,Affluent,Sialkot,Punjab,2020-09-11
C007134,31,Female,Self-Employed,37369.52,Mass Market,Multan,Punjab,2016-12-06
C007135,40,Male,Self-Employed,55808.64,Mass Market,Sialkot,Punjab,2018-04-22
C007136,71,Female,Unemployed,27114.72,Affluent,Karachi,Sindh,2021-12-08
C007137,49,Male,Salaried,175115.96,Mass Affluent,Faisalabad,Punjab,2023-12-05
C007138,31,Male,Salaried,48050.88,Mass Market,Sialkot,Punjab,2019-01-22
C007139,36,Male,Salaried,178897.11,Mass Affluent,Peshawar,Khyber Pakhtunkhwa,2018-07-27
C007140,35,Male,Self-Employed,72320.1,Mass Market,Sialkot,Punjab,2023-11-24
C007141,40,Female,Business Owner,357838.75,Affluent,Lahore,Punjab,2017-02-09
C007142,22,Male,Salaried,84361.34,Mass Market,Mardan,Khyber Pakhtunkhwa,2018-05-23
C007143,43,Male,Business Owner,277271.55,Mass Affluent,Swat,Khyber Pakhtunkhwa,2022-06-10
C007144,21,Male,Salaried,43454.98,Mass Market,Rawalpindi,Punjab,2017-11-23
C007145,21,Male,Retired,108661.93,Mass Affluent,Swat,Khyber Pakhtunkhwa,2020-11-19
C007146,61,Female,Salaried,325731.96,Affluent,Mardan,Khyber Pakhtunkhwa,2023-01-13
C007147,35,Male,Unemployed,13635.01,Affluent,Gujranwala,Punjab,2023-12-07
C007148,55,Female,Self-Employed,62580.12,Mass Market,Peshawar,Khyber Pakhtunkhwa,2020-12-07
C007149,30,Male,Unemployed,27645.46,Mass Market,Peshawar,Khyber Pakhtunkhwa,2015-12-18
C007150,21,Female,Self-Employed,36727.85,Mass Market,Karachi,Sindh,2021-12-11
C007151,27,Male,Salaried,191167.95,Affluent,Hyderabad,Sindh,2018-09-28
C007152,69,Female,Business Owner,48329.62,Mass Market,Abbottabad,Khyber Pakhtunkhwa,2021-10-13
C007153,23,Male,Salaried,126359.32,Mass Affluent,Islamabad,Islamabad Capital,2019-06-06
C007154,59,Female,Salaried,61066.28,Mass Market,Sukkur,Sindh,2023-11-16
C007155,43,Male,Salaried,471793.45,Premium,Peshawar,Khyber Pakhtunkhwa,2023-11-02
C007156,40,Male,Student,14432.95,Mass Market,Abbottabad,Khyber Pakhtunkhwa,2020-06-14
C007157,31,Male,Business Owner,101344.36,Mass Affluent,Swat,Khyber Pakhtunkhwa,2019-11-11
C007158,29,Female,Salaried,146240.58,Affluent,Islamabad,Islamabad Capital,2021-06-22
C007159,45,Male,Student,42097.15,Premium,Sialkot,Punjab,2021-09-19
C007160,54,Male,Salaried,127146.51,Mass Affluent,Multan,Punjab,2016-08-13
C007161,41,Female,Salaried,153719.31,Mass Affluent,Sukkur,Sindh,2023-10-24
C007162,47,Male,Salaried,138510.44,Mass Affluent,Sukkur,Sindh,2020-11-11
C007163,34,Male,Salaried,118609.41,Mass Market,Sukkur,Sindh,2021-07-15
C007164,63,Male,Business Owner,81699.38,Mass Market,Swat,Khyber Pakhtunkhwa,2016-03-26
C007165,42,Male,Salaried,172037.68,Mass Affluent,Gwadar,Balochistan,2021-06-06
C007166,61,Female,Salaried,149324.4,Mass Affluent,Faisalabad,Punjab,2016-11-16
C007167,28,Female,Salaried,73546.67,Mass Market,Mardan,Khyber Pakhtunkhwa,2016-01-15
C007168,39,Male,Student,37663.86,Mass Market,Sialkot,Punjab,2022-06-12
C007169,51,Male,Self-Employed,135015.64,Mass Affluent,Sukkur,Sindh,2016-11-26
C007170,41,Female,Salaried,124528.7,Mass Market,Gujranwala,Punjab,2017-08-01
C007171,45,Female,Business Owner,126584.96,Mass Affluent,Larkana,Sindh,2022-01-13
C007172,28,Male,Salaried,78368.79,Mass Affluent,Karachi,Sindh,2018-07-31
C007173,35,Female,Student,52291.21,Mass Market,Swat,Khyber Pakhtunkhwa,2023-11-04
C007174,29,Female,Salaried,83673.63,Mass Market,Sukkur,Sindh,2019-09-03
C007175,38,Male,Salaried,63628.63,Mass Market,Rawalpindi,Punjab,2018-11-26
C007176,37,Female,Salaried,29387.61,Mass Market,Gujranwala,Punjab,2021-01-19
C007177,33,Female,Salaried,211970.03,Mass Affluent,Gujranwala,Punjab,2021-11-07
C007178,46,Female,Salaried,141868.28,Mass Affluent,Islamabad,Islamabad Capital,2020-03-13
C007179,27,Male,Business Owner,248860.22,Affluent,Gwadar,Balochistan,2015-02-06
C007180,21,Male,Salaried,94236.45,Mass Market,Sialkot,Punjab,2016-09-14
C007181,33,Male,Salaried,60230.08,Mass Affluent,Rawalpindi,Punjab,2016-02-12
C007182,63,Male,Self-Employed,62605.42,Mass Market,Hyderabad,Sindh,2019-12-29
C007183,45,Male,Business Owner,227986.89,Affluent,Sukkur,Sindh,2015-09-16
C007184,30,Male,Retired,124712.9,Mass Market,Lahore,Punjab,2022-09-19
C007185,44,Male,Salaried,142569.55,Mass Affluent,Lahore,Punjab,2015-12-15
C007186,38,Female,Student,32762.16,Mass Affluent,Faisalabad,Punjab,2020-06-09
C007187,43,Male,Business Owner,92469.03,Mass Market,Multan,Punjab,2015-07-09
C007188,49,Female,Self-Employed,245505.52,Premium,Faisalabad,Punjab,2022-11-02
C007189,41,Male,Salaried,72773.16,Mass Market,Gujranwala,Punjab,2015-03-23
C007190,40,Male,Salaried,37125.12,Mass Market,Larkana,Sindh,2021-03-14
C007191,55,Female,Salaried,109050.18,Mass Affluent,Sukkur,Sindh,2021-01-12
C007192,45,Male,Business Owner,54756.01,Mass Market,Gujranwala,Punjab,2019-08-22
C007193,41,Male,Business Owner,84790.82,Mass Market,Sukkur,Sindh,2018-12-16
C007194,39,Male,Salaried,138606.76,Mass Market,Sukkur,Sindh,2023-04-18
C007195,33,Female,Salaried,30511.83,Mass Market,Swat,Khyber Pakhtunkhwa,2019-11-17
C007196,25,Female,Retired,107374.17,Affluent,Islamabad,Islamabad Capital,2016-05-16
C007197,46,Male,Salaried,300205.66,Mass Affluent,Faisalabad,Punjab,2018-01-24
C007198,53,Male,Self-Employed,48261.36,Mass Market,Quetta,Balochistan,2020-03-25
C007199,44,Female,Retired,62914.37,Mass Market,Larkana,Sindh,2018-08-10
C007200,45,Female,Salaried,306264.52,Affluent,Hyderabad,Sindh,2018-04-29
C007201,29,Male,Self-Employed,383656.23,Affluent,Sialkot,Punjab,2016-06-08
C007202,32,Female,Business Owner,77032.84,Mass Market,Multan,Punjab,2017-02-04
C007203,25,Male,Salaried,113434.74,Mass Affluent,Gujranwala,Punjab,2020-10-11
C007204,36,Female,Salaried,44228.99,Mass Market,Islamabad,Islamabad Capital,2022-08-10
C007205,50,Male,Student,30616.21,Mass Market,Sukkur,Sindh,2016-03-14
C007206,31,Male,Salaried,208607.13,Affluent,Faisalabad,Punjab,2017-01-10
C007207,38,Male,Salaried,135184.33,Affluent,Sukkur,Sindh,2022-12-05
C007208,47,Female,Salaried,34537.8,Mass Market,Rawalpindi,Punjab,2018-04-21
C007209,52,Female,Business Owner,224945.12,Affluent,Sialkot,Punjab,2017-07-17
C007210,21,Male,Salaried,229220.99,Mass Affluent,Sukkur,Sindh,2019-11-13
C007211,34,Male,Salaried,82760.99,Mass Affluent,Hyderabad,Sindh,2017-05-07
C007212,31,Male,Salaried,231797.32,Mass Affluent,Abbottabad,Khyber Pakhtunkhwa,2022-11-29
C007213,29,Male,Salaried,98586.64,Mass Market,Larkana,Sindh,2016-10-09
C007214,35,Female,Business Owner,305020.03,Affluent,Hyderabad,Sindh,2020-06-23
C007215,21,Female,Student,15745.18,Mass Market,Abbottabad,Khyber Pakhtunkhwa,2015-12-19
C007216,35,Male,Salaried,38259.89,Mass Market,Lahore,Punjab,2023-02-11
C007217,39,Male,Business Owner,47162.58,Mass Market,Sukkur,Sindh,2017-04-04
C007218,28,Male,Business Owner,540479.26,Affluent,Peshawar,Khyber Pakhtunkhwa,2022-01-10
C007219,34,Male,Business Owner,48330.4,Mass Market,Faisalabad,Punjab,2023-12-23
C007220,39,Female,Self-Employed,44729.37,Mass Market,Multan,Punjab,2020-01-23
C007221,40,Female,Salaried,139643.0,Mass Affluent,Faisalabad,Punjab,2015-03-21
C007222,21,Female,Self-Employed,35118.39,Mass Market,Lahore,Punjab,2018-04-23
C007223,47,Female,Self-Employed,59441.25,Mass Market,Larkana,Sindh,2019-06-09
C007224,47,Female,Self-Employed,44295.93,Mass Market,Lahore,Punjab,2015-11-04
C007225,31,Female,Salaried,361000.51,Mass Affluent,Sukkur,Sindh,2018-03-10
C007226,57,Female,Salaried,42336.41,Mass Market,Lahore,Punjab,2020-02-04
C007227,44,Male,Salaried,124925.77,Mass Market,Multan,Punjab,2022-01-01
C007228,42,Male,Salaried,84290.65,Mass Affluent,Sialkot,Punjab,2016-10-12
C007229,47,Male,Salaried,309402.88,Affluent,Gujranwala,Punjab,2020-07-14
C007230,28,Male,Salaried,157221.21,Mass Affluent,Islamabad,Islamabad Capital,2021-04-13
C007231,35,Female,Salaried,63320.88,Mass Market,Lahore,Punjab,2015-04-09
C007232,46,Female,Salaried,288686.67,Affluent,Lahore,Punjab,2018-11-12
C007233,30,Male,Unemployed,11726.04,Affluent,Rawalpindi,Punjab,2015-09-21
C007234,35,Male,Self-Employed,152342.96,Mass Affluent,Faisalabad,Punjab,2022-06-17
C007235,46,Male,Salaried,56184.54,Mass Market,Larkana,Sindh,2020-12-02
C007236,42,Male,Business Owner,46435.3,Mass Market,Peshawar,Khyber Pakhtunkhwa,2020-02-18
C007237,39,Female,Salaried,122064.82,Mass Affluent,Gujranwala,Punjab,2021-03-17
C007238,40,Male,Salaried,56073.94,Mass Market,Sukkur,Sindh,2023-05-31
C007239,37,Male,Self-Employed,55656.22,Mass Market,Sukkur,Sindh,2020-09-25
C007240,48,Male,Salaried,61762.75,Mass Market,Swat,Khyber Pakhtunkhwa,2017-05-30
C007241,62,Female,Self-Employed,35121.1,Mass Market,Sukkur,Sindh,2020-11-23
C007242,42,Female,Salaried,87975.16,Mass Affluent,Lahore,Punjab,2022-03-12
C007243,53,Male,Salaried,82303.91,Mass Market,Larkana,Sindh,2022-07-08
C007244,34,Male,Salaried,55278.04,Mass Affluent,Abbottabad,Khyber Pakhtunkhwa,2019-10-09
C007245,32,Female,Salaried,204876.35,Mass Affluent,Hyderabad,Sindh,2018-06-11
C007246,30,Female,Business Owner,48518.96,Mass Market,Islamabad,Islamabad Capital,2019-01-10
C007247,29,Female,Salaried,113153.33,Mass Market,Turbat,Balochistan,2017-11-12
C007248,36,Female,Salaried,95612.78,Mass Market,Multan,Punjab,2016-11-24
C007249,49,Female,Salaried,52980.96,Mass Market,Peshawar,Khyber Pakhtunkhwa,2022-05-20
C007250,50,Female,Business Owner,119405.14,Mass Affluent,Hyderabad,Sindh,2023-07-23
C007251,33,Female,Self-Employed,238167.35,Mass Affluent,Hyderabad,Sindh,2017-12-31
C007252,35,Female,Business Owner,454236.79,Affluent,Larkana,Sindh,2020-04-11
C007253,39,Female,Self-Employed,904509.6,Premium,Peshawar,Khyber Pakhtunkhwa,2023-08-17
C007254,42,Female,Unemployed,38293.57,Mass Market,Hyderabad,Sindh,2018-05-01
C007255,45,Female,Salaried,85993.88,Mass Affluent,Hyderabad,Sindh,2021-06-25
C007256,35,Male,Business Owner,64868.2,Mass Market,Rawalpindi,Punjab,2022-04-29
C007257,37,Female,Salaried,44772.83,Mass Market,Sukkur,Sindh,2021-04-26
C007258,54,Male,Salaried,39303.65,Mass Market,Quetta,Balochistan,2019-07-15
C007259,36,Male,Business Owner,63855.45,Mass Market,Abbottabad,Khyber Pakhtunkhwa,2023-03-01
C007260,33,Male,Retired,146492.98,Mass Affluent,Multan,Punjab,2018-01-29
C007261,38,Male,Business Owner,122041.31,Mass Affluent,Turbat,Balochistan,2021-11-24
C007262,40,Male,Salaried,49616.89,Mass Market,Peshawar,Khyber Pakhtunkhwa,2017-03-30
C007263,22,Female,Self-Employed,37249.68,Mass Market,Hyderabad,Sindh,2015-05-21
C007264,34,Male,Salaried,247724.15,Mass Affluent,Lahore,Punjab,2022-06-04
C007265,44,Female,Self-Employed,137930.31,Mass Affluent,Karachi,Sindh,2019-02-14
C007266,61,Male,Salaried,75151.11,Mass Affluent,Lahore,Punjab,2021-01-22
C007267,33,Male,Salaried,64295.75,Mass Market,Multan,Punjab,2018-05-26
C007268,47,Male,Salaried,106961.9,Mass Market,Sukkur,Sindh,2019-03-17
C007269,41,Male,Retired,86152.67,Mass Affluent,Quetta,Balochistan,2018-10-29
C007270,52,Female,Salaried,106742.56,Mass Affluent,Faisalabad,Punjab,2020-03-30
C007271,32,Male,Salaried,49717.44,Mass Market,Mardan,Khyber Pakhtunkhwa,2017-07-14
C007272,51,Male,Salaried,41706.45,Mass Market,Quetta,Balochistan,2016-11-14
C007273,54,Female,Salaried,45253.87,Mass Market,Faisalabad,Punjab,2016-12-28
C007274,55,Male,Salaried,101129.08,Mass Affluent,Lahore,Punjab,2020-07-05
C007275,55,Male,Business Owner,34343.11,Mass Market,Karachi,Sindh,2019-11-20
C007276,41,Male,Salaried,109817.73,Mass Affluent,Peshawar,Khyber Pakhtunkhwa,2023-09-22
C007277,45,Female,Salaried,319099.02,Affluent,Lahore,Punjab,2021-09-07
C007278,34,Male,Salaried,51265.89,Mass Market,Larkana,Sindh,2017-04-15
C007279,21,Female,Salaried,65166.06,Mass Market,Larkana,Sindh,2016-08-28
C007280,42,Female,Self-Employed,111127.61,Mass Market,Mardan,Khyber Pakhtunkhwa,2016-10-10
C007281,37,Male,Salaried,120529.84,Mass Market,Peshawar,Khyber Pakhtunkhwa,2017-06-26
C007282,50,Female,Business Owner,272865.04,Affluent,Lahore,Punjab,2021-10-09
C007283,48,Female,Salaried,873249.12,Premium,Sialkot,Punjab,2020-12-24
C007284,27,Male,Salaried,56318.27,Mass Market,Faisalabad,Punjab,2017-07-14
C007285,65,Male,Salaried,232617.97,Affluent,Gwadar,Balochistan,2021-01-04
C007286,43,Female,Self-Employed,39249.98,Mass Market,Gwadar,Balochistan,2016-11-17
C007287,25,Female,Salaried,134349.84,Mass Affluent,Mardan,Khyber Pakhtunkhwa,2015-10-11
C007288,26,Male,Self-Employed,196291.29,Mass Affluent,Faisalabad,Punjab,2018-08-13
C007289,21,Female,Business Owner,36968.46,Mass Market,Sukkur,Sindh,2015-09-12
C007290,47,Male,Salaried,116563.81,Mass Affluent,Multan,Punjab,2022-04-08
C007291,33,Male,Salaried,114446.18,Mass Affluent,Sialkot,Punjab,2019-06-23
C007292,30,Male,Salaried,65901.32,Mass Market,Multan,Punjab,2020-08-03
C007293,32,Female,Salaried,690628.89,Premium,Peshawar,Khyber Pakhtunkhwa,2022-07-12
C007294,36,Male,Salaried,73588.89,Mass Market,Rawalpindi,Punjab,2021-06-07
C007295,45,Female,Self-Employed,123371.21,Mass Market,Hyderabad,Sindh,2016-12-30
C007296,21,Female,Self-Employed,201140.0,Affluent,Islamabad,Islamabad Capital,2018-06-18
C007297,27,Male,Self-Employed,42210.65,Mass Market,Larkana,Sindh,2023-12-25
C007298,44,Male,Salaried,65913.51,Mass Market,Sialkot,Punjab,2019-05-21
C007299,32,Female,Salaried,104207.02,Mass Market,Gwadar,Balochistan,2023-12-27
C007300,45,Male,Business Owner,34420.11,Mass Market,Karachi,Sindh,2020-01-05
C007301,34,Male,Salaried,68051.59,Mass Market,Sukkur,Sindh,2020-06-04
C007302,56,Female,Self-Employed,55580.69,Mass Market,Sukkur,Sindh,2020-05-07
C007303,41,Female,Self-Employed,179857.34,Mass Affluent,Quetta,Balochistan,2023-08-23
C007304,52,Male,Salaried,76176.79,Mass Market,Larkana,Sindh,2020-05-11
C007305,45,Female,Salaried,285210.07,Affluent,Larkana,Sindh,2018-07-14
C007306,45,Female,Self-Employed,336988.3,Affluent,Larkana,Sindh,2019-01-29
C007307,31,Male,Self-Employed,46721.24,Mass Market,Gujranwala,Punjab,2019-07-07
C007308,52,Male,Salaried,379507.68,Affluent,Swat,Khyber Pakhtunkhwa,2016-11-22
C007309,41,Female,Salaried,474218.67,Affluent,Lahore,Punjab,2021-04-29
C007310,29,Male,Salaried,290862.49,Affluent,Lahore,Punjab,2018-05-05
C007311,21,Male,Self-Employed,111331.52,Mass Affluent,Lahore,Punjab,2015-08-21
C007312,41,Male,Salaried,56780.15,Mass Market,Gujranwala,Punjab,2018-06-23
C007313,56,Female,Student,18142.28,Mass Market,Faisalabad,Punjab,2021-12-01
C007314,29,Male,Retired,36042.3,Affluent,Sukkur,Sindh,2021-11-17
C007315,29,Male,Unemployed,9680.05,Mass Market,Rawalpindi,Punjab,2023-06-05
C007316,36,Female,Salaried,402055.21,Affluent,Rawalpindi,Punjab,2023-07-02
C007317,51,Female,Salaried,89483.74,Mass Affluent,Abbottabad,Khyber Pakhtunkhwa,2020-01-06
C007318,21,Male,Student,54181.44,Mass Market,Islamabad,Islamabad Capital,2016-12-20
C007319,32,Female,Business Owner,29521.74,Mass Market,Sukkur,Sindh,2023-06-15
C007320,28,Male,Salaried,651220.93,Premium,Rawalpindi,Punjab,2016-03-03
C007321,45,Male,Student,33225.54,Mass Market,Sialkot,Punjab,2023-11-15
C007322,37,Male,Self-Employed,61562.25,Mass Affluent,Rawalpindi,Punjab,2016-12-16
C007323,35,Female,Business Owner,709259.28,Premium,Gujranwala,Punjab,2023-01-14
C007324,37,Male,Unemployed,40573.63,Mass Market,Quetta,Balochistan,2016-10-23
C007325,48,Female,Unemployed,21424.63,Mass Market,Abbottabad,Khyber Pakhtunkhwa,2021-08-02
C007326,51,Male,Self-Employed,111171.65,Mass Affluent,Gujranwala,Punjab,2022-09-27
C007327,50,Female,Salaried,159521.41,Affluent,Islamabad,Islamabad Capital,2021-07-11
C007328,45,Male,Self-Employed,40324.88,Mass Market,Multan,Punjab,2016-03-26
C007329,54,Female,Self-Employed,41570.09,Mass Market,Sialkot,Punjab,2023-07-16
C007330,29,Female,Self-Employed,87152.67,Mass Market,Rawalpindi,Punjab,2023-09-23
C007331,43,Female,Salaried,82430.41,Mass Market,Multan,Punjab,2020-11-11
C007332,65,Female,Self-Employed,138138.27,Mass Market,Turbat,Balochistan,2022-01-02
C007333,21,Male,Self-Employed,49394.13,Mass Market,Multan,Punjab,2018-11-19
C007334,33,Female,Retired,98507.68,Affluent,Sukkur,Sindh,2021-08-03
C007335,28,Female,Student,44344.25,Mass Market,Rawalpindi,Punjab,2023-11-26
C007336,42,Male,Salaried,244640.13,Affluent,Gwadar,Balochistan,2020-07-21
C007337,55,Male,Self-Employed,224396.74,Affluent,Hyderabad,Sindh,2017-06-25
C007338,45,Male,Self-Employed,132716.58,Mass Affluent,Hyderabad,Sindh,2015-05-28
C007339,37,Female,Self-Employed,169848.31,Mass Affluent,Rawalpindi,Punjab,2021-01-13
C007340,45,Male,Salaried,26889.37,Mass Market,Gwadar,Balochistan,2021-06-19
C007341,36,Male,Business Owner,104595.25,Mass Affluent,Sukkur,Sindh,2022-03-19
C007342,41,Male,Business Owner,35208.35,Mass Market,Lahore,Punjab,2018-06-11
C007343,46,Female,Salaried,56593.19,Mass Market,Gwadar,Balochistan,2021-08-19
C007344,58,Male,Retired,31254.24,Mass Affluent,Gujranwala,Punjab,2016-02-11
C007345,44,Female,Unemployed,33219.0,Mass Market,Faisalabad,Punjab,2022-01-06
C007346,41,Male,Business Owner,50882.61,Mass Market,Larkana,Sindh,2022-06-26
C007347,61,Male,Retired,124964.49,Mass Affluent,Sialkot,Punjab,2017-12-31
C007348,21,Female,Salaried,31662.63,Mass Market,Hyderabad,Sindh,2022-06-19
C007349,38,Male,Retired,27759.97,Mass Market,Sialkot,Punjab,2020-06-02
C007350,31,Female,Retired,32352.73,Mass Market,Gujranwala,Punjab,2019-07-06
C007351,36,Female,Self-Employed,35798.97,Mass Market,Rawalpindi,Punjab,2016-05-29
C007352,46,Male,Salaried,208012.68,Mass Affluent,Multan,Punjab,2022-04-17
C007353,50,Male,Salaried,158613.54,Mass Affluent,Islamabad,Islamabad Capital,2016-02-25
C007354,33,Male,Salaried,42546.75,Mass Market,Karachi,Sindh,2018-11-14
C007355,46,Female,Business Owner,74018.29,Mass Affluent,Sukkur,Sindh,2019-01-07
C007356,29,Male,Self-Employed,475524.63,Premium,Sialkot,Punjab,2021-06-25
C007357,25,Female,Business Owner,92369.13,Mass Affluent,Larkana,Sindh,2015-05-22
C007358,40,Male,Business Owner,81865.31,Mass Affluent,Lahore,Punjab,2015-02-13
C007359,37,Female,Salaried,76168.39,Mass Affluent,Sialkot,Punjab,2020-07-12
C007360,55,Male,Salaried,256527.93,Affluent,Hyderabad,Sindh,2018-04-01
C007361,62,Female,Business Owner,369831.95,Affluent,Larkana,Sindh,2015-09-16
C007362,32,Male,Salaried,45793.09,Mass Market,Mardan,Khyber Pakhtunkhwa,2021-12-21
C007363,21,Male,Retired,90261.06,Mass Market,Gwadar,Balochistan,2019-09-14
C007364,24,Male,Student,58626.38,Mass Market,Abbottabad,Khyber Pakhtunkhwa,2020-07-23
C007365,30,Female,Salaried,164057.14,Mass Affluent,Lahore,Punjab,2018-03-30
C007366,41,Female,Self-Employed,44499.73,Mass Market,Multan,Punjab,2016-12-21
C007367,36,Male,Student,58715.76,Affluent,Faisalabad,Punjab,2017-11-29
C007368,25,Female,Student,17259.78,Mass Market,Abbottabad,Khyber Pakhtunkhwa,2023-02-21
C007369,59,Male,Self-Employed,218157.19,Mass Affluent,Gwadar,Balochistan,2022-09-18
C007370,46,Female,Unemployed,36152.58,Mass Market,Quetta,Balochistan,2019-04-08
C007371,58,Male,Self-Employed,66130.32,Mass Market,Lahore,Punjab,2022-12-12
C007372,21,Male,Salaried,34322.02,Mass Market,Swat,Khyber Pakhtunkhwa,2016-09-28
C007373,53,Female,Self-Employed,106478.18,Mass Affluent,Larkana,Sindh,2020-12-30
C007374,37,Male,Business Owner,44264.96,Mass Market,Swat,Khyber Pakhtunkhwa,2018-06-26
C007375,35,Female,Unemployed,37352.8,Mass Market,Larkana,Sindh,2016-09-17
C007376,39,Female,Salaried,130768.29,Mass Affluent,Lahore,Punjab,2018-06-22
C007377,31,Male,Salaried,306832.38,Affluent,Gujranwala,Punjab,2021-01-10
C007378,37,Male,Self-Employed,144591.44,Mass Affluent,Islamabad,Islamabad Capital,2019-10-05
C007379,49,Male,Student,54093.85,Mass Affluent,Rawalpindi,Punjab,2023-01-10
C007380,21,Male,Business Owner,72102.83,Mass Market,Gujranwala,Punjab,2020-10-25
C007381,55,Female,Salaried,175599.58,Affluent,Sialkot,Punjab,2019-12-26
C007382,43,Male,Student,14088.87,Mass Market,Faisalabad,Punjab,2017-10-03
C007383,38,Male,Self-Employed,349622.16,Affluent,Islamabad,Islamabad Capital,2022-03-23
C007384,49,Male,Student,58676.81,Mass Affluent,Gujranwala,Punjab,2017-10-29
C007385,43,Female,Student,51442.01,Mass Market,Sialkot,Punjab,2016-04-23
C007386,34,Male,Salaried,56794.92,Mass Market,Mardan,Khyber Pakhtunkhwa,2022-02-22
C007387,30,Female,Unemployed,30484.39,Mass Affluent,Hyderabad,Sindh,2021-06-05
C007388,55,Female,Salaried,139128.24,Mass Affluent,Sialkot,Punjab,2016-08-15
C007389,23,Male,Unemployed,10472.64,Mass Affluent,Rawalpindi,Punjab,2023-11-09
C007390,37,Female,Salaried,313832.82,Premium,Faisalabad,Punjab,2020-11-19
C007391,23,Male,Business Owner,261655.74,Mass Affluent,Sialkot,Punjab,2019-11-15
C007392,44,Female,Salaried,31284.66,Mass Market,Multan,Punjab,2023-11-22
C007393,38,Male,Salaried,121996.69,Mass Affluent,Sialkot,Punjab,2021-08-13
C007394,25,Male,Unemployed,16885.86,Mass Market,Abbottabad,Khyber Pakhtunkhwa,2022-01-14
C007395,29,Female,Salaried,66485.49,Mass Affluent,Abbottabad,Khyber Pakhtunkhwa,2020-02-20
C007396,39,Male,Salaried,185637.63,Affluent,Gwadar,Balochistan,2017-05-27
C007397,42,Male,Student,28638.31,Mass Market,Gujranwala,Punjab,2015-08-15
C007398,21,Male,Salaried,555138.48,Affluent,Gujranwala,Punjab,2015-04-21
C007399,31,Female,Self-Employed,279900.17,Mass Affluent,Islamabad,Islamabad Capital,2017-03-08
C007400,41,Female,Unemployed,39723.34,Mass Market,Mardan,Khyber Pakhtunkhwa,2017-08-07
C007401,52,Male,Salaried,348974.53,Affluent,Karachi,Sindh,2017-11-05
C007402,48,Male,Salaried,146144.84,Mass Affluent,Sialkot,Punjab,2015-01-11
C007403,34,Female,Business Owner,53927.64,Mass Market,Multan,Punjab,2017-09-29
C007404,50,Female,Business Owner,32335.62,Mass Market,Sukkur,Sindh,2020-04-07
C007405,36,Female,Salaried,144197.07,Mass Market,Karachi,Sindh,2019-09-02
C007406,21,Male,Self-Employed,65199.33,Mass Affluent,Faisalabad,Punjab,2019-02-16
C007407,55,Male,Salaried,65036.23,Mass Market,Islamabad,Islamabad Capital,2023-01-18
C007408,44,Male,Salaried,46911.25,Mass Market,Hyderabad,Sindh,2020-05-29
C007409,41,Male,Salaried,410695.85,Affluent,Sukkur,Sindh,2020-03-11
C007410,39,Female,Retired,120140.05,Mass Affluent,Faisalabad,Punjab,2022-02-13
C007411,42,Female,Salaried,89620.61,Mass Affluent,Swat,Khyber Pakhtunkhwa,2023-03-03
C007412,39,Female,Salaried,207377.62,Affluent,Mardan,Khyber Pakhtunkhwa,2017-01-31
C007413,36,Male,Retired,142590.07,Mass Market,Lahore,Punjab,2022-11-07
C007414,32,Female,Salaried,64609.99,Mass Market,Hyderabad,Sindh,2018-05-08
C007415,40,Male,Retired,77817.18,Mass Affluent,Sukkur,Sindh,2023-02-28
C007416,29,Male,Student,56006.31,Mass Market,Peshawar,Khyber Pakhtunkhwa,2019-02-24
C007417,26,Male,Salaried,54670.21,Mass Market,Lahore,Punjab,2021-03-30
C007418,42,Female,Salaried,268410.14,Mass Affluent,Gwadar,Balochistan,2021-12-02
C007419,50,Female,Salaried,85636.78,Mass Market,Hyderabad,Sindh,2018-07-23
C007420,30,Female,Salaried,216953.93,Mass Affluent,Lahore,Punjab,2019-02-05
C007421,32,Male,Salaried,55454.2,Mass Affluent,Multan,Punjab,2018-02-15
C007422,21,Male,Salaried,160046.98,Mass Affluent,Multan,Punjab,2016-11-24
C007423,25,Male,Salaried,66013.95,Mass Market,Multan,Punjab,2023-11-12
C007424,25,Female,Business Owner,37284.96,Mass Market,Karachi,Sindh,2023-01-22
C007425,50,Male,Salaried,188313.55,Affluent,Swat,Khyber Pakhtunkhwa,2015-09-20
C007426,21,Male,Salaried,257696.88,Affluent,Lahore,Punjab,2015-07-26
C007427,44,Male,Salaried,36031.24,Mass Market,Islamabad,Islamabad Capital,2022-03-24
C007428,36,Female,Salaried,44293.52,Mass Market,Gujranwala,Punjab,2020-10-02
C007429,46,Male,Business Owner,109085.19,Mass Affluent,Larkana,Sindh,2021-07-27
C007430,52,Male,Business Owner,74610.55,Mass Market,Turbat,Balochistan,2017-09-30
C007431,39,Female,Salaried,45867.57,Mass Market,Swat,Khyber Pakhtunkhwa,2020-04-20
C007432,51,Female,Self-Employed,50622.41,Mass Market,Sukkur,Sindh,2019-05-22
C007433,56,Female,Salaried,88552.18,Mass Market,Abbottabad,Khyber Pakhtunkhwa,2015-04-17
C007434,54,Male,Student,54994.0,Mass Market,Rawalpindi,Punjab,2023-09-12
C007435,32,Male,Salaried,65412.5,Mass Market,Sialkot,Punjab,2023-09-13
C007436,21,Male,Business Owner,324654.98,Affluent,Hyderabad,Sindh,2020-05-06
C007437,38,Female,Salaried,70297.73,Mass Market,Gujranwala,Punjab,2016-02-22
C007438,41,Male,Salaried,49592.01,Mass Market,Rawalpindi,Punjab,2021-01-19
C007439,21,Male,Self-Employed,40032.7,Mass Market,Rawalpindi,Punjab,2017-02-13
C007440,40,Male,Salaried,498800.0,Affluent,Gwadar,Balochistan,2020-11-11
C007441,21,Male,Self-Employed,43331.35,Mass Market,Turbat,Balochistan,2016-10-16
C007442,56,Male,Self-Employed,39246.93,Mass Market,Mardan,Khyber Pakhtunkhwa,2021-06-19
C007443,44,Female,Salaried,131001.78,Mass Affluent,Peshawar,Khyber Pakhtunkhwa,2019-01-29
C007444,30,Female,Unemployed,8684.0,Mass Affluent,Rawalpindi,Punjab,2018-12-30
C007445,40,Male,Salaried,193802.57,Mass Affluent,Gujranwala,Punjab,2023-11-27
C007446,42,Female,Student,23484.2,Mass Market,Hyderabad,Sindh,2015-02-26
C007447,44,Male,Salaried,93965.2,Mass Market,Karachi,Sindh,2023-03-10
C007448,40,Male,Salaried,71156.31,Mass Market,Gujranwala,Punjab,2023-01-02
C007449,49,Male,Salaried,112169.87,Mass Affluent,Sukkur,Sindh,2023-07-02
C007450,25,Male,Business Owner,91621.95,Mass Market,Hyderabad,Sindh,2020-01-19
C007451,38,Male,Business Owner,46853.54,Mass Market,Sialkot,Punjab,2015-01-13
C007452,59,Female,Business Owner,53127.26,Mass Market,Rawalpindi,Punjab,2023-03-21
C007453,35,Female,Salaried,342362.48,Affluent,Faisalabad,Punjab,2021-01-24
C007454,42,Female,Salaried,65396.06,Mass Market,Larkana,Sindh,2021-08-17
C007455,28,Male,Business Owner,46448.48,Mass Market,Islamabad,Islamabad Capital,2017-04-21
C007456,63,Female,Student,50394.38,Affluent,Karachi,Sindh,2021-10-10
C007457,42,Female,Salaried,129082.27,Mass Affluent,Swat,Khyber Pakhtunkhwa,2016-06-21
C007458,25,Male,Student,43924.41,Mass Affluent,Peshawar,Khyber Pakhtunkhwa,2020-11-14
C007459,51,Male,Self-Employed,131472.78,Mass Affluent,Rawalpindi,Punjab,2021-04-27
C007460,27,Female,Self-Employed,51130.16,Mass Market,Karachi,Sindh,2023-08-26
C007461,47,Male,Self-Employed,98974.15,Mass Affluent,Hyderabad,Sindh,2022-11-24
C007462,50,Female,Salaried,54187.23,Mass Market,Karachi,Sindh,2022-02-23
C007463,61,Male,Salaried,272295.62,Affluent,Faisalabad,Punjab,2021-05-31
C007464,41,Male,Business Owner,78135.79,Mass Market,Quetta,Balochistan,2018-12-01
C007465,40,Female,Unemployed,16246.85,Mass Affluent,Islamabad,Islamabad Capital,2020-07-15
C007466,21,Male,Self-Employed,288131.0,Mass Affluent,Sialkot,Punjab,2017-06-17
C007467,34,Female,Salaried,63312.97,Mass Market,Gujranwala,Punjab,2021-12-24
C007468,31,Female,Salaried,46461.81,Mass Market,Multan,Punjab,2018-07-22
C007469,37,Male,Salaried,122039.2,Mass Affluent,Peshawar,Khyber Pakhtunkhwa,2022-09-14
C007470,33,Male,Self-Employed,74463.38,Mass Market,Sukkur,Sindh,2016-08-20
C007471,48,Female,Salaried,915118.35,Premium,Multan,Punjab,2015-11-13
C007472,33,Male,Salaried,99893.36,Mass Market,Peshawar,Khyber Pakhtunkhwa,2017-02-21
C007473,44,Male,Business Owner,88329.38,Mass Affluent,Sialkot,Punjab,2019-01-01
C007474,38,Male,Salaried,211492.72,Mass Affluent,Karachi,Sindh,2016-06-17
C007475,32,Female,Salaried,58959.85,Mass Market,Sialkot,Punjab,2019-11-20
C007476,31,Male,Business Owner,91404.35,Mass Affluent,Larkana,Sindh,2015-07-07
C007477,42,Male,Salaried,120313.26,Mass Affluent,Hyderabad,Sindh,2022-02-20
C007478,54,Female,Salaried,205947.53,Mass Affluent,Faisalabad,Punjab,2018-07-15
C007479,31,Female,Salaried,154670.83,Mass Affluent,Lahore,Punjab,2022-05-18
C007480,40,Male,Salaried,82019.57,Mass Affluent,Quetta,Balochistan,2021-10-31
C007481,44,Male,Retired,122683.73,Mass Market,Hyderabad,Sindh,2023-02-12
C007482,39,Male,Business Owner,37564.98,Mass Market,Gwadar,Balochistan,2015-08-16
C007483,21,Male,Salaried,45438.51,Mass Market,Karachi,Sindh,2019-09-27
C007484,44,Male,Salaried,133882.87,Mass Affluent,Mardan,Khyber Pakhtunkhwa,2020-10-09
C007485,22,Female,Salaried,182516.53,Affluent,Sialkot,Punjab,2016-12-15
C007486,23,Male,Student,27194.68,Mass Market,Abbottabad,Khyber Pakhtunkhwa,2023-10-25
C007487,25,Female,Business Owner,221474.64,Mass Affluent,Multan,Punjab,2022-12-03
C007488,37,Male,Self-Employed,110953.55,Mass Market,Faisalabad,Punjab,2019-02-01
C007489,28,Male,Salaried,234326.23,Mass Affluent,Faisalabad,Punjab,2023-08-25
C007490,23,Female,Retired,100268.12,Mass Affluent,Rawalpindi,Punjab,2017-06-28
C007491,43,Female,Business Owner,245561.86,Mass Affluent,Islamabad,Islamabad Capital,2023-08-31
C007492,39,Female,Salaried,134609.69,Mass Affluent,Islamabad,Islamabad Capital,2020-08-06
C007493,47,Female,Salaried,133909.33,Mass Affluent,Swat,Khyber Pakhtunkhwa,2015-03-11
C007494,31,Female,Salaried,88706.02,Mass Market,Faisalabad,Punjab,2021-02-24
C007495,38,Male,Self-Employed,78387.07,Mass Market,Turbat,Balochistan,2022-05-03
C007496,48,Female,Salaried,29495.77,Mass Market,Swat,Khyber Pakhtunkhwa,2017-08-21
C007497,25,Male,Salaried,221861.31,Affluent,Rawalpindi,Punjab,2020-10-09
C007498,32,Female,Self-Employed,113117.65,Mass Affluent,Hyderabad,Sindh,2018-08-04
C007499,50,Male,Business Owner,36192.19,Mass Market,Karachi,Sindh,2023-11-12
C007500,39,Female,Salaried,87642.34,Mass Market,Multan,Punjab,2023-06-14
C007501,37,Male,Salaried,103662.23,Mass Market,Hyderabad,Sindh,2020-02-09
C007502,39,Male,Salaried,622496.54,Premium,Peshawar,Khyber Pakhtunkhwa,2019-09-27
C007503,52,Male,Salaried,67209.18,Mass Market,Rawalpindi,Punjab,2015-09-28
C007504,39,Male,Business Owner,129443.84,Mass Affluent,Larkana,Sindh,2023-11-17
C007505,40,Male,Self-Employed,62303.83,Mass Market,Karachi,Sindh,2020-11-25
C007506,39,Female,Retired,141832.22,Mass Affluent,Mardan,Khyber Pakhtunkhwa,2019-07-31
C007507,21,Male,Business Owner,66462.97,Mass Affluent,Islamabad,Islamabad Capital,2018-02-27
C007508,45,Male,Business Owner,72172.84,Mass Market,Swat,Khyber Pakhtunkhwa,2016-06-22
C007509,30,Female,Salaried,130586.89,Mass Affluent,Hyderabad,Sindh,2016-12-31
C007510,25,Male,Salaried,45751.53,Mass Market,Karachi,Sindh,2022-03-10
C007511,21,Female,Retired,54952.27,Mass Affluent,Sukkur,Sindh,2017-07-12
C007512,22,Female,Self-Employed,120379.03,Mass Market,Sukkur,Sindh,2022-09-22
C007513,21,Female,Retired,31920.94,Mass Affluent,Faisalabad,Punjab,2023-12-27
C007514,28,Female,Self-Employed,56277.39,Mass Market,Sukkur,Sindh,2015-04-11
C007515,34,Male,Salaried,241468.6,Mass Affluent,Swat,Khyber Pakhtunkhwa,2022-04-08
C007516,51,Male,Salaried,37028.77,Mass Market,Sukkur,Sindh,2017-02-06
C007517,40,Female,Salaried,109310.41,Mass Affluent,Turbat,Balochistan,2019-07-14
C007518,42,Female,Self-Employed,60972.45,Mass Market,Hyderabad,Sindh,2019-01-19
C007519,53,Female,Retired,107517.35,Mass Market,Rawalpindi,Punjab,2018-01-26
C007520,21,Female,Student,46964.23,Affluent,Sialkot,Punjab,2023-04-13
C007521,43,Male,Self-Employed,42696.05,Mass Market,Faisalabad,Punjab,2016-12-06
C007522,42,Female,Salaried,71119.21,Mass Market,Lahore,Punjab,2022-12-16
C007523,48,Female,Salaried,125124.02,Mass Affluent,Karachi,Sindh,2022-10-24
C007524,21,Female,Salaried,76164.22,Mass Market,Sialkot,Punjab,2020-11-17
C007525,33,Male,Unemployed,19565.42,Affluent,Lahore,Punjab,2021-07-24
C007526,29,Male,Business Owner,34109.42,Mass Market,Sialkot,Punjab,2021-11-14
C007527,25,Female,Self-Employed,414626.84,Affluent,Abbottabad,Khyber Pakhtunkhwa,2021-02-21
C007528,64,Female,Student,34483.73,Affluent,Swat,Khyber Pakhtunkhwa,2018-05-06
C007529,33,Male,Salaried,82098.9,Mass Market,Gujranwala,Punjab,2020-02-08
C007530,49,Male,Retired,87636.27,Mass Market,Multan,Punjab,2019-05-11
C007531,47,Male,Business Owner,262982.03,Mass Affluent,Multan,Punjab,2022-01-15
C007532,23,Male,Salaried,130309.32,Mass Affluent,Faisalabad,Punjab,2023-07-12
C007533,33,Male,Business Owner,51474.4,Mass Market,Sialkot,Punjab,2017-02-12
C007534,40,Female,Salaried,49373.68,Mass Market,Multan,Punjab,2022-04-25
C007535,43,Male,Self-Employed,40457.37,Mass Market,Faisalabad,Punjab,2016-02-16
C007536,43,Male,Salaried,176728.24,Mass Affluent,Islamabad,Islamabad Capital,2023-09-12
C007537,58,Female,Salaried,85540.94,Mass Affluent,Hyderabad,Sindh,2020-05-25
C007538,49,Female,Self-Employed,81295.39,Mass Market,Peshawar,Khyber Pakhtunkhwa,2023-08-23
C007539,46,Female,Salaried,119415.08,Mass Affluent,Rawalpindi,Punjab,2023-04-11
C007540,50,Male,Salaried,66520.41,Mass Affluent,Gujranwala,Punjab,2015-03-14
C007541,54,Male,Student,51165.46,Affluent,Islamabad,Islamabad Capital,2023-10-05
C007542,32,Male,Salaried,18000.0,Mass Market,Multan,Punjab,2018-11-01
C007543,22,Female,Self-Employed,58164.56,Mass Market,Karachi,Sindh,2019-01-22
C007544,32,Female,Self-Employed,65578.56,Mass Market,Islamabad,Islamabad Capital,2019-12-13
C007545,24,Female,Salaried,54121.75,Mass Affluent,Hyderabad,Sindh,2020-08-19
C007546,28,Female,Unemployed,33643.93,Mass Market,Gujranwala,Punjab,2015-09-21
C007547,40,Female,Salaried,46517.34,Mass Market,Karachi,Sindh,2015-05-04
C007548,33,Male,Salaried,118285.04,Mass Affluent,Faisalabad,Punjab,2015-07-26
C007549,46,Male,Salaried,216562.35,Mass Affluent,Multan,Punjab,2019-11-18
C007550,42,Male,Self-Employed,63343.87,Mass Market,Rawalpindi,Punjab,2020-01-10
C007551,43,Female,Salaried,52516.66,Mass Market,Turbat,Balochistan,2020-08-24
C007552,25,Male,Salaried,56236.72,Mass Market,Hyderabad,Sindh,2017-03-24
C007553,29,Female,Self-Employed,117832.47,Mass Market,Lahore,Punjab,2016-02-15
C007554,21,Male,Business Owner,69972.17,Mass Market,Faisalabad,Punjab,2017-06-22
C007555,45,Female,Salaried,42884.68,Mass Market,Hyderabad,Sindh,2022-06-17
C007556,60,Male,Salaried,49838.31,Mass Market,Quetta,Balochistan,2019-01-15
C007557,41,Male,Salaried,178138.7,Affluent,Multan,Punjab,2019-10-26
C007558,42,Male,Salaried,235836.73,Affluent,Multan,Punjab,2015-12-21
C007559,33,Male,Business Owner,110536.32,Mass Market,Mardan,Khyber Pakhtunkhwa,2022-10-24
C007560,37,Male,Salaried,122037.41,Mass Affluent,Gwadar,Balochistan,2016-07-30
C007561,53,Male,Salaried,36099.52,Mass Market,Quetta,Balochistan,2019-12-27
C007562,40,Male,Salaried,153129.95,Mass Affluent,Multan,Punjab,2023-12-12
C007563,46,Male,Self-Employed,241196.02,Affluent,Faisalabad,Punjab,2017-10-09
C007564,53,Female,Self-Employed,160914.03,Mass Affluent,Sukkur,Sindh,2019-03-20
C007565,51,Male,Salaried,118560.45,Mass Affluent,Rawalpindi,Punjab,2018-05-16
C007566,39,Male,Self-Employed,103912.3,Mass Market,Quetta,Balochistan,2017-08-14
C007567,40,Male,Self-Employed,42448.82,Mass Market,Gujranwala,Punjab,2023-08-05
C007568,35,Male,Salaried,38535.62,Mass Market,Hyderabad,Sindh,2021-08-03
C007569,44,Female,Salaried,85681.14,Mass Market,Gwadar,Balochistan,2019-01-22
C007570,34,Female,Salaried,60714.54,Mass Affluent,Islamabad,Islamabad Capital,2020-05-31
C007571,43,Male,Student,25103.23,Mass Market,Larkana,Sindh,2023-07-19
C007572,50,Female,Salaried,81335.12,Mass Market,Islamabad,Islamabad Capital,2021-10-28
C007573,21,Female,Salaried,56467.42,Mass Affluent,Rawalpindi,Punjab,2017-11-06
C007574,21,Female,Self-Employed,133232.91,Mass Affluent,Faisalabad,Punjab,2022-05-02
C007575,39,Female,Self-Employed,73631.58,Mass Affluent,Rawalpindi,Punjab,2018-09-17
C007576,46,Male,Business Owner,64488.93,Mass Affluent,Islamabad,Islamabad Capital,2023-04-12
C007577,42,Male,Salaried,186742.75,Affluent,Quetta,Balochistan,2015-03-10
C007578,26,Male,Salaried,55961.02,Mass Market,Faisalabad,Punjab,2021-03-26
C007579,49,Male,Self-Employed,99414.87,Mass Affluent,Gujranwala,Punjab,2020-09-12
C007580,60,Male,Business Owner,91380.3,Mass Market,Rawalpindi,Punjab,2017-09-06
C007581,29,Female,Unemployed,18101.45,Mass Market,Faisalabad,Punjab,2020-07-18
C007582,31,Male,Self-Employed,519023.07,Premium,Mardan,Khyber Pakhtunkhwa,2016-05-06
C007583,39,Female,Salaried,36473.32,Mass Market,Faisalabad,Punjab,2016-06-10
C007584,38,Male,Salaried,65333.57,Mass Market,Mardan,Khyber Pakhtunkhwa,2019-02-17
C007585,52,Female,Unemployed,20023.71,Mass Market,Karachi,Sindh,2022-08-07
C007586,42,Male,Business Owner,478493.86,Premium,Faisalabad,Punjab,2015-11-07
C007587,36,Male,Salaried,224142.03,Affluent,Lahore,Punjab,2017-04-09
C007588,33,Female,Salaried,40095.86,Mass Market,Islamabad,Islamabad Capital,2023-03-23
C007589,22,Male,Self-Employed,203878.17,Mass Affluent,Sukkur,Sindh,2018-12-22
C007590,54,Female,Salaried,85336.88,Mass Market,Sukkur,Sindh,2023-10-25
C007591,46,Male,Business Owner,109722.17,Mass Affluent,Rawalpindi,Punjab,2016-11-09
C007592,38,Male,Self-Employed,47784.81,Mass Market,Gwadar,Balochistan,2019-09-09
C007593,40,Female,Salaried,41916.53,Mass Market,Mardan,Khyber Pakhtunkhwa,2018-03-18
C007594,38,Male,Unemployed,13400.25,Mass Affluent,Abbottabad,Khyber Pakhtunkhwa,2015-05-08
C007595,21,Female,Retired,41784.81,Affluent,Larkana,Sindh,2023-01-15
C007596,23,Male,Salaried,60954.28,Mass Market,Turbat,Balochistan,2017-08-30
C007597,37,Female,Salaried,97871.02,Mass Market,Lahore,Punjab,2015-08-26
C007598,37,Female,Student,51235.75,Affluent,Hyderabad,Sindh,2018-06-30
C007599,39,Female,Salaried,24916.05,Mass Market,Rawalpindi,Punjab,2019-10-02
C007600,58,Male,Retired,128963.15,Mass Market,Sukkur,Sindh,2018-07-07
C007601,36,Male,Salaried,141044.59,Mass Affluent,Islamabad,Islamabad Capital,2017-10-22
C007602,31,Male,Business Owner,80655.3,Mass Market,Islamabad,Islamabad Capital,2021-04-29
C007603,40,Female,Self-Employed,44482.18,Mass Market,Sukkur,Sindh,2021-04-26
C007604,24,Male,Salaried,35751.0,Mass Market,Larkana,Sindh,2023-10-31
C007605,41,Female,Business Owner,63634.07,Mass Market,Gwadar,Balochistan,2016-03-10
C007606,31,Female,Salaried,28148.73,Mass Market,Islamabad,Islamabad Capital,2015-03-22
C007607,41,Female,Salaried,252978.96,Affluent,Abbottabad,Khyber Pakhtunkhwa,2022-09-19
C007608,37,Male,Salaried,88484.1,Mass Market,Faisalabad,Punjab,2023-09-08
C007609,37,Male,Salaried,154154.19,Mass Affluent,Multan,Punjab,2023-04-02
C007610,46,Male,Salaried,66102.55,Mass Market,Gwadar,Balochistan,2020-06-16
C007611,47,Female,Salaried,116392.2,Mass Market,Mardan,Khyber Pakhtunkhwa,2022-09-14
C007612,61,Female,Salaried,149929.38,Mass Affluent,Peshawar,Khyber Pakhtunkhwa,2019-05-06
C007613,47,Male,Salaried,29097.8,Mass Market,Hyderabad,Sindh,2018-12-04
C007614,36,Male,Salaried,122840.63,Mass Affluent,Faisalabad,Punjab,2020-01-13
C007615,32,Female,Student,24483.84,Mass Market,Sialkot,Punjab,2018-07-10
C007616,43,Male,Salaried,115578.33,Mass Affluent,Peshawar,Khyber Pakhtunkhwa,2018-06-13
C007617,55,Male,Business Owner,568582.31,Affluent,Faisalabad,Punjab,2019-04-25
C007618,48,Female,Salaried,88528.92,Mass Market,Sukkur,Sindh,2020-09-30
C007619,31,Male,Salaried,239743.31,Affluent,Abbottabad,Khyber Pakhtunkhwa,2020-11-17
C007620,44,Male,Salaried,39795.58,Mass Market,Abbottabad,Khyber Pakhtunkhwa,2015-03-01
C007621,41,Female,Salaried,68272.3,Mass Market,Gujranwala,Punjab,2017-05-14
C007622,51,Male,Self-Employed,97235.37,Mass Market,Peshawar,Khyber Pakhtunkhwa,2017-04-21
C007623,42,Female,Business Owner,71353.89,Mass Affluent,Gujranwala,Punjab,2018-08-08
C007624,42,Female,Salaried,136085.27,Mass Affluent,Sialkot,Punjab,2020-09-26
C007625,26,Male,Salaried,287730.46,Premium,Gujranwala,Punjab,2023-08-20
C007626,48,Male,Student,52819.05,Mass Affluent,Multan,Punjab,2021-06-21
C007627,24,Female,Salaried,31993.93,Mass Market,Islamabad,Islamabad Capital,2015-08-30
C007628,40,Male,Business Owner,346692.84,Affluent,Turbat,Balochistan,2021-02-12
C007629,33,Male,Self-Employed,215502.04,Affluent,Gujranwala,Punjab,2016-10-27
C007630,32,Male,Salaried,201862.79,Mass Affluent,Mardan,Khyber Pakhtunkhwa,2021-05-26
C007631,45,Female,Salaried,105863.19,Mass Affluent,Larkana,Sindh,2015-05-17
C007632,39,Female,Salaried,220256.36,Affluent,Sukkur,Sindh,2018-03-06
C007633,21,Male,Self-Employed,32478.61,Mass Market,Quetta,Balochistan,2020-05-03
C007634,37,Male,Unemployed,29117.19,Affluent,Sukkur,Sindh,2016-11-12
C007635,35,Female,Salaried,753515.82,Premium,Faisalabad,Punjab,2019-09-04
C007636,53,Female,Retired,114019.72,Mass Affluent,Lahore,Punjab,2018-11-17
C007637,25,Male,Salaried,76962.71,Mass Market,Larkana,Sindh,2015-08-03
C007638,60,Female,Salaried,69883.32,Mass Market,Islamabad,Islamabad Capital,2018-04-13
C007639,48,Male,Self-Employed,351149.85,Affluent,Sukkur,Sindh,2019-02-26
C007640,36,Male,Unemployed,40576.44,Affluent,Faisalabad,Punjab,2020-02-08
C007641,34,Female,Salaried,183542.1,Mass Affluent,Sialkot,Punjab,2016-10-03
C007642,32,Male,Business Owner,156696.71,Affluent,Quetta,Balochistan,2022-04-23
C007643,43,Male,Salaried,50342.7,Mass Market,Rawalpindi,Punjab,2020-10-23
C007644,30,Male,Student,26800.52,Affluent,Karachi,Sindh,2021-12-07
C007645,38,Male,Business Owner,68071.28,Mass Market,Karachi,Sindh,2022-04-10
C007646,27,Female,Business Owner,111467.07,Mass Market,Gujranwala,Punjab,2021-11-04
C007647,47,Male,Self-Employed,84348.27,Mass Market,Sialkot,Punjab,2015-12-18
C007648,41,Female,Self-Employed,47639.61,Mass Market,Gujranwala,Punjab,2018-06-05
C007649,34,Female,Retired,107778.26,Mass Market,Faisalabad,Punjab,2021-10-16
C007650,36,Female,Self-Employed,148432.71,Mass Affluent,Larkana,Sindh,2018-06-19
C007651,31,Female,Salaried,65557.91,Mass Market,Mardan,Khyber Pakhtunkhwa,2018-12-19
C007652,42,Female,Student,26809.6,Mass Affluent,Lahore,Punjab,2018-08-21
C007653,25,Male,Self-Employed,98898.7,Mass Market,Hyderabad,Sindh,2019-08-13
C007654,49,Male,Self-Employed,178951.58,Affluent,Gujranwala,Punjab,2015-04-12
C007655,41,Female,Business Owner,52194.76,Mass Market,Gujranwala,Punjab,2019-01-16
C007656,34,Male,Salaried,187168.32,Mass Affluent,Peshawar,Khyber Pakhtunkhwa,2020-09-21
C007657,45,Male,Salaried,112802.25,Mass Affluent,Abbottabad,Khyber Pakhtunkhwa,2021-06-13
C007658,43,Male,Salaried,61835.59,Mass Market,Swat,Khyber Pakhtunkhwa,2020-05-25
C007659,27,Male,Student,55339.92,Mass Market,Multan,Punjab,2021-05-29
C007660,53,Male,Self-Employed,61521.8,Mass Market,Sukkur,Sindh,2015-08-03
C007661,21,Male,Student,26380.12,Mass Market,Gujranwala,Punjab,2020-04-13
C007662,51,Male,Salaried,65081.07,Mass Market,Islamabad,Islamabad Capital,2020-12-09
C007663,37,Female,Unemployed,31137.36,Mass Market,Sukkur,Sindh,2017-01-13
C007664,50,Female,Salaried,92503.73,Mass Affluent,Gwadar,Balochistan,2018-07-15
C007665,55,Male,Salaried,33292.38,Mass Market,Rawalpindi,Punjab,2018-06-02
C007666,34,Female,Unemployed,15067.98,Mass Market,Sukkur,Sindh,2015-06-14
C007667,35,Male,Self-Employed,89208.87,Mass Market,Swat,Khyber Pakhtunkhwa,2022-04-29
C007668,42,Male,Retired,71222.45,Mass Market,Sialkot,Punjab,2020-03-14
C007669,27,Male,Self-Employed,67993.44,Mass Market,Hyderabad,Sindh,2017-10-25
C007670,35,Female,Salaried,91813.83,Mass Affluent,Larkana,Sindh,2023-08-14
C007671,34,Female,Salaried,51463.46,Mass Affluent,Islamabad,Islamabad Capital,2023-04-05
C007672,26,Male,Student,28867.14,Mass Market,Rawalpindi,Punjab,2015-08-09
C007673,34,Female,Salaried,29176.12,Mass Market,Quetta,Balochistan,2017-08-04
C007674,47,Female,Business Owner,64355.12,Mass Market,Rawalpindi,Punjab,2023-06-30
C007675,46,Male,Salaried,213395.09,Mass Affluent,Hyderabad,Sindh,2019-12-14
C007676,37,Male,Salaried,47475.41,Mass Market,Larkana,Sindh,2018-08-21
C007677,40,Male,Student,48015.59,Affluent,Lahore,Punjab,2020-07-02
C007678,36,Male,Retired,60824.41,Mass Affluent,Islamabad,Islamabad Capital,2022-01-07
C007679,21,Female,Salaried,132204.53,Mass Affluent,Gwadar,Balochistan,2016-07-08
C007680,28,Male,Salaried,59247.11,Mass Market,Islamabad,Islamabad Capital,2017-02-08
C007681,50,Female,Salaried,190094.25,Affluent,Islamabad,Islamabad Capital,2019-06-07
C007682,52,Female,Salaried,84870.19,Mass Market,Larkana,Sindh,2016-09-12
C007683,30,Male,Student,27715.62,Mass Market,Karachi,Sindh,2017-05-08
C007684,51,Male,Salaried,440070.95,Affluent,Peshawar,Khyber Pakhtunkhwa,2016-03-23
C007685,26,Female,Salaried,124649.38,Mass Affluent,Gujranwala,Punjab,2017-02-24
C007686,33,Female,Business Owner,57270.08,Mass Market,Swat,Khyber Pakhtunkhwa,2020-05-14
C007687,38,Male,Business Owner,49362.55,Mass Market,Hyderabad,Sindh,2019-05-22
C007688,36,Male,Salaried,48977.39,Mass Market,Sukkur,Sindh,2020-04-19
C007689,31,Female,Retired,26176.84,Mass Affluent,Gujranwala,Punjab,2017-09-06
C007690,40,Male,Salaried,87794.0,Mass Market,Multan,Punjab,2021-09-26
C007691,48,Female,Salaried,38471.72,Mass Market,Gujranwala,Punjab,2020-05-03
C007692,23,Male,Student,27160.17,Mass Market,Multan,Punjab,2015-03-18
C007693,40,Male,Salaried,953347.34,Premium,Faisalabad,Punjab,2021-05-18
C007694,50,Male,Unemployed,18069.46,Mass Affluent,Rawalpindi,Punjab,2020-12-03
C007695,34,Male,Self-Employed,55365.78,Mass Market,Faisalabad,Punjab,2021-07-20
C007696,33,Male,Retired,93075.92,Affluent,Hyderabad,Sindh,2020-04-07
C007697,30,Female,Salaried,79013.87,Mass Market,Gujranwala,Punjab,2016-11-17
C007698,61,Male,Salaried,153021.22,Mass Affluent,Peshawar,Khyber Pakhtunkhwa,2022-02-28
C007699,55,Male,Student,31285.46,Mass Affluent,Multan,Punjab,2018-01-11
C007700,36,Male,Student,59062.62,Mass Market,Karachi,Sindh,2017-01-01
C007701,52,Male,Student,38214.35,Mass Affluent,Rawalpindi,Punjab,2023-09-23
C007702,33,Female,Salaried,408715.6,Premium,Karachi,Sindh,2020-03-27
C007703,37,Male,Self-Employed,33209.34,Mass Market,Hyderabad,Sindh,2023-03-29
C007704,27,Female,Salaried,75238.11,Mass Market,Larkana,Sindh,2018-04-05
C007705,21,Male,Salaried,291752.11,Affluent,Sialkot,Punjab,2023-04-13
C007706,33,Male,Self-Employed,71338.92,Mass Market,Hyderabad,Sindh,2023-09-30
C007707,34,Female,Business Owner,94875.01,Mass Affluent,Rawalpindi,Punjab,2020-06-22
C007708,44,Male,Self-Employed,62385.15,Mass Market,Karachi,Sindh,2017-10-10
C007709,46,Female,Salaried,288493.57,Affluent,Rawalpindi,Punjab,2020-01-12
C007710,38,Male,Business Owner,211358.81,Mass Affluent,Karachi,Sindh,2020-04-23
C007711,28,Male,Unemployed,10691.7,Affluent,Karachi,Sindh,2019-10-16
C007712,32,Male,Salaried,45293.32,Mass Market,Abbottabad,Khyber Pakhtunkhwa,2017-11-14
C007713,57,Male,Student,50855.29,Premium,Rawalpindi,Punjab,2021-07-27
C007714,46,Female,Student,14556.71,Mass Market,Lahore,Punjab,2021-06-20
C007715,55,Male,Salaried,48163.53,Mass Affluent,Faisalabad,Punjab,2015-06-02
C007716,59,Male,Business Owner,250484.2,Mass Affluent,Multan,Punjab,2020-09-06
C007717,32,Male,Retired,129653.71,Mass Market,Larkana,Sindh,2016-06-11
C007718,48,Male,Business Owner,192969.17,Mass Affluent,Mardan,Khyber Pakhtunkhwa,2023-08-19
C007719,29,Male,Salaried,46666.86,Mass Market,Mardan,Khyber Pakhtunkhwa,2017-06-08
C007720,50,Male,Self-Employed,44148.2,Mass Market,Sukkur,Sindh,2020-06-16
C007721,48,Male,Business Owner,105618.04,Mass Affluent,Gujranwala,Punjab,2020-10-16
C007722,21,Male,Self-Employed,66045.99,Mass Market,Swat,Khyber Pakhtunkhwa,2022-01-30
C007723,43,Male,Salaried,138999.47,Mass Affluent,Sialkot,Punjab,2017-05-18
C007724,30,Female,Salaried,72491.5,Mass Market,Lahore,Punjab,2022-05-20
C007725,35,Male,Business Owner,49686.06,Mass Market,Mardan,Khyber Pakhtunkhwa,2016-04-06
C007726,32,Male,Salaried,132012.52,Mass Affluent,Gujranwala,Punjab,2015-02-04
C007727,49,Male,Retired,75683.9,Mass Market,Sialkot,Punjab,2015-11-16
C007728,31,Female,Salaried,1092348.07,Premium,Gujranwala,Punjab,2015-05-29
C007729,25,Male,Student,14960.49,Premium,Hyderabad,Sindh,2023-01-23
C007730,30,Female,Salaried,43903.57,Mass Market,Multan,Punjab,2015-09-21
C007731,37,Male,Student,58913.55,Mass Market,Larkana,Sindh,2021-01-29
C007732,44,Female,Student,35780.43,Mass Market,Hyderabad,Sindh,2019-10-08
C007733,52,Female,Salaried,173978.26,Mass Affluent,Rawalpindi,Punjab,2018-10-15
C007734,45,Male,Salaried,43379.39,Mass Market,Faisalabad,Punjab,2016-07-07
C007735,45,Male,Retired,131851.63,Affluent,Mardan,Khyber Pakhtunkhwa,2015-11-20
C007736,47,Male,Business Owner,760341.0,Premium,Faisalabad,Punjab,2019-06-20
C007737,48,Male,Self-Employed,66577.55,Mass Market,Mardan,Khyber Pakhtunkhwa,2020-09-20
C007738,50,Male,Salaried,169345.97,Mass Affluent,Hyderabad,Sindh,2020-10-04
C007739,67,Male,Retired,77569.75,Mass Market,Faisalabad,Punjab,2020-08-01
C007740,48,Male,Business Owner,138717.24,Mass Affluent,Sukkur,Sindh,2018-08-07
C007741,42,Female,Salaried,33255.9,Mass Market,Karachi,Sindh,2015-01-24
C007742,34,Female,Salaried,224957.62,Mass Affluent,Hyderabad,Sindh,2022-03-28
C007743,42,Female,Salaried,50617.26,Mass Market,Abbottabad,Khyber Pakhtunkhwa,2017-11-21
C007744,52,Female,Business Owner,174975.12,Affluent,Turbat,Balochistan,2020-12-23
C007745,26,Male,Student,34157.16,Mass Market,Mardan,Khyber Pakhtunkhwa,2021-11-22
C007746,53,Female,Salaried,108983.21,Mass Affluent,Larkana,Sindh,2023-12-09
C007747,34,Male,Salaried,206504.08,Affluent,Hyderabad,Sindh,2022-10-11
C007748,36,Female,Salaried,174694.97,Mass Affluent,Hyderabad,Sindh,2022-11-02
C007749,45,Male,Salaried,188241.9,Mass Affluent,Faisalabad,Punjab,2017-04-13
C007750,33,Female,Retired,70295.51,Mass Market,Swat,Khyber Pakhtunkhwa,2020-09-06
C007751,44,Male,Business Owner,49339.73,Mass Market,Mardan,Khyber Pakhtunkhwa,2019-01-06
C007752,26,Female,Salaried,50701.97,Mass Market,Faisalabad,Punjab,2019-06-08
C007753,49,Female,Salaried,262269.96,Affluent,Gwadar,Balochistan,2021-12-15
C007754,41,Male,Salaried,114748.76,Mass Market,Peshawar,Khyber Pakhtunkhwa,2023-07-12
C007755,39,Female,Business Owner,44043.8,Mass Market,Faisalabad,Punjab,2020-05-13
C007756,42,Male,Salaried,235391.73,Mass Affluent,Turbat,Balochistan,2016-02-21
C007757,39,Female,Salaried,56757.34,Mass Market,Rawalpindi,Punjab,2018-03-06
C007758,44,Female,Retired,71115.25,Affluent,Faisalabad,Punjab,2016-12-07
C007759,37,Female,Self-Employed,53313.04,Mass Market,Faisalabad,Punjab,2023-09-28
C007760,36,Female,Business Owner,50992.24,Mass Market,Karachi,Sindh,2023-09-12
C007761,21,Male,Salaried,128886.51,Mass Affluent,Faisalabad,Punjab,2019-08-04
C007762,54,Female,Salaried,98042.38,Mass Market,Islamabad,Islamabad Capital,2016-10-07
C007763,26,Female,Student,50085.85,Affluent,Rawalpindi,Punjab,2020-08-19
C007764,57,Male,Business Owner,64965.77,Mass Market,Multan,Punjab,2023-06-12
C007765,36,Female,Business Owner,76423.46,Mass Market,Sukkur,Sindh,2019-07-13
C007766,52,Male,Self-Employed,42950.56,Mass Market,Faisalabad,Punjab,2017-01-25
C007767,50,Male,Salaried,68189.19,Mass Market,Peshawar,Khyber Pakhtunkhwa,2016-02-27
C007768,50,Male,Self-Employed,102395.03,Mass Affluent,Multan,Punjab,2020-05-31
C007769,40,Female,Salaried,104943.84,Mass Market,Islamabad,Islamabad Capital,2019-11-29
C007770,26,Male,Salaried,152417.89,Mass Affluent,Sukkur,Sindh,2018-01-30
C007771,37,Female,Self-Employed,364317.47,Affluent,Rawalpindi,Punjab,2017-07-09
C007772,36,Male,Salaried,27643.77,Mass Market,Multan,Punjab,2021-11-12
C007773,38,Male,Salaried,170050.01,Mass Affluent,Gujranwala,Punjab,2015-03-20
C007774,25,Female,Salaried,56085.6,Mass Market,Islamabad,Islamabad Capital,2021-06-13
C007775,36,Male,Salaried,75295.05,Mass Affluent,Larkana,Sindh,2016-06-16
C007776,21,Male,Student,13477.65,Mass Market,Multan,Punjab,2023-10-25
C007777,36,Male,Retired,86233.0,Mass Affluent,Sialkot,Punjab,2023-05-02
C007778,40,Male,Salaried,75681.63,Mass Market,Quetta,Balochistan,2015-10-11
C007779,30,Female,Salaried,103467.09,Mass Market,Rawalpindi,Punjab,2022-03-15
C007780,36,Male,Student,24746.74,Mass Market,Larkana,Sindh,2020-04-26
C007781,41,Female,Salaried,59320.3,Mass Market,Mardan,Khyber Pakhtunkhwa,2015-03-14
C007782,50,Male,Business Owner,262993.98,Affluent,Multan,Punjab,2017-12-19
C007783,51,Female,Salaried,28171.41,Mass Market,Larkana,Sindh,2020-06-25
C007784,42,Male,Self-Employed,885385.53,Premium,Faisalabad,Punjab,2016-04-11
C007785,39,Male,Salaried,76105.04,Mass Market,Rawalpindi,Punjab,2020-04-17
C007786,43,Female,Business Owner,129574.78,Mass Market,Islamabad,Islamabad Capital,2017-11-17
C007787,59,Male,Self-Employed,72449.39,Mass Market,Karachi,Sindh,2019-03-28
C007788,45,Male,Salaried,42962.37,Mass Market,Swat,Khyber Pakhtunkhwa,2016-05-03
C007789,42,Female,Salaried,340439.44,Affluent,Sukkur,Sindh,2016-04-18
C007790,51,Female,Self-Employed,97765.45,Mass Market,Multan,Punjab,2023-06-15
C007791,40,Male,Unemployed,28598.59,Affluent,Swat,Khyber Pakhtunkhwa,2023-06-02
C007792,30,Female,Salaried,82951.98,Mass Market,Larkana,Sindh,2022-04-16
C007793,44,Female,Salaried,24519.75,Mass Market,Sialkot,Punjab,2019-09-05
C007794,41,Female,Self-Employed,105095.56,Mass Market,Rawalpindi,Punjab,2023-05-04
C007795,37,Female,Salaried,176210.96,Mass Affluent,Sukkur,Sindh,2021-08-05
C007796,45,Male,Student,22330.16,Mass Market,Peshawar,Khyber Pakhtunkhwa,2019-11-18
C007797,21,Female,Student,28740.03,Affluent,Faisalabad,Punjab,2022-08-23
C007798,33,Male,Salaried,28204.27,Mass Market,Turbat,Balochistan,2022-10-12
C007799,29,Male,Self-Employed,47566.67,Mass Market,Rawalpindi,Punjab,2023-08-30
C007800,30,Male,Business Owner,168258.98,Mass Affluent,Rawalpindi,Punjab,2023-12-13
C007801,37,Male,Salaried,123451.03,Mass Affluent,Gujranwala,Punjab,2015-12-26
C007802,29,Male,Self-Employed,451376.8,Affluent,Swat,Khyber Pakhtunkhwa,2023-10-25
C007803,57,Male,Salaried,61470.89,Mass Market,Gujranwala,Punjab,2018-06-16
C007804,44,Female,Salaried,128163.09,Mass Affluent,Karachi,Sindh,2020-11-28
C007805,30,Female,Self-Employed,91083.13,Mass Market,Sialkot,Punjab,2019-09-23
C007806,21,Male,Self-Employed,549750.72,Premium,Hyderabad,Sindh,2017-10-21
C007807,33,Female,Business Owner,59428.94,Mass Market,Abbottabad,Khyber Pakhtunkhwa,2020-03-14
C007808,35,Female,Salaried,291582.75,Affluent,Gujranwala,Punjab,2020-03-30
C007809,32,Male,Business Owner,58480.54,Mass Market,Islamabad,Islamabad Capital,2023-03-11
C007810,67,Male,Salaried,202030.22,Mass Affluent,Multan,Punjab,2023-11-07
C007811,21,Female,Self-Employed,217327.39,Affluent,Sialkot,Punjab,2019-05-01
C007812,40,Male,Salaried,204235.39,Affluent,Karachi,Sindh,2015-06-27
C007813,38,Male,Self-Employed,40081.14,Mass Market,Hyderabad,Sindh,2021-11-23
C007814,36,Male,Salaried,26587.69,Mass Market,Rawalpindi,Punjab,2022-12-07
C007815,21,Female,Salaried,492065.38,Affluent,Sukkur,Sindh,2019-01-17
C007816,39,Male,Salaried,92317.67,Mass Affluent,Rawalpindi,Punjab,2017-10-26
C007817,41,Female,Self-Employed,118731.93,Mass Affluent,Hyderabad,Sindh,2018-09-28
C007818,47,Female,Salaried,108459.77,Mass Market,Sukkur,Sindh,2017-05-04
C007819,44,Male,Salaried,56850.64,Mass Market,Islamabad,Islamabad Capital,2018-02-14
C007820,52,Female,Salaried,72953.21,Mass Market,Karachi,Sindh,2017-09-24
C007821,21,Male,Self-Employed,75770.52,Mass Affluent,Hyderabad,Sindh,2016-02-18
C007822,36,Female,Unemployed,27730.55,Mass Market,Sukkur,Sindh,2020-09-21
C007823,67,Male,Student,47606.81,Mass Market,Faisalabad,Punjab,2018-06-22
C007824,51,Female,Unemployed,43000.85,Affluent,Multan,Punjab,2015-07-02
C007825,23,Male,Retired,55391.18,Mass Affluent,Islamabad,Islamabad Capital,2020-08-08
C007826,40,Male,Salaried,532179.28,Affluent,Faisalabad,Punjab,2017-10-23
C007827,27,Female,Salaried,48019.02,Mass Market,Swat,Khyber Pakhtunkhwa,2016-04-02
C007828,34,Female,Salaried,41084.82,Mass Market,Sialkot,Punjab,2021-01-26
C007829,61,Female,Salaried,50895.69,Mass Market,Peshawar,Khyber Pakhtunkhwa,2021-04-02
C007830,50,Male,Student,35179.85,Mass Market,Sialkot,Punjab,2015-10-22
C007831,22,Male,Student,28735.08,Mass Affluent,Islamabad,Islamabad Capital,2021-10-22
C007832,31,Male,Self-Employed,71036.97,Mass Market,Karachi,Sindh,2019-11-12
C007833,39,Male,Student,41089.77,Mass Market,Sialkot,Punjab,2016-05-23
C007834,36,Female,Business Owner,76727.28,Mass Market,Sukkur,Sindh,2019-02-17
C007835,42,Female,Salaried,117201.04,Mass Affluent,Karachi,Sindh,2023-12-07
C007836,30,Female,Salaried,615366.37,Affluent,Faisalabad,Punjab,2015-08-03
C007837,35,Female,Retired,70810.05,Mass Market,Sialkot,Punjab,2019-05-27
C007838,30,Male,Business Owner,100308.88,Mass Market,Mardan,Khyber Pakhtunkhwa,2015-09-09
C007839,35,Male,Salaried,47785.39,Mass Market,Mardan,Khyber Pakhtunkhwa,2016-10-24
C007840,47,Female,Salaried,75564.22,Mass Affluent,Rawalpindi,Punjab,2020-05-28
C007841,42,Male,Business Owner,31844.06,Mass Market,Gwadar,Balochistan,2020-04-12
C007842,31,Female,Business Owner,67346.16,Mass Market,Multan,Punjab,2019-10-02
C007843,51,Male,Self-Employed,202163.92,Mass Affluent,Sialkot,Punjab,2020-03-29
C007844,51,Male,Unemployed,11587.86,Mass Affluent,Hyderabad,Sindh,2021-06-26
C007845,39,Male,Salaried,93138.4,Mass Affluent,Gujranwala,Punjab,2019-03-21
C007846,36,Male,Retired,101799.6,Mass Market,Multan,Punjab,2020-08-13
C007847,58,Female,Self-Employed,279729.66,Affluent,Larkana,Sindh,2023-01-10
C007848,57,Female,Business Owner,48028.69,Mass Market,Rawalpindi,Punjab,2019-06-06
C007849,22,Male,Retired,29445.39,Mass Market,Lahore,Punjab,2016-01-25
C007850,52,Female,Student,14066.04,Mass Affluent,Karachi,Sindh,2018-11-20
C007851,58,Male,Salaried,76896.36,Mass Market,Sukkur,Sindh,2021-04-06
C007852,46,Male,Student,54442.61,Mass Affluent,Abbottabad,Khyber Pakhtunkhwa,2017-11-12
C007853,34,Female,Self-Employed,60607.57,Mass Market,Karachi,Sindh,2018-02-03
C007854,35,Male,Salaried,40172.26,Mass Market,Hyderabad,Sindh,2015-05-12
C007855,58,Male,Business Owner,146505.83,Mass Affluent,Gujranwala,Punjab,2023-05-21
C007856,48,Male,Salaried,65724.99,Mass Market,Abbottabad,Khyber Pakhtunkhwa,2015-09-14
C007857,45,Male,Self-Employed,78926.16,Mass Affluent,Multan,Punjab,2022-10-08
C007858,65,Female,Salaried,115890.37,Mass Affluent,Rawalpindi,Punjab,2020-03-14
C007859,28,Male,Salaried,68964.24,Mass Market,Swat,Khyber Pakhtunkhwa,2021-09-01
C007860,38,Male,Salaried,126191.82,Mass Affluent,Abbottabad,Khyber Pakhtunkhwa,2020-03-19
C007861,41,Female,Business Owner,132925.2,Affluent,Hyderabad,Sindh,2015-10-22
C007862,37,Male,Salaried,101921.2,Mass Affluent,Gujranwala,Punjab,2015-05-29
C007863,21,Male,Self-Employed,45866.34,Mass Market,Sialkot,Punjab,2017-06-13
C007864,50,Male,Self-Employed,160784.69,Mass Affluent,Hyderabad,Sindh,2018-11-29
C007865,31,Female,Salaried,751578.23,Affluent,Abbottabad,Khyber Pakhtunkhwa,2023-08-23
C007866,31,Female,Salaried,136789.22,Mass Affluent,Hyderabad,Sindh,2023-07-18
C007867,35,Female,Salaried,38058.21,Mass Market,Gujranwala,Punjab,2016-05-27
C007868,36,Male,Student,53773.48,Mass Market,Gujranwala,Punjab,2016-09-09
C007869,38,Male,Retired,95339.27,Mass Affluent,Larkana,Sindh,2023-07-17
C007870,50,Female,Salaried,173302.86,Mass Affluent,Karachi,Sindh,2021-11-29
C007871,52,Female,Salaried,448898.11,Affluent,Multan,Punjab,2018-05-09
C007872,36,Male,Self-Employed,475029.25,Affluent,Lahore,Punjab,2019-07-28
C007873,32,Female,Salaried,73588.71,Mass Market,Gujranwala,Punjab,2015-04-20
C007874,38,Male,Salaried,129960.85,Mass Affluent,Faisalabad,Punjab,2021-12-31
C007875,29,Male,Salaried,105428.96,Mass Market,Karachi,Sindh,2022-05-16
C007876,39,Male,Self-Employed,52577.79,Mass Market,Lahore,Punjab,2017-06-12
C007877,29,Female,Salaried,61255.08,Mass Market,Larkana,Sindh,2015-08-30
C007878,62,Female,Student,12864.13,Affluent,Mardan,Khyber Pakhtunkhwa,2023-11-09
C007879,40,Male,Salaried,26694.4,Mass Market,Islamabad,Islamabad Capital,2019-05-04
C007880,33,Male,Salaried,97281.84,Mass Market,Islamabad,Islamabad Capital,2018-03-28
C007881,47,Male,Retired,67888.2,Mass Market,Gujranwala,Punjab,2015-03-23
C007882,25,Male,Salaried,24379.46,Mass Market,Gujranwala,Punjab,2020-08-21
C007883,31,Male,Salaried,190223.75,Mass Affluent,Lahore,Punjab,2023-09-27
C007884,44,Male,Salaried,53465.6,Mass Market,Karachi,Sindh,2021-02-24
C007885,40,Female,Business Owner,87356.03,Mass Market,Multan,Punjab,2023-09-02
C007886,51,Female,Self-Employed,61753.14,Mass Market,Rawalpindi,Punjab,2020-12-10
C007887,21,Female,Self-Employed,77613.82,Mass Affluent,Multan,Punjab,2021-04-27
C007888,48,Female,Salaried,131308.4,Mass Affluent,Lahore,Punjab,2019-10-07
C007889,33,Female,Salaried,199014.5,Affluent,Sukkur,Sindh,2022-04-20
C007890,26,Female,Salaried,37699.55,Mass Market,Larkana,Sindh,2021-02-01
C007891,21,Female,Salaried,83413.95,Mass Market,Hyderabad,Sindh,2020-05-04
C007892,33,Male,Salaried,69625.57,Mass Market,Quetta,Balochistan,2021-02-10
C007893,56,Male,Self-Employed,1104146.35,Premium,Multan,Punjab,2023-03-19
C007894,50,Male,Business Owner,51649.38,Mass Market,Faisalabad,Punjab,2021-08-21
C007895,57,Female,Self-Employed,41614.19,Mass Market,Rawalpindi,Punjab,2018-10-01
C007896,38,Male,Self-Employed,356928.43,Affluent,Larkana,Sindh,2021-07-14
C007897,40,Male,Self-Employed,203973.58,Affluent,Sukkur,Sindh,2023-01-27
C007898,22,Female,Salaried,53328.48,Mass Market,Rawalpindi,Punjab,2021-01-21
C007899,22,Male,Self-Employed,158708.74,Mass Affluent,Islamabad,Islamabad Capital,2019-09-30
C007900,37,Male,Salaried,57196.07,Mass Market,Faisalabad,Punjab,2023-03-12
C007901,24,Female,Business Owner,49830.48,Mass Market,Rawalpindi,Punjab,2018-06-01
C007902,30,Male,Salaried,35210.1,Mass Market,Hyderabad,Sindh,2023-01-30
C007903,39,Male,Self-Employed,892271.43,Premium,Islamabad,Islamabad Capital,2019-11-12
C007904,53,Female,Student,28620.85,Mass Market,Larkana,Sindh,2015-05-21
C007905,39,Female,Salaried,164417.64,Mass Affluent,Islamabad,Islamabad Capital,2015-07-06
C007906,24,Male,Salaried,72169.8,Mass Market,Gujranwala,Punjab,2023-10-29
C007907,21,Male,Student,46602.74,Mass Affluent,Sukkur,Sindh,2017-06-03
C007908,40,Male,Salaried,118868.58,Mass Affluent,Abbottabad,Khyber Pakhtunkhwa,2022-02-22
C007909,32,Male,Salaried,113909.16,Mass Affluent,Hyderabad,Sindh,2020-11-02
C007910,40,Female,Salaried,183763.13,Affluent,Gujranwala,Punjab,2020-05-04
C007911,37,Female,Salaried,105776.37,Mass Affluent,Islamabad,Islamabad Capital,2019-08-15
C007912,38,Female,Self-Employed,147994.72,Mass Affluent,Lahore,Punjab,2020-06-22
C007913,52,Male,Student,50971.62,Mass Market,Sialkot,Punjab,2022-01-10
C007914,51,Female,Business Owner,704684.86,Premium,Turbat,Balochistan,2018-07-01
C007915,43,Female,Self-Employed,104785.51,Mass Market,Turbat,Balochistan,2020-10-21
C007916,29,Male,Business Owner,50661.38,Mass Market,Islamabad,Islamabad Capital,2018-11-15
C007917,33,Female,Student,29003.5,Mass Market,Quetta,Balochistan,2021-02-02
C007918,47,Male,Salaried,51277.5,Mass Market,Faisalabad,Punjab,2018-05-30
C007919,53,Female,Self-Employed,75711.01,Mass Affluent,Gwadar,Balochistan,2016-10-16
C007920,25,Female,Salaried,99618.66,Mass Market,Multan,Punjab,2023-07-16
C007921,56,Male,Salaried,61966.14,Mass Market,Karachi,Sindh,2023-08-23
C007922,30,Female,Business Owner,212295.08,Affluent,Multan,Punjab,2020-05-19
C007923,46,Male,Business Owner,226341.35,Affluent,Abbottabad,Khyber Pakhtunkhwa,2020-10-23
C007924,70,Male,Student,32243.49,Mass Market,Larkana,Sindh,2016-06-06
C007925,22,Male,Salaried,917804.97,Premium,Peshawar,Khyber Pakhtunkhwa,2021-08-23
C007926,45,Female,Salaried,120599.98,Mass Market,Multan,Punjab,2021-12-06
C007927,36,Male,Salaried,34007.78,Mass Market,Lahore,Punjab,2016-01-29
C007928,44,Female,Salaried,416226.16,Affluent,Hyderabad,Sindh,2021-03-31
C007929,32,Male,Salaried,118405.03,Mass Affluent,Gujranwala,Punjab,2016-06-15
C007930,21,Male,Self-Employed,210435.84,Mass Affluent,Larkana,Sindh,2020-09-12
C007931,31,Male,Self-Employed,29888.98,Mass Market,Gujranwala,Punjab,2022-01-19
C007932,43,Male,Salaried,65365.5,Mass Market,Hyderabad,Sindh,2017-05-17
C007933,54,Female,Salaried,51384.82,Mass Market,Rawalpindi,Punjab,2022-10-14
C007934,43,Male,Salaried,802880.18,Premium,Faisalabad,Punjab,2020-07-25
C007935,55,Female,Business Owner,61410.36,Mass Market,Karachi,Sindh,2023-11-22
C007936,34,Female,Salaried,60509.59,Mass Market,Lahore,Punjab,2022-05-06
C007937,33,Male,Salaried,57631.52,Mass Market,Multan,Punjab,2020-08-30
C007938,43,Male,Salaried,235381.6,Mass Affluent,Sialkot,Punjab,2016-07-03
C007939,35,Male,Salaried,56140.34,Mass Market,Faisalabad,Punjab,2023-07-25
C007940,51,Female,Salaried,180541.76,Mass Affluent,Hyderabad,Sindh,2019-12-04
C007941,24,Female,Student,22783.67,Mass Affluent,Gujranwala,Punjab,2018-10-02
C007942,48,Female,Salaried,84107.19,Mass Market,Lahore,Punjab,2016-11-17
C007943,52,Male,Salaried,40802.34,Mass Market,Hyderabad,Sindh,2019-08-14
C007944,43,Female,Salaried,78497.78,Mass Market,Hyderabad,Sindh,2019-12-21
C007945,49,Female,Salaried,147753.42,Mass Affluent,Sukkur,Sindh,2015-05-27
C007946,32,Male,Retired,115989.8,Affluent,Rawalpindi,Punjab,2020-10-10
C007947,30,Male,Business Owner,55347.65,Mass Market,Gwadar,Balochistan,2015-05-17
C007948,43,Male,Salaried,310865.61,Mass Affluent,Rawalpindi,Punjab,2022-04-18
C007949,31,Female,Self-Employed,51700.02,Mass Market,Rawalpindi,Punjab,2019-08-13
C007950,42,Female,Salaried,243491.66,Affluent,Gwadar,Balochistan,2019-06-26
C007951,42,Male,Salaried,741756.85,Premium,Sukkur,Sindh,2018-08-17
C007952,38,Female,Salaried,105847.95,Mass Affluent,Larkana,Sindh,2023-05-16
C007953,42,Female,Student,28759.34,Mass Market,Quetta,Balochistan,2021-09-24
C007954,46,Male,Business Owner,50590.26,Mass Market,Rawalpindi,Punjab,2023-03-14
C007955,38,Male,Salaried,728260.18,Premium,Peshawar,Khyber Pakhtunkhwa,2022-06-07
C007956,34,Male,Business Owner,58605.43,Mass Market,Karachi,Sindh,2022-05-08
C007957,48,Female,Salaried,272950.84,Mass Affluent,Faisalabad,Punjab,2022-07-02
C007958,42,Male,Salaried,284938.18,Affluent,Sialkot,Punjab,2019-12-30
C007959,44,Female,Salaried,119455.31,Mass Affluent,Rawalpindi,Punjab,2017-11-15
C007960,45,Male,Salaried,192235.32,Mass Affluent,Islamabad,Islamabad Capital,2016-09-14
C007961,41,Female,Salaried,35365.35,Mass Market,Multan,Punjab,2017-06-16
C007962,35,Female,Retired,113185.04,Affluent,Multan,Punjab,2020-11-08
C007963,32,Male,Salaried,41211.69,Mass Market,Karachi,Sindh,2018-10-15
C007964,38,Female,Salaried,440504.08,Affluent,Peshawar,Khyber Pakhtunkhwa,2021-05-08
C007965,44,Female,Salaried,104361.02,Mass Market,Multan,Punjab,2020-02-23
C007966,45,Male,Salaried,106455.61,Mass Affluent,Peshawar,Khyber Pakhtunkhwa,2019-06-14
C007967,41,Male,Salaried,237816.34,Affluent,Larkana,Sindh,2017-02-08
C007968,43,Female,Salaried,124716.95,Mass Affluent,Peshawar,Khyber Pakhtunkhwa,2023-09-13
C007969,27,Female,Salaried,75984.71,Mass Market,Gujranwala,Punjab,2019-10-31
C007970,34,Male,Salaried,41061.97,Mass Market,Multan,Punjab,2015-11-15
C007971,46,Male,Salaried,124714.67,Mass Affluent,Larkana,Sindh,2018-07-09
C007972,30,Male,Self-Employed,115403.31,Mass Affluent,Sialkot,Punjab,2022-09-07
C007973,41,Male,Retired,113362.52,Mass Market,Sukkur,Sindh,2017-11-11
C007974,40,Female,Salaried,188234.4,Affluent,Sialkot,Punjab,2023-02-17
C007975,38,Female,Business Owner,293983.44,Affluent,Mardan,Khyber Pakhtunkhwa,2017-04-20
C007976,46,Female,Self-Employed,292010.35,Affluent,Turbat,Balochistan,2020-08-26
C007977,41,Female,Self-Employed,97243.98,Mass Affluent,Swat,Khyber Pakhtunkhwa,2019-08-18
C007978,26,Male,Business Owner,644106.2,Premium,Islamabad,Islamabad Capital,2022-12-27
C007979,45,Male,Self-Employed,218972.81,Affluent,Turbat,Balochistan,2017-07-08
C007980,33,Male,Retired,44526.71,Mass Market,Sukkur,Sindh,2016-11-27
C007981,24,Female,Salaried,601014.18,Premium,Sialkot,Punjab,2017-02-16
C007982,47,Female,Salaried,197274.81,Mass Affluent,Turbat,Balochistan,2018-02-08
C007983,26,Female,Self-Employed,147166.93,Affluent,Gwadar,Balochistan,2017-05-30
C007984,35,Male,Retired,135684.85,Mass Affluent,Islamabad,Islamabad Capital,2016-08-19
C007985,42,Female,Salaried,163047.96,Mass Affluent,Abbottabad,Khyber Pakhtunkhwa,2020-03-16
C007986,38,Male,Unemployed,38507.34,Mass Market,Gujranwala,Punjab,2017-10-27
C007987,32,Male,Self-Employed,48890.36,Mass Market,Islamabad,Islamabad Capital,2016-05-28
C007988,28,Female,Business Owner,56592.05,Mass Market,Islamabad,Islamabad Capital,2016-06-27
C007989,31,Male,Business Owner,172374.81,Mass Affluent,Hyderabad,Sindh,2016-01-13
C007990,27,Female,Business Owner,176758.95,Affluent,Peshawar,Khyber Pakhtunkhwa,2016-06-22
C007991,38,Male,Self-Employed,78298.68,Mass Market,Hyderabad,Sindh,2023-06-21
C007992,33,Male,Business Owner,67716.07,Mass Market,Islamabad,Islamabad Capital,2015-04-12
C007993,24,Male,Salaried,117734.64,Mass Affluent,Sialkot,Punjab,2023-07-31
C007994,36,Female,Retired,97876.44,Mass Market,Swat,Khyber Pakhtunkhwa,2021-09-13
C007995,32,Female,Student,16143.59,Mass Market,Lahore,Punjab,2017-07-19
C007996,42,Male,Self-Employed,112687.67,Mass Market,Multan,Punjab,2017-09-19
C007997,43,Female,Salaried,148379.83,Mass Affluent,Multan,Punjab,2015-10-29
C007998,54,Male,Salaried,90859.23,Mass Affluent,Larkana,Sindh,2020-06-30
C007999,46,Male,Salaried,237312.14,Affluent,Rawalpindi,Punjab,2015-08-31
C008000,27,Female,Salaried,38838.22,Mass Market,Islamabad,Islamabad Capital,2021-04-01
C008001,21,Male,Business Owner,29260.11,Mass Market,Larkana,Sindh,2019-02-12
C008002,22,Male,Student,20028.24,Mass Affluent,Gwadar,Balochistan,2021-01-14
C008003,33,Female,Business Owner,654178.77,Premium,Rawalpindi,Punjab,2023-07-31
C008004,21,Male,Salaried,97363.21,Mass Market,Multan,Punjab,2023-05-17
C008005,32,Male,Unemployed,11410.61,Affluent,Swat,Khyber Pakhtunkhwa,2016-09-19
C008006,39,Male,Student,34253.52,Mass Affluent,Sukkur,Sindh,2021-06-23
C008007,33,Male,Business Owner,206785.62,Affluent,Karachi,Sindh,2019-12-24
C008008,42,Female,Salaried,41998.95,Mass Market,Swat,Khyber Pakhtunkhwa,2020-07-16
C008009,32,Female,Business Owner,22495.9,Mass Market,Peshawar,Khyber Pakhtunkhwa,2015-09-13
C008010,31,Female,Salaried,56296.99,Mass Market,Hyderabad,Sindh,2016-03-10
C008011,58,Male,Salaried,176403.03,Mass Affluent,Islamabad,Islamabad Capital,2016-07-02
C008012,39,Male,Self-Employed,254393.24,Affluent,Abbottabad,Khyber Pakhtunkhwa,2015-03-11
C008013,40,Male,Business Owner,37061.34,Mass Market,Sukkur,Sindh,2015-11-20
C008014,48,Female,Salaried,43518.59,Mass Market,Rawalpindi,Punjab,2021-07-10
C008015,49,Female,Retired,58189.08,Mass Market,Sialkot,Punjab,2017-11-27
C008016,35,Male,Student,51878.24,Mass Affluent,Rawalpindi,Punjab,2022-10-21
C008017,51,Male,Self-Employed,261208.46,Affluent,Mardan,Khyber Pakhtunkhwa,2022-01-16
C008018,34,Male,Salaried,76371.54,Mass Market,Karachi,Sindh,2020-05-21
C008019,50,Female,Salaried,126043.2,Mass Affluent,Gujranwala,Punjab,2018-04-22
C008020,25,Male,Self-Employed,142239.79,Mass Affluent,Karachi,Sindh,2023-11-30
C008021,36,Male,Business Owner,195884.53,Affluent,Faisalabad,Punjab,2020-09-08
C008022,41,Female,Self-Employed,215760.41,Affluent,Gujranwala,Punjab,2022-12-27
C008023,43,Male,Salaried,37230.82,Mass Market,Islamabad,Islamabad Capital,2017-06-07
C008024,30,Female,Salaried,163393.84,Mass Affluent,Multan,Punjab,2023-06-13
C008025,21,Male,Salaried,250670.48,Affluent,Multan,Punjab,2017-07-07
C008026,44,Male,Self-Employed,71356.61,Affluent,Hyderabad,Sindh,2021-07-29
C008027,37,Male,Salaried,156080.69,Mass Affluent,Faisalabad,Punjab,2023-12-22
C008028,35,Female,Salaried,86879.17,Mass Market,Peshawar,Khyber Pakhtunkhwa,2023-09-02
C008029,57,Female,Self-Employed,95496.01,Mass Affluent,Islamabad,Islamabad Capital,2018-04-03
C008030,36,Male,Student,32925.91,Mass Affluent,Larkana,Sindh,2020-05-27
C008031,33,Male,Salaried,55403.79,Mass Market,Karachi,Sindh,2021-07-08
C008032,21,Female,Salaried,279493.73,Premium,Lahore,Punjab,2019-03-21
C008033,27,Female,Self-Employed,126023.99,Mass Market,Hyderabad,Sindh,2019-07-12
C008034,49,Male,Retired,81512.25,Affluent,Faisalabad,Punjab,2015-05-31
C008035,31,Female,Salaried,64772.59,Mass Market,Rawalpindi,Punjab,2015-10-05
C008036,46,Male,Salaried,47323.17,Mass Market,Abbottabad,Khyber Pakhtunkhwa,2023-04-18
C008037,25,Female,Self-Employed,116190.72,Mass Affluent,Sialkot,Punjab,2015-09-09
C008038,29,Female,Salaried,138236.52,Mass Affluent,Hyderabad,Sindh,2018-07-21
C008039,29,Female,Student,56252.42,Affluent,Gujranwala,Punjab,2021-11-29
C008040,44,Male,Business Owner,247458.04,Mass Affluent,Mardan,Khyber Pakhtunkhwa,2015-11-15
C008041,37,Male,Salaried,82503.47,Mass Market,Sialkot,Punjab,2022-10-30
C008042,27,Male,Student,39733.03,Affluent,Sialkot,Punjab,2021-05-29
C008043,47,Male,Self-Employed,123181.29,Mass Affluent,Mardan,Khyber Pakhtunkhwa,2018-11-26
C008044,44,Female,Salaried,44928.91,Mass Market,Larkana,Sindh,2017-12-30
C008045,43,Male,Salaried,414148.11,Affluent,Turbat,Balochistan,2015-11-01
C008046,42,Male,Self-Employed,75671.99,Mass Market,Multan,Punjab,2019-11-22
C008047,30,Female,Student,30592.62,Mass Market,Peshawar,Khyber Pakhtunkhwa,2021-11-26
C008048,53,Male,Salaried,86091.96,Mass Affluent,Islamabad,Islamabad Capital,2023-12-19
C008049,38,Male,Salaried,71428.11,Mass Affluent,Hyderabad,Sindh,2017-06-11
C008050,42,Male,Retired,147932.18,Mass Market,Sukkur,Sindh,2020-11-21
C008051,43,Female,Salaried,254728.54,Affluent,Sialkot,Punjab,2015-04-02
C008052,29,Female,Salaried,94149.31,Mass Market,Peshawar,Khyber Pakhtunkhwa,2015-03-24
C008053,60,Male,Salaried,911224.56,Premium,Turbat,Balochistan,2016-09-15
C008054,39,Male,Business Owner,60893.38,Mass Market,Karachi,Sindh,2015-07-02
C008055,39,Female,Business Owner,58178.69,Mass Market,Quetta,Balochistan,2017-09-20
C008056,34,Female,Salaried,38727.56,Mass Market,Karachi,Sindh,2020-03-19
C008057,52,Male,Salaried,89793.81,Mass Market,Sukkur,Sindh,2016-06-20
C008058,52,Male,Self-Employed,58720.4,Mass Market,Gujranwala,Punjab,2015-06-16
C008059,41,Male,Business Owner,352410.39,Affluent,Larkana,Sindh,2018-06-04
C008060,23,Male,Salaried,437893.25,Affluent,Gwadar,Balochistan,2015-01-21
C008061,37,Male,Salaried,104857.63,Mass Affluent,Karachi,Sindh,2020-08-15
C008062,38,Male,Self-Employed,43804.5,Mass Market,Rawalpindi,Punjab,2017-11-21
C008063,34,Male,Salaried,715440.01,Affluent,Hyderabad,Sindh,2021-12-22
C008064,28,Male,Salaried,75206.88,Mass Market,Swat,Khyber Pakhtunkhwa,2015-07-06
C008065,22,Male,Retired,82804.47,Mass Affluent,Turbat,Balochistan,2018-02-03
C008066,55,Male,Student,39824.65,Mass Affluent,Sialkot,Punjab,2022-09-17
C008067,47,Male,Salaried,53367.77,Mass Market,Multan,Punjab,2018-05-10
C008068,39,Male,Student,30336.05,Mass Market,Multan,Punjab,2015-04-16
C008069,32,Male,Self-Employed,225621.98,Affluent,Faisalabad,Punjab,2019-04-27
C008070,43,Female,Unemployed,32760.68,Mass Market,Islamabad,Islamabad Capital,2021-05-08
C008071,41,Female,Unemployed,36704.89,Mass Affluent,Gujranwala,Punjab,2021-10-29
C008072,35,Female,Self-Employed,210413.54,Affluent,Larkana,Sindh,2016-06-02
C008073,43,Female,Salaried,65800.82,Mass Market,Gujranwala,Punjab,2017-12-23
C008074,45,Male,Salaried,47072.0,Mass Market,Hyderabad,Sindh,2015-08-23
C008075,47,Female,Self-Employed,74680.55,Mass Market,Islamabad,Islamabad Capital,2017-11-26
C008076,29,Female,Salaried,115793.41,Mass Affluent,Hyderabad,Sindh,2023-03-04
C008077,44,Male,Self-Employed,31209.01,Mass Market,Sialkot,Punjab,2017-06-01
C008078,52,Male,Salaried,75964.55,Mass Market,Faisalabad,Punjab,2019-06-27
C008079,42,Male,Student,42174.83,Mass Market,Islamabad,Islamabad Capital,2023-10-14
C008080,63,Female,Unemployed,17191.57,Premium,Islamabad,Islamabad Capital,2023-07-19
C008081,37,Male,Salaried,281891.97,Affluent,Faisalabad,Punjab,2016-11-19
C008082,21,Male,Self-Employed,139378.98,Mass Affluent,Karachi,Sindh,2018-10-12
C008083,30,Female,Business Owner,749657.06,Premium,Gujranwala,Punjab,2021-02-26
C008084,32,Female,Self-Employed,191525.56,Mass Affluent,Larkana,Sindh,2023-11-24
C008085,45,Female,Retired,142787.14,Affluent,Multan,Punjab,2020-10-19
C008086,48,Male,Self-Employed,67726.87,Mass Market,Mardan,Khyber Pakhtunkhwa,2021-11-24
C008087,40,Male,Salaried,59252.85,Mass Market,Gwadar,Balochistan,2019-02-25
C008088,42,Female,Salaried,385677.33,Affluent,Faisalabad,Punjab,2016-03-06
C008089,60,Female,Salaried,58323.02,Mass Market,Hyderabad,Sindh,2021-11-09
C008090,30,Male,Salaried,36761.85,Mass Market,Rawalpindi,Punjab,2018-07-28
C008091,38,Female,Business Owner,73484.1,Mass Affluent,Multan,Punjab,2016-08-15
C008092,34,Male,Self-Employed,116290.79,Mass Affluent,Faisalabad,Punjab,2019-07-06
C008093,26,Male,Salaried,62798.6,Mass Market,Multan,Punjab,2015-09-18
C008094,21,Male,Salaried,153502.32,Mass Market,Islamabad,Islamabad Capital,2021-02-23
C008095,53,Female,Salaried,57324.89,Mass Market,Rawalpindi,Punjab,2020-09-30
C008096,31,Male,Salaried,61071.96,Mass Market,Peshawar,Khyber Pakhtunkhwa,2019-01-03
C008097,36,Male,Self-Employed,51454.51,Mass Market,Multan,Punjab,2017-05-07
C008098,44,Male,Salaried,164462.19,Mass Affluent,Karachi,Sindh,2019-04-14
C008099,26,Female,Business Owner,144613.52,Mass Affluent,Sukkur,Sindh,2022-11-13
C008100,30,Female,Retired,88964.72,Mass Market,Quetta,Balochistan,2017-08-05
C008101,39,Female,Self-Employed,40853.38,Mass Market,Multan,Punjab,2020-02-19
C008102,34,Male,Business Owner,111568.09,Mass Affluent,Multan,Punjab,2019-12-11
C008103,25,Female,Retired,128252.85,Mass Market,Mardan,Khyber Pakhtunkhwa,2016-08-28
C008104,46,Female,Salaried,54954.38,Mass Market,Abbottabad,Khyber Pakhtunkhwa,2019-10-18
C008105,34,Male,Salaried,63314.03,Mass Market,Larkana,Sindh,2017-07-24
C008106,41,Male,Salaried,107455.94,Mass Affluent,Faisalabad,Punjab,2022-08-03
C008107,40,Male,Salaried,104277.35,Mass Market,Rawalpindi,Punjab,2020-05-16
C008108,50,Male,Salaried,93215.55,Mass Market,Mardan,Khyber Pakhtunkhwa,2020-01-20
C008109,43,Male,Self-Employed,119140.39,Mass Affluent,Sukkur,Sindh,2023-05-20
C008110,30,Male,Salaried,194106.39,Affluent,Karachi,Sindh,2018-05-30
C008111,52,Female,Salaried,128536.49,Mass Affluent,Gujranwala,Punjab,2018-06-08
C008112,34,Female,Salaried,266127.8,Affluent,Lahore,Punjab,2017-02-22
C008113,30,Female,Salaried,126935.25,Mass Affluent,Islamabad,Islamabad Capital,2015-07-16
C008114,28,Male,Self-Employed,51577.99,Mass Market,Swat,Khyber Pakhtunkhwa,2022-04-24
C008115,21,Male,Salaried,40268.68,Mass Market,Lahore,Punjab,2021-03-16
C008116,32,Male,Salaried,60800.78,Mass Market,Gwadar,Balochistan,2021-02-09
C008117,43,Male,Salaried,52510.65,Mass Market,Hyderabad,Sindh,2020-01-03
C008118,24,Male,Business Owner,54315.47,Mass Market,Rawalpindi,Punjab,2020-11-18
C008119,58,Female,Salaried,62181.02,Mass Market,Faisalabad,Punjab,2021-10-14
C008120,21,Male,Self-Employed,126618.45,Mass Affluent,Peshawar,Khyber Pakhtunkhwa,2015-09-19
C008121,30,Female,Business Owner,133617.07,Mass Affluent,Sialkot,Punjab,2019-07-07
C008122,23,Male,Salaried,51594.48,Mass Market,Larkana,Sindh,2022-08-09
C008123,49,Male,Salaried,68799.71,Mass Market,Peshawar,Khyber Pakhtunkhwa,2018-08-03
C008124,46,Female,Self-Employed,45676.36,Mass Market,Rawalpindi,Punjab,2020-01-22
C008125,36,Male,Salaried,39683.15,Mass Market,Islamabad,Islamabad Capital,2018-11-14
C008126,23,Male,Business Owner,42783.5,Mass Market,Faisalabad,Punjab,2022-08-18
C008127,26,Female,Business Owner,46395.5,Mass Market,Lahore,Punjab,2022-04-21
C008128,42,Male,Salaried,36780.95,Mass Market,Hyderabad,Sindh,2022-02-20
C008129,32,Female,Salaried,328495.49,Premium,Larkana,Sindh,2018-07-04
C008130,33,Female,Business Owner,157409.33,Mass Affluent,Sukkur,Sindh,2023-08-02
C008131,38,Female,Self-Employed,210976.52,Mass Affluent,Larkana,Sindh,2019-03-05
C008132,34,Female,Salaried,74163.5,Mass Market,Quetta,Balochistan,2021-08-25
C008133,21,Male,Business Owner,49937.28,Mass Market,Mardan,Khyber Pakhtunkhwa,2017-04-02
C008134,24,Female,Salaried,31252.48,Mass Market,Swat,Khyber Pakhtunkhwa,2016-08-19
C008135,25,Female,Student,12423.59,Premium,Rawalpindi,Punjab,2015-02-16
C008136,31,Male,Student,36852.67,Mass Market,Multan,Punjab,2017-07-06
C008137,40,Female,Salaried,58056.35,Mass Market,Hyderabad,Sindh,2016-11-26
C008138,40,Male,Salaried,461236.72,Premium,Rawalpindi,Punjab,2023-09-01
C008139,52,Female,Salaried,25222.05,Mass Market,Peshawar,Khyber Pakhtunkhwa,2022-04-06
C008140,24,Male,Business Owner,105314.12,Mass Market,Sialkot,Punjab,2023-11-19
C008141,42,Male,Salaried,80666.95,Mass Affluent,Lahore,Punjab,2023-03-27
C008142,30,Male,Salaried,52412.44,Mass Market,Lahore,Punjab,2020-02-20
C008143,61,Male,Self-Employed,266608.36,Affluent,Faisalabad,Punjab,2021-09-03
C008144,38,Female,Salaried,50177.83,Mass Market,Lahore,Punjab,2016-11-30
C008145,33,Female,Salaried,155100.75,Mass Affluent,Larkana,Sindh,2018-12-07
C008146,42,Male,Business Owner,45275.94,Mass Market,Sukkur,Sindh,2022-06-05
C008147,41,Male,Self-Employed,150303.95,Mass Affluent,Lahore,Punjab,2021-02-12
C008148,35,Female,Self-Employed,316025.05,Affluent,Sialkot,Punjab,2023-08-15
C008149,46,Female,Salaried,165876.57,Affluent,Mardan,Khyber Pakhtunkhwa,2016-02-11
C008150,56,Male,Self-Employed,306252.22,Affluent,Multan,Punjab,2019-03-14
C008151,49,Male,Self-Employed,87097.22,Mass Affluent,Hyderabad,Sindh,2015-10-30
C008152,37,Male,Salaried,38528.61,Mass Market,Larkana,Sindh,2016-06-10
C008153,59,Male,Unemployed,42616.44,Mass Market,Karachi,Sindh,2016-09-08
C008154,44,Male,Salaried,51375.95,Mass Market,Turbat,Balochistan,2021-07-24
C008155,27,Female,Salaried,69134.98,Mass Market,Hyderabad,Sindh,2020-06-07
C008156,40,Male,Student,45034.09,Mass Market,Islamabad,Islamabad Capital,2019-04-28
C008157,37,Male,Salaried,75557.38,Mass Affluent,Quetta,Balochistan,2018-10-13
C008158,33,Female,Retired,39272.82,Mass Affluent,Lahore,Punjab,2022-07-09
C008159,42,Male,Salaried,696493.09,Premium,Lahore,Punjab,2016-08-24
C008160,21,Male,Salaried,48010.62,Mass Market,Rawalpindi,Punjab,2018-06-09
C008161,57,Male,Salaried,123458.16,Mass Affluent,Gujranwala,Punjab,2019-11-29
C008162,46,Male,Salaried,174131.14,Mass Affluent,Hyderabad,Sindh,2018-07-23
C008163,21,Female,Retired,113746.63,Premium,Gujranwala,Punjab,2023-03-15
C008164,46,Female,Retired,26877.58,Mass Affluent,Rawalpindi,Punjab,2018-07-13
C008165,44,Male,Self-Employed,105721.46,Mass Market,Multan,Punjab,2019-12-17
C008166,55,Male,Salaried,62722.63,Mass Market,Hyderabad,Sindh,2020-04-30
C008167,58,Male,Salaried,573132.2,Premium,Sukkur,Sindh,2019-08-28
C008168,60,Female,Salaried,121189.87,Mass Affluent,Islamabad,Islamabad Capital,2016-10-03
C008169,36,Male,Salaried,103470.46,Mass Affluent,Lahore,Punjab,2018-03-12
C008170,45,Female,Salaried,136335.49,Mass Affluent,Faisalabad,Punjab,2023-12-04
C008171,34,Female,Salaried,168814.78,Mass Affluent,Islamabad,Islamabad Capital,2015-02-10
C008172,50,Male,Salaried,77846.02,Mass Affluent,Karachi,Sindh,2022-07-11
C008173,21,Female,Business Owner,357467.93,Affluent,Hyderabad,Sindh,2017-03-19
C008174,25,Female,Salaried,399230.53,Affluent,Larkana,Sindh,2020-07-14
C008175,34,Male,Salaried,74572.5,Mass Market,Faisalabad,Punjab,2017-12-20
C008176,38,Female,Salaried,57109.22,Mass Market,Turbat,Balochistan,2016-06-06
C008177,41,Female,Business Owner,73404.42,Mass Market,Karachi,Sindh,2019-02-02
C008178,53,Male,Self-Employed,98304.65,Mass Market,Hyderabad,Sindh,2019-01-10
C008179,32,Male,Salaried,273876.1,Affluent,Karachi,Sindh,2023-04-19
C008180,25,Male,Student,29696.68,Affluent,Sialkot,Punjab,2016-08-20
C008181,35,Male,Self-Employed,134924.0,Mass Market,Sialkot,Punjab,2017-09-14
C008182,32,Female,Salaried,67430.48,Mass Market,Abbottabad,Khyber Pakhtunkhwa,2022-07-28
C008183,45,Female,Salaried,40918.11,Mass Market,Sukkur,Sindh,2017-10-25
C008184,56,Male,Unemployed,16758.02,Affluent,Multan,Punjab,2015-02-27
C008185,55,Female,Salaried,151452.55,Mass Affluent,Faisalabad,Punjab,2017-11-20
C008186,51,Male,Salaried,46772.06,Mass Market,Gwadar,Balochistan,2019-02-07
C008187,33,Male,Self-Employed,39442.45,Mass Market,Sialkot,Punjab,2016-12-04
C008188,37,Male,Salaried,142337.59,Mass Affluent,Faisalabad,Punjab,2016-06-19
C008189,44,Female,Business Owner,127064.66,Mass Affluent,Hyderabad,Sindh,2018-11-22
C008190,31,Male,Business Owner,174508.71,Affluent,Abbottabad,Khyber Pakhtunkhwa,2015-04-17
C008191,32,Male,Business Owner,270742.88,Affluent,Hyderabad,Sindh,2021-09-22
C008192,43,Male,Self-Employed,56644.67,Mass Market,Peshawar,Khyber Pakhtunkhwa,2018-07-24
C008193,24,Female,Business Owner,58593.69,Mass Market,Lahore,Punjab,2021-08-12
C008194,51,Male,Salaried,72323.47,Mass Market,Gwadar,Balochistan,2019-06-07
C008195,35,Female,Student,24090.59,Mass Market,Quetta,Balochistan,2015-01-14
C008196,45,Male,Salaried,39320.09,Mass Market,Karachi,Sindh,2023-11-13
C008197,41,Male,Salaried,49864.3,Mass Market,Karachi,Sindh,2021-11-30
C008198,53,Female,Unemployed,9534.79,Mass Market,Sialkot,Punjab,2015-08-24
C008199,21,Male,Unemployed,30833.89,Affluent,Hyderabad,Sindh,2018-07-15
C008200,53,Female,Self-Employed,60110.52,Mass Market,Rawalpindi,Punjab,2020-11-18
C008201,53,Female,Salaried,284888.16,Affluent,Rawalpindi,Punjab,2015-03-06
C008202,42,Female,Salaried,23709.26,Mass Market,Islamabad,Islamabad Capital,2016-10-15
C008203,45,Male,Self-Employed,84608.97,Mass Market,Faisalabad,Punjab,2023-12-01
C008204,46,Male,Salaried,71179.81,Mass Market,Hyderabad,Sindh,2021-07-19
C008205,29,Male,Salaried,66815.57,Mass Market,Faisalabad,Punjab,2022-11-11
C008206,40,Male,Salaried,37366.83,Mass Market,Faisalabad,Punjab,2023-01-30
C008207,49,Female,Student,47611.38,Affluent,Sialkot,Punjab,2018-03-21
C008208,21,Male,Unemployed,18797.86,Affluent,Rawalpindi,Punjab,2022-04-05
C008209,44,Male,Unemployed,29713.47,Mass Market,Karachi,Sindh,2021-02-19
C008210,40,Male,Business Owner,87470.59,Mass Market,Islamabad,Islamabad Capital,2020-07-20
C008211,46,Male,Salaried,61176.7,Mass Market,Faisalabad,Punjab,2020-09-26
C008212,25,Male,Salaried,177601.76,Mass Affluent,Islamabad,Islamabad Capital,2016-10-06
C008213,31,Female,Salaried,36510.1,Mass Market,Hyderabad,Sindh,2023-11-13
C008214,24,Male,Salaried,25288.13,Mass Market,Sukkur,Sindh,2016-05-23
C008215,24,Male,Self-Employed,172842.85,Affluent,Gujranwala,Punjab,2016-08-19
C008216,48,Female,Salaried,206092.73,Affluent,Faisalabad,Punjab,2023-01-10
C008217,33,Male,Student,35874.9,Mass Affluent,Abbottabad,Khyber Pakhtunkhwa,2016-12-01
C008218,32,Female,Salaried,71138.41,Mass Market,Sukkur,Sindh,2015-08-15
C008219,51,Female,Salaried,54410.44,Mass Market,Gujranwala,Punjab,2021-01-10
C008220,35,Male,Business Owner,59350.0,Mass Market,Abbottabad,Khyber Pakhtunkhwa,2017-10-17
C008221,50,Male,Self-Employed,82879.08,Mass Affluent,Lahore,Punjab,2015-09-04
C008222,27,Female,Salaried,80197.42,Mass Affluent,Peshawar,Khyber Pakhtunkhwa,2016-09-12
C008223,35,Female,Business Owner,60944.51,Mass Market,Sialkot,Punjab,2022-05-21
C008224,29,Female,Self-Employed,227873.28,Affluent,Gwadar,Balochistan,2016-05-10
C008225,45,Male,Salaried,60104.18,Mass Market,Sialkot,Punjab,2016-12-04
C008226,37,Female,Salaried,159877.23,Mass Affluent,Faisalabad,Punjab,2020-11-10
C008227,47,Female,Retired,149143.54,Mass Market,Karachi,Sindh,2021-11-25
C008228,41,Male,Salaried,59535.5,Mass Market,Sialkot,Punjab,2020-01-13
C008229,21,Male,Salaried,119511.82,Mass Market,Islamabad,Islamabad Capital,2016-05-19
C008230,36,Male,Salaried,151702.12,Mass Affluent,Sukkur,Sindh,2017-09-11
C008231,22,Male,Self-Employed,77972.47,Mass Market,Multan,Punjab,2021-08-29
C008232,43,Male,Unemployed,38056.29,Mass Market,Lahore,Punjab,2019-03-08
C008233,45,Male,Salaried,170893.09,Mass Affluent,Quetta,Balochistan,2015-09-21
C008234,46,Female,Student,57409.82,Mass Affluent,Larkana,Sindh,2022-11-25
C008235,38,Male,Student,51567.82,Mass Affluent,Turbat,Balochistan,2015-12-09
C008236,21,Female,Salaried,112773.69,Mass Affluent,Lahore,Punjab,2021-02-26
C008237,41,Male,Business Owner,145791.3,Mass Affluent,Gwadar,Balochistan,2015-06-09
C008238,43,Female,Unemployed,32333.85,Mass Affluent,Hyderabad,Sindh,2018-09-22
C008239,37,Male,Retired,33895.76,Mass Market,Sukkur,Sindh,2020-12-07
C008240,40,Male,Self-Employed,69665.83,Mass Market,Sialkot,Punjab,2016-07-05
C008241,21,Female,Salaried,35431.58,Mass Market,Gujranwala,Punjab,2016-06-27
C008242,40,Male,Salaried,132843.82,Mass Market,Islamabad,Islamabad Capital,2020-11-21
C008243,38,Male,Salaried,82402.8,Mass Market,Islamabad,Islamabad Capital,2018-04-09
C008244,26,Male,Self-Employed,48674.6,Mass Market,Rawalpindi,Punjab,2017-06-26
C008245,45,Female,Salaried,38945.8,Mass Market,Islamabad,Islamabad Capital,2022-12-30
C008246,34,Female,Business Owner,186467.48,Mass Affluent,Faisalabad,Punjab,2017-08-30
C008247,42,Male,Business Owner,88260.2,Mass Affluent,Sialkot,Punjab,2017-11-08
C008248,44,Female,Salaried,176232.98,Mass Affluent,Lahore,Punjab,2022-03-11
C008249,43,Male,Retired,132236.79,Affluent,Multan,Punjab,2016-06-24
C008250,24,Female,Salaried,46872.58,Mass Market,Faisalabad,Punjab,2019-01-14
C008251,35,Female,Salaried,45310.08,Mass Market,Faisalabad,Punjab,2021-01-09
C008252,62,Male,Business Owner,50182.28,Mass Market,Lahore,Punjab,2015-08-18
C008253,54,Female,Salaried,89278.44,Mass Affluent,Peshawar,Khyber Pakhtunkhwa,2016-06-06
C008254,48,Male,Salaried,65469.25,Mass Market,Abbottabad,Khyber Pakhtunkhwa,2023-04-05
C008255,42,Female,Unemployed,36157.71,Affluent,Sukkur,Sindh,2021-07-23
C008256,28,Female,Retired,60270.17,Mass Market,Lahore,Punjab,2017-12-28
C008257,37,Male,Business Owner,43714.57,Mass Market,Mardan,Khyber Pakhtunkhwa,2019-01-03
C008258,34,Female,Salaried,178880.68,Mass Affluent,Sialkot,Punjab,2018-05-15
C008259,38,Male,Salaried,41224.29,Mass Market,Abbottabad,Khyber Pakhtunkhwa,2023-05-29
C008260,23,Female,Salaried,178842.14,Mass Affluent,Sukkur,Sindh,2021-09-07
C008261,49,Male,Salaried,73891.95,Mass Affluent,Faisalabad,Punjab,2017-02-02
C008262,21,Female,Unemployed,17967.21,Mass Affluent,Lahore,Punjab,2015-10-12
C008263,48,Female,Salaried,106629.29,Mass Affluent,Mardan,Khyber Pakhtunkhwa,2019-05-18
C008264,49,Male,Business Owner,75339.03,Mass Market,Quetta,Balochistan,2022-03-29
C008265,65,Female,Salaried,77645.99,Mass Market,Hyderabad,Sindh,2022-08-29
C008266,36,Female,Self-Employed,80247.16,Mass Affluent,Islamabad,Islamabad Capital,2015-12-04
C008267,33,Female,Salaried,82409.04,Mass Market,Quetta,Balochistan,2020-11-02
C008268,40,Male,Salaried,48669.88,Mass Market,Multan,Punjab,2019-02-19
C008269,45,Female,Salaried,53412.06,Mass Market,Peshawar,Khyber Pakhtunkhwa,2016-11-04
C008270,38,Male,Retired,90531.37,Mass Affluent,Faisalabad,Punjab,2019-11-12
C008271,26,Female,Self-Employed,110784.42,Mass Market,Karachi,Sindh,2015-08-21
C008272,45,Male,Self-Employed,400679.26,Premium,Sialkot,Punjab,2015-07-05
C008273,39,Male,Salaried,70658.18,Mass Market,Islamabad,Islamabad Capital,2020-01-18
C008274,28,Female,Business Owner,47339.89,Mass Market,Mardan,Khyber Pakhtunkhwa,2016-07-06
C008275,21,Male,Business Owner,90826.58,Mass Market,Gujranwala,Punjab,2020-02-13
C008276,66,Male,Salaried,144960.2,Mass Market,Sialkot,Punjab,2023-10-22
C008277,48,Female,Business Owner,47219.8,Mass Market,Lahore,Punjab,2016-12-06
C008278,45,Male,Student,25584.07,Mass Affluent,Mardan,Khyber Pakhtunkhwa,2021-06-25
C008279,38,Male,Unemployed,43913.14,Mass Market,Turbat,Balochistan,2022-02-11
C008280,47,Female,Unemployed,15162.06,Mass Market,Faisalabad,Punjab,2016-02-27
C008281,27,Male,Salaried,54589.3,Mass Market,Larkana,Sindh,2017-02-15
C008282,41,Male,Salaried,84643.06,Mass Market,Larkana,Sindh,2016-12-02
C008283,42,Male,Salaried,240724.19,Affluent,Sialkot,Punjab,2023-09-30
C008284,28,Male,Salaried,140747.12,Mass Market,Karachi,Sindh,2020-04-12
C008285,38,Female,Salaried,56529.08,Mass Affluent,Rawalpindi,Punjab,2021-05-27
C008286,34,Male,Salaried,69238.25,Mass Market,Multan,Punjab,2016-01-27
C008287,31,Female,Self-Employed,59760.14,Mass Market,Faisalabad,Punjab,2020-06-13
C008288,33,Male,Self-Employed,275071.31,Affluent,Turbat,Balochistan,2020-01-10
C008289,21,Female,Self-Employed,66872.94,Mass Market,Lahore,Punjab,2020-11-22
C008290,51,Male,Unemployed,13675.0,Affluent,Gujranwala,Punjab,2019-01-09
C008291,56,Female,Salaried,65207.81,Mass Market,Swat,Khyber Pakhtunkhwa,2015-01-22
C008292,29,Male,Salaried,70064.96,Mass Market,Islamabad,Islamabad Capital,2020-12-25
C008293,51,Male,Self-Employed,544246.57,Affluent,Hyderabad,Sindh,2018-03-31
C008294,39,Male,Self-Employed,20976.95,Mass Market,Multan,Punjab,2017-05-10
C008295,39,Female,Salaried,1260976.74,Premium,Karachi,Sindh,2022-10-19
C008296,25,Male,Student,14089.15,Affluent,Rawalpindi,Punjab,2016-07-20
C008297,33,Male,Salaried,30843.76,Mass Market,Karachi,Sindh,2023-04-17
C008298,45,Female,Self-Employed,61101.11,Mass Market,Rawalpindi,Punjab,2019-06-05
C008299,28,Female,Retired,94073.88,Mass Affluent,Faisalabad,Punjab,2016-09-20
C008300,31,Male,Salaried,85062.58,Mass Market,Sialkot,Punjab,2022-08-07
C008301,33,Female,Self-Employed,245794.07,Mass Affluent,Karachi,Sindh,2023-01-31
C008302,21,Female,Salaried,69108.87,Mass Market,Faisalabad,Punjab,2023-07-08
C008303,43,Male,Salaried,27712.49,Mass Market,Lahore,Punjab,2018-05-11
C008304,46,Female,Salaried,98504.65,Mass Market,Sukkur,Sindh,2023-04-26
C008305,43,Male,Self-Employed,165507.29,Mass Affluent,Mardan,Khyber Pakhtunkhwa,2021-04-05
C008306,49,Male,Self-Employed,226953.46,Mass Affluent,Lahore,Punjab,2018-07-19
C008307,34,Female,Retired,117541.1,Mass Affluent,Karachi,Sindh,2022-11-16
C008308,59,Female,Self-Employed,37798.46,Mass Market,Karachi,Sindh,2019-08-19
C008309,30,Male,Salaried,60376.38,Mass Market,Lahore,Punjab,2016-12-31
C008310,37,Female,Student,40144.4,Mass Market,Islamabad,Islamabad Capital,2016-03-22
C008311,35,Male,Salaried,110691.65,Mass Market,Gwadar,Balochistan,2017-08-21
C008312,41,Female,Business Owner,45538.64,Mass Market,Rawalpindi,Punjab,2019-04-03
C008313,36,Male,Salaried,111395.59,Mass Affluent,Rawalpindi,Punjab,2020-05-24
C008314,38,Female,Business Owner,178696.66,Mass Market,Sialkot,Punjab,2020-08-08
C008315,32,Female,Retired,51034.52,Mass Market,Rawalpindi,Punjab,2022-05-21
C008316,34,Male,Salaried,168034.03,Mass Affluent,Hyderabad,Sindh,2020-02-09
C008317,21,Male,Self-Employed,50533.88,Mass Market,Gwadar,Balochistan,2019-07-29
C008318,48,Male,Self-Employed,748566.64,Premium,Turbat,Balochistan,2021-02-11
C008319,28,Male,Salaried,43169.66,Mass Market,Rawalpindi,Punjab,2019-08-16
C008320,34,Female,Salaried,43639.69,Mass Market,Gujranwala,Punjab,2023-04-07
C008321,27,Female,Business Owner,243201.93,Affluent,Sialkot,Punjab,2018-07-13
C008322,45,Female,Salaried,105673.26,Mass Affluent,Larkana,Sindh,2016-01-12
C008323,33,Female,Salaried,115812.22,Mass Affluent,Gujranwala,Punjab,2020-07-20
C008324,21,Male,Business Owner,73271.24,Mass Market,Turbat,Balochistan,2023-09-02
C008325,42,Female,Self-Employed,123062.01,Mass Market,Peshawar,Khyber Pakhtunkhwa,2016-10-21
C008326,31,Male,Salaried,103870.25,Mass Affluent,Multan,Punjab,2016-06-12
C008327,39,Female,Unemployed,42166.84,Mass Market,Karachi,Sindh,2018-10-22
C008328,48,Female,Student,30206.25,Mass Affluent,Hyderabad,Sindh,2023-05-23
C008329,28,Female,Unemployed,13209.65,Mass Market,Abbottabad,Khyber Pakhtunkhwa,2017-06-29
C008330,38,Male,Self-Employed,32233.1,Mass Market,Larkana,Sindh,2021-10-28
C008331,31,Female,Salaried,89906.09,Mass Market,Faisalabad,Punjab,2017-06-05
C008332,50,Male,Salaried,134038.47,Mass Affluent,Karachi,Sindh,2022-04-20
C008333,40,Female,Retired,48881.95,Mass Market,Multan,Punjab,2017-04-22
C008334,39,Male,Student,33034.14,Premium,Sukkur,Sindh,2022-11-13
C008335,25,Male,Business Owner,48044.85,Mass Market,Multan,Punjab,2019-06-28
C008336,47,Female,Self-Employed,35033.73,Mass Market,Sukkur,Sindh,2016-01-06
C008337,49,Female,Salaried,59535.1,Mass Market,Mardan,Khyber Pakhtunkhwa,2023-06-19
C008338,31,Male,Business Owner,136807.92,Mass Affluent,Lahore,Punjab,2020-12-21
C008339,41,Male,Salaried,136770.2,Mass Affluent,Faisalabad,Punjab,2015-01-18
C008340,45,Male,Self-Employed,46567.6,Mass Market,Peshawar,Khyber Pakhtunkhwa,2018-02-11
C008341,63,Female,Business Owner,43389.42,Mass Market,Rawalpindi,Punjab,2023-01-06
C008342,43,Male,Business Owner,120797.09,Mass Affluent,Larkana,Sindh,2018-06-03
C008343,39,Male,Salaried,68717.87,Mass Market,Karachi,Sindh,2019-09-25
C008344,37,Male,Business Owner,104316.85,Mass Affluent,Rawalpindi,Punjab,2016-01-30
C008345,38,Male,Salaried,91041.91,Mass Affluent,Peshawar,Khyber Pakhtunkhwa,2020-05-21
C008346,47,Male,Salaried,42706.61,Mass Market,Hyderabad,Sindh,2015-07-29
C008347,29,Female,Salaried,101223.54,Mass Affluent,Hyderabad,Sindh,2021-04-27
C008348,49,Female,Salaried,109456.55,Mass Affluent,Multan,Punjab,2015-09-28
C008349,22,Male,Salaried,39529.04,Mass Market,Lahore,Punjab,2020-06-29
C008350,46,Female,Salaried,50655.63,Mass Market,Lahore,Punjab,2016-06-13
C008351,49,Female,Salaried,95973.83,Mass Market,Gwadar,Balochistan,2017-01-15
C008352,48,Female,Salaried,116235.94,Mass Affluent,Quetta,Balochistan,2016-10-14
C008353,42,Male,Salaried,81188.33,Mass Affluent,Peshawar,Khyber Pakhtunkhwa,2018-04-04
C008354,43,Female,Business Owner,25434.77,Mass Market,Gujranwala,Punjab,2020-06-10
C008355,35,Female,Salaried,120562.89,Mass Market,Larkana,Sindh,2022-10-01
C008356,27,Female,Salaried,92507.17,Mass Market,Peshawar,Khyber Pakhtunkhwa,2020-10-26
C008357,42,Male,Salaried,66852.88,Mass Market,Karachi,Sindh,2021-06-04
C008358,40,Male,Salaried,93332.82,Mass Market,Sialkot,Punjab,2022-09-04
C008359,49,Male,Self-Employed,73319.82,Mass Market,Gwadar,Balochistan,2019-02-20
C008360,37,Female,Student,38130.04,Mass Market,Rawalpindi,Punjab,2015-11-18
C008361,41,Male,Salaried,81147.04,Mass Affluent,Sialkot,Punjab,2017-02-20
C008362,42,Male,Salaried,268490.41,Mass Affluent,Gwadar,Balochistan,2023-11-26
C008363,45,Female,Salaried,50818.93,Mass Market,Larkana,Sindh,2022-06-27
C008364,49,Female,Salaried,112418.24,Mass Affluent,Faisalabad,Punjab,2023-12-08
C008365,29,Female,Student,40869.54,Mass Market,Larkana,Sindh,2017-03-30
C008366,47,Female,Self-Employed,61258.38,Mass Market,Islamabad,Islamabad Capital,2016-05-06
C008367,37,Male,Business Owner,777544.06,Premium,Faisalabad,Punjab,2023-02-18
C008368,46,Female,Student,15515.39,Mass Affluent,Mardan,Khyber Pakhtunkhwa,2023-12-29
C008369,55,Female,Self-Employed,48189.27,Mass Market,Rawalpindi,Punjab,2018-12-16
C008370,21,Male,Salaried,60593.13,Mass Market,Rawalpindi,Punjab,2023-10-26
C008371,52,Female,Business Owner,159797.0,Mass Affluent,Lahore,Punjab,2020-12-16
C008372,38,Male,Business Owner,46655.37,Mass Market,Hyderabad,Sindh,2022-08-10
C008373,30,Female,Salaried,1082989.44,Premium,Rawalpindi,Punjab,2017-01-01
C008374,34,Female,Self-Employed,59540.03,Mass Market,Faisalabad,Punjab,2020-02-22
C008375,28,Female,Salaried,110141.44,Mass Market,Hyderabad,Sindh,2016-05-18
C008376,45,Male,Salaried,76594.32,Mass Affluent,Sukkur,Sindh,2021-10-20
C008377,28,Male,Business Owner,166716.28,Mass Affluent,Peshawar,Khyber Pakhtunkhwa,2017-02-17
C008378,52,Female,Salaried,42777.15,Mass Market,Abbottabad,Khyber Pakhtunkhwa,2022-09-08
C008379,47,Male,Salaried,220013.83,Affluent,Sialkot,Punjab,2020-01-06
C008380,41,Male,Salaried,394900.18,Affluent,Lahore,Punjab,2021-03-02
C008381,21,Male,Self-Employed,55010.45,Mass Market,Larkana,Sindh,2021-03-10
C008382,24,Female,Student,53639.74,Mass Market,Karachi,Sindh,2023-02-14
C008383,38,Female,Self-Employed,73053.73,Mass Market,Sialkot,Punjab,2019-05-02
C008384,39,Male,Business Owner,99797.16,Mass Affluent,Faisalabad,Punjab,2018-07-26
C008385,49,Female,Salaried,158389.74,Mass Affluent,Multan,Punjab,2022-01-31
C008386,21,Female,Self-Employed,54828.41,Mass Market,Sialkot,Punjab,2018-08-08
C008387,31,Female,Salaried,384125.39,Affluent,Islamabad,Islamabad Capital,2016-05-13
C008388,48,Male,Salaried,53613.11,Mass Market,Larkana,Sindh,2020-09-07
C008389,35,Female,Business Owner,151725.28,Mass Affluent,Multan,Punjab,2023-06-07
C008390,34,Female,Salaried,301929.62,Affluent,Karachi,Sindh,2020-09-28
C008391,21,Male,Retired,67053.8,Mass Market,Hyderabad,Sindh,2020-05-25
C008392,51,Female,Salaried,89141.76,Mass Market,Larkana,Sindh,2017-05-24
C008393,34,Female,Business Owner,30238.28,Mass Market,Larkana,Sindh,2017-12-27
C008394,51,Male,Salaried,290569.74,Affluent,Hyderabad,Sindh,2020-06-01
C008395,55,Female,Business Owner,45965.83,Mass Market,Gujranwala,Punjab,2019-12-04
C008396,53,Male,Self-Employed,167721.06,Affluent,Hyderabad,Sindh,2023-06-27
C008397,39,Male,Salaried,43640.15,Mass Market,Larkana,Sindh,2018-12-23
C008398,34,Female,Retired,57424.61,Mass Market,Swat,Khyber Pakhtunkhwa,2021-01-31
C008399,33,Male,Self-Employed,256047.1,Affluent,Islamabad,Islamabad Capital,2022-04-09
C008400,61,Female,Salaried,68205.81,Mass Market,Swat,Khyber Pakhtunkhwa,2017-07-30
C008401,37,Female,Business Owner,159749.33,Mass Affluent,Larkana,Sindh,2022-05-31
C008402,51,Male,Salaried,51362.0,Mass Market,Gujranwala,Punjab,2020-08-12
C008403,44,Male,Business Owner,109563.19,Mass Market,Larkana,Sindh,2019-04-26
C008404,34,Male,Salaried,52103.87,Mass Market,Swat,Khyber Pakhtunkhwa,2021-07-27
C008405,36,Female,Business Owner,28636.76,Mass Market,Gwadar,Balochistan,2022-06-22
C008406,52,Male,Salaried,114044.62,Mass Affluent,Abbottabad,Khyber Pakhtunkhwa,2023-09-30
C008407,39,Male,Business Owner,61084.95,Mass Market,Faisalabad,Punjab,2021-08-20
C008408,34,Female,Retired,110945.99,Mass Market,Swat,Khyber Pakhtunkhwa,2015-10-25
C008409,30,Female,Unemployed,30701.75,Mass Market,Turbat,Balochistan,2020-05-14
C008410,43,Female,Business Owner,125196.6,Mass Affluent,Karachi,Sindh,2020-08-04
C008411,33,Male,Business Owner,83899.87,Mass Affluent,Hyderabad,Sindh,2015-08-23
C008412,46,Male,Self-Employed,90259.17,Mass Affluent,Larkana,Sindh,2018-04-07
C008413,67,Male,Salaried,834812.5,Premium,Karachi,Sindh,2015-10-15
C008414,45,Male,Self-Employed,83951.11,Mass Market,Multan,Punjab,2018-07-14
C008415,59,Female,Self-Employed,46890.42,Mass Market,Multan,Punjab,2018-12-25
C008416,31,Female,Salaried,35849.65,Mass Market,Abbottabad,Khyber Pakhtunkhwa,2018-10-30
C008417,47,Male,Business Owner,63059.53,Mass Market,Islamabad,Islamabad Capital,2021-11-06
C008418,53,Male,Salaried,146497.76,Mass Affluent,Peshawar,Khyber Pakhtunkhwa,2018-01-10
C008419,54,Male,Self-Employed,161150.19,Mass Affluent,Gujranwala,Punjab,2018-05-03
C008420,53,Male,Salaried,48441.47,Mass Market,Multan,Punjab,2019-10-05
C008421,39,Male,Student,59655.39,Affluent,Lahore,Punjab,2016-04-07
C008422,49,Female,Salaried,60461.02,Mass Market,Swat,Khyber Pakhtunkhwa,2017-03-12
C008423,28,Male,Salaried,187714.64,Mass Affluent,Sukkur,Sindh,2020-09-05
C008424,57,Female,Self-Employed,99432.59,Mass Market,Islamabad,Islamabad Capital,2022-08-24
C008425,29,Male,Salaried,238840.71,Mass Affluent,Lahore,Punjab,2020-12-14
C008426,53,Male,Salaried,98424.24,Mass Market,Larkana,Sindh,2022-07-08
C008427,50,Male,Self-Employed,557746.66,Affluent,Mardan,Khyber Pakhtunkhwa,2016-09-16
C008428,50,Male,Retired,76294.16,Affluent,Faisalabad,Punjab,2015-11-03
C008429,62,Male,Business Owner,47961.11,Mass Market,Islamabad,Islamabad Capital,2022-05-01
C008430,51,Female,Salaried,107455.61,Mass Market,Hyderabad,Sindh,2015-09-05
C008431,24,Female,Salaried,77053.09,Mass Affluent,Multan,Punjab,2022-12-27
C008432,45,Female,Self-Employed,319268.07,Mass Affluent,Faisalabad,Punjab,2018-10-04
C008433,21,Female,Business Owner,89742.55,Mass Affluent,Turbat,Balochistan,2015-03-28
C008434,38,Female,Unemployed,14780.18,Mass Affluent,Larkana,Sindh,2021-01-05
C008435,34,Female,Salaried,484736.79,Affluent,Swat,Khyber Pakhtunkhwa,2023-12-24
C008436,46,Male,Self-Employed,154789.27,Mass Affluent,Swat,Khyber Pakhtunkhwa,2020-05-30
C008437,30,Male,Unemployed,43992.29,Mass Market,Sialkot,Punjab,2022-04-02
C008438,30,Female,Salaried,195306.65,Affluent,Mardan,Khyber Pakhtunkhwa,2016-11-11
C008439,45,Female,Unemployed,25834.62,Mass Market,Quetta,Balochistan,2023-05-04
C008440,52,Female,Salaried,76392.19,Mass Market,Lahore,Punjab,2019-12-15
C008441,39,Female,Business Owner,583947.36,Premium,Abbottabad,Khyber Pakhtunkhwa,2021-11-02
C008442,65,Female,Salaried,61719.01,Mass Market,Faisalabad,Punjab,2015-03-08
C008443,35,Male,Student,43753.26,Mass Market,Rawalpindi,Punjab,2018-03-03
C008444,46,Male,Retired,30289.39,Mass Affluent,Multan,Punjab,2016-06-27
C008445,43,Male,Salaried,242541.98,Affluent,Abbottabad,Khyber Pakhtunkhwa,2023-04-20
C008446,35,Male,Business Owner,80969.53,Mass Market,Sialkot,Punjab,2017-07-07
C008447,53,Female,Salaried,102278.36,Mass Market,Karachi,Sindh,2019-12-20
C008448,29,Male,Salaried,38684.08,Mass Market,Karachi,Sindh,2021-07-29
C008449,21,Female,Self-Employed,62990.91,Mass Market,Faisalabad,Punjab,2017-05-01
C008450,38,Female,Self-Employed,66685.09,Mass Market,Abbottabad,Khyber Pakhtunkhwa,2021-10-08
C008451,36,Female,Salaried,54395.71,Mass Market,Islamabad,Islamabad Capital,2020-11-30
C008452,51,Female,Salaried,398291.67,Affluent,Sialkot,Punjab,2016-02-08
C008453,25,Female,Salaried,100885.04,Mass Affluent,Gujranwala,Punjab,2017-04-07
C008454,45,Female,Salaried,285911.15,Affluent,Islamabad,Islamabad Capital,2016-07-07
C008455,43,Female,Salaried,243191.58,Affluent,Multan,Punjab,2016-11-27
C008456,43,Male,Salaried,677558.52,Affluent,Multan,Punjab,2016-10-06
C008457,50,Female,Student,28122.53,Mass Affluent,Islamabad,Islamabad Capital,2020-06-21
C008458,39,Female,Salaried,79632.64,Mass Market,Gwadar,Balochistan,2020-02-19
C008459,40,Male,Retired,148403.1,Affluent,Sukkur,Sindh,2019-05-28
C008460,44,Male,Salaried,91703.05,Mass Affluent,Karachi,Sindh,2015-10-08
C008461,38,Male,Salaried,62213.44,Mass Market,Gwadar,Balochistan,2021-07-18
C008462,24,Male,Salaried,41244.08,Mass Market,Karachi,Sindh,2022-02-01
C008463,34,Female,Salaried,27922.56,Mass Market,Larkana,Sindh,2021-12-01
C008464,36,Female,Self-Employed,44524.43,Mass Market,Peshawar,Khyber Pakhtunkhwa,2021-02-01
C008465,33,Male,Salaried,104668.31,Mass Affluent,Larkana,Sindh,2020-04-18
C008466,36,Male,Salaried,49411.93,Mass Market,Karachi,Sindh,2021-05-26
C008467,41,Female,Salaried,53542.74,Mass Market,Faisalabad,Punjab,2018-05-20
C008468,36,Female,Business Owner,60139.87,Mass Market,Larkana,Sindh,2017-08-26
C008469,48,Male,Salaried,177683.7,Affluent,Hyderabad,Sindh,2020-02-20
C008470,49,Male,Salaried,68577.21,Mass Market,Sialkot,Punjab,2019-12-16
C008471,21,Male,Salaried,95145.83,Mass Market,Larkana,Sindh,2016-05-17
C008472,23,Male,Self-Employed,215547.14,Mass Affluent,Swat,Khyber Pakhtunkhwa,2017-09-30
C008473,21,Male,Unemployed,43681.98,Affluent,Multan,Punjab,2016-06-22
C008474,36,Male,Salaried,84269.67,Mass Market,Sialkot,Punjab,2018-11-18
C008475,35,Male,Salaried,100359.06,Mass Affluent,Faisalabad,Punjab,2021-12-23
C008476,41,Male,Salaried,52660.54,Mass Market,Lahore,Punjab,2015-10-20
C008477,48,Male,Retired,148018.93,Affluent,Mardan,Khyber Pakhtunkhwa,2020-07-14
C008478,39,Female,Salaried,114473.56,Mass Affluent,Hyderabad,Sindh,2016-10-05
C008479,32,Female,Business Owner,80418.97,Mass Affluent,Lahore,Punjab,2020-02-10
C008480,39,Female,Business Owner,82350.25,Mass Market,Peshawar,Khyber Pakhtunkhwa,2015-09-28
C008481,34,Male,Salaried,94884.94,Mass Affluent,Lahore,Punjab,2016-09-08
C008482,23,Male,Business Owner,49242.33,Mass Market,Lahore,Punjab,2020-07-27
C008483,50,Male,Self-Employed,89699.86,Mass Market,Swat,Khyber Pakhtunkhwa,2023-08-14
C008484,44,Male,Salaried,159435.92,Mass Affluent,Karachi,Sindh,2022-03-27
C008485,55,Female,Salaried,138997.6,Mass Affluent,Mardan,Khyber Pakhtunkhwa,2023-12-12
C008486,25,Female,Salaried,34329.59,Mass Market,Mardan,Khyber Pakhtunkhwa,2023-10-24
C008487,21,Male,Salaried,179960.16,Affluent,Islamabad,Islamabad Capital,2020-01-15
C008488,29,Male,Business Owner,69778.63,Mass Market,Rawalpindi,Punjab,2021-03-02
C008489,43,Female,Self-Employed,165165.25,Mass Affluent,Abbottabad,Khyber Pakhtunkhwa,2018-11-15
C008490,48,Female,Business Owner,66055.28,Mass Market,Hyderabad,Sindh,2022-09-23
C008491,42,Female,Self-Employed,50115.15,Mass Market,Sialkot,Punjab,2016-09-18
C008492,41,Male,Salaried,230968.09,Affluent,Turbat,Balochistan,2018-02-09
C008493,48,Male,Salaried,65128.38,Mass Market,Lahore,Punjab,2023-06-15
C008494,34,Male,Business Owner,174010.6,Affluent,Turbat,Balochistan,2022-03-21
C008495,51,Female,Salaried,62127.35,Mass Market,Sukkur,Sindh,2015-09-19
C008496,61,Male,Salaried,76692.33,Mass Affluent,Larkana,Sindh,2017-01-13
C008497,27,Female,Self-Employed,40219.25,Mass Market,Gujranwala,Punjab,2022-04-21
C008498,36,Male,Business Owner,139108.72,Mass Affluent,Gwadar,Balochistan,2019-12-27
C008499,24,Male,Salaried,349470.02,Affluent,Sukkur,Sindh,2022-01-13
C008500,28,Female,Self-Employed,148030.51,Mass Affluent,Multan,Punjab,2018-05-25
C008501,43,Female,Salaried,39284.21,Mass Market,Faisalabad,Punjab,2022-01-31
C008502,21,Female,Business Owner,63850.71,Mass Affluent,Mardan,Khyber Pakhtunkhwa,2021-03-09
C008503,30,Female,Business Owner,129589.88,Mass Affluent,Lahore,Punjab,2020-01-04
C008504,51,Female,Business Owner,29153.67,Mass Market,Larkana,Sindh,2020-04-10
C008505,41,Male,Salaried,186124.59,Mass Affluent,Hyderabad,Sindh,2015-06-14
C008506,47,Female,Self-Employed,86196.28,Mass Affluent,Rawalpindi,Punjab,2021-12-31
C008507,25,Male,Salaried,303847.61,Mass Affluent,Karachi,Sindh,2020-07-02
C008508,40,Female,Salaried,41628.61,Mass Market,Lahore,Punjab,2017-01-29
C008509,60,Male,Unemployed,38485.45,Mass Market,Islamabad,Islamabad Capital,2023-01-14
C008510,32,Female,Salaried,472406.94,Premium,Abbottabad,Khyber Pakhtunkhwa,2018-12-27
C008511,34,Female,Self-Employed,121952.1,Mass Affluent,Lahore,Punjab,2017-10-29
C008512,45,Male,Salaried,64344.7,Mass Market,Karachi,Sindh,2022-11-10
C008513,29,Female,Self-Employed,866673.9,Premium,Sukkur,Sindh,2015-08-13
C008514,47,Male,Self-Employed,88390.14,Mass Market,Islamabad,Islamabad Capital,2022-11-20
C008515,21,Male,Salaried,79101.03,Mass Market,Gujranwala,Punjab,2018-07-22
C008516,21,Male,Self-Employed,192834.88,Mass Affluent,Hyderabad,Sindh,2022-02-06
C008517,42,Male,Unemployed,26518.82,Mass Affluent,Turbat,Balochistan,2015-04-20
C008518,28,Female,Business Owner,799745.93,Premium,Multan,Punjab,2021-10-23
C008519,33,Male,Retired,96502.41,Mass Affluent,Karachi,Sindh,2020-11-28
C008520,49,Female,Salaried,87279.1,Mass Market,Gujranwala,Punjab,2022-12-21
C008521,46,Male,Unemployed,10769.55,Mass Market,Hyderabad,Sindh,2016-09-11
C008522,25,Male,Salaried,75947.65,Mass Market,Faisalabad,Punjab,2015-12-09
C008523,45,Female,Salaried,312795.72,Affluent,Islamabad,Islamabad Capital,2021-08-28
C008524,36,Male,Salaried,80101.0,Mass Market,Rawalpindi,Punjab,2021-01-03
C008525,44,Male,Salaried,95643.39,Mass Affluent,Sialkot,Punjab,2023-03-06
C008526,39,Male,Business Owner,33016.82,Mass Market,Peshawar,Khyber Pakhtunkhwa,2022-01-12
C008527,22,Male,Salaried,87370.03,Mass Market,Peshawar,Khyber Pakhtunkhwa,2020-04-21
C008528,31,Female,Self-Employed,100027.23,Mass Market,Hyderabad,Sindh,2022-06-01
C008529,21,Male,Salaried,124398.89,Mass Affluent,Swat,Khyber Pakhtunkhwa,2020-12-22
C008530,41,Female,Salaried,81659.88,Mass Market,Multan,Punjab,2016-05-08
C008531,43,Female,Student,50077.19,Premium,Hyderabad,Sindh,2018-11-06
C008532,31,Female,Self-Employed,221097.66,Affluent,Rawalpindi,Punjab,2016-12-29
C008533,38,Female,Salaried,61897.97,Mass Market,Rawalpindi,Punjab,2015-10-18
C008534,28,Male,Business Owner,144805.01,Affluent,Quetta,Balochistan,2016-06-16
C008535,53,Female,Student,47955.41,Mass Market,Mardan,Khyber Pakhtunkhwa,2018-11-15
C008536,25,Male,Salaried,63711.57,Mass Market,Sialkot,Punjab,2020-02-06
C008537,36,Female,Salaried,47664.44,Mass Market,Gujranwala,Punjab,2018-09-09
C008538,25,Male,Unemployed,34207.0,Mass Affluent,Islamabad,Islamabad Capital,2023-10-16
C008539,42,Female,Salaried,111401.36,Mass Affluent,Gujranwala,Punjab,2018-06-22
C008540,50,Female,Salaried,36840.01,Mass Market,Faisalabad,Punjab,2019-05-11
C008541,21,Male,Salaried,119686.49,Mass Affluent,Rawalpindi,Punjab,2020-08-14
C008542,46,Female,Salaried,129324.79,Mass Affluent,Lahore,Punjab,2017-01-18
C008543,57,Male,Retired,72820.77,Mass Affluent,Lahore,Punjab,2019-08-11
C008544,40,Female,Retired,58231.12,Mass Affluent,Islamabad,Islamabad Capital,2017-01-09
C008545,32,Male,Self-Employed,120304.33,Mass Affluent,Faisalabad,Punjab,2023-03-08
C008546,39,Male,Business Owner,177512.98,Mass Affluent,Larkana,Sindh,2019-02-04
C008547,33,Female,Student,50876.09,Mass Market,Swat,Khyber Pakhtunkhwa,2021-10-24
C008548,61,Male,Self-Employed,62522.71,Mass Affluent,Larkana,Sindh,2019-01-18
C008549,48,Male,Self-Employed,38117.71,Mass Market,Abbottabad,Khyber Pakhtunkhwa,2021-05-31
C008550,49,Female,Unemployed,44057.89,Mass Affluent,Sukkur,Sindh,2016-02-22
C008551,63,Male,Salaried,100183.6,Mass Affluent,Sukkur,Sindh,2023-02-21
C008552,54,Male,Salaried,58016.05,Mass Market,Karachi,Sindh,2017-10-03
C008553,38,Male,Business Owner,124686.57,Mass Market,Peshawar,Khyber Pakhtunkhwa,2019-04-25
C008554,39,Female,Business Owner,165277.27,Mass Affluent,Mardan,Khyber Pakhtunkhwa,2021-10-30
C008555,65,Male,Salaried,123770.12,Affluent,Abbottabad,Khyber Pakhtunkhwa,2023-04-08
C008556,31,Female,Salaried,484857.28,Affluent,Faisalabad,Punjab,2019-10-15
C008557,37,Female,Business Owner,137606.78,Mass Affluent,Larkana,Sindh,2018-09-24
C008558,28,Female,Salaried,69039.49,Mass Market,Peshawar,Khyber Pakhtunkhwa,2019-04-03
C008559,21,Male,Student,32327.23,Mass Market,Rawalpindi,Punjab,2017-08-05
C008560,29,Male,Student,14664.72,Mass Affluent,Quetta,Balochistan,2018-07-03
C008561,30,Male,Salaried,58209.16,Mass Market,Gujranwala,Punjab,2022-02-12
C008562,32,Female,Self-Employed,74035.04,Mass Affluent,Lahore,Punjab,2021-04-17
C008563,46,Male,Self-Employed,67848.98,Mass Market,Mardan,Khyber Pakhtunkhwa,2022-03-16
C008564,39,Male,Salaried,35490.11,Mass Market,Lahore,Punjab,2017-10-12
C008565,50,Male,Salaried,259261.69,Mass Affluent,Gujranwala,Punjab,2018-09-12
C008566,41,Male,Salaried,113286.6,Mass Affluent,Gujranwala,Punjab,2015-10-30
C008567,41,Male,Student,55234.89,Mass Affluent,Turbat,Balochistan,2020-09-14
C008568,36,Male,Student,45093.29,Mass Market,Sukkur,Sindh,2021-05-04
C008569,60,Female,Salaried,147882.5,Mass Affluent,Hyderabad,Sindh,2022-10-19
C008570,34,Female,Student,44228.26,Mass Market,Swat,Khyber Pakhtunkhwa,2022-12-07
C008571,49,Male,Self-Employed,100446.72,Mass Affluent,Karachi,Sindh,2015-04-05
C008572,26,Male,Salaried,154423.48,Mass Affluent,Islamabad,Islamabad Capital,2016-07-23
C008573,36,Male,Salaried,61564.2,Mass Market,Swat,Khyber Pakhtunkhwa,2021-11-16
C008574,61,Female,Student,57324.38,Mass Affluent,Sialkot,Punjab,2019-03-04
C008575,47,Male,Salaried,97704.75,Mass Affluent,Islamabad,Islamabad Capital,2018-02-19
C008576,24,Male,Business Owner,144576.98,Mass Market,Larkana,Sindh,2019-02-09
C008577,28,Male,Self-Employed,203770.7,Mass Affluent,Gujranwala,Punjab,2023-05-16
C008578,57,Male,Self-Employed,79132.41,Mass Market,Lahore,Punjab,2023-08-17
C008579,40,Male,Salaried,429599.55,Affluent,Hyderabad,Sindh,2016-04-01
C008580,36,Female,Salaried,67242.79,Mass Market,Faisalabad,Punjab,2020-10-28
C008581,30,Male,Retired,108812.05,Mass Market,Hyderabad,Sindh,2018-11-20
C008582,36,Male,Salaried,47616.04,Mass Affluent,Lahore,Punjab,2021-10-30
C008583,55,Female,Salaried,37755.44,Mass Market,Larkana,Sindh,2016-09-13
C008584,31,Male,Salaried,1422912.83,Premium,Gujranwala,Punjab,2016-04-21
C008585,32,Male,Business Owner,93244.12,Mass Market,Peshawar,Khyber Pakhtunkhwa,2018-02-25
C008586,46,Male,Salaried,64794.82,Mass Market,Lahore,Punjab,2022-11-15
C008587,28,Male,Business Owner,32946.36,Mass Market,Multan,Punjab,2015-05-06
C008588,29,Male,Salaried,76367.66,Mass Market,Sukkur,Sindh,2018-08-23
C008589,39,Female,Self-Employed,53984.0,Mass Market,Karachi,Sindh,2020-07-22
C008590,39,Female,Student,41640.46,Mass Market,Hyderabad,Sindh,2015-04-11
C008591,30,Male,Self-Employed,39323.25,Mass Market,Karachi,Sindh,2017-06-09
C008592,44,Male,Self-Employed,49807.42,Mass Market,Gujranwala,Punjab,2020-11-28
C008593,41,Male,Business Owner,83989.14,Mass Market,Quetta,Balochistan,2021-12-14
C008594,21,Female,Business Owner,124825.07,Mass Market,Sukkur,Sindh,2015-01-16
C008595,48,Male,Salaried,46718.36,Mass Market,Faisalabad,Punjab,2021-02-07
C008596,33,Male,Self-Employed,41037.73,Mass Market,Abbottabad,Khyber Pakhtunkhwa,2023-06-09
C008597,48,Female,Salaried,88503.43,Mass Market,Hyderabad,Sindh,2019-06-23
C008598,62,Male,Salaried,37172.73,Mass Market,Larkana,Sindh,2019-08-12
C008599,38,Male,Salaried,38202.25,Mass Market,Faisalabad,Punjab,2022-02-17
C008600,32,Male,Salaried,66380.28,Mass Market,Rawalpindi,Punjab,2022-11-23
C008601,54,Female,Salaried,618532.71,Affluent,Larkana,Sindh,2017-08-27
C008602,30,Female,Business Owner,43458.47,Mass Market,Lahore,Punjab,2021-01-03
C008603,60,Female,Self-Employed,52135.04,Mass Market,Rawalpindi,Punjab,2021-07-16
C008604,34,Male,Salaried,135616.34,Mass Affluent,Islamabad,Islamabad Capital,2023-06-11
C008605,32,Male,Salaried,50134.64,Mass Market,Sukkur,Sindh,2018-10-13
C008606,65,Female,Self-Employed,30659.65,Mass Market,Gujranwala,Punjab,2019-11-16
C008607,43,Female,Self-Employed,176316.06,Mass Affluent,Faisalabad,Punjab,2018-06-01
C008608,57,Male,Business Owner,139538.14,Mass Affluent,Abbottabad,Khyber Pakhtunkhwa,2017-12-05
C008609,39,Male,Salaried,718496.27,Premium,Multan,Punjab,2018-01-06
C008610,38,Male,Student,46085.32,Affluent,Lahore,Punjab,2015-09-22
C008611,21,Male,Salaried,231028.49,Mass Affluent,Gujranwala,Punjab,2021-09-03
C008612,50,Male,Self-Employed,107319.43,Mass Affluent,Mardan,Khyber Pakhtunkhwa,2017-04-13
C008613,43,Male,Salaried,39847.73,Mass Market,Hyderabad,Sindh,2020-04-04
C008614,38,Male,Salaried,526893.39,Affluent,Multan,Punjab,2023-02-23
C008615,46,Female,Retired,85493.01,Mass Affluent,Gujranwala,Punjab,2018-10-23
C008616,39,Male,Student,25775.33,Mass Market,Hyderabad,Sindh,2023-11-06
C008617,29,Male,Salaried,58302.89,Mass Market,Larkana,Sindh,2015-07-22
C008618,43,Female,Salaried,124462.51,Mass Affluent,Karachi,Sindh,2015-05-02
C008619,37,Male,Student,24085.81,Mass Affluent,Rawalpindi,Punjab,2018-01-13
C008620,47,Female,Salaried,82865.38,Mass Affluent,Swat,Khyber Pakhtunkhwa,2017-04-23
C008621,36,Male,Retired,115780.64,Mass Market,Quetta,Balochistan,2021-12-11
C008622,34,Female,Salaried,220073.97,Mass Affluent,Karachi,Sindh,2016-10-29
C008623,33,Male,Salaried,51201.39,Mass Market,Sialkot,Punjab,2022-06-08
C008624,29,Female,Salaried,91275.48,Mass Affluent,Karachi,Sindh,2019-08-21
C008625,33,Male,Self-Employed,30451.16,Mass Market,Sialkot,Punjab,2017-02-20
C008626,44,Male,Salaried,85777.87,Mass Market,Multan,Punjab,2019-02-16
C008627,31,Male,Salaried,87725.3,Mass Market,Sialkot,Punjab,2020-10-11
C008628,26,Female,Retired,55326.14,Mass Market,Quetta,Balochistan,2023-10-31
C008629,48,Male,Salaried,23885.18,Mass Market,Rawalpindi,Punjab,2015-07-30
C008630,37,Male,Self-Employed,136937.57,Mass Affluent,Peshawar,Khyber Pakhtunkhwa,2018-03-09
C008631,47,Female,Salaried,66386.48,Mass Market,Larkana,Sindh,2019-01-30
C008632,37,Male,Self-Employed,108434.89,Mass Affluent,Hyderabad,Sindh,2020-05-02
C008633,33,Male,Salaried,128382.46,Mass Affluent,Rawalpindi,Punjab,2022-12-04
C008634,21,Male,Business Owner,54619.65,Mass Market,Sukkur,Sindh,2022-02-27
C008635,27,Male,Business Owner,282826.12,Affluent,Gujranwala,Punjab,2019-08-02
C008636,29,Male,Student,56695.47,Mass Affluent,Hyderabad,Sindh,2015-02-19
C008637,42,Male,Retired,75374.86,Mass Affluent,Lahore,Punjab,2017-03-08
C008638,38,Female,Salaried,100612.35,Mass Affluent,Faisalabad,Punjab,2022-02-10
C008639,28,Female,Salaried,97475.82,Mass Affluent,Hyderabad,Sindh,2019-04-28
C008640,21,Female,Salaried,307456.14,Premium,Gujranwala,Punjab,2021-03-26
C008641,44,Male,Business Owner,56128.24,Mass Market,Sialkot,Punjab,2021-04-03
C008642,49,Male,Salaried,81408.08,Mass Market,Islamabad,Islamabad Capital,2023-03-06
C008643,50,Female,Business Owner,114871.28,Mass Affluent,Faisalabad,Punjab,2017-07-01
C008644,28,Female,Unemployed,31442.05,Mass Market,Lahore,Punjab,2023-09-03
C008645,50,Male,Salaried,209496.64,Mass Affluent,Lahore,Punjab,2021-06-25
C008646,45,Female,Salaried,88573.96,Mass Market,Lahore,Punjab,2020-02-05
C008647,45,Female,Self-Employed,115987.91,Mass Market,Larkana,Sindh,2016-03-23
C008648,32,Female,Salaried,660159.84,Affluent,Gujranwala,Punjab,2021-08-09
C008649,38,Male,Salaried,61371.75,Mass Market,Hyderabad,Sindh,2023-07-22
C008650,59,Female,Salaried,38652.86,Mass Market,Larkana,Sindh,2023-11-17
C008651,57,Male,Student,14054.37,Mass Affluent,Sialkot,Punjab,2017-04-18
C008652,38,Male,Business Owner,161624.42,Mass Affluent,Islamabad,Islamabad Capital,2022-08-03
C008653,41,Male,Salaried,483973.23,Affluent,Islamabad,Islamabad Capital,2023-07-08
C008654,21,Female,Salaried,40276.84,Mass Market,Faisalabad,Punjab,2020-03-26
C008655,52,Female,Business Owner,308522.67,Affluent,Multan,Punjab,2015-08-17
C008656,47,Male,Salaried,96182.46,Mass Affluent,Multan,Punjab,2016-04-27
C008657,43,Male,Student,33549.1,Affluent,Rawalpindi,Punjab,2021-04-04
C008658,32,Female,Self-Employed,56426.08,Mass Market,Larkana,Sindh,2018-05-05
C008659,40,Female,Retired,74945.13,Mass Market,Larkana,Sindh,2019-08-23
C008660,55,Male,Business Owner,281411.55,Mass Affluent,Multan,Punjab,2022-11-20
C008661,43,Female,Student,48223.58,Mass Affluent,Sialkot,Punjab,2020-06-14
C008662,68,Male,Business Owner,50958.31,Mass Market,Faisalabad,Punjab,2015-10-01
C008663,48,Male,Self-Employed,103698.07,Mass Affluent,Islamabad,Islamabad Capital,2018-10-13
C008664,29,Male,Salaried,120906.12,Mass Affluent,Turbat,Balochistan,2022-12-24
C008665,34,Male,Business Owner,43081.88,Mass Market,Gujranwala,Punjab,2022-06-25
C008666,31,Male,Self-Employed,63269.99,Mass Market,Sukkur,Sindh,2020-09-04
C008667,48,Male,Salaried,24000.51,Mass Market,Hyderabad,Sindh,2019-04-19
C008668,52,Male,Self-Employed,258407.03,Affluent,Hyderabad,Sindh,2022-04-14
C008669,58,Male,Salaried,123639.63,Mass Affluent,Karachi,Sindh,2019-10-26
C008670,35,Female,Salaried,83637.09,Mass Affluent,Gwadar,Balochistan,2018-08-14
C008671,44,Male,Salaried,242154.35,Affluent,Lahore,Punjab,2016-05-28
C008672,53,Female,Salaried,198959.71,Mass Affluent,Gujranwala,Punjab,2017-10-04
C008673,56,Male,Salaried,94379.45,Mass Market,Islamabad,Islamabad Capital,2022-03-13
C008674,25,Male,Student,14660.15,Mass Affluent,Faisalabad,Punjab,2023-09-21
C008675,46,Male,Self-Employed,762556.1,Premium,Lahore,Punjab,2020-05-16
C008676,26,Male,Retired,75294.05,Mass Market,Abbottabad,Khyber Pakhtunkhwa,2020-04-21
C008677,32,Male,Unemployed,39750.94,Mass Affluent,Swat,Khyber Pakhtunkhwa,2020-11-30
C008678,25,Male,Salaried,65500.04,Mass Market,Karachi,Sindh,2021-03-02
C008679,32,Female,Self-Employed,232238.99,Mass Affluent,Peshawar,Khyber Pakhtunkhwa,2020-07-04
C008680,23,Female,Salaried,204547.38,Mass Affluent,Hyderabad,Sindh,2023-05-05
C008681,26,Female,Student,44087.94,Affluent,Multan,Punjab,2022-11-19
C008682,29,Male,Salaried,91941.84,Mass Affluent,Larkana,Sindh,2019-04-10
C008683,42,Male,Salaried,100542.5,Mass Market,Swat,Khyber Pakhtunkhwa,2017-07-23
C008684,39,Female,Salaried,52722.12,Mass Market,Peshawar,Khyber Pakhtunkhwa,2015-09-27
C008685,21,Male,Business Owner,332026.74,Affluent,Faisalabad,Punjab,2020-05-05
C008686,69,Female,Salaried,57270.41,Mass Market,Sialkot,Punjab,2017-03-27
C008687,34,Female,Salaried,127918.91,Mass Market,Mardan,Khyber Pakhtunkhwa,2016-10-05
C008688,24,Male,Student,49316.4,Mass Affluent,Lahore,Punjab,2020-08-10
C008689,45,Male,Salaried,84988.94,Mass Market,Faisalabad,Punjab,2021-09-17
C008690,39,Male,Business Owner,58061.96,Mass Market,Abbottabad,Khyber Pakhtunkhwa,2021-11-12
C008691,30,Male,Business Owner,74485.49,Mass Market,Karachi,Sindh,2018-06-12
C008692,43,Male,Salaried,111046.52,Mass Market,Sialkot,Punjab,2019-07-21
C008693,32,Female,Salaried,60691.08,Mass Affluent,Multan,Punjab,2019-02-20
C008694,36,Male,Salaried,58527.49,Mass Market,Lahore,Punjab,2020-10-08
C008695,55,Male,Unemployed,36240.89,Mass Market,Peshawar,Khyber Pakhtunkhwa,2018-05-06
C008696,40,Male,Business Owner,153993.83,Mass Affluent,Sukkur,Sindh,2021-02-17
C008697,46,Male,Salaried,78026.63,Mass Market,Multan,Punjab,2016-11-03
C008698,33,Female,Student,43773.4,Mass Affluent,Multan,Punjab,2015-05-18
C008699,41,Male,Salaried,49203.51,Mass Market,Sialkot,Punjab,2019-01-17
C008700,31,Male,Salaried,64831.48,Mass Market,Gujranwala,Punjab,2019-04-12
C008701,30,Female,Salaried,80135.32,Mass Affluent,Rawalpindi,Punjab,2020-01-11
C008702,34,Female,Business Owner,147548.54,Mass Affluent,Karachi,Sindh,2022-11-22
C008703,31,Male,Salaried,205215.33,Affluent,Lahore,Punjab,2017-10-30
C008704,50,Male,Self-Employed,79291.5,Mass Market,Gujranwala,Punjab,2015-07-16
C008705,45,Female,Salaried,36362.93,Mass Market,Sukkur,Sindh,2017-07-10
C008706,21,Male,Business Owner,48365.3,Mass Market,Lahore,Punjab,2021-01-26
C008707,58,Male,Business Owner,97719.61,Mass Affluent,Faisalabad,Punjab,2023-09-04
C008708,46,Male,Salaried,53572.96,Mass Market,Faisalabad,Punjab,2019-12-18
C008709,52,Male,Salaried,472387.12,Affluent,Faisalabad,Punjab,2017-06-19
C008710,37,Male,Self-Employed,179289.55,Mass Affluent,Rawalpindi,Punjab,2021-06-21
C008711,23,Female,Salaried,50002.08,Mass Market,Abbottabad,Khyber Pakhtunkhwa,2017-08-06
C008712,24,Female,Salaried,49985.57,Mass Market,Multan,Punjab,2023-01-07
C008713,58,Female,Self-Employed,83995.54,Mass Market,Mardan,Khyber Pakhtunkhwa,2016-04-15
C008714,21,Female,Self-Employed,83532.08,Mass Affluent,Swat,Khyber Pakhtunkhwa,2022-12-29
C008715,23,Male,Business Owner,131110.38,Mass Affluent,Sialkot,Punjab,2020-05-09
C008716,34,Male,Salaried,222427.12,Affluent,Rawalpindi,Punjab,2022-05-27
C008717,24,Female,Salaried,56210.46,Mass Market,Faisalabad,Punjab,2020-09-20
C008718,45,Female,Self-Employed,81598.07,Mass Market,Gujranwala,Punjab,2018-11-22
C008719,46,Female,Business Owner,46526.82,Mass Market,Sukkur,Sindh,2021-02-22
C008720,44,Male,Salaried,86879.39,Mass Market,Multan,Punjab,2016-08-08
C008721,32,Male,Salaried,645892.21,Affluent,Swat,Khyber Pakhtunkhwa,2017-11-01
C008722,42,Female,Salaried,163540.05,Mass Affluent,Hyderabad,Sindh,2021-06-19
C008723,59,Male,Salaried,271194.67,Affluent,Mardan,Khyber Pakhtunkhwa,2015-03-23
C008724,23,Female,Unemployed,22477.98,Affluent,Swat,Khyber Pakhtunkhwa,2021-10-12
C008725,51,Male,Salaried,39369.18,Mass Market,Sukkur,Sindh,2015-12-04
C008726,48,Female,Self-Employed,231722.88,Mass Affluent,Quetta,Balochistan,2016-05-03
C008727,38,Male,Salaried,97647.99,Mass Affluent,Islamabad,Islamabad Capital,2015-12-14
C008728,41,Female,Salaried,136759.01,Mass Market,Multan,Punjab,2021-08-31
C008729,43,Male,Business Owner,45688.14,Mass Market,Lahore,Punjab,2015-02-23
C008730,28,Female,Self-Employed,167164.97,Mass Affluent,Multan,Punjab,2021-09-01
C008731,21,Male,Salaried,154802.68,Affluent,Lahore,Punjab,2022-06-16
C008732,49,Male,Salaried,55329.65,Mass Market,Hyderabad,Sindh,2019-11-17
C008733,25,Male,Salaried,185769.4,Affluent,Sialkot,Punjab,2015-12-12
C008734,27,Female,Salaried,161905.52,Affluent,Karachi,Sindh,2022-09-14
C008735,33,Male,Business Owner,442697.59,Affluent,Mardan,Khyber Pakhtunkhwa,2017-01-21
C008736,42,Female,Salaried,37632.72,Mass Market,Faisalabad,Punjab,2023-02-12
C008737,34,Male,Salaried,45377.53,Mass Market,Karachi,Sindh,2020-07-24
C008738,31,Female,Self-Employed,94059.09,Mass Affluent,Gujranwala,Punjab,2016-08-09
C008739,49,Male,Student,31170.88,Mass Market,Abbottabad,Khyber Pakhtunkhwa,2015-10-26
C008740,35,Female,Salaried,88322.44,Mass Market,Larkana,Sindh,2016-07-31
C008741,30,Male,Self-Employed,210660.24,Mass Affluent,Rawalpindi,Punjab,2020-03-07
C008742,43,Female,Salaried,44499.97,Mass Market,Sukkur,Sindh,2015-11-01
C008743,40,Male,Salaried,100202.47,Mass Market,Sialkot,Punjab,2019-01-25
C008744,39,Male,Salaried,206995.17,Affluent,Abbottabad,Khyber Pakhtunkhwa,2023-04-12
C008745,44,Female,Business Owner,45040.55,Mass Market,Hyderabad,Sindh,2023-10-26
C008746,37,Male,Salaried,214706.76,Affluent,Faisalabad,Punjab,2016-06-24
C008747,48,Female,Retired,31397.76,Mass Market,Karachi,Sindh,2020-08-12
C008748,23,Male,Salaried,57965.36,Mass Market,Swat,Khyber Pakhtunkhwa,2019-10-24
C008749,53,Female,Student,21359.96,Mass Market,Peshawar,Khyber Pakhtunkhwa,2019-04-07
C008750,29,Male,Salaried,65515.12,Mass Market,Larkana,Sindh,2015-11-02
C008751,21,Male,Salaried,22259.6,Mass Market,Mardan,Khyber Pakhtunkhwa,2018-06-07
C008752,30,Female,Business Owner,305358.06,Affluent,Lahore,Punjab,2020-04-27
C008753,35,Male,Salaried,185065.78,Affluent,Peshawar,Khyber Pakhtunkhwa,2020-11-24
C008754,31,Female,Self-Employed,46524.09,Mass Market,Peshawar,Khyber Pakhtunkhwa,2018-10-22
C008755,28,Female,Business Owner,46952.92,Mass Market,Sialkot,Punjab,2023-04-18
C008756,50,Male,Self-Employed,186035.94,Mass Affluent,Lahore,Punjab,2017-02-04
C008757,29,Male,Student,38788.2,Mass Market,Sialkot,Punjab,2019-11-18
C008758,21,Male,Salaried,56341.91,Mass Market,Lahore,Punjab,2021-02-14
C008759,35,Female,Self-Employed,45720.9,Mass Market,Gujranwala,Punjab,2016-11-10
C008760,61,Female,Self-Employed,80788.78,Mass Market,Gujranwala,Punjab,2019-03-24
C008761,27,Female,Self-Employed,257115.2,Mass Affluent,Sukkur,Sindh,2015-12-10
C008762,29,Male,Self-Employed,59365.1,Mass Market,Faisalabad,Punjab,2019-05-27
C008763,35,Male,Business Owner,70822.26,Mass Affluent,Rawalpindi,Punjab,2020-11-20
C008764,56,Female,Student,54963.81,Mass Market,Hyderabad,Sindh,2023-09-15
C008765,35,Female,Salaried,74206.13,Mass Market,Lahore,Punjab,2015-04-09
C008766,28,Male,Salaried,109870.62,Mass Affluent,Sialkot,Punjab,2017-10-31
C008767,43,Male,Salaried,43295.15,Mass Market,Peshawar,Khyber Pakhtunkhwa,2017-10-01
C008768,42,Male,Salaried,198732.56,Affluent,Islamabad,Islamabad Capital,2023-12-06
C008769,44,Female,Self-Employed,134608.73,Mass Affluent,Sukkur,Sindh,2022-10-18
C008770,27,Male,Salaried,156324.65,Affluent,Gujranwala,Punjab,2022-07-18
C008771,33,Male,Salaried,59215.01,Mass Market,Rawalpindi,Punjab,2022-09-18
C008772,51,Female,Retired,101528.57,Mass Market,Islamabad,Islamabad Capital,2016-06-12
C008773,43,Male,Retired,73380.99,Mass Market,Karachi,Sindh,2016-10-16
C008774,48,Male,Self-Employed,87465.74,Mass Affluent,Mardan,Khyber Pakhtunkhwa,2018-03-02
C008775,38,Female,Salaried,191431.07,Mass Affluent,Sukkur,Sindh,2021-01-29
C008776,51,Female,Salaried,36157.63,Mass Market,Faisalabad,Punjab,2017-10-30
C008777,42,Female,Salaried,64070.39,Mass Market,Sukkur,Sindh,2022-04-06
C008778,33,Female,Salaried,79114.07,Mass Market,Mardan,Khyber Pakhtunkhwa,2021-07-29
C008779,47,Female,Salaried,63748.16,Mass Market,Swat,Khyber Pakhtunkhwa,2021-05-09
C008780,29,Male,Business Owner,95793.38,Mass Market,Rawalpindi,Punjab,2017-05-23
C008781,56,Male,Salaried,84443.61,Mass Affluent,Larkana,Sindh,2019-09-15
C008782,50,Male,Salaried,207315.63,Affluent,Faisalabad,Punjab,2017-07-07
C008783,36,Male,Self-Employed,50353.88,Mass Market,Islamabad,Islamabad Capital,2020-07-10
C008784,37,Female,Salaried,209517.94,Mass Market,Gujranwala,Punjab,2021-08-16
C008785,40,Female,Salaried,72770.45,Mass Market,Abbottabad,Khyber Pakhtunkhwa,2019-01-11
C008786,37,Male,Salaried,78136.0,Mass Market,Faisalabad,Punjab,2021-12-23
C008787,54,Male,Salaried,166635.26,Mass Affluent,Sukkur,Sindh,2017-08-10
C008788,33,Male,Self-Employed,61824.29,Mass Market,Larkana,Sindh,2021-08-11
C008789,22,Male,Salaried,931259.52,Premium,Faisalabad,Punjab,2016-11-13
C008790,36,Male,Salaried,137561.91,Affluent,Peshawar,Khyber Pakhtunkhwa,2019-06-19
C008791,47,Male,Business Owner,66659.33,Mass Market,Gwadar,Balochistan,2022-11-05
C008792,50,Female,Business Owner,329478.88,Affluent,Peshawar,Khyber Pakhtunkhwa,2021-09-10
C008793,40,Male,Salaried,191448.9,Mass Affluent,Gujranwala,Punjab,2019-05-05
C008794,32,Female,Student,51932.84,Premium,Mardan,Khyber Pakhtunkhwa,2020-04-26
C008795,39,Male,Salaried,39771.52,Mass Market,Hyderabad,Sindh,2020-10-11
C008796,32,Female,Salaried,424358.14,Premium,Larkana,Sindh,2022-09-18
C008797,21,Female,Self-Employed,73172.99,Mass Market,Karachi,Sindh,2017-09-22
C008798,30,Male,Salaried,73570.7,Mass Market,Karachi,Sindh,2021-05-12
C008799,45,Male,Salaried,195168.67,Affluent,Multan,Punjab,2023-06-10
C008800,36,Female,Unemployed,24604.49,Mass Market,Sialkot,Punjab,2020-07-07
C008801,36,Female,Salaried,66897.78,Mass Market,Lahore,Punjab,2021-06-08
C008802,51,Female,Salaried,62899.79,Mass Market,Faisalabad,Punjab,2020-07-26
C008803,28,Male,Salaried,55448.04,Mass Market,Gujranwala,Punjab,2023-05-24
C008804,29,Female,Student,24474.31,Mass Market,Gujranwala,Punjab,2017-08-20
C008805,43,Female,Salaried,69571.32,Mass Market,Swat,Khyber Pakhtunkhwa,2023-06-15
C008806,31,Male,Retired,35009.11,Mass Affluent,Sukkur,Sindh,2020-04-28
C008807,31,Female,Salaried,81961.75,Mass Affluent,Sialkot,Punjab,2020-07-03
C008808,56,Male,Business Owner,33349.08,Mass Market,Mardan,Khyber Pakhtunkhwa,2023-10-10
C008809,27,Male,Salaried,211360.97,Affluent,Quetta,Balochistan,2015-07-29
C008810,31,Male,Salaried,160421.96,Mass Affluent,Turbat,Balochistan,2023-07-07
C008811,44,Male,Salaried,110482.81,Mass Affluent,Abbottabad,Khyber Pakhtunkhwa,2023-07-01
C008812,38,Female,Salaried,210718.89,Mass Affluent,Islamabad,Islamabad Capital,2016-02-01
C008813,24,Male,Salaried,241106.21,Affluent,Hyderabad,Sindh,2020-09-21
C008814,59,Male,Salaried,90510.85,Mass Market,Islamabad,Islamabad Capital,2018-07-17
C008815,30,Male,Self-Employed,94807.18,Mass Affluent,Islamabad,Islamabad Capital,2016-12-26
C008816,36,Male,Self-Employed,438934.3,Affluent,Multan,Punjab,2017-01-16
C008817,44,Male,Salaried,218724.44,Mass Affluent,Mardan,Khyber Pakhtunkhwa,2015-01-02
C008818,63,Female,Business Owner,48410.94,Mass Market,Mardan,Khyber Pakhtunkhwa,2021-12-12
C008819,34,Female,Business Owner,156580.13,Mass Affluent,Mardan,Khyber Pakhtunkhwa,2017-07-06
C008820,29,Female,Unemployed,38656.38,Mass Affluent,Turbat,Balochistan,2020-01-15
C008821,44,Female,Salaried,73017.07,Mass Market,Multan,Punjab,2018-09-21
C008822,62,Female,Salaried,211795.35,Mass Affluent,Rawalpindi,Punjab,2022-12-25
C008823,40,Male,Unemployed,30791.17,Affluent,Larkana,Sindh,2016-04-07
C008824,36,Male,Retired,97602.56,Mass Affluent,Mardan,Khyber Pakhtunkhwa,2016-02-26
C008825,43,Male,Retired,115083.77,Mass Market,Gwadar,Balochistan,2021-07-15
C008826,21,Male,Self-Employed,80255.27,Mass Affluent,Gwadar,Balochistan,2020-08-02
C008827,32,Male,Self-Employed,127994.19,Mass Affluent,Peshawar,Khyber Pakhtunkhwa,2020-02-16
C008828,21,Male,Retired,100630.05,Mass Market,Islamabad,Islamabad Capital,2019-05-12
C008829,35,Male,Salaried,129106.01,Mass Affluent,Faisalabad,Punjab,2019-10-26
C008830,33,Male,Salaried,91719.22,Mass Market,Islamabad,Islamabad Capital,2020-04-09
C008831,21,Male,Unemployed,20969.49,Affluent,Multan,Punjab,2023-05-26
C008832,41,Male,Student,41643.91,Mass Affluent,Larkana,Sindh,2022-05-06
C008833,46,Male,Salaried,87334.93,Mass Affluent,Lahore,Punjab,2023-03-12
C008834,37,Female,Salaried,162121.81,Mass Affluent,Sukkur,Sindh,2022-08-08
C008835,22,Female,Student,18722.02,Mass Market,Rawalpindi,Punjab,2017-01-06
C008836,53,Female,Salaried,175106.63,Mass Affluent,Lahore,Punjab,2015-01-01
C008837,60,Female,Business Owner,37924.79,Mass Market,Sukkur,Sindh,2019-12-11
C008838,43,Male,Salaried,69366.06,Mass Market,Peshawar,Khyber Pakhtunkhwa,2022-09-09
C008839,35,Female,Salaried,70702.65,Mass Market,Rawalpindi,Punjab,2018-10-01
C008840,35,Male,Business Owner,175510.14,Mass Affluent,Hyderabad,Sindh,2017-04-19
C008841,44,Female,Unemployed,18958.46,Mass Affluent,Sialkot,Punjab,2021-11-22
C008842,40,Male,Self-Employed,80694.14,Mass Market,Lahore,Punjab,2016-01-14
C008843,44,Male,Salaried,106360.79,Mass Market,Rawalpindi,Punjab,2016-10-07
C008844,44,Female,Salaried,25297.88,Mass Market,Larkana,Sindh,2023-03-06
C008845,31,Male,Salaried,61190.48,Mass Market,Abbottabad,Khyber Pakhtunkhwa,2017-09-02
C008846,30,Male,Retired,92164.19,Mass Market,Hyderabad,Sindh,2023-07-10
C008847,36,Male,Salaried,201928.8,Affluent,Mardan,Khyber Pakhtunkhwa,2015-11-21
C008848,44,Male,Retired,33643.63,Affluent,Karachi,Sindh,2023-02-10
C008849,22,Female,Student,51445.61,Affluent,Peshawar,Khyber Pakhtunkhwa,2023-11-25
C008850,36,Female,Salaried,69256.03,Mass Market,Islamabad,Islamabad Capital,2023-11-29
C008851,39,Female,Salaried,84625.72,Mass Market,Faisalabad,Punjab,2018-09-23
C008852,34,Male,Unemployed,9651.64,Mass Market,Gujranwala,Punjab,2019-02-01
C008853,54,Male,Salaried,167924.24,Mass Affluent,Lahore,Punjab,2023-02-13
C008854,53,Female,Student,29873.59,Mass Affluent,Karachi,Sindh,2016-04-10
C008855,44,Male,Salaried,194234.24,Mass Affluent,Karachi,Sindh,2021-12-04
C008856,58,Male,Salaried,18000.0,Mass Market,Multan,Punjab,2015-11-01
C008857,49,Male,Salaried,232218.2,Mass Affluent,Turbat,Balochistan,2022-01-18
C008858,40,Male,Salaried,1042823.95,Premium,Islamabad,Islamabad Capital,2017-05-01
C008859,34,Female,Business Owner,79787.36,Mass Market,Faisalabad,Punjab,2015-10-13
C008860,35,Female,Self-Employed,303245.13,Mass Affluent,Lahore,Punjab,2019-02-05
C008861,43,Male,Salaried,65502.18,Mass Affluent,Multan,Punjab,2020-11-14
C008862,35,Male,Self-Employed,80682.92,Mass Market,Multan,Punjab,2018-01-04
C008863,22,Male,Salaried,294750.71,Affluent,Peshawar,Khyber Pakhtunkhwa,2020-12-05
C008864,35,Male,Retired,81799.37,Affluent,Sukkur,Sindh,2020-01-04
C008865,50,Female,Student,44673.93,Mass Affluent,Sialkot,Punjab,2021-03-26
C008866,21,Male,Self-Employed,69711.93,Mass Market,Sukkur,Sindh,2015-04-08
C008867,54,Male,Unemployed,13730.17,Mass Market,Faisalabad,Punjab,2016-09-01
C008868,45,Male,Salaried,100031.82,Mass Affluent,Rawalpindi,Punjab,2020-08-09
C008869,36,Female,Salaried,58454.05,Mass Market,Faisalabad,Punjab,2018-08-23
C008870,42,Male,Salaried,36409.62,Mass Market,Hyderabad,Sindh,2022-12-26
C008871,50,Female,Student,51425.67,Mass Market,Karachi,Sindh,2017-06-11
C008872,39,Male,Salaried,86440.41,Mass Market,Turbat,Balochistan,2017-01-09
C008873,49,Male,Student,32453.33,Mass Affluent,Lahore,Punjab,2015-04-17
C008874,48,Female,Salaried,174101.95,Mass Affluent,Abbottabad,Khyber Pakhtunkhwa,2018-02-03
C008875,41,Male,Salaried,86426.28,Mass Market,Lahore,Punjab,2015-08-09
C008876,27,Male,Self-Employed,188189.83,Mass Affluent,Gujranwala,Punjab,2023-03-17
C008877,38,Male,Self-Employed,46983.51,Mass Market,Quetta,Balochistan,2019-07-07
C008878,21,Female,Salaried,68263.3,Mass Market,Larkana,Sindh,2021-04-08
C008879,44,Male,Student,24055.2,Mass Market,Gujranwala,Punjab,2020-06-14
C008880,34,Female,Self-Employed,35520.53,Mass Market,Sukkur,Sindh,2015-02-14
C008881,32,Female,Salaried,35442.91,Mass Market,Mardan,Khyber Pakhtunkhwa,2020-03-02
C008882,46,Female,Business Owner,75195.23,Mass Affluent,Turbat,Balochistan,2018-09-11
C008883,25,Female,Salaried,30442.49,Mass Market,Karachi,Sindh,2022-04-18
C008884,40,Female,Student,16720.12,Mass Affluent,Multan,Punjab,2016-02-03
C008885,35,Male,Salaried,49139.66,Mass Market,Karachi,Sindh,2018-12-05
C008886,37,Female,Self-Employed,230952.15,Mass Affluent,Lahore,Punjab,2017-02-13
C008887,42,Male,Salaried,110089.56,Mass Affluent,Lahore,Punjab,2018-03-26
C008888,59,Female,Salaried,33721.1,Mass Market,Hyderabad,Sindh,2021-11-27
C008889,43,Male,Self-Employed,138474.48,Mass Affluent,Abbottabad,Khyber Pakhtunkhwa,2015-11-04
C008890,54,Male,Salaried,120992.46,Mass Affluent,Rawalpindi,Punjab,2015-10-15
C008891,54,Female,Self-Employed,44573.27,Mass Market,Peshawar,Khyber Pakhtunkhwa,2022-01-23
C008892,47,Female,Self-Employed,103946.93,Mass Affluent,Larkana,Sindh,2017-12-27
C008893,21,Female,Salaried,195005.59,Mass Affluent,Peshawar,Khyber Pakhtunkhwa,2015-06-17
C008894,36,Male,Salaried,35113.6,Mass Market,Lahore,Punjab,2016-06-06
C008895,27,Female,Business Owner,148680.13,Affluent,Faisalabad,Punjab,2015-10-19
C008896,71,Male,Salaried,71646.34,Mass Market,Multan,Punjab,2021-11-30
C008897,28,Male,Salaried,102948.17,Mass Affluent,Gujranwala,Punjab,2022-02-11
C008898,23,Male,Salaried,505035.67,Affluent,Gujranwala,Punjab,2018-06-30
C008899,21,Male,Salaried,589406.7,Premium,Rawalpindi,Punjab,2019-08-12
C008900,28,Female,Self-Employed,125134.96,Mass Affluent,Faisalabad,Punjab,2019-05-04
C008901,40,Female,Student,56415.03,Mass Affluent,Multan,Punjab,2018-08-27
C008902,51,Female,Self-Employed,31782.75,Mass Market,Gwadar,Balochistan,2016-03-22
C008903,27,Female,Self-Employed,68212.46,Mass Market,Mardan,Khyber Pakhtunkhwa,2016-03-02
C008904,52,Female,Salaried,243679.71,Affluent,Lahore,Punjab,2023-03-02
C008905,38,Female,Business Owner,88635.38,Mass Market,Islamabad,Islamabad Capital,2017-01-30
C008906,34,Female,Business Owner,218987.42,Affluent,Multan,Punjab,2022-10-24
C008907,41,Male,Salaried,64170.07,Mass Market,Sialkot,Punjab,2021-10-16
C008908,55,Male,Business Owner,52349.28,Mass Market,Abbottabad,Khyber Pakhtunkhwa,2022-02-05
C008909,40,Female,Salaried,70192.84,Mass Market,Karachi,Sindh,2017-01-13
C008910,27,Male,Salaried,118167.0,Mass Affluent,Faisalabad,Punjab,2022-06-25
C008911,44,Male,Salaried,66288.9,Mass Market,Sialkot,Punjab,2019-10-19
C008912,43,Male,Salaried,116813.1,Mass Market,Larkana,Sindh,2023-12-16
C008913,37,Male,Salaried,560638.71,Premium,Sukkur,Sindh,2023-05-30
C008914,50,Female,Salaried,151499.03,Mass Affluent,Gujranwala,Punjab,2019-11-07
C008915,21,Female,Salaried,309944.19,Mass Affluent,Sukkur,Sindh,2019-09-15
C008916,43,Female,Salaried,69580.84,Mass Market,Lahore,Punjab,2022-10-23
C008917,48,Female,Salaried,23792.18,Mass Market,Karachi,Sindh,2020-01-21
C008918,23,Female,Salaried,100922.66,Mass Affluent,Multan,Punjab,2022-11-20
C008919,23,Male,Student,31362.44,Mass Market,Abbottabad,Khyber Pakhtunkhwa,2022-08-23
C008920,50,Male,Self-Employed,85173.52,Mass Market,Mardan,Khyber Pakhtunkhwa,2019-04-27
C008921,52,Female,Salaried,270193.47,Affluent,Faisalabad,Punjab,2023-11-12
C008922,54,Female,Salaried,89880.53,Mass Market,Swat,Khyber Pakhtunkhwa,2016-08-03
C008923,31,Male,Salaried,353251.82,Affluent,Multan,Punjab,2018-09-21
C008924,41,Female,Salaried,75572.76,Mass Market,Gujranwala,Punjab,2020-02-09
C008925,43,Female,Salaried,37693.51,Mass Market,Larkana,Sindh,2022-06-23
C008926,21,Male,Salaried,72690.05,Mass Market,Sukkur,Sindh,2022-01-23
C008927,41,Male,Salaried,470640.15,Affluent,Peshawar,Khyber Pakhtunkhwa,2015-10-12
C008928,41,Male,Business Owner,75011.22,Mass Affluent,Islamabad,Islamabad Capital,2021-01-14
C008929,47,Male,Salaried,115240.35,Mass Affluent,Rawalpindi,Punjab,2017-01-19
C008930,33,Male,Salaried,68650.18,Mass Market,Rawalpindi,Punjab,2021-06-14
C008931,53,Male,Salaried,290625.55,Affluent,Sukkur,Sindh,2022-07-15
C008932,40,Female,Student,30304.05,Mass Affluent,Gujranwala,Punjab,2016-09-10
C008933,58,Female,Business Owner,171462.96,Mass Affluent,Lahore,Punjab,2018-03-04
C008934,47,Female,Self-Employed,151691.58,Mass Affluent,Islamabad,Islamabad Capital,2015-12-10
C008935,42,Female,Retired,47530.48,Mass Affluent,Abbottabad,Khyber Pakhtunkhwa,2016-03-23
C008936,26,Female,Self-Employed,173810.3,Mass Affluent,Islamabad,Islamabad Capital,2017-10-06
C008937,24,Male,Salaried,60943.72,Mass Market,Multan,Punjab,2016-08-27
C008938,57,Male,Business Owner,244681.64,Affluent,Multan,Punjab,2019-11-17
C008939,49,Male,Salaried,87414.59,Mass Market,Sukkur,Sindh,2017-01-25
C008940,36,Female,Self-Employed,471246.67,Premium,Quetta,Balochistan,2016-12-06
C008941,34,Male,Salaried,58374.47,Mass Market,Multan,Punjab,2023-07-11
C008942,41,Female,Salaried,38659.24,Mass Market,Rawalpindi,Punjab,2016-09-24
C008943,24,Female,Salaried,79232.08,Mass Market,Multan,Punjab,2020-12-31
C008944,34,Male,Salaried,207658.14,Mass Affluent,Swat,Khyber Pakhtunkhwa,2023-11-12
C008945,46,Male,Self-Employed,42049.03,Mass Market,Peshawar,Khyber Pakhtunkhwa,2023-06-02
C008946,47,Female,Salaried,264091.71,Affluent,Sukkur,Sindh,2021-10-18
C008947,35,Female,Salaried,108322.13,Mass Affluent,Lahore,Punjab,2022-10-28
C008948,57,Male,Salaried,90284.75,Mass Market,Mardan,Khyber Pakhtunkhwa,2023-05-02
C008949,50,Male,Business Owner,222735.2,Mass Affluent,Sukkur,Sindh,2016-02-08
C008950,31,Male,Business Owner,108362.16,Mass Affluent,Sialkot,Punjab,2018-07-19
C008951,25,Male,Business Owner,86499.88,Affluent,Gujranwala,Punjab,2016-05-09
C008952,46,Female,Salaried,92982.28,Mass Market,Karachi,Sindh,2020-06-27
C008953,34,Male,Salaried,284839.44,Affluent,Sialkot,Punjab,2018-07-27
C008954,32,Male,Salaried,61126.59,Mass Market,Islamabad,Islamabad Capital,2016-11-24
C008955,41,Female,Salaried,187493.78,Mass Affluent,Hyderabad,Sindh,2017-06-13
C008956,47,Male,Salaried,113205.83,Mass Affluent,Multan,Punjab,2015-03-20
C008957,48,Male,Student,36304.24,Mass Market,Larkana,Sindh,2016-10-29
C008958,40,Female,Salaried,52414.09,Mass Market,Hyderabad,Sindh,2022-04-07
C008959,21,Female,Salaried,156551.85,Mass Affluent,Lahore,Punjab,2017-02-15
C008960,49,Female,Self-Employed,83793.22,Mass Market,Sukkur,Sindh,2017-05-05
C008961,30,Male,Salaried,111602.45,Mass Market,Faisalabad,Punjab,2016-01-22
C008962,42,Female,Salaried,69939.72,Mass Market,Gujranwala,Punjab,2022-09-29
C008963,38,Male,Business Owner,123048.26,Mass Affluent,Larkana,Sindh,2019-04-06
C008964,64,Male,Business Owner,84023.55,Mass Market,Sukkur,Sindh,2023-06-20
C008965,62,Female,Business Owner,41482.28,Mass Market,Rawalpindi,Punjab,2016-07-17
C008966,34,Female,Student,27354.42,Premium,Multan,Punjab,2019-05-09
C008967,24,Male,Salaried,140872.85,Mass Affluent,Hyderabad,Sindh,2021-04-23
C008968,25,Male,Self-Employed,119179.67,Mass Affluent,Gujranwala,Punjab,2017-04-09
C008969,42,Male,Student,19964.31,Mass Affluent,Quetta,Balochistan,2021-10-06
C008970,33,Male,Salaried,76140.61,Mass Market,Larkana,Sindh,2020-10-08
C008971,27,Male,Business Owner,53931.26,Mass Market,Abbottabad,Khyber Pakhtunkhwa,2021-12-21
C008972,33,Female,Retired,119108.77,Mass Market,Rawalpindi,Punjab,2023-07-16
C008973,44,Male,Self-Employed,31794.42,Mass Market,Swat,Khyber Pakhtunkhwa,2022-03-06
C008974,38,Male,Salaried,50864.56,Mass Market,Multan,Punjab,2021-10-09
C008975,34,Female,Salaried,104742.56,Mass Affluent,Rawalpindi,Punjab,2019-04-01
C008976,35,Male,Business Owner,70344.07,Mass Market,Lahore,Punjab,2016-05-20
C008977,37,Male,Student,55116.75,Mass Market,Sialkot,Punjab,2017-04-03
C008978,41,Male,Salaried,102331.53,Affluent,Turbat,Balochistan,2022-05-30
C008979,42,Female,Salaried,51246.12,Mass Market,Abbottabad,Khyber Pakhtunkhwa,2015-12-26
C008980,21,Female,Salaried,74800.96,Mass Affluent,Hyderabad,Sindh,2020-01-25
C008981,41,Male,Salaried,40369.05,Mass Market,Sukkur,Sindh,2022-01-30
C008982,35,Male,Business Owner,190377.81,Mass Affluent,Sukkur,Sindh,2019-02-12
C008983,28,Female,Self-Employed,31580.21,Mass Market,Hyderabad,Sindh,2020-06-09
C008984,35,Female,Self-Employed,67113.5,Mass Market,Mardan,Khyber Pakhtunkhwa,2016-08-21
C008985,52,Female,Self-Employed,107210.13,Mass Affluent,Hyderabad,Sindh,2022-05-23
C008986,48,Male,Self-Employed,45985.73,Mass Market,Abbottabad,Khyber Pakhtunkhwa,2019-11-09
C008987,40,Male,Business Owner,41355.34,Mass Market,Faisalabad,Punjab,2017-04-08
C008988,29,Female,Salaried,67745.86,Mass Market,Islamabad,Islamabad Capital,2021-08-24
C008989,24,Female,Salaried,70698.93,Mass Market,Rawalpindi,Punjab,2022-05-05
C008990,29,Female,Student,28910.12,Mass Market,Multan,Punjab,2018-05-27
C008991,39,Male,Salaried,201287.38,Mass Affluent,Turbat,Balochistan,2021-06-08
C008992,39,Male,Salaried,82827.0,Mass Affluent,Gujranwala,Punjab,2023-07-29
C008993,32,Male,Salaried,150687.16,Mass Affluent,Rawalpindi,Punjab,2022-03-18
C008994,49,Female,Self-Employed,82993.88,Mass Affluent,Gujranwala,Punjab,2016-07-10
C008995,43,Male,Salaried,50395.45,Mass Market,Rawalpindi,Punjab,2018-04-25
C008996,21,Male,Self-Employed,172232.44,Affluent,Quetta,Balochistan,2015-03-12
C008997,40,Female,Salaried,49078.6,Mass Market,Mardan,Khyber Pakhtunkhwa,2022-05-26
C008998,47,Female,Student,25751.77,Mass Market,Karachi,Sindh,2019-07-25
C008999,41,Male,Self-Employed,83998.03,Mass Affluent,Islamabad,Islamabad Capital,2016-08-11
C009000,45,Male,Business Owner,146499.52,Mass Affluent,Sukkur,Sindh,2016-07-15
C009001,36,Female,Business Owner,71065.98,Mass Market,Turbat,Balochistan,2015-02-19
C009002,38,Male,Business Owner,1500000.0,Premium,Lahore,Punjab,2020-10-10
C009003,39,Female,Salaried,398494.63,Affluent,Karachi,Sindh,2017-10-20
C009004,41,Female,Salaried,93820.59,Mass Market,Gujranwala,Punjab,2018-11-25
C009005,33,Male,Student,29922.49,Mass Affluent,Lahore,Punjab,2017-01-25
C009006,51,Male,Student,56392.07,Mass Affluent,Larkana,Sindh,2018-09-12
C009007,55,Female,Student,40013.09,Affluent,Gujranwala,Punjab,2018-08-09
C009008,33,Female,Unemployed,14138.74,Mass Affluent,Hyderabad,Sindh,2019-02-03
C009009,26,Male,Self-Employed,153638.5,Mass Market,Hyderabad,Sindh,2018-07-30
C009010,24,Male,Self-Employed,100110.13,Mass Affluent,Faisalabad,Punjab,2016-02-02
C009011,43,Female,Business Owner,48018.19,Mass Market,Sukkur,Sindh,2022-09-26
C009012,45,Male,Salaried,159846.52,Mass Affluent,Sukkur,Sindh,2017-06-21
C009013,44,Female,Business Owner,120616.25,Mass Affluent,Quetta,Balochistan,2015-01-03
C009014,44,Male,Business Owner,121777.96,Mass Affluent,Rawalpindi,Punjab,2019-01-11
C009015,33,Male,Self-Employed,76371.24,Mass Market,Islamabad,Islamabad Capital,2017-09-30
C009016,21,Male,Salaried,168383.04,Mass Market,Swat,Khyber Pakhtunkhwa,2021-11-16
C009017,34,Female,Self-Employed,213422.19,Mass Affluent,Larkana,Sindh,2018-04-01
C009018,57,Male,Retired,104060.66,Mass Market,Sialkot,Punjab,2022-12-16
C009019,42,Female,Salaried,29772.15,Mass Market,Peshawar,Khyber Pakhtunkhwa,2017-09-06
C009020,44,Female,Salaried,90266.06,Mass Market,Swat,Khyber Pakhtunkhwa,2017-06-10
C009021,49,Male,Business Owner,195163.86,Affluent,Multan,Punjab,2015-10-23
C009022,30,Female,Student,31260.35,Mass Market,Islamabad,Islamabad Capital,2016-05-31
C009023,41,Female,Self-Employed,217743.67,Mass Affluent,Quetta,Balochistan,2017-09-28
C009024,45,Male,Self-Employed,75474.45,Mass Market,Sukkur,Sindh,2018-04-16
C009025,29,Female,Salaried,211133.4,Affluent,Swat,Khyber Pakhtunkhwa,2017-04-29
C009026,43,Female,Salaried,49923.59,Mass Market,Sukkur,Sindh,2018-04-25
C009027,53,Male,Student,12835.63,Mass Market,Swat,Khyber Pakhtunkhwa,2015-07-30
C009028,35,Female,Salaried,80160.54,Mass Market,Swat,Khyber Pakhtunkhwa,2019-01-29
C009029,21,Female,Salaried,69952.88,Mass Market,Multan,Punjab,2015-10-10
C009030,41,Female,Salaried,480295.67,Affluent,Gujranwala,Punjab,2020-07-04
C009031,32,Female,Salaried,239761.82,Mass Affluent,Gujranwala,Punjab,2017-02-14
C009032,41,Female,Salaried,94282.78,Mass Affluent,Turbat,Balochistan,2018-10-21
C009033,30,Female,Business Owner,155727.72,Mass Affluent,Faisalabad,Punjab,2019-05-11
C009034,40,Female,Salaried,333867.21,Affluent,Gwadar,Balochistan,2017-04-14
C009035,52,Male,Self-Employed,602834.48,Premium,Hyderabad,Sindh,2016-06-29
C009036,39,Female,Salaried,185936.46,Mass Affluent,Sialkot,Punjab,2015-09-24
C009037,21,Female,Student,58556.64,Mass Market,Turbat,Balochistan,2023-05-11
C009038,43,Female,Salaried,48231.51,Mass Market,Karachi,Sindh,2022-03-25
C009039,39,Female,Salaried,123165.62,Mass Affluent,Lahore,Punjab,2015-05-17
C009040,41,Male,Salaried,113844.15,Mass Affluent,Sialkot,Punjab,2021-08-25
C009041,50,Female,Unemployed,12251.16,Mass Affluent,Gujranwala,Punjab,2018-12-30
C009042,33,Male,Business Owner,58085.86,Mass Market,Gujranwala,Punjab,2022-09-12
C009043,36,Female,Self-Employed,79416.26,Mass Affluent,Lahore,Punjab,2018-06-01
C009044,28,Male,Salaried,71838.46,Mass Market,Larkana,Sindh,2016-09-13
C009045,41,Female,Salaried,102299.99,Mass Market,Multan,Punjab,2021-11-07
C009046,41,Male,Retired,76687.07,Affluent,Faisalabad,Punjab,2022-08-25
C009047,36,Male,Salaried,186266.23,Mass Affluent,Sialkot,Punjab,2015-03-28
C009048,47,Female,Business Owner,63648.12,Mass Market,Gujranwala,Punjab,2023-02-16
C009049,28,Male,Business Owner,40688.47,Mass Market,Islamabad,Islamabad Capital,2018-04-11
C009050,40,Male,Self-Employed,278723.21,Mass Affluent,Sialkot,Punjab,2022-08-09
C009051,46,Female,Salaried,23898.64,Mass Market,Gujranwala,Punjab,2020-06-01
C009052,33,Male,Salaried,60235.47,Mass Market,Hyderabad,Sindh,2015-05-06
C009053,24,Male,Salaried,97075.04,Mass Affluent,Turbat,Balochistan,2023-07-15
C009054,21,Female,Unemployed,32332.63,Mass Affluent,Peshawar,Khyber Pakhtunkhwa,2018-02-11
C009055,41,Female,Student,40129.12,Mass Market,Mardan,Khyber Pakhtunkhwa,2016-03-12
C009056,58,Male,Salaried,343303.75,Mass Affluent,Turbat,Balochistan,2023-09-15
C009057,32,Male,Student,12202.48,Mass Affluent,Larkana,Sindh,2018-02-17
C009058,44,Male,Salaried,44935.35,Mass Market,Islamabad,Islamabad Capital,2019-11-06
C009059,21,Female,Salaried,31325.81,Mass Market,Rawalpindi,Punjab,2019-06-08
C009060,43,Male,Salaried,91365.67,Mass Market,Abbottabad,Khyber Pakhtunkhwa,2021-12-03
C009061,27,Male,Student,41178.5,Mass Market,Peshawar,Khyber Pakhtunkhwa,2017-09-03
C009062,35,Female,Salaried,110831.07,Mass Affluent,Gwadar,Balochistan,2017-10-12
C009063,40,Female,Salaried,95681.53,Mass Market,Sukkur,Sindh,2023-06-23
C009064,21,Female,Salaried,932650.51,Premium,Swat,Khyber Pakhtunkhwa,2019-01-09
C009065,72,Female,Salaried,47592.89,Mass Market,Sialkot,Punjab,2016-07-17
C009066,32,Male,Salaried,109400.04,Mass Affluent,Sukkur,Sindh,2018-06-13
C009067,46,Male,Salaried,66701.57,Mass Affluent,Rawalpindi,Punjab,2018-09-02
C009068,55,Female,Business Owner,59527.6,Mass Affluent,Hyderabad,Sindh,2022-03-01
C009069,42,Male,Retired,115908.93,Affluent,Hyderabad,Sindh,2016-01-29
C009070,25,Male,Salaried,83636.53,Mass Market,Faisalabad,Punjab,2016-05-05
C009071,40,Female,Retired,131165.29,Mass Market,Rawalpindi,Punjab,2020-05-21
C009072,21,Female,Business Owner,300646.46,Affluent,Multan,Punjab,2019-02-20
C009073,35,Female,Student,20829.26,Affluent,Sukkur,Sindh,2015-07-08
C009074,57,Female,Salaried,1091864.51,Premium,Larkana,Sindh,2022-12-25
C009075,23,Male,Student,13764.28,Mass Market,Peshawar,Khyber Pakhtunkhwa,2015-02-04
C009076,30,Male,Self-Employed,50215.16,Mass Market,Rawalpindi,Punjab,2022-10-11
C009077,59,Male,Salaried,63778.18,Mass Market,Peshawar,Khyber Pakhtunkhwa,2020-08-05
C009078,37,Male,Business Owner,129979.63,Mass Affluent,Karachi,Sindh,2022-04-30
C009079,29,Female,Salaried,59953.3,Mass Market,Lahore,Punjab,2022-11-11
C009080,43,Male,Business Owner,49255.93,Mass Market,Rawalpindi,Punjab,2015-12-14
C009081,34,Male,Self-Employed,159665.23,Mass Affluent,Sukkur,Sindh,2020-05-28
C009082,21,Female,Salaried,37807.05,Mass Market,Rawalpindi,Punjab,2020-03-21
C009083,24,Male,Salaried,123077.27,Mass Affluent,Gujranwala,Punjab,2018-11-10
C009084,62,Male,Student,57330.24,Mass Market,Lahore,Punjab,2017-11-25
C009085,43,Female,Salaried,246762.95,Affluent,Multan,Punjab,2020-10-01
C009086,55,Male,Student,44660.59,Mass Market,Multan,Punjab,2023-09-27
C009087,28,Female,Business Owner,141094.49,Mass Affluent,Multan,Punjab,2023-11-24
C009088,38,Male,Salaried,66581.22,Mass Affluent,Abbottabad,Khyber Pakhtunkhwa,2020-03-13
C009089,37,Female,Self-Employed,31841.5,Mass Market,Hyderabad,Sindh,2019-04-26
C009090,33,Male,Unemployed,24833.64,Mass Market,Faisalabad,Punjab,2023-02-09
C009091,41,Male,Retired,115631.35,Affluent,Larkana,Sindh,2016-07-27
C009092,27,Male,Salaried,105560.7,Mass Affluent,Larkana,Sindh,2016-08-14
C009093,52,Male,Salaried,74482.73,Mass Market,Gujranwala,Punjab,2017-03-26
C009094,44,Female,Salaried,89279.86,Mass Affluent,Sialkot,Punjab,2022-06-10
C009095,37,Male,Business Owner,23982.23,Mass Market,Rawalpindi,Punjab,2016-11-03
C009096,40,Male,Salaried,112619.57,Mass Market,Sukkur,Sindh,2018-09-24
C009097,36,Male,Salaried,95019.78,Mass Market,Karachi,Sindh,2016-06-21
C009098,21,Male,Salaried,94563.25,Mass Market,Lahore,Punjab,2019-05-15
C009099,28,Male,Unemployed,13811.97,Mass Market,Sukkur,Sindh,2018-11-10
C009100,37,Female,Salaried,58260.56,Mass Market,Islamabad,Islamabad Capital,2022-05-27
C009101,35,Female,Business Owner,37052.86,Mass Market,Faisalabad,Punjab,2015-08-28
C009102,46,Male,Salaried,58648.38,Mass Market,Sukkur,Sindh,2016-10-16
C009103,45,Male,Self-Employed,113896.52,Mass Affluent,Larkana,Sindh,2021-08-07
C009104,33,Male,Self-Employed,86303.76,Mass Affluent,Abbottabad,Khyber Pakhtunkhwa,2016-06-19
C009105,28,Male,Retired,144799.76,Mass Market,Swat,Khyber Pakhtunkhwa,2018-07-24
C009106,47,Male,Business Owner,54381.4,Mass Market,Mardan,Khyber Pakhtunkhwa,2015-06-19
C009107,41,Male,Salaried,250174.97,Mass Affluent,Rawalpindi,Punjab,2020-08-15
C009108,32,Male,Salaried,134307.35,Mass Affluent,Karachi,Sindh,2019-11-09
C009109,26,Female,Salaried,106334.44,Affluent,Swat,Khyber Pakhtunkhwa,2019-09-10
C009110,32,Male,Salaried,30136.48,Mass Market,Multan,Punjab,2021-04-14
C009111,43,Male,Unemployed,32207.04,Mass Market,Islamabad,Islamabad Capital,2017-12-10
C009112,58,Female,Salaried,52347.83,Mass Market,Rawalpindi,Punjab,2023-05-09
C009113,37,Male,Student,54093.71,Mass Affluent,Sukkur,Sindh,2023-08-09
C009114,30,Female,Salaried,60222.24,Mass Market,Larkana,Sindh,2021-11-30
C009115,63,Male,Student,38722.0,Mass Market,Karachi,Sindh,2023-03-02
C009116,35,Male,Student,50438.63,Mass Market,Swat,Khyber Pakhtunkhwa,2020-07-25
C009117,30,Female,Self-Employed,215433.06,Mass Affluent,Lahore,Punjab,2023-04-21
C009118,35,Male,Salaried,96861.86,Mass Market,Karachi,Sindh,2019-07-29
C009119,34,Female,Student,27728.39,Mass Affluent,Hyderabad,Sindh,2022-02-13
C009120,53,Female,Student,18387.65,Mass Market,Abbottabad,Khyber Pakhtunkhwa,2019-02-09
C009121,21,Male,Salaried,52118.39,Mass Market,Hyderabad,Sindh,2021-08-03
C009122,46,Male,Retired,69227.58,Mass Market,Islamabad,Islamabad Capital,2018-12-07
C009123,39,Male,Student,55052.38,Premium,Gwadar,Balochistan,2018-01-13
C009124,33,Male,Salaried,65893.83,Mass Market,Faisalabad,Punjab,2022-04-01
C009125,35,Male,Salaried,66416.21,Mass Market,Abbottabad,Khyber Pakhtunkhwa,2016-05-03
C009126,36,Female,Salaried,336319.38,Affluent,Islamabad,Islamabad Capital,2018-03-17
C009127,40,Male,Salaried,47688.87,Mass Market,Gujranwala,Punjab,2023-05-25
C009128,34,Male,Student,45508.39,Mass Market,Larkana,Sindh,2017-10-30
C009129,38,Male,Student,33899.6,Mass Market,Multan,Punjab,2020-01-24
C009130,30,Male,Salaried,159713.98,Mass Affluent,Hyderabad,Sindh,2023-01-12
C009131,63,Male,Self-Employed,54105.56,Mass Market,Multan,Punjab,2023-04-03
C009132,50,Female,Self-Employed,417328.7,Affluent,Swat,Khyber Pakhtunkhwa,2022-11-03
C009133,44,Male,Salaried,135240.1,Mass Affluent,Lahore,Punjab,2016-10-07
C009134,34,Male,Business Owner,125862.4,Mass Affluent,Karachi,Sindh,2021-08-17
C009135,48,Male,Self-Employed,94930.04,Mass Market,Sialkot,Punjab,2021-11-08
C009136,42,Female,Salaried,67548.35,Mass Affluent,Larkana,Sindh,2020-11-21
C009137,40,Female,Salaried,251736.55,Affluent,Sukkur,Sindh,2022-03-18
C009138,33,Female,Student,23290.17,Affluent,Sukkur,Sindh,2018-04-10
C009139,42,Female,Salaried,69159.74,Mass Market,Sialkot,Punjab,2021-12-11
C009140,58,Female,Salaried,146575.3,Mass Affluent,Lahore,Punjab,2021-11-23
C009141,40,Female,Unemployed,30127.65,Mass Affluent,Sukkur,Sindh,2022-08-16
C009142,36,Male,Student,40459.35,Affluent,Islamabad,Islamabad Capital,2022-01-25
C009143,40,Female,Business Owner,59454.58,Mass Market,Rawalpindi,Punjab,2020-03-07
C009144,39,Female,Salaried,146997.34,Mass Affluent,Larkana,Sindh,2019-07-18
C009145,33,Male,Self-Employed,121477.54,Mass Affluent,Lahore,Punjab,2020-04-20
C009146,31,Female,Self-Employed,426519.22,Affluent,Peshawar,Khyber Pakhtunkhwa,2018-06-28
C009147,48,Female,Salaried,164038.31,Mass Affluent,Gujranwala,Punjab,2023-10-19
C009148,52,Male,Salaried,282032.36,Affluent,Hyderabad,Sindh,2016-01-25
C009149,64,Male,Salaried,24602.72,Mass Market,Sialkot,Punjab,2023-05-29
C009150,44,Female,Self-Employed,55223.43,Mass Market,Rawalpindi,Punjab,2020-03-17
C009151,40,Male,Retired,91365.03,Mass Market,Multan,Punjab,2017-07-04
C009152,49,Male,Business Owner,116906.87,Mass Affluent,Faisalabad,Punjab,2019-09-08
C009153,29,Male,Salaried,67328.35,Mass Market,Sukkur,Sindh,2016-01-23
C009154,46,Female,Salaried,119366.11,Mass Affluent,Islamabad,Islamabad Capital,2020-09-24
C009155,50,Male,Self-Employed,682729.73,Premium,Larkana,Sindh,2023-10-23
C009156,50,Male,Salaried,476836.1,Affluent,Gwadar,Balochistan,2015-02-14
C009157,57,Female,Salaried,175299.78,Mass Affluent,Karachi,Sindh,2019-06-22
C009158,32,Male,Retired,117225.47,Mass Affluent,Sialkot,Punjab,2020-08-14
C009159,34,Female,Retired,55351.66,Mass Market,Sialkot,Punjab,2020-05-26
C009160,37,Female,Retired,88873.65,Mass Market,Faisalabad,Punjab,2022-05-26
C009161,27,Female,Salaried,202617.24,Mass Affluent,Faisalabad,Punjab,2021-05-23
C009162,45,Female,Student,26803.5,Mass Affluent,Swat,Khyber Pakhtunkhwa,2020-04-19
C009163,46,Female,Business Owner,55402.11,Mass Market,Sukkur,Sindh,2023-06-26
C009164,45,Male,Self-Employed,147845.46,Mass Market,Karachi,Sindh,2019-01-24
C009165,41,Male,Salaried,117384.15,Mass Affluent,Hyderabad,Sindh,2017-02-01
C009166,50,Male,Salaried,156674.5,Mass Market,Lahore,Punjab,2023-12-16
C009167,45,Male,Salaried,204756.47,Affluent,Hyderabad,Sindh,2021-09-14
C009168,32,Male,Student,21868.83,Mass Market,Rawalpindi,Punjab,2020-07-10
C009169,21,Male,Self-Employed,214362.35,Affluent,Sialkot,Punjab,2018-02-05
C009170,35,Male,Unemployed,20312.91,Mass Market,Sialkot,Punjab,2022-03-07
C009171,39,Male,Self-Employed,68363.38,Mass Affluent,Lahore,Punjab,2015-10-15
C009172,40,Female,Salaried,119517.45,Mass Affluent,Larkana,Sindh,2016-12-30
C009173,37,Male,Salaried,63395.52,Mass Market,Multan,Punjab,2023-02-07
C009174,33,Female,Salaried,45694.06,Mass Market,Sialkot,Punjab,2016-09-29
C009175,30,Male,Retired,125368.47,Affluent,Turbat,Balochistan,2015-04-01
C009176,28,Male,Salaried,103944.09,Mass Market,Islamabad,Islamabad Capital,2018-02-11
C009177,44,Male,Salaried,188066.76,Mass Affluent,Hyderabad,Sindh,2023-05-06
C009178,51,Male,Self-Employed,54382.78,Mass Market,Hyderabad,Sindh,2015-01-08
C009179,25,Male,Business Owner,153068.74,Mass Affluent,Peshawar,Khyber Pakhtunkhwa,2016-02-26
C009180,38,Male,Self-Employed,32217.3,Mass Market,Sialkot,Punjab,2019-11-07
C009181,48,Male,Salaried,144025.83,Mass Affluent,Lahore,Punjab,2023-09-02
C009182,37,Female,Business Owner,126953.25,Mass Affluent,Gujranwala,Punjab,2019-01-26
C009183,47,Male,Salaried,52047.75,Mass Market,Faisalabad,Punjab,2021-07-23
C009184,51,Male,Self-Employed,60752.75,Mass Market,Islamabad,Islamabad Capital,2015-01-27
C009185,43,Female,Self-Employed,266621.41,Affluent,Abbottabad,Khyber Pakhtunkhwa,2017-09-09
C009186,34,Male,Salaried,78913.44,Mass Affluent,Islamabad,Islamabad Capital,2019-08-12
C009187,53,Female,Salaried,1183303.56,Premium,Swat,Khyber Pakhtunkhwa,2016-12-17
C009188,36,Male,Salaried,186577.2,Mass Affluent,Hyderabad,Sindh,2016-09-23
C009189,36,Female,Salaried,112187.55,Mass Affluent,Peshawar,Khyber Pakhtunkhwa,2020-11-10
C009190,45,Male,Self-Employed,66587.63,Mass Affluent,Larkana,Sindh,2017-03-12
C009191,36,Female,Salaried,110101.58,Affluent,Larkana,Sindh,2015-11-17
C009192,37,Male,Salaried,278473.22,Mass Affluent,Faisalabad,Punjab,2016-11-13
C009193,35,Female,Business Owner,56168.34,Mass Market,Hyderabad,Sindh,2021-05-24
C009194,37,Male,Business Owner,374174.74,Affluent,Multan,Punjab,2020-05-22
C009195,41,Male,Student,17466.61,Affluent,Karachi,Sindh,2022-05-25
C009196,21,Male,Student,25223.1,Mass Market,Gujranwala,Punjab,2015-05-19
C009197,38,Male,Salaried,54431.23,Mass Market,Karachi,Sindh,2019-07-31
C009198,21,Male,Salaried,142492.56,Mass Affluent,Rawalpindi,Punjab,2023-06-15
C009199,35,Female,Self-Employed,134516.18,Mass Affluent,Lahore,Punjab,2022-06-05
C009200,43,Female,Business Owner,42261.8,Mass Market,Sukkur,Sindh,2020-06-21
C009201,35,Male,Salaried,91205.34,Mass Affluent,Multan,Punjab,2021-01-25
C009202,47,Female,Unemployed,27721.93,Mass Affluent,Islamabad,Islamabad Capital,2015-09-29
C009203,43,Female,Self-Employed,30805.89,Mass Market,Hyderabad,Sindh,2020-03-16
C009204,21,Female,Salaried,95084.46,Mass Affluent,Sialkot,Punjab,2015-11-20
C009205,52,Female,Business Owner,56586.59,Mass Market,Lahore,Punjab,2018-11-03
C009206,42,Female,Salaried,151197.1,Mass Affluent,Swat,Khyber Pakhtunkhwa,2017-11-13
C009207,33,Female,Retired,75121.04,Mass Market,Larkana,Sindh,2020-11-13
C009208,34,Male,Salaried,108470.46,Mass Affluent,Lahore,Punjab,2022-01-07
C009209,21,Female,Business Owner,60829.09,Mass Market,Faisalabad,Punjab,2023-10-07
C009210,41,Male,Self-Employed,137715.7,Affluent,Mardan,Khyber Pakhtunkhwa,2023-09-19
C009211,46,Male,Salaried,147638.04,Mass Affluent,Islamabad,Islamabad Capital,2016-01-23
C009212,32,Male,Business Owner,42469.61,Mass Market,Gujranwala,Punjab,2015-05-05
C009213,29,Male,Salaried,555918.89,Premium,Faisalabad,Punjab,2016-07-08
C009214,41,Male,Salaried,71893.05,Mass Market,Rawalpindi,Punjab,2022-04-01
C009215,52,Female,Salaried,158262.36,Mass Affluent,Rawalpindi,Punjab,2020-12-18
C009216,51,Female,Business Owner,161154.81,Affluent,Mardan,Khyber Pakhtunkhwa,2020-06-18
C009217,48,Female,Student,51728.42,Affluent,Islamabad,Islamabad Capital,2023-11-10
C009218,61,Male,Salaried,128093.72,Mass Affluent,Islamabad,Islamabad Capital,2019-04-04
C009219,49,Male,Business Owner,1011590.95,Premium,Mardan,Khyber Pakhtunkhwa,2019-06-30
C009220,52,Female,Student,49403.6,Mass Market,Faisalabad,Punjab,2021-04-29
C009221,40,Male,Salaried,110462.3,Mass Market,Islamabad,Islamabad Capital,2018-07-25
C009222,35,Female,Unemployed,33083.0,Mass Market,Rawalpindi,Punjab,2016-08-01
C009223,51,Female,Salaried,69910.3,Mass Market,Gujranwala,Punjab,2023-08-22
C009224,28,Male,Student,25559.9,Mass Affluent,Karachi,Sindh,2023-09-27
C009225,44,Male,Self-Employed,98385.73,Mass Market,Faisalabad,Punjab,2017-07-05
C009226,32,Female,Retired,27652.36,Mass Affluent,Swat,Khyber Pakhtunkhwa,2016-03-04
C009227,43,Male,Salaried,87008.34,Mass Market,Islamabad,Islamabad Capital,2017-12-16
C009228,42,Male,Salaried,51059.77,Mass Market,Mardan,Khyber Pakhtunkhwa,2018-06-28
C009229,41,Male,Student,27067.45,Mass Affluent,Mardan,Khyber Pakhtunkhwa,2018-10-18
C009230,39,Female,Business Owner,48642.19,Mass Market,Lahore,Punjab,2023-10-13
C009231,45,Female,Self-Employed,130682.02,Mass Affluent,Multan,Punjab,2019-09-03
C009232,47,Male,Self-Employed,125523.78,Mass Affluent,Mardan,Khyber Pakhtunkhwa,2022-03-07
C009233,24,Female,Business Owner,60834.93,Mass Affluent,Sukkur,Sindh,2015-06-27
C009234,39,Female,Salaried,205856.11,Affluent,Quetta,Balochistan,2016-06-22
C009235,34,Female,Salaried,663624.31,Affluent,Faisalabad,Punjab,2018-08-15
C009236,41,Male,Salaried,58055.63,Mass Market,Faisalabad,Punjab,2015-10-07
C009237,34,Male,Salaried,138161.17,Mass Affluent,Faisalabad,Punjab,2020-03-29
C009238,53,Female,Student,40845.92,Mass Market,Larkana,Sindh,2017-02-13
C009239,38,Male,Salaried,51333.6,Mass Market,Peshawar,Khyber Pakhtunkhwa,2016-02-11
C009240,50,Female,Salaried,131795.99,Mass Affluent,Islamabad,Islamabad Capital,2016-01-22
C009241,29,Female,Salaried,111371.43,Mass Affluent,Gujranwala,Punjab,2019-02-24
C009242,36,Male,Student,16869.48,Affluent,Larkana,Sindh,2017-12-05
C009243,32,Male,Salaried,175265.32,Mass Affluent,Rawalpindi,Punjab,2017-10-06
C009244,43,Male,Salaried,239948.64,Mass Affluent,Multan,Punjab,2017-10-10
C009245,26,Female,Business Owner,83525.07,Mass Affluent,Lahore,Punjab,2016-01-02
C009246,21,Male,Salaried,51288.26,Mass Market,Sukkur,Sindh,2016-01-24
C009247,32,Female,Business Owner,106094.18,Mass Market,Hyderabad,Sindh,2023-03-30
C009248,45,Female,Salaried,96969.96,Mass Affluent,Gujranwala,Punjab,2015-12-11
C009249,30,Female,Business Owner,150636.09,Mass Affluent,Larkana,Sindh,2018-03-22
C009250,42,Male,Salaried,310621.29,Mass Market,Swat,Khyber Pakhtunkhwa,2016-11-08
C009251,32,Female,Salaried,76294.98,Mass Market,Lahore,Punjab,2019-06-08
C009252,21,Female,Salaried,61589.92,Mass Market,Rawalpindi,Punjab,2021-09-09
C009253,48,Female,Self-Employed,181741.33,Mass Affluent,Sukkur,Sindh,2019-09-21
C009254,46,Female,Student,51531.95,Mass Market,Swat,Khyber Pakhtunkhwa,2021-12-06
C009255,39,Male,Salaried,46650.55,Mass Market,Abbottabad,Khyber Pakhtunkhwa,2016-06-29
C009256,39,Male,Self-Employed,31015.78,Mass Market,Lahore,Punjab,2020-08-11
C009257,37,Male,Salaried,75191.01,Mass Market,Karachi,Sindh,2020-02-05
C009258,28,Female,Business Owner,79599.7,Mass Market,Quetta,Balochistan,2015-02-27
C009259,53,Female,Retired,148324.57,Affluent,Lahore,Punjab,2017-03-18
C009260,38,Male,Salaried,112114.32,Mass Market,Sialkot,Punjab,2019-09-04
C009261,43,Male,Salaried,103891.2,Mass Market,Islamabad,Islamabad Capital,2020-06-11
C009262,34,Female,Business Owner,174487.17,Mass Affluent,Sialkot,Punjab,2016-11-04
C009263,44,Male,Student,47402.91,Mass Affluent,Karachi,Sindh,2016-01-21
C009264,52,Male,Self-Employed,27107.02,Mass Market,Swat,Khyber Pakhtunkhwa,2016-04-12
C009265,41,Female,Salaried,56153.54,Mass Market,Multan,Punjab,2022-02-15
C009266,43,Male,Business Owner,139356.71,Affluent,Mardan,Khyber Pakhtunkhwa,2015-11-09
C009267,49,Female,Salaried,114330.64,Affluent,Hyderabad,Sindh,2022-10-08
C009268,47,Female,Unemployed,23340.66,Mass Market,Abbottabad,Khyber Pakhtunkhwa,2016-05-19
C009269,50,Male,Student,50266.48,Mass Affluent,Gwadar,Balochistan,2023-10-27
C009270,43,Female,Student,25084.64,Mass Market,Turbat,Balochistan,2020-09-09
C009271,43,Female,Student,57797.28,Mass Market,Sialkot,Punjab,2023-01-21
C009272,42,Female,Retired,70826.15,Mass Market,Mardan,Khyber Pakhtunkhwa,2019-01-24
C009273,49,Female,Salaried,116328.8,Mass Affluent,Quetta,Balochistan,2020-12-22
C009274,34,Female,Retired,111236.7,Mass Market,Hyderabad,Sindh,2018-02-12
C009275,45,Male,Salaried,99498.11,Mass Market,Karachi,Sindh,2016-04-20
C009276,64,Female,Salaried,35909.66,Mass Market,Rawalpindi,Punjab,2021-08-15
C009277,43,Female,Salaried,28606.94,Mass Market,Peshawar,Khyber Pakhtunkhwa,2015-10-14
C009278,26,Male,Salaried,35589.64,Mass Market,Sialkot,Punjab,2018-10-17
C009279,36,Female,Salaried,156091.83,Mass Affluent,Sialkot,Punjab,2015-09-17
C009280,46,Male,Self-Employed,117448.16,Mass Affluent,Gwadar,Balochistan,2019-08-24
C009281,32,Female,Salaried,44775.04,Mass Market,Islamabad,Islamabad Capital,2022-07-23
C009282,28,Male,Salaried,73321.31,Mass Market,Islamabad,Islamabad Capital,2016-08-11
C009283,24,Male,Salaried,147515.48,Mass Affluent,Larkana,Sindh,2021-11-18
C009284,37,Female,Business Owner,24967.19,Mass Market,Gujranwala,Punjab,2017-10-13
C009285,57,Male,Self-Employed,73040.95,Mass Market,Hyderabad,Sindh,2017-01-01
C009286,33,Male,Business Owner,438630.84,Affluent,Gujranwala,Punjab,2023-02-09
C009287,49,Male,Business Owner,124055.04,Mass Affluent,Gwadar,Balochistan,2020-03-12
C009288,36,Male,Self-Employed,54876.05,Mass Market,Hyderabad,Sindh,2015-11-14
C009289,35,Male,Salaried,123225.62,Mass Market,Gujranwala,Punjab,2016-05-07
C009290,45,Male,Self-Employed,45815.08,Mass Market,Sialkot,Punjab,2023-09-29
C009291,22,Female,Salaried,56339.37,Mass Market,Sialkot,Punjab,2018-11-11
C009292,57,Male,Salaried,317526.72,Affluent,Swat,Khyber Pakhtunkhwa,2017-04-05
C009293,45,Female,Student,12907.98,Mass Affluent,Sukkur,Sindh,2022-11-15
C009294,51,Male,Salaried,54102.29,Mass Market,Gujranwala,Punjab,2022-08-17
C009295,36,Male,Unemployed,31336.6,Mass Market,Sialkot,Punjab,2017-03-22
C009296,44,Male,Salaried,108912.42,Mass Market,Rawalpindi,Punjab,2021-11-19
C009297,49,Male,Business Owner,81553.11,Mass Market,Lahore,Punjab,2017-06-16
C009298,38,Male,Salaried,126360.85,Mass Affluent,Quetta,Balochistan,2022-03-20
C009299,29,Female,Retired,62003.55,Mass Market,Hyderabad,Sindh,2017-09-08
C009300,29,Male,Student,16902.02,Affluent,Lahore,Punjab,2020-08-27
C009301,34,Male,Salaried,186534.64,Mass Affluent,Swat,Khyber Pakhtunkhwa,2023-09-19
C009302,41,Female,Salaried,152830.15,Affluent,Rawalpindi,Punjab,2016-12-01
C009303,37,Male,Self-Employed,697848.27,Affluent,Lahore,Punjab,2016-12-08
C009304,34,Male,Salaried,276638.45,Affluent,Hyderabad,Sindh,2016-12-24
C009305,46,Male,Salaried,370148.16,Premium,Faisalabad,Punjab,2019-05-07
C009306,34,Female,Unemployed,24041.07,Mass Market,Sukkur,Sindh,2023-05-26
C009307,32,Male,Self-Employed,44259.78,Mass Market,Swat,Khyber Pakhtunkhwa,2022-07-31
C009308,49,Male,Salaried,51168.78,Mass Market,Gwadar,Balochistan,2019-12-24
C009309,45,Male,Salaried,73217.99,Mass Affluent,Multan,Punjab,2019-04-05
C009310,26,Female,Salaried,118731.59,Mass Affluent,Sukkur,Sindh,2021-01-12
C009311,24,Male,Business Owner,26782.33,Mass Market,Lahore,Punjab,2022-07-15
C009312,27,Male,Salaried,222926.14,Affluent,Karachi,Sindh,2019-10-10
C009313,39,Female,Salaried,94931.71,Mass Affluent,Faisalabad,Punjab,2019-09-15
C009314,52,Female,Salaried,107410.02,Mass Affluent,Hyderabad,Sindh,2018-01-30
C009315,55,Female,Unemployed,11916.61,Mass Market,Faisalabad,Punjab,2023-04-20
C009316,47,Male,Salaried,60779.4,Mass Market,Islamabad,Islamabad Capital,2021-05-04
C009317,60,Female,Business Owner,84081.5,Mass Market,Quetta,Balochistan,2020-08-22
C009318,41,Male,Salaried,68811.93,Mass Market,Lahore,Punjab,2022-09-25
C009319,51,Male,Business Owner,212991.87,Mass Affluent,Abbottabad,Khyber Pakhtunkhwa,2020-09-09
C009320,33,Male,Salaried,49645.29,Mass Market,Rawalpindi,Punjab,2017-02-07
C009321,22,Male,Student,20883.0,Mass Market,Mardan,Khyber Pakhtunkhwa,2021-03-31
C009322,36,Male,Retired,136892.03,Mass Market,Rawalpindi,Punjab,2016-06-18
C009323,38,Female,Salaried,201373.64,Mass Affluent,Gujranwala,Punjab,2016-07-12
C009324,67,Male,Salaried,45457.39,Mass Market,Larkana,Sindh,2015-08-05
C009325,39,Male,Unemployed,10347.68,Premium,Hyderabad,Sindh,2016-03-18
C009326,28,Female,Salaried,43317.94,Mass Market,Sukkur,Sindh,2023-02-15
C009327,50,Male,Student,41999.79,Affluent,Karachi,Sindh,2015-04-29
C009328,31,Male,Student,14893.82,Mass Market,Lahore,Punjab,2021-03-08
C009329,41,Female,Salaried,71275.35,Mass Market,Lahore,Punjab,2023-01-09
C009330,49,Female,Salaried,413512.91,Premium,Hyderabad,Sindh,2021-05-24
C009331,29,Female,Salaried,90688.09,Mass Affluent,Hyderabad,Sindh,2017-03-29
C009332,56,Male,Self-Employed,101738.96,Mass Affluent,Lahore,Punjab,2015-06-28
C009333,51,Male,Salaried,132415.26,Mass Affluent,Faisalabad,Punjab,2019-02-14
C009334,43,Male,Business Owner,42037.84,Mass Market,Larkana,Sindh,2018-08-02
C009335,58,Male,Self-Employed,143716.66,Mass Affluent,Larkana,Sindh,2021-09-30
C009336,35,Female,Business Owner,52371.8,Mass Market,Mardan,Khyber Pakhtunkhwa,2015-07-08
C009337,48,Male,Salaried,166924.0,Mass Affluent,Multan,Punjab,2022-01-21
C009338,42,Male,Salaried,286777.72,Affluent,Sukkur,Sindh,2021-03-13
C009339,32,Male,Salaried,544899.14,Affluent,Hyderabad,Sindh,2017-11-18
C009340,32,Male,Salaried,136124.52,Mass Affluent,Multan,Punjab,2018-01-30
C009341,61,Male,Salaried,81822.02,Mass Affluent,Sialkot,Punjab,2021-03-18
C009342,51,Male,Retired,114756.23,Mass Affluent,Rawalpindi,Punjab,2023-10-28
C009343,49,Male,Salaried,60483.94,Mass Market,Abbottabad,Khyber Pakhtunkhwa,2018-02-27
C009344,32,Male,Salaried,198242.98,Affluent,Faisalabad,Punjab,2021-06-26
C009345,47,Female,Business Owner,231373.2,Mass Affluent,Sukkur,Sindh,2020-05-16
C009346,35,Male,Business Owner,53333.69,Mass Market,Karachi,Sindh,2016-04-13
C009347,58,Female,Salaried,101754.23,Mass Affluent,Multan,Punjab,2022-06-19
C009348,52,Male,Salaried,64285.25,Mass Market,Peshawar,Khyber Pakhtunkhwa,2016-08-21
C009349,49,Male,Salaried,92127.7,Mass Affluent,Hyderabad,Sindh,2015-10-20
C009350,48,Female,Salaried,187681.47,Mass Affluent,Lahore,Punjab,2016-02-05
C009351,38,Male,Salaried,80252.55,Mass Market,Swat,Khyber Pakhtunkhwa,2018-07-07
C009352,44,Female,Salaried,63053.39,Mass Market,Karachi,Sindh,2017-03-30
C009353,56,Male,Self-Employed,162767.79,Mass Affluent,Rawalpindi,Punjab,2019-01-20
C009354,44,Female,Student,58938.74,Mass Market,Mardan,Khyber Pakhtunkhwa,2023-09-27
C009355,30,Female,Salaried,353088.31,Premium,Hyderabad,Sindh,2015-09-01
C009356,53,Male,Salaried,53017.05,Mass Market,Rawalpindi,Punjab,2023-11-12
C009357,32,Male,Student,32617.43,Mass Market,Islamabad,Islamabad Capital,2017-11-08
C009358,39,Female,Self-Employed,27673.1,Mass Market,Sukkur,Sindh,2017-07-31
C009359,34,Female,Business Owner,86968.89,Mass Affluent,Karachi,Sindh,2015-09-23
C009360,21,Female,Student,58471.25,Mass Affluent,Faisalabad,Punjab,2017-03-13
C009361,41,Female,Self-Employed,187606.63,Affluent,Rawalpindi,Punjab,2023-10-17
C009362,63,Male,Business Owner,1037334.06,Premium,Sukkur,Sindh,2017-04-23
C009363,43,Female,Salaried,157917.26,Mass Affluent,Hyderabad,Sindh,2022-04-01
C009364,72,Female,Retired,105185.98,Mass Market,Sukkur,Sindh,2019-07-21
C009365,37,Female,Business Owner,72819.82,Mass Market,Peshawar,Khyber Pakhtunkhwa,2015-04-23
C009366,41,Male,Salaried,422560.93,Affluent,Lahore,Punjab,2019-05-02
C009367,38,Female,Self-Employed,60617.12,Mass Market,Karachi,Sindh,2015-10-15
C009368,40,Male,Salaried,498072.12,Affluent,Swat,Khyber Pakhtunkhwa,2019-01-13
C009369,43,Female,Self-Employed,175363.46,Affluent,Swat,Khyber Pakhtunkhwa,2019-04-29
C009370,56,Female,Salaried,126696.39,Mass Affluent,Peshawar,Khyber Pakhtunkhwa,2015-09-19
C009371,30,Male,Self-Employed,88065.22,Mass Affluent,Quetta,Balochistan,2020-06-04
C009372,39,Male,Salaried,448826.41,Affluent,Lahore,Punjab,2017-04-28
C009373,46,Male,Self-Employed,152483.42,Mass Affluent,Sukkur,Sindh,2022-03-02
C009374,53,Male,Self-Employed,204073.17,Mass Affluent,Islamabad,Islamabad Capital,2019-02-01
C009375,21,Male,Salaried,35199.33,Mass Market,Larkana,Sindh,2022-10-24
C009376,24,Male,Salaried,47723.22,Mass Market,Multan,Punjab,2016-12-09
C009377,39,Male,Salaried,30460.89,Mass Market,Islamabad,Islamabad Capital,2020-11-17
C009378,51,Male,Self-Employed,321203.5,Affluent,Rawalpindi,Punjab,2020-08-14
C009379,34,Female,Retired,99433.54,Mass Affluent,Sialkot,Punjab,2015-01-11
C009380,46,Female,Salaried,173236.46,Mass Affluent,Rawalpindi,Punjab,2016-05-20
C009381,61,Male,Self-Employed,60726.09,Mass Market,Hyderabad,Sindh,2017-08-08
C009382,39,Female,Retired,46395.98,Affluent,Multan,Punjab,2018-03-26
C009383,36,Male,Business Owner,31925.37,Mass Market,Hyderabad,Sindh,2022-12-10
C009384,44,Male,Salaried,134135.67,Mass Affluent,Turbat,Balochistan,2021-10-29
C009385,41,Male,Salaried,71616.03,Mass Market,Hyderabad,Sindh,2016-10-27
C009386,42,Female,Student,57713.22,Affluent,Larkana,Sindh,2020-04-28
C009387,37,Male,Salaried,125940.91,Mass Affluent,Gwadar,Balochistan,2015-06-03
C009388,36,Male,Salaried,40761.25,Mass Market,Swat,Khyber Pakhtunkhwa,2023-03-18
C009389,28,Female,Self-Employed,39348.71,Mass Market,Faisalabad,Punjab,2021-03-15
C009390,46,Female,Salaried,46779.24,Mass Market,Faisalabad,Punjab,2017-08-05
C009391,28,Female,Self-Employed,62883.37,Mass Market,Hyderabad,Sindh,2021-01-20
C009392,30,Male,Unemployed,39877.32,Mass Market,Mardan,Khyber Pakhtunkhwa,2015-02-03
C009393,26,Male,Unemployed,12875.0,Mass Market,Larkana,Sindh,2017-05-06
C009394,35,Male,Self-Employed,62695.21,Mass Market,Lahore,Punjab,2019-07-22
C009395,39,Male,Student,13374.62,Mass Market,Abbottabad,Khyber Pakhtunkhwa,2020-09-03
C009396,27,Female,Business Owner,91011.51,Mass Affluent,Karachi,Sindh,2016-12-28
C009397,36,Male,Retired,69881.6,Mass Market,Karachi,Sindh,2020-03-21
C009398,41,Male,Student,19652.61,Mass Market,Mardan,Khyber Pakhtunkhwa,2016-02-09
C009399,22,Male,Student,28135.34,Affluent,Swat,Khyber Pakhtunkhwa,2016-03-31
C009400,31,Female,Salaried,54606.14,Mass Market,Larkana,Sindh,2015-02-28
C009401,59,Male,Salaried,138433.49,Mass Affluent,Sukkur,Sindh,2021-11-16
C009402,31,Male,Salaried,274875.67,Affluent,Karachi,Sindh,2020-04-11
C009403,47,Male,Self-Employed,177508.45,Mass Affluent,Larkana,Sindh,2016-12-21
C009404,33,Female,Retired,144807.8,Mass Affluent,Sukkur,Sindh,2018-06-23
C009405,41,Female,Unemployed,39890.4,Mass Affluent,Hyderabad,Sindh,2022-01-26
C009406,30,Female,Student,33125.81,Affluent,Larkana,Sindh,2017-11-28
C009407,21,Female,Student,25239.88,Affluent,Karachi,Sindh,2017-05-28
C009408,34,Female,Self-Employed,76704.24,Mass Market,Gujranwala,Punjab,2018-06-07
C009409,44,Male,Salaried,92257.77,Mass Affluent,Karachi,Sindh,2016-12-14
C009410,46,Female,Self-Employed,683247.65,Affluent,Sukkur,Sindh,2021-11-12
C009411,41,Male,Salaried,373762.4,Mass Affluent,Multan,Punjab,2022-11-21
C009412,30,Female,Business Owner,55334.33,Mass Market,Multan,Punjab,2017-02-01
C009413,49,Male,Self-Employed,31869.33,Mass Market,Sialkot,Punjab,2023-04-14
C009414,31,Female,Salaried,76921.27,Mass Market,Islamabad,Islamabad Capital,2019-08-02
C009415,32,Male,Self-Employed,133204.37,Mass Market,Swat,Khyber Pakhtunkhwa,2020-11-25
C009416,28,Male,Self-Employed,78954.34,Mass Affluent,Larkana,Sindh,2023-12-11
C009417,34,Female,Business Owner,123421.39,Mass Market,Sialkot,Punjab,2023-03-17
C009418,36,Male,Student,39734.76,Mass Market,Mardan,Khyber Pakhtunkhwa,2015-06-14
C009419,42,Female,Salaried,34527.23,Mass Market,Hyderabad,Sindh,2016-01-08
C009420,24,Male,Business Owner,314881.31,Affluent,Islamabad,Islamabad Capital,2020-12-01
C009421,34,Female,Salaried,412047.6,Affluent,Multan,Punjab,2020-07-26
C009422,30,Male,Salaried,126758.98,Mass Affluent,Lahore,Punjab,2021-02-21
C009423,44,Female,Salaried,332144.13,Affluent,Hyderabad,Sindh,2016-07-10
C009424,42,Female,Business Owner,426011.55,Affluent,Faisalabad,Punjab,2018-10-21
C009425,28,Female,Retired,142187.15,Mass Market,Hyderabad,Sindh,2019-05-05
C009426,44,Male,Salaried,47364.39,Mass Market,Abbottabad,Khyber Pakhtunkhwa,2022-04-06
C009427,38,Male,Business Owner,93636.61,Mass Affluent,Lahore,Punjab,2020-10-25
C009428,48,Male,Student,49951.31,Mass Affluent,Larkana,Sindh,2021-01-15
C009429,32,Male,Retired,133469.14,Mass Market,Sukkur,Sindh,2018-01-27
C009430,45,Female,Salaried,781699.37,Premium,Abbottabad,Khyber Pakhtunkhwa,2021-05-29
C009431,49,Female,Salaried,46669.68,Mass Market,Larkana,Sindh,2015-10-13
C009432,40,Female,Salaried,356827.01,Affluent,Multan,Punjab,2016-03-01
C009433,62,Female,Retired,120138.93,Mass Affluent,Sukkur,Sindh,2018-11-05
C009434,44,Female,Salaried,65910.4,Mass Market,Hyderabad,Sindh,2019-12-04
C009435,58,Male,Self-Employed,292148.58,Affluent,Abbottabad,Khyber Pakhtunkhwa,2017-08-09
C009436,67,Male,Unemployed,26635.2,Mass Affluent,Hyderabad,Sindh,2016-07-03
C009437,21,Male,Salaried,174930.64,Mass Affluent,Rawalpindi,Punjab,2019-07-16
C009438,52,Male,Self-Employed,88222.06,Mass Affluent,Swat,Khyber Pakhtunkhwa,2015-09-19
C009439,45,Male,Unemployed,13235.78,Mass Market,Hyderabad,Sindh,2016-11-23
C009440,42,Male,Salaried,60472.69,Mass Market,Faisalabad,Punjab,2018-10-26
C009441,32,Male,Salaried,44414.01,Mass Market,Hyderabad,Sindh,2019-07-10
C009442,29,Male,Salaried,36308.56,Mass Market,Islamabad,Islamabad Capital,2015-11-21
C009443,27,Male,Self-Employed,122982.4,Mass Market,Hyderabad,Sindh,2022-03-31
C009444,63,Male,Salaried,126614.02,Mass Affluent,Sialkot,Punjab,2015-01-02
C009445,44,Female,Salaried,52428.84,Mass Market,Swat,Khyber Pakhtunkhwa,2019-07-01
C009446,24,Male,Salaried,84178.39,Mass Affluent,Multan,Punjab,2023-09-27
C009447,27,Female,Self-Employed,90743.16,Mass Market,Sukkur,Sindh,2023-01-26
C009448,21,Male,Student,51293.28,Mass Market,Hyderabad,Sindh,2022-11-21
C009449,52,Female,Self-Employed,382152.47,Affluent,Lahore,Punjab,2021-05-19
C009450,39,Male,Business Owner,610671.43,Premium,Faisalabad,Punjab,2016-09-02
C009451,45,Female,Retired,106371.21,Mass Affluent,Islamabad,Islamabad Capital,2020-09-07
C009452,39,Female,Business Owner,43872.7,Mass Market,Gujranwala,Punjab,2016-05-07
C009453,49,Male,Self-Employed,141207.15,Mass Affluent,Peshawar,Khyber Pakhtunkhwa,2023-10-19
C009454,35,Male,Salaried,58774.11,Mass Market,Karachi,Sindh,2018-02-01
C009455,42,Male,Salaried,143884.71,Mass Affluent,Karachi,Sindh,2015-05-31
C009456,42,Male,Salaried,140581.66,Affluent,Lahore,Punjab,2016-01-06
C009457,26,Female,Self-Employed,122098.26,Mass Market,Faisalabad,Punjab,2015-11-09
C009458,31,Male,Retired,121584.63,Affluent,Gujranwala,Punjab,2018-01-18
C009459,36,Male,Salaried,83975.22,Mass Affluent,Hyderabad,Sindh,2016-08-06
C009460,43,Male,Salaried,74719.57,Mass Market,Islamabad,Islamabad Capital,2021-05-06
C009461,54,Female,Student,47232.47,Mass Market,Quetta,Balochistan,2021-04-15
C009462,40,Male,Unemployed,17106.16,Mass Affluent,Lahore,Punjab,2017-02-25
C009463,38,Male,Business Owner,26048.71,Mass Market,Gujranwala,Punjab,2015-12-30
C009464,42,Male,Salaried,53695.12,Mass Market,Faisalabad,Punjab,2022-01-02
C009465,37,Male,Self-Employed,49848.89,Mass Market,Islamabad,Islamabad Capital,2015-06-17
C009466,39,Male,Salaried,970016.91,Premium,Lahore,Punjab,2023-04-21
C009467,56,Female,Self-Employed,113110.58,Mass Market,Rawalpindi,Punjab,2017-08-03
C009468,37,Female,Self-Employed,1188357.08,Premium,Hyderabad,Sindh,2015-05-05
C009469,42,Male,Business Owner,201879.86,Mass Affluent,Hyderabad,Sindh,2021-06-02
C009470,32,Male,Salaried,61908.86,Mass Market,Lahore,Punjab,2019-11-12
C009471,53,Male,Unemployed,18569.73,Mass Market,Hyderabad,Sindh,2022-11-28
C009472,29,Male,Salaried,150391.31,Mass Affluent,Lahore,Punjab,2015-09-09
C009473,38,Female,Salaried,38314.31,Mass Market,Gujranwala,Punjab,2018-09-25
C009474,50,Male,Student,53106.11,Mass Market,Faisalabad,Punjab,2019-12-17
C009475,29,Male,Salaried,77988.9,Mass Market,Multan,Punjab,2017-11-14
C009476,49,Male,Salaried,370428.55,Affluent,Islamabad,Islamabad Capital,2015-05-03
C009477,21,Male,Salaried,54629.57,Mass Affluent,Larkana,Sindh,2016-01-18
C009478,27,Male,Salaried,71263.85,Mass Market,Abbottabad,Khyber Pakhtunkhwa,2019-06-23
C009479,38,Female,Salaried,87925.36,Mass Market,Sialkot,Punjab,2019-11-11
C009480,66,Female,Business Owner,59653.46,Mass Market,Swat,Khyber Pakhtunkhwa,2018-11-04
C009481,41,Male,Salaried,107474.4,Mass Affluent,Islamabad,Islamabad Capital,2020-07-24
C009482,41,Male,Unemployed,23069.17,Mass Market,Faisalabad,Punjab,2023-08-13
C009483,52,Female,Business Owner,362409.6,Premium,Islamabad,Islamabad Capital,2015-08-08
C009484,27,Male,Student,20530.76,Affluent,Sukkur,Sindh,2016-08-20
C009485,21,Male,Student,42850.08,Mass Market,Abbottabad,Khyber Pakhtunkhwa,2019-07-27
C009486,58,Female,Business Owner,254742.98,Affluent,Multan,Punjab,2015-12-23
C009487,46,Female,Salaried,232415.23,Mass Affluent,Karachi,Sindh,2018-08-03
C009488,34,Male,Retired,62289.65,Mass Affluent,Hyderabad,Sindh,2015-08-29
C009489,40,Female,Salaried,52613.77,Mass Market,Islamabad,Islamabad Capital,2015-06-11
C009490,51,Female,Salaried,533015.81,Affluent,Gwadar,Balochistan,2016-04-03
C009491,38,Male,Self-Employed,53290.04,Mass Market,Sialkot,Punjab,2016-01-04
C009492,41,Female,Salaried,133316.2,Mass Affluent,Islamabad,Islamabad Capital,2020-04-10
C009493,61,Male,Self-Employed,56137.79,Mass Market,Turbat,Balochistan,2020-04-07
C009494,25,Male,Unemployed,31779.09,Mass Market,Sukkur,Sindh,2023-10-04
C009495,45,Female,Business Owner,286241.49,Premium,Gujranwala,Punjab,2022-09-11
C009496,26,Male,Salaried,55538.13,Mass Market,Multan,Punjab,2020-05-11
C009497,56,Male,Salaried,61254.27,Mass Market,Lahore,Punjab,2023-04-03
C009498,42,Female,Salaried,191611.96,Affluent,Gujranwala,Punjab,2020-11-12
C009499,31,Male,Salaried,68368.31,Mass Market,Islamabad,Islamabad Capital,2023-06-01
C009500,22,Male,Self-Employed,377516.19,Affluent,Faisalabad,Punjab,2020-07-15
C009501,35,Female,Business Owner,332462.1,Affluent,Larkana,Sindh,2022-08-21
C009502,41,Male,Self-Employed,117974.72,Mass Market,Sukkur,Sindh,2016-07-30
C009503,52,Male,Self-Employed,110261.82,Mass Affluent,Larkana,Sindh,2023-10-03
C009504,27,Female,Salaried,755372.25,Premium,Lahore,Punjab,2023-07-01
C009505,30,Female,Salaried,335521.6,Affluent,Larkana,Sindh,2015-07-14
C009506,34,Male,Self-Employed,118866.42,Mass Affluent,Sukkur,Sindh,2023-12-04
C009507,30,Male,Salaried,199981.74,Mass Affluent,Karachi,Sindh,2018-09-20
C009508,33,Female,Salaried,145047.95,Mass Affluent,Gujranwala,Punjab,2016-05-28
C009509,29,Male,Self-Employed,38013.74,Mass Market,Mardan,Khyber Pakhtunkhwa,2021-07-18
C009510,44,Male,Salaried,172908.2,Mass Affluent,Lahore,Punjab,2017-03-28
C009511,34,Female,Salaried,49629.35,Mass Market,Sukkur,Sindh,2021-01-10
C009512,39,Female,Salaried,53074.64,Mass Market,Larkana,Sindh,2020-02-17
C009513,42,Female,Salaried,54589.53,Mass Market,Faisalabad,Punjab,2020-12-20
C009514,24,Male,Business Owner,370258.09,Affluent,Abbottabad,Khyber Pakhtunkhwa,2023-04-09
C009515,46,Female,Salaried,90410.39,Mass Market,Rawalpindi,Punjab,2021-05-02
C009516,41,Female,Student,40323.05,Mass Market,Turbat,Balochistan,2020-03-24
C009517,41,Female,Salaried,55254.25,Mass Market,Turbat,Balochistan,2017-05-14
C009518,38,Male,Salaried,27561.76,Mass Market,Multan,Punjab,2018-05-24
C009519,36,Female,Salaried,477239.07,Premium,Rawalpindi,Punjab,2016-05-19
C009520,40,Female,Retired,107892.18,Mass Market,Faisalabad,Punjab,2018-06-02
C009521,40,Female,Self-Employed,67531.77,Mass Market,Gwadar,Balochistan,2015-02-14
C009522,26,Female,Business Owner,600081.59,Premium,Sukkur,Sindh,2018-08-07
C009523,56,Male,Student,59684.82,Mass Market,Faisalabad,Punjab,2015-02-16
C009524,31,Female,Salaried,63584.63,Mass Market,Sukkur,Sindh,2023-05-17
C009525,40,Female,Self-Employed,126700.4,Mass Affluent,Gujranwala,Punjab,2017-04-15
C009526,52,Female,Self-Employed,49509.95,Mass Affluent,Karachi,Sindh,2021-12-08
C009527,35,Male,Student,25310.85,Mass Market,Larkana,Sindh,2016-04-20
C009528,42,Male,Salaried,190885.34,Mass Affluent,Rawalpindi,Punjab,2022-03-15
C009529,21,Female,Retired,146954.56,Mass Affluent,Swat,Khyber Pakhtunkhwa,2015-03-17
C009530,21,Male,Self-Employed,148639.14,Mass Affluent,Faisalabad,Punjab,2015-05-22
C009531,39,Female,Student,48646.2,Mass Market,Sukkur,Sindh,2017-07-23
C009532,41,Female,Salaried,70657.49,Mass Affluent,Larkana,Sindh,2017-10-14
C009533,51,Male,Salaried,295819.51,Mass Affluent,Islamabad,Islamabad Capital,2022-04-08
C009534,48,Male,Salaried,172853.64,Mass Affluent,Karachi,Sindh,2022-01-18
C009535,21,Male,Retired,131924.92,Affluent,Quetta,Balochistan,2019-09-16
C009536,53,Male,Salaried,251303.84,Affluent,Rawalpindi,Punjab,2016-01-25
C009537,26,Male,Business Owner,199418.5,Mass Affluent,Swat,Khyber Pakhtunkhwa,2022-03-26
C009538,48,Male,Salaried,35646.74,Mass Market,Lahore,Punjab,2017-05-09
C009539,34,Female,Salaried,54656.03,Mass Market,Sukkur,Sindh,2021-01-03
C009540,69,Female,Salaried,172201.14,Mass Affluent,Faisalabad,Punjab,2022-05-27
C009541,33,Female,Business Owner,47283.33,Mass Market,Islamabad,Islamabad Capital,2017-03-22
C009542,38,Female,Salaried,183755.33,Mass Affluent,Islamabad,Islamabad Capital,2020-01-10
C009543,41,Male,Business Owner,145905.68,Mass Affluent,Karachi,Sindh,2021-09-14
C009544,36,Female,Business Owner,140778.69,Mass Affluent,Karachi,Sindh,2019-11-23
C009545,28,Male,Unemployed,37692.38,Mass Market,Larkana,Sindh,2018-07-10
C009546,63,Female,Business Owner,326507.4,Affluent,Faisalabad,Punjab,2017-08-27
C009547,32,Female,Self-Employed,270941.22,Mass Affluent,Sukkur,Sindh,2021-02-15
C009548,32,Male,Self-Employed,64132.64,Mass Market,Hyderabad,Sindh,2015-11-01
C009549,38,Female,Salaried,160581.46,Mass Affluent,Sukkur,Sindh,2020-01-18
C009550,41,Female,Self-Employed,78388.96,Mass Market,Lahore,Punjab,2022-10-13
C009551,31,Female,Student,13102.19,Mass Affluent,Turbat,Balochistan,2017-01-10
C009552,49,Male,Salaried,57052.16,Mass Market,Multan,Punjab,2016-08-19
C009553,41,Male,Salaried,122191.03,Mass Affluent,Sukkur,Sindh,2020-03-08
C009554,39,Male,Self-Employed,26759.21,Mass Market,Sialkot,Punjab,2019-09-27
C009555,45,Male,Student,36177.07,Mass Market,Sialkot,Punjab,2016-05-03
C009556,30,Female,Salaried,42108.58,Mass Market,Faisalabad,Punjab,2020-04-30
C009557,33,Male,Student,17076.75,Mass Market,Sialkot,Punjab,2015-09-19
C009558,39,Male,Salaried,209922.66,Affluent,Hyderabad,Sindh,2019-04-17
C009559,49,Male,Salaried,282460.14,Mass Affluent,Larkana,Sindh,2015-08-01
C009560,36,Male,Retired,109184.87,Mass Market,Karachi,Sindh,2022-04-27
C009561,36,Male,Salaried,124509.97,Mass Market,Hyderabad,Sindh,2023-09-19
C009562,21,Male,Self-Employed,121742.06,Mass Affluent,Lahore,Punjab,2015-01-17
C009563,31,Male,Retired,32455.51,Mass Market,Multan,Punjab,2020-10-04
C009564,21,Female,Salaried,108814.98,Mass Market,Sukkur,Sindh,2018-04-06
C009565,24,Male,Salaried,42337.32,Mass Market,Karachi,Sindh,2015-12-03
C009566,43,Male,Retired,29149.81,Mass Affluent,Sukkur,Sindh,2021-04-19
C009567,72,Female,Self-Employed,767221.56,Premium,Rawalpindi,Punjab,2022-11-26
C009568,41,Male,Unemployed,41549.03,Mass Market,Swat,Khyber Pakhtunkhwa,2015-06-08
C009569,43,Female,Student,56018.77,Affluent,Rawalpindi,Punjab,2016-04-19
C009570,31,Male,Self-Employed,270141.5,Affluent,Sukkur,Sindh,2023-04-15
C009571,27,Male,Salaried,862124.58,Premium,Multan,Punjab,2015-03-19
C009572,62,Male,Salaried,139033.29,Mass Affluent,Karachi,Sindh,2018-05-30
C009573,30,Male,Salaried,404241.89,Affluent,Lahore,Punjab,2023-03-17
C009574,21,Female,Salaried,150875.42,Mass Affluent,Swat,Khyber Pakhtunkhwa,2020-05-09
C009575,42,Male,Student,41940.99,Affluent,Lahore,Punjab,2016-10-02
C009576,34,Male,Unemployed,25017.3,Mass Market,Larkana,Sindh,2015-02-01
C009577,46,Male,Unemployed,38654.28,Mass Affluent,Rawalpindi,Punjab,2019-09-20
C009578,56,Male,Unemployed,43676.17,Mass Affluent,Larkana,Sindh,2019-11-08
C009579,43,Female,Salaried,56529.07,Mass Market,Gujranwala,Punjab,2019-08-02
C009580,41,Male,Self-Employed,35236.89,Mass Market,Sialkot,Punjab,2016-11-09
C009581,46,Female,Salaried,52944.78,Mass Market,Abbottabad,Khyber Pakhtunkhwa,2023-08-07
C009582,69,Male,Self-Employed,45591.33,Mass Market,Sialkot,Punjab,2018-01-08
C009583,64,Male,Retired,31786.43,Mass Market,Faisalabad,Punjab,2023-03-30
C009584,36,Male,Student,16969.31,Mass Market,Abbottabad,Khyber Pakhtunkhwa,2023-06-09
C009585,49,Male,Student,55444.22,Mass Market,Swat,Khyber Pakhtunkhwa,2016-10-30
C009586,59,Female,Salaried,191126.87,Mass Affluent,Swat,Khyber Pakhtunkhwa,2021-06-16
C009587,47,Male,Self-Employed,105524.03,Mass Market,Lahore,Punjab,2019-04-01
C009588,38,Male,Salaried,67058.88,Mass Market,Sukkur,Sindh,2020-10-23
C009589,34,Male,Self-Employed,90639.63,Mass Market,Swat,Khyber Pakhtunkhwa,2019-11-25
C009590,40,Male,Salaried,56094.04,Mass Market,Faisalabad,Punjab,2023-11-24
C009591,26,Male,Business Owner,33126.85,Mass Market,Mardan,Khyber Pakhtunkhwa,2020-05-17
C009592,49,Male,Salaried,399258.51,Premium,Faisalabad,Punjab,2016-08-10
C009593,54,Female,Business Owner,55699.72,Mass Market,Turbat,Balochistan,2022-08-12
C009594,35,Female,Student,16771.03,Mass Market,Sukkur,Sindh,2015-07-20
C009595,34,Male,Salaried,120812.94,Mass Affluent,Larkana,Sindh,2021-06-14
C009596,27,Male,Self-Employed,439406.08,Affluent,Karachi,Sindh,2021-11-30
C009597,44,Female,Student,46280.13,Mass Market,Lahore,Punjab,2019-11-01
C009598,39,Female,Retired,94188.79,Mass Market,Multan,Punjab,2015-03-17
C009599,23,Male,Salaried,291482.95,Mass Affluent,Peshawar,Khyber Pakhtunkhwa,2017-12-31
C009600,71,Female,Business Owner,32237.87,Mass Market,Hyderabad,Sindh,2022-01-04
C009601,21,Male,Salaried,121134.51,Mass Market,Larkana,Sindh,2022-09-10
C009602,23,Male,Salaried,617088.5,Premium,Faisalabad,Punjab,2019-07-22
C009603,49,Male,Salaried,572075.52,Premium,Karachi,Sindh,2019-03-21
C009604,46,Male,Self-Employed,129604.45,Mass Affluent,Faisalabad,Punjab,2019-03-20
C009605,31,Female,Salaried,44272.17,Mass Market,Lahore,Punjab,2020-10-05
C009606,30,Female,Self-Employed,230010.63,Mass Affluent,Islamabad,Islamabad Capital,2023-06-22
C009607,44,Male,Salaried,215256.04,Affluent,Larkana,Sindh,2019-06-12
C009608,43,Male,Salaried,225941.3,Affluent,Sukkur,Sindh,2015-09-04
C009609,31,Male,Business Owner,35524.73,Mass Market,Islamabad,Islamabad Capital,2016-09-14
C009610,50,Male,Salaried,45453.62,Mass Market,Sialkot,Punjab,2019-06-06
C009611,45,Female,Salaried,45982.07,Mass Market,Islamabad,Islamabad Capital,2022-04-02
C009612,54,Female,Salaried,97118.95,Mass Affluent,Hyderabad,Sindh,2020-05-11
C009613,38,Male,Salaried,56124.73,Mass Market,Larkana,Sindh,2023-06-27
C009614,48,Female,Salaried,39280.94,Mass Market,Multan,Punjab,2017-03-16
C009615,36,Female,Business Owner,109975.99,Mass Market,Gujranwala,Punjab,2015-03-10
C009616,45,Male,Self-Employed,56615.36,Mass Market,Hyderabad,Sindh,2021-04-04
C009617,43,Male,Salaried,322764.38,Affluent,Multan,Punjab,2015-06-21
C009618,48,Male,Salaried,83248.09,Mass Market,Sialkot,Punjab,2018-10-10
C009619,45,Female,Student,37038.54,Mass Market,Karachi,Sindh,2016-05-10
C009620,21,Male,Salaried,183697.43,Mass Affluent,Swat,Khyber Pakhtunkhwa,2018-02-03
C009621,32,Female,Salaried,118315.96,Mass Affluent,Gujranwala,Punjab,2018-02-03
C009622,40,Female,Salaried,86478.39,Mass Affluent,Abbottabad,Khyber Pakhtunkhwa,2020-01-15
C009623,44,Male,Business Owner,318386.34,Affluent,Islamabad,Islamabad Capital,2023-10-11
C009624,48,Male,Business Owner,89838.83,Mass Market,Abbottabad,Khyber Pakhtunkhwa,2020-12-07
C009625,45,Female,Salaried,63324.9,Mass Market,Peshawar,Khyber Pakhtunkhwa,2016-05-04
C009626,31,Male,Salaried,61505.5,Mass Market,Karachi,Sindh,2016-02-13
C009627,49,Male,Business Owner,140985.72,Mass Affluent,Rawalpindi,Punjab,2018-01-24
C009628,30,Female,Salaried,137588.99,Affluent,Multan,Punjab,2023-01-20
C009629,53,Male,Salaried,63434.17,Mass Market,Islamabad,Islamabad Capital,2018-12-09
C009630,54,Female,Student,16686.82,Mass Affluent,Hyderabad,Sindh,2018-05-08
C009631,39,Male,Salaried,127762.73,Mass Affluent,Peshawar,Khyber Pakhtunkhwa,2017-05-09
C009632,32,Male,Salaried,957844.43,Premium,Islamabad,Islamabad Capital,2016-10-03
C009633,31,Male,Self-Employed,93126.73,Mass Market,Rawalpindi,Punjab,2019-06-15
C009634,27,Male,Business Owner,49544.1,Mass Market,Sialkot,Punjab,2016-03-01
C009635,29,Male,Salaried,153763.3,Mass Affluent,Hyderabad,Sindh,2019-03-22
C009636,37,Female,Salaried,132129.42,Mass Affluent,Sialkot,Punjab,2023-02-02
C009637,33,Male,Salaried,60141.01,Mass Affluent,Hyderabad,Sindh,2016-03-21
C009638,21,Male,Salaried,260775.18,Affluent,Abbottabad,Khyber Pakhtunkhwa,2015-07-28
C009639,34,Female,Salaried,40552.69,Mass Market,Hyderabad,Sindh,2016-07-31
C009640,40,Female,Salaried,136790.49,Mass Affluent,Lahore,Punjab,2021-05-17
C009641,35,Female,Salaried,77772.65,Mass Market,Peshawar,Khyber Pakhtunkhwa,2015-06-26
C009642,29,Male,Salaried,55237.92,Mass Market,Multan,Punjab,2015-03-09
C009643,21,Male,Salaried,42620.33,Mass Market,Quetta,Balochistan,2015-10-14
C009644,52,Female,Self-Employed,65578.75,Mass Market,Multan,Punjab,2022-11-27
C009645,39,Female,Self-Employed,151859.03,Mass Market,Abbottabad,Khyber Pakhtunkhwa,2015-01-04
C009646,43,Male,Unemployed,34962.19,Mass Affluent,Larkana,Sindh,2023-03-11
C009647,41,Female,Self-Employed,305899.17,Affluent,Rawalpindi,Punjab,2020-05-15
C009648,44,Female,Business Owner,48798.84,Mass Market,Sukkur,Sindh,2017-05-28
C009649,42,Male,Salaried,51031.0,Mass Market,Rawalpindi,Punjab,2023-02-05
C009650,40,Female,Business Owner,57659.92,Mass Market,Larkana,Sindh,2015-07-24
C009651,47,Male,Self-Employed,52646.67,Mass Market,Abbottabad,Khyber Pakhtunkhwa,2016-09-26
C009652,50,Male,Student,40896.5,Mass Market,Swat,Khyber Pakhtunkhwa,2015-05-09
C009653,54,Male,Unemployed,42367.15,Mass Affluent,Gujranwala,Punjab,2017-08-07
C009654,30,Male,Salaried,123134.46,Affluent,Karachi,Sindh,2023-08-15
C009655,42,Male,Retired,85124.1,Mass Market,Mardan,Khyber Pakhtunkhwa,2019-12-13
C009656,21,Female,Business Owner,199668.86,Mass Affluent,Swat,Khyber Pakhtunkhwa,2020-10-08
C009657,34,Female,Business Owner,103230.72,Mass Affluent,Rawalpindi,Punjab,2016-12-10
C009658,37,Male,Salaried,61145.6,Mass Market,Multan,Punjab,2023-07-28
C009659,47,Male,Salaried,95299.87,Mass Market,Quetta,Balochistan,2023-06-23
C009660,38,Female,Business Owner,88849.76,Mass Market,Gujranwala,Punjab,2019-04-28
C009661,46,Male,Salaried,100498.71,Mass Market,Rawalpindi,Punjab,2022-03-20
C009662,35,Male,Self-Employed,322818.76,Affluent,Abbottabad,Khyber Pakhtunkhwa,2018-12-07
C009663,33,Male,Salaried,80380.15,Mass Market,Multan,Punjab,2023-07-15
C009664,30,Male,Salaried,102480.91,Mass Market,Swat,Khyber Pakhtunkhwa,2017-08-28
C009665,47,Female,Business Owner,52662.1,Mass Market,Rawalpindi,Punjab,2017-04-05
C009666,35,Male,Business Owner,70936.19,Mass Market,Peshawar,Khyber Pakhtunkhwa,2016-10-15
C009667,21,Female,Student,55795.98,Affluent,Islamabad,Islamabad Capital,2015-10-22
C009668,46,Female,Business Owner,32917.52,Mass Market,Islamabad,Islamabad Capital,2022-11-13
C009669,29,Female,Business Owner,157201.46,Mass Affluent,Turbat,Balochistan,2017-07-11
C009670,41,Female,Retired,47986.69,Mass Market,Turbat,Balochistan,2019-08-20
C009671,27,Male,Self-Employed,51788.93,Mass Market,Faisalabad,Punjab,2019-12-06
C009672,39,Male,Self-Employed,47651.19,Mass Market,Islamabad,Islamabad Capital,2016-02-21
C009673,21,Male,Student,21786.76,Affluent,Quetta,Balochistan,2021-04-04
C009674,39,Male,Business Owner,64538.05,Mass Market,Karachi,Sindh,2016-06-09
C009675,29,Male,Business Owner,53964.07,Mass Affluent,Gujranwala,Punjab,2023-10-12
C009676,25,Male,Self-Employed,71613.22,Mass Market,Lahore,Punjab,2019-05-26
C009677,47,Female,Self-Employed,131610.86,Mass Affluent,Hyderabad,Sindh,2022-01-22
C009678,38,Male,Self-Employed,142816.07,Mass Affluent,Hyderabad,Sindh,2019-12-01
C009679,36,Female,Business Owner,124029.23,Mass Affluent,Lahore,Punjab,2015-10-15
C009680,31,Male,Self-Employed,35472.99,Mass Market,Lahore,Punjab,2022-03-24
C009681,49,Female,Salaried,39528.83,Mass Market,Karachi,Sindh,2023-04-13
C009682,34,Female,Salaried,499553.24,Affluent,Multan,Punjab,2019-11-16
C009683,55,Male,Salaried,101833.29,Mass Affluent,Islamabad,Islamabad Capital,2022-08-08
C009684,53,Male,Salaried,81557.98,Mass Market,Faisalabad,Punjab,2017-11-15
C009685,55,Female,Salaried,39767.34,Mass Market,Rawalpindi,Punjab,2016-12-08
C009686,50,Female,Salaried,59659.06,Mass Market,Rawalpindi,Punjab,2021-08-17
C009687,32,Female,Salaried,50748.65,Mass Market,Peshawar,Khyber Pakhtunkhwa,2023-01-11
C009688,40,Male,Student,57550.97,Mass Market,Peshawar,Khyber Pakhtunkhwa,2017-08-17
C009689,37,Male,Self-Employed,52727.83,Mass Market,Multan,Punjab,2017-01-16
C009690,48,Female,Business Owner,103859.06,Mass Market,Faisalabad,Punjab,2017-01-10
C009691,39,Male,Salaried,270420.8,Mass Affluent,Sukkur,Sindh,2019-09-20
C009692,36,Female,Salaried,306460.56,Affluent,Gujranwala,Punjab,2021-01-18
C009693,57,Female,Salaried,111130.93,Mass Affluent,Peshawar,Khyber Pakhtunkhwa,2021-12-02
C009694,35,Male,Salaried,36206.48,Mass Market,Multan,Punjab,2016-04-27
C009695,32,Male,Salaried,76421.79,Mass Affluent,Hyderabad,Sindh,2015-11-11
C009696,35,Male,Self-Employed,104073.77,Mass Market,Rawalpindi,Punjab,2021-06-05
C009697,51,Male,Salaried,74400.91,Mass Affluent,Karachi,Sindh,2021-05-13
C009698,41,Male,Business Owner,50755.32,Mass Market,Gujranwala,Punjab,2018-09-22
C009699,44,Male,Self-Employed,63647.58,Mass Market,Gujranwala,Punjab,2019-08-29
C009700,42,Male,Salaried,48372.94,Mass Affluent,Gujranwala,Punjab,2016-07-20
C009701,21,Male,Student,16770.29,Mass Market,Gujranwala,Punjab,2019-08-02
C009702,27,Male,Self-Employed,78173.64,Mass Affluent,Multan,Punjab,2017-10-28
C009703,36,Male,Salaried,100944.05,Mass Affluent,Islamabad,Islamabad Capital,2020-07-26
C009704,42,Male,Self-Employed,66197.59,Mass Market,Multan,Punjab,2023-08-31
C009705,28,Female,Business Owner,88668.07,Mass Market,Sialkot,Punjab,2015-09-06
C009706,28,Male,Self-Employed,101026.56,Mass Affluent,Sialkot,Punjab,2023-03-28
C009707,36,Male,Retired,54567.43,Mass Affluent,Swat,Khyber Pakhtunkhwa,2016-02-23
C009708,54,Female,Salaried,124224.9,Mass Affluent,Turbat,Balochistan,2016-07-06
C009709,21,Male,Salaried,44178.6,Mass Market,Swat,Khyber Pakhtunkhwa,2016-08-03
C009710,21,Female,Student,18784.95,Affluent,Hyderabad,Sindh,2015-03-09
C009711,58,Male,Self-Employed,71154.12,Mass Market,Mardan,Khyber Pakhtunkhwa,2016-05-13
C009712,22,Male,Unemployed,34260.03,Mass Market,Gujranwala,Punjab,2022-02-19
C009713,35,Male,Business Owner,165755.77,Mass Affluent,Abbottabad,Khyber Pakhtunkhwa,2019-01-16
C009714,22,Female,Self-Employed,62971.55,Mass Market,Peshawar,Khyber Pakhtunkhwa,2018-12-03
C009715,36,Male,Self-Employed,66199.75,Mass Market,Lahore,Punjab,2020-05-26
C009716,38,Male,Salaried,93933.83,Mass Market,Larkana,Sindh,2016-12-24
C009717,57,Male,Salaried,142024.2,Affluent,Multan,Punjab,2018-03-20
C009718,47,Female,Salaried,173764.85,Affluent,Sialkot,Punjab,2021-09-13
C009719,25,Female,Salaried,608538.86,Premium,Mardan,Khyber Pakhtunkhwa,2016-05-28
C009720,21,Male,Business Owner,24834.2,Mass Market,Lahore,Punjab,2022-08-20
C009721,44,Male,Self-Employed,55363.32,Mass Market,Mardan,Khyber Pakhtunkhwa,2015-01-31
C009722,33,Male,Retired,122530.06,Mass Affluent,Islamabad,Islamabad Capital,2015-11-14
C009723,31,Male,Salaried,69760.46,Mass Market,Larkana,Sindh,2017-12-18
C009724,52,Female,Salaried,61828.37,Mass Market,Multan,Punjab,2016-07-06
C009725,21,Female,Salaried,54921.75,Mass Market,Hyderabad,Sindh,2018-11-29
C009726,35,Male,Self-Employed,110492.06,Mass Affluent,Mardan,Khyber Pakhtunkhwa,2018-04-28
C009727,46,Male,Salaried,108099.49,Mass Affluent,Gujranwala,Punjab,2019-07-07
C009728,26,Male,Salaried,65448.23,Mass Market,Rawalpindi,Punjab,2020-11-29
C009729,53,Female,Self-Employed,33281.62,Mass Market,Hyderabad,Sindh,2016-12-08
C009730,28,Male,Salaried,226675.24,Mass Affluent,Turbat,Balochistan,2015-10-08
C009731,38,Female,Self-Employed,98222.13,Mass Affluent,Gujranwala,Punjab,2015-06-15
C009732,31,Male,Salaried,74162.79,Mass Market,Sialkot,Punjab,2018-02-15
C009733,21,Female,Salaried,61860.54,Mass Market,Islamabad,Islamabad Capital,2022-03-02
C009734,34,Female,Retired,137684.43,Affluent,Multan,Punjab,2023-11-30
C009735,48,Male,Salaried,212458.59,Mass Affluent,Lahore,Punjab,2022-01-10
C009736,28,Male,Salaried,196073.67,Mass Affluent,Sukkur,Sindh,2019-09-06
C009737,32,Male,Retired,43350.74,Mass Affluent,Gujranwala,Punjab,2019-08-26
C009738,33,Male,Salaried,272280.52,Affluent,Gujranwala,Punjab,2016-07-23
C009739,45,Female,Salaried,64919.22,Mass Market,Larkana,Sindh,2017-10-03
C009740,35,Female,Salaried,27309.55,Mass Market,Hyderabad,Sindh,2020-07-02
C009741,39,Female,Self-Employed,26803.64,Mass Market,Sukkur,Sindh,2015-03-16
C009742,39,Female,Self-Employed,94702.72,Mass Affluent,Sialkot,Punjab,2018-03-17
C009743,33,Male,Self-Employed,36427.37,Mass Market,Sukkur,Sindh,2020-11-09
C009744,58,Male,Retired,65217.29,Mass Market,Karachi,Sindh,2023-01-02
C009745,28,Male,Salaried,36429.68,Mass Market,Swat,Khyber Pakhtunkhwa,2022-08-16
C009746,47,Male,Salaried,124092.2,Mass Affluent,Peshawar,Khyber Pakhtunkhwa,2023-07-21
C009747,53,Male,Unemployed,19736.23,Mass Affluent,Larkana,Sindh,2020-10-07
C009748,37,Male,Salaried,91620.2,Mass Market,Turbat,Balochistan,2017-02-12
C009749,40,Female,Retired,146684.02,Mass Market,Mardan,Khyber Pakhtunkhwa,2017-01-04
C009750,45,Male,Retired,97863.48,Mass Affluent,Multan,Punjab,2023-04-08
C009751,35,Female,Retired,67187.27,Mass Market,Islamabad,Islamabad Capital,2021-03-19
C009752,21,Male,Salaried,102392.09,Mass Affluent,Gwadar,Balochistan,2021-12-24
C009753,36,Male,Self-Employed,63187.51,Mass Market,Lahore,Punjab,2019-07-15
C009754,57,Female,Student,26339.34,Affluent,Multan,Punjab,2016-05-26
C009755,45,Male,Salaried,46909.49,Mass Market,Sukkur,Sindh,2020-04-25
C009756,40,Male,Self-Employed,107458.54,Mass Affluent,Larkana,Sindh,2022-06-07
C009757,47,Female,Salaried,51705.27,Mass Market,Abbottabad,Khyber Pakhtunkhwa,2017-03-12
C009758,37,Female,Salaried,53578.96,Mass Market,Karachi,Sindh,2016-08-07
C009759,39,Female,Student,27312.72,Mass Affluent,Rawalpindi,Punjab,2019-01-16
C009760,34,Male,Unemployed,34350.7,Mass Affluent,Multan,Punjab,2015-02-01
C009761,44,Female,Salaried,131984.84,Mass Affluent,Quetta,Balochistan,2015-11-14
C009762,33,Female,Salaried,80568.78,Mass Affluent,Multan,Punjab,2021-12-31
C009763,36,Male,Self-Employed,81296.5,Mass Affluent,Peshawar,Khyber Pakhtunkhwa,2022-10-09
C009764,49,Female,Salaried,258209.3,Affluent,Lahore,Punjab,2018-02-11
C009765,37,Male,Self-Employed,92193.27,Mass Market,Hyderabad,Sindh,2015-08-18
C009766,45,Male,Business Owner,259593.37,Affluent,Larkana,Sindh,2023-04-17
C009767,46,Female,Salaried,56539.88,Mass Market,Lahore,Punjab,2023-03-29
C009768,38,Male,Business Owner,45219.58,Mass Market,Larkana,Sindh,2018-12-26
C009769,35,Male,Salaried,67067.44,Mass Affluent,Larkana,Sindh,2023-07-03
C009770,24,Male,Salaried,70835.8,Mass Market,Lahore,Punjab,2020-06-28
C009771,27,Female,Business Owner,54472.26,Mass Market,Faisalabad,Punjab,2021-02-02
C009772,46,Male,Salaried,71082.16,Mass Market,Mardan,Khyber Pakhtunkhwa,2021-09-16
C009773,45,Female,Salaried,63631.25,Mass Market,Abbottabad,Khyber Pakhtunkhwa,2017-04-07
C009774,28,Female,Self-Employed,90123.09,Mass Affluent,Karachi,Sindh,2022-08-06
C009775,43,Male,Salaried,65365.87,Mass Market,Mardan,Khyber Pakhtunkhwa,2016-05-18
C009776,41,Male,Salaried,36735.56,Mass Market,Rawalpindi,Punjab,2016-08-06
C009777,49,Female,Student,38365.58,Mass Market,Lahore,Punjab,2015-12-24
C009778,63,Female,Salaried,58584.28,Mass Market,Karachi,Sindh,2016-11-01
C009779,45,Male,Salaried,107745.53,Mass Market,Larkana,Sindh,2021-12-19
C009780,31,Male,Salaried,43160.53,Mass Market,Mardan,Khyber Pakhtunkhwa,2016-01-13
C009781,47,Male,Business Owner,169113.85,Affluent,Multan,Punjab,2017-08-17
C009782,28,Male,Salaried,111111.32,Mass Affluent,Larkana,Sindh,2017-02-26
C009783,63,Male,Student,41933.3,Mass Market,Karachi,Sindh,2020-09-25
C009784,26,Male,Salaried,20722.28,Mass Market,Gujranwala,Punjab,2022-09-20
C009785,44,Male,Business Owner,83683.94,Mass Market,Hyderabad,Sindh,2015-08-21
C009786,39,Female,Business Owner,55427.21,Mass Market,Hyderabad,Sindh,2018-01-17
C009787,34,Male,Business Owner,38877.62,Mass Market,Faisalabad,Punjab,2021-01-03
C009788,34,Male,Business Owner,243473.54,Affluent,Rawalpindi,Punjab,2023-02-22
C009789,54,Male,Salaried,98094.05,Mass Affluent,Gujranwala,Punjab,2016-09-03
C009790,45,Male,Salaried,37667.76,Mass Market,Quetta,Balochistan,2019-07-31
C009791,37,Male,Salaried,28722.33,Mass Market,Lahore,Punjab,2022-03-06
C009792,58,Female,Salaried,171591.47,Mass Affluent,Rawalpindi,Punjab,2022-07-02
C009793,38,Female,Salaried,226373.68,Affluent,Gujranwala,Punjab,2021-09-04
C009794,47,Male,Business Owner,51706.53,Mass Market,Gujranwala,Punjab,2021-12-12
C009795,24,Female,Salaried,385987.56,Affluent,Multan,Punjab,2020-04-16
C009796,25,Female,Unemployed,25408.69,Mass Market,Larkana,Sindh,2015-04-01
C009797,47,Female,Business Owner,71876.97,Mass Affluent,Rawalpindi,Punjab,2016-05-09
C009798,42,Female,Salaried,77479.04,Mass Market,Sialkot,Punjab,2022-03-31
C009799,63,Female,Salaried,228467.06,Mass Affluent,Rawalpindi,Punjab,2017-05-21
C009800,31,Male,Self-Employed,72640.33,Mass Market,Lahore,Punjab,2021-04-18
C009801,46,Female,Salaried,93581.25,Mass Affluent,Multan,Punjab,2015-05-19
C009802,36,Male,Salaried,74282.61,Mass Affluent,Karachi,Sindh,2020-05-17
C009803,48,Male,Self-Employed,92296.41,Mass Affluent,Hyderabad,Sindh,2017-11-01
C009804,47,Male,Business Owner,135190.78,Mass Affluent,Mardan,Khyber Pakhtunkhwa,2020-04-17
C009805,39,Male,Salaried,103164.21,Mass Market,Multan,Punjab,2018-06-04
C009806,31,Female,Salaried,97414.84,Mass Affluent,Mardan,Khyber Pakhtunkhwa,2021-10-07
C009807,35,Male,Salaried,46887.83,Mass Market,Karachi,Sindh,2019-03-09
C009808,27,Female,Salaried,191652.39,Mass Affluent,Rawalpindi,Punjab,2022-01-16
C009809,43,Female,Salaried,50877.46,Mass Market,Sukkur,Sindh,2023-12-20
C009810,21,Female,Business Owner,115083.36,Mass Market,Swat,Khyber Pakhtunkhwa,2018-10-13
C009811,33,Female,Self-Employed,56716.52,Mass Market,Rawalpindi,Punjab,2021-07-11
C009812,49,Female,Salaried,974090.58,Premium,Gujranwala,Punjab,2019-02-23
C009813,49,Female,Unemployed,8971.47,Mass Affluent,Larkana,Sindh,2018-07-15
C009814,21,Female,Self-Employed,78495.31,Mass Market,Gujranwala,Punjab,2021-03-24
C009815,45,Female,Salaried,121540.65,Mass Affluent,Islamabad,Islamabad Capital,2022-08-10
C009816,26,Male,Student,44981.18,Mass Market,Rawalpindi,Punjab,2017-10-18
C009817,35,Male,Business Owner,70353.61,Mass Market,Multan,Punjab,2018-04-19
C009818,47,Male,Self-Employed,81258.68,Mass Market,Rawalpindi,Punjab,2018-09-17
C009819,28,Male,Salaried,158767.02,Mass Affluent,Faisalabad,Punjab,2018-04-05
C009820,55,Male,Business Owner,143045.11,Affluent,Quetta,Balochistan,2016-09-28
C009821,42,Male,Salaried,308804.66,Affluent,Mardan,Khyber Pakhtunkhwa,2015-07-29
C009822,44,Female,Salaried,46751.27,Mass Market,Turbat,Balochistan,2017-08-07
C009823,51,Female,Business Owner,48760.0,Mass Market,Larkana,Sindh,2021-08-12
C009824,49,Male,Business Owner,333165.93,Affluent,Karachi,Sindh,2023-04-20
C009825,48,Female,Self-Employed,114383.15,Mass Market,Sialkot,Punjab,2016-10-26
C009826,32,Female,Salaried,119027.56,Mass Affluent,Gujranwala,Punjab,2018-08-17
C009827,27,Female,Salaried,1322721.03,Premium,Quetta,Balochistan,2017-02-11
C009828,36,Female,Student,46758.08,Mass Market,Karachi,Sindh,2022-09-20
C009829,44,Female,Business Owner,95813.81,Mass Market,Karachi,Sindh,2018-02-11
C009830,25,Male,Business Owner,329788.84,Affluent,Hyderabad,Sindh,2016-01-21
C009831,45,Male,Salaried,140721.95,Mass Affluent,Mardan,Khyber Pakhtunkhwa,2022-05-24
C009832,43,Male,Retired,47531.09,Affluent,Faisalabad,Punjab,2016-06-02
C009833,37,Male,Salaried,102069.3,Mass Affluent,Karachi,Sindh,2022-09-29
C009834,40,Female,Salaried,97496.93,Mass Market,Abbottabad,Khyber Pakhtunkhwa,2019-11-10
C009835,40,Male,Student,43169.91,Mass Affluent,Mardan,Khyber Pakhtunkhwa,2019-12-16
C009836,44,Male,Salaried,101853.34,Mass Affluent,Faisalabad,Punjab,2019-04-10
C009837,47,Female,Self-Employed,169128.6,Affluent,Multan,Punjab,2023-04-30
C009838,71,Female,Self-Employed,109593.61,Mass Market,Larkana,Sindh,2016-08-26
C009839,41,Male,Student,54122.26,Mass Market,Peshawar,Khyber Pakhtunkhwa,2018-11-04
C009840,32,Female,Salaried,50032.89,Mass Market,Islamabad,Islamabad Capital,2015-07-26
C009841,21,Male,Salaried,73818.08,Mass Market,Sukkur,Sindh,2020-06-10
C009842,24,Male,Self-Employed,655802.38,Premium,Lahore,Punjab,2020-09-18
C009843,31,Female,Student,40932.89,Premium,Lahore,Punjab,2023-05-12
C009844,47,Female,Retired,108567.62,Mass Affluent,Sukkur,Sindh,2020-11-24
C009845,35,Female,Salaried,220772.18,Affluent,Sialkot,Punjab,2019-09-10
C009846,43,Male,Business Owner,26089.18,Mass Market,Larkana,Sindh,2021-03-02
C009847,31,Male,Salaried,309057.63,Affluent,Swat,Khyber Pakhtunkhwa,2019-02-23
C009848,44,Female,Salaried,133340.44,Mass Affluent,Gujranwala,Punjab,2023-07-18
C009849,49,Male,Salaried,103761.12,Mass Affluent,Multan,Punjab,2015-04-06
C009850,35,Female,Salaried,92611.63,Mass Affluent,Sialkot,Punjab,2018-03-12
C009851,44,Male,Salaried,71877.49,Mass Affluent,Sialkot,Punjab,2022-12-03
C009852,34,Female,Salaried,243948.07,Affluent,Sukkur,Sindh,2020-12-17
C009853,25,Male,Salaried,43023.92,Mass Market,Rawalpindi,Punjab,2016-09-13
C009854,45,Female,Student,45634.19,Affluent,Rawalpindi,Punjab,2021-08-18
C009855,44,Female,Salaried,73011.4,Mass Market,Faisalabad,Punjab,2019-02-10
C009856,46,Female,Business Owner,49910.01,Mass Market,Rawalpindi,Punjab,2020-07-02
C009857,50,Female,Student,27568.09,Mass Affluent,Larkana,Sindh,2022-02-22
C009858,36,Male,Salaried,124797.7,Mass Affluent,Sukkur,Sindh,2021-09-24
C009859,37,Male,Business Owner,252749.51,Affluent,Hyderabad,Sindh,2019-08-12
C009860,36,Female,Salaried,58763.26,Mass Market,Hyderabad,Sindh,2022-02-25
C009861,43,Male,Salaried,117618.02,Mass Market,Multan,Punjab,2022-01-10
C009862,37,Male,Business Owner,76636.36,Mass Market,Karachi,Sindh,2019-10-21
C009863,40,Male,Self-Employed,249976.36,Affluent,Multan,Punjab,2022-07-12
C009864,31,Male,Salaried,877800.7,Premium,Gwadar,Balochistan,2018-10-12
C009865,28,Female,Student,19406.17,Affluent,Lahore,Punjab,2022-09-11
C009866,29,Female,Business Owner,66223.62,Mass Market,Gujranwala,Punjab,2021-11-12
C009867,44,Female,Salaried,247134.59,Affluent,Lahore,Punjab,2015-09-19
C009868,39,Female,Salaried,51644.98,Mass Market,Swat,Khyber Pakhtunkhwa,2019-01-21
C009869,34,Female,Student,34687.27,Affluent,Rawalpindi,Punjab,2016-11-09
C009870,46,Male,Unemployed,16576.46,Mass Affluent,Turbat,Balochistan,2016-12-03
C009871,55,Female,Self-Employed,47588.68,Mass Market,Gujranwala,Punjab,2023-03-08
C009872,34,Male,Business Owner,110121.15,Mass Affluent,Mardan,Khyber Pakhtunkhwa,2022-03-14
C009873,27,Male,Self-Employed,164788.24,Mass Affluent,Karachi,Sindh,2017-05-13
C009874,49,Male,Salaried,113917.43,Mass Market,Rawalpindi,Punjab,2020-07-29
C009875,39,Male,Retired,110874.18,Mass Market,Lahore,Punjab,2021-05-11
C009876,37,Female,Business Owner,124908.17,Mass Affluent,Faisalabad,Punjab,2016-06-05
C009877,50,Female,Self-Employed,278010.65,Affluent,Abbottabad,Khyber Pakhtunkhwa,2019-10-05
C009878,36,Female,Business Owner,200329.01,Mass Affluent,Peshawar,Khyber Pakhtunkhwa,2020-11-18
C009879,43,Female,Self-Employed,69523.97,Mass Market,Rawalpindi,Punjab,2023-06-06
C009880,41,Male,Salaried,139931.66,Mass Affluent,Gujranwala,Punjab,2019-03-24
C009881,72,Male,Self-Employed,66345.86,Mass Market,Gujranwala,Punjab,2017-04-19
C009882,38,Male,Salaried,34864.53,Mass Market,Gujranwala,Punjab,2019-06-23
C009883,49,Male,Salaried,69597.29,Mass Market,Larkana,Sindh,2022-04-03
C009884,36,Male,Salaried,43024.14,Mass Market,Faisalabad,Punjab,2016-06-15
C009885,44,Male,Salaried,69701.59,Mass Market,Sialkot,Punjab,2018-09-08
C009886,37,Male,Retired,114365.48,Mass Market,Peshawar,Khyber Pakhtunkhwa,2015-12-27
C009887,48,Male,Salaried,75112.65,Mass Market,Mardan,Khyber Pakhtunkhwa,2017-03-01
C009888,38,Male,Salaried,122653.94,Mass Affluent,Swat,Khyber Pakhtunkhwa,2015-10-29
C009889,45,Male,Business Owner,38826.67,Mass Market,Lahore,Punjab,2019-06-01
C009890,31,Male,Student,12392.75,Mass Market,Quetta,Balochistan,2021-04-03
C009891,30,Male,Business Owner,300597.48,Mass Affluent,Sukkur,Sindh,2019-11-13
C009892,21,Male,Unemployed,43305.45,Mass Affluent,Sukkur,Sindh,2016-01-08
C009893,43,Female,Business Owner,298270.1,Affluent,Lahore,Punjab,2015-12-29
C009894,32,Male,Business Owner,40867.28,Mass Market,Turbat,Balochistan,2019-01-15
C009895,63,Male,Salaried,219367.3,Mass Affluent,Karachi,Sindh,2016-09-23
C009896,34,Female,Salaried,381834.44,Affluent,Mardan,Khyber Pakhtunkhwa,2016-05-10
C009897,53,Female,Salaried,139516.13,Mass Affluent,Karachi,Sindh,2023-03-07
C009898,52,Female,Business Owner,184225.16,Mass Affluent,Peshawar,Khyber Pakhtunkhwa,2018-04-30
C009899,36,Male,Self-Employed,65843.57,Mass Market,Larkana,Sindh,2020-12-27
C009900,31,Female,Business Owner,60139.68,Mass Market,Turbat,Balochistan,2018-12-07
C009901,38,Male,Self-Employed,47788.17,Mass Market,Faisalabad,Punjab,2021-05-02
C009902,51,Female,Business Owner,52310.49,Mass Market,Gujranwala,Punjab,2018-01-23
C009903,64,Female,Salaried,234732.45,Affluent,Swat,Khyber Pakhtunkhwa,2018-03-09
C009904,25,Male,Salaried,60236.32,Mass Market,Sukkur,Sindh,2022-10-25
C009905,39,Male,Self-Employed,63341.2,Mass Affluent,Sukkur,Sindh,2019-11-09
C009906,32,Male,Salaried,924288.36,Premium,Sukkur,Sindh,2021-11-06
C009907,35,Female,Retired,140625.21,Mass Affluent,Sukkur,Sindh,2015-05-07
C009908,58,Female,Salaried,50912.2,Mass Market,Peshawar,Khyber Pakhtunkhwa,2017-12-23
C009909,31,Female,Salaried,976752.6,Premium,Lahore,Punjab,2016-04-15
C009910,21,Female,Self-Employed,57019.05,Mass Market,Abbottabad,Khyber Pakhtunkhwa,2015-04-29
C009911,41,Male,Salaried,47725.67,Mass Market,Gujranwala,Punjab,2023-10-11
C009912,43,Male,Self-Employed,51897.29,Mass Market,Larkana,Sindh,2022-04-14
C009913,34,Female,Salaried,61985.95,Mass Market,Quetta,Balochistan,2016-11-19
C009914,32,Male,Salaried,98833.64,Mass Affluent,Faisalabad,Punjab,2017-06-09
C009915,41,Male,Business Owner,75542.38,Mass Market,Faisalabad,Punjab,2019-06-02
C009916,24,Male,Salaried,106719.94,Mass Affluent,Multan,Punjab,2017-09-12
C009917,44,Male,Self-Employed,39905.67,Mass Market,Sukkur,Sindh,2023-05-16
C009918,35,Female,Salaried,277888.89,Affluent,Faisalabad,Punjab,2019-05-02
C009919,54,Male,Self-Employed,46092.45,Mass Market,Multan,Punjab,2020-11-16
C009920,43,Male,Salaried,247252.47,Affluent,Turbat,Balochistan,2021-04-28
C009921,37,Male,Salaried,58774.44,Mass Market,Gujranwala,Punjab,2016-06-29
C009922,36,Female,Business Owner,168292.08,Affluent,Larkana,Sindh,2019-10-22
C009923,21,Male,Self-Employed,487435.72,Affluent,Sukkur,Sindh,2019-01-16
C009924,38,Male,Retired,41492.36,Mass Affluent,Sialkot,Punjab,2021-08-03
C009925,37,Male,Business Owner,47225.02,Mass Market,Multan,Punjab,2019-03-01
C009926,40,Male,Self-Employed,129058.55,Mass Affluent,Islamabad,Islamabad Capital,2015-07-08
C009927,37,Female,Salaried,165526.99,Mass Affluent,Sukkur,Sindh,2019-04-12
C009928,55,Male,Business Owner,140730.33,Mass Affluent,Faisalabad,Punjab,2022-08-09
C009929,36,Female,Self-Employed,265569.91,Mass Affluent,Mardan,Khyber Pakhtunkhwa,2022-07-27
C009930,30,Female,Student,34934.14,Premium,Sukkur,Sindh,2017-03-16
C009931,21,Male,Self-Employed,981973.01,Premium,Sialkot,Punjab,2020-01-01
C009932,34,Female,Salaried,78286.27,Mass Affluent,Sukkur,Sindh,2020-10-28
C009933,27,Male,Business Owner,38307.31,Mass Market,Hyderabad,Sindh,2021-11-21
C009934,25,Male,Business Owner,113800.16,Mass Market,Lahore,Punjab,2017-10-21
C009935,36,Female,Salaried,110320.66,Mass Affluent,Turbat,Balochistan,2018-04-15
C009936,52,Male,Business Owner,401064.22,Premium,Rawalpindi,Punjab,2022-11-06
C009937,49,Female,Self-Employed,58921.69,Mass Market,Multan,Punjab,2021-04-05
C009938,25,Male,Self-Employed,96994.64,Mass Market,Lahore,Punjab,2016-04-19
C009939,39,Male,Student,22033.1,Mass Market,Abbottabad,Khyber Pakhtunkhwa,2018-11-08
C009940,44,Male,Salaried,59056.61,Mass Market,Karachi,Sindh,2015-04-08
C009941,45,Male,Salaried,308908.7,Premium,Gwadar,Balochistan,2021-11-26
C009942,57,Male,Salaried,108785.22,Mass Affluent,Lahore,Punjab,2018-01-26
C009943,26,Male,Retired,145489.73,Mass Market,Swat,Khyber Pakhtunkhwa,2021-08-13
C009944,29,Female,Salaried,44535.85,Mass Market,Hyderabad,Sindh,2023-07-01
C009945,32,Female,Business Owner,37003.79,Mass Market,Rawalpindi,Punjab,2018-01-23
C009946,43,Female,Business Owner,96796.55,Mass Affluent,Rawalpindi,Punjab,2023-11-27
C009947,21,Female,Business Owner,103116.11,Mass Affluent,Peshawar,Khyber Pakhtunkhwa,2018-03-17
C009948,36,Female,Salaried,80233.07,Mass Market,Rawalpindi,Punjab,2017-12-10
C009949,21,Female,Salaried,69314.91,Mass Market,Karachi,Sindh,2022-05-28
C009950,39,Male,Unemployed,28943.21,Affluent,Karachi,Sindh,2015-06-13
C009951,62,Female,Self-Employed,283041.58,Affluent,Sialkot,Punjab,2020-05-17
C009952,49,Male,Salaried,102717.97,Mass Affluent,Islamabad,Islamabad Capital,2016-06-17
C009953,26,Female,Salaried,44671.05,Mass Market,Mardan,Khyber Pakhtunkhwa,2020-07-16
C009954,34,Female,Business Owner,736593.52,Premium,Hyderabad,Sindh,2017-06-26
C009955,29,Female,Retired,112519.93,Mass Affluent,Hyderabad,Sindh,2023-08-16
C009956,53,Male,Self-Employed,195842.4,Affluent,Karachi,Sindh,2017-10-14
C009957,21,Male,Salaried,40752.24,Mass Market,Abbottabad,Khyber Pakhtunkhwa,2017-01-03
C009958,34,Male,Business Owner,38967.58,Mass Market,Rawalpindi,Punjab,2021-10-10
C009959,31,Female,Salaried,82296.22,Mass Market,Larkana,Sindh,2019-09-12
C009960,26,Female,Student,58938.5,Affluent,Gujranwala,Punjab,2020-12-23
C009961,57,Male,Salaried,160546.76,Mass Affluent,Karachi,Sindh,2016-10-05
C009962,22,Female,Salaried,49467.54,Mass Market,Hyderabad,Sindh,2017-05-19
C009963,26,Male,Salaried,790512.34,Premium,Lahore,Punjab,2017-02-26
C009964,57,Female,Salaried,251008.84,Affluent,Islamabad,Islamabad Capital,2021-10-02
C009965,38,Female,Salaried,33357.17,Mass Market,Lahore,Punjab,2020-06-24
C009966,37,Female,Business Owner,184608.21,Mass Affluent,Gujranwala,Punjab,2017-12-11
C009967,32,Female,Salaried,128222.73,Mass Affluent,Faisalabad,Punjab,2016-01-14
C009968,39,Female,Self-Employed,53326.37,Mass Market,Karachi,Sindh,2020-06-12
C009969,34,Male,Salaried,144665.61,Mass Affluent,Gujranwala,Punjab,2016-05-04
C009970,31,Male,Salaried,34659.13,Mass Market,Hyderabad,Sindh,2023-08-25
C009971,24,Male,Self-Employed,329792.74,Affluent,Abbottabad,Khyber Pakhtunkhwa,2017-03-11
C009972,39,Male,Self-Employed,223269.95,Affluent,Lahore,Punjab,2018-03-19
C009973,32,Male,Salaried,263873.45,Affluent,Islamabad,Islamabad Capital,2019-07-28
C009974,34,Male,Business Owner,200430.2,Mass Affluent,Gujranwala,Punjab,2017-03-04
C009975,46,Male,Salaried,76583.26,Mass Market,Hyderabad,Sindh,2023-08-18
C009976,33,Female,Salaried,56110.31,Mass Market,Multan,Punjab,2020-04-25
C009977,38,Male,Salaried,125101.16,Mass Affluent,Hyderabad,Sindh,2021-02-15
C009978,57,Male,Self-Employed,22676.48,Mass Market,Mardan,Khyber Pakhtunkhwa,2015-12-22
C009979,43,Female,Salaried,95127.26,Mass Affluent,Gujranwala,Punjab,2020-11-16
C009980,33,Female,Salaried,63934.1,Mass Market,Lahore,Punjab,2021-12-19
C009981,27,Male,Salaried,44878.64,Mass Market,Lahore,Punjab,2018-04-30
C009982,38,Female,Salaried,36244.95,Mass Market,Faisalabad,Punjab,2021-11-25
C009983,48,Male,Salaried,156021.11,Mass Affluent,Islamabad,Islamabad Capital,2015-10-21
C009984,33,Female,Self-Employed,98572.61,Mass Market,Hyderabad,Sindh,2020-10-17
C009985,39,Female,Self-Employed,98830.22,Mass Affluent,Larkana,Sindh,2022-02-27
C009986,32,Male,Salaried,83667.32,Mass Market,Islamabad,Islamabad Capital,2020-03-05
C009987,35,Female,Salaried,171221.94,Mass Affluent,Peshawar,Khyber Pakhtunkhwa,2015-05-08
C009988,25,Female,Salaried,89688.59,Mass Affluent,Peshawar,Khyber Pakhtunkhwa,2019-03-29
C009989,41,Female,Unemployed,32901.04,Mass Affluent,Faisalabad,Punjab,2021-08-25
C009990,40,Male,Business Owner,119047.62,Mass Market,Sialkot,Punjab,2015-11-12
C009991,55,Male,Salaried,85035.25,Mass Affluent,Faisalabad,Punjab,2018-04-08
C009992,39,Female,Unemployed,40218.68,Mass Market,Faisalabad,Punjab,2021-09-05
C009993,30,Male,Salaried,274381.38,Mass Affluent,Sialkot,Punjab,2019-04-15
C009994,54,Female,Salaried,48335.88,Mass Market,Gujranwala,Punjab,2019-01-27
C009995,42,Male,Retired,55069.0,Affluent,Sialkot,Punjab,2019-09-05
C009996,40,Male,Business Owner,88161.31,Mass Affluent,Hyderabad,Sindh,2019-12-21
C009997,38,Male,Self-Employed,137013.04,Mass Affluent,Rawalpindi,Punjab,2017-03-18
C009998,40,Female,Self-Employed,423028.42,Affluent,Multan,Punjab,2015-11-23
C009999,29,Male,Unemployed,16487.48,Mass Affluent,Rawalpindi,Punjab,2021-01-04
C010000,37,Male,Salaried,62317.63,Mass Market,Karachi,Sindh,2022-04-01
